CRASH_RECORD_ID,CRASH_DATE,Weekday,POSTED_SPEED_LIMIT,TRAFFIC_CONTROL_DEVICE,WEATHER_CONDITION,LIGHTING_CONDITION,FIRST_CRASH_TYPE,ROADWAY_SURFACE_COND,CRASH_TYPE,DAMAGE,PRIM_CONTRIBUTORY_CAUSE,NUM_UNITS,MOST_SEVERE_INJURY,INJURIES_TOTAL,INJURIES_FATAL,INJURIES_INCAPACITATING,CRASH_HOUR,CRASH_DAY_OF_WEEK,CRASH_MONTH,LATITUDE,LONGITUDE,CRASH_TIME
d0441ea47f6ec0f7e53db40c5a43a8582c5d331d86044e7046f6f7a3e3eb1e543c975a92c5131754898ff6ba197cf5fcf9448d0d142c2f21dcf02d22ac73a9c0,2023-11-26 00:40:00,Sunday,30,TRAFFIC SIGNAL,CLEAR,DARKNESS,ANGLE,DRY,INJURY AND / OR TOW DUE TO CRASH,"OVER $1,500","OPERATING VEHICLE IN ERRATIC, RECKLESS, CARELESS, NEGLIGENT OR AGGRESSIVE MANNER",2,INCAPACITATING INJURY,5.0,0.0,1.0,0,1,11,41.76554364,-87.62983591,"['11/26/2023', '12:40:00', 'AM']"
e054fd8142457b4787d0f405cce9830a988b6410485dc14456a57375cad0ce381fc7e537bd5a20570cb079ec100150d13f8f59ce430aca894d9fe67042214fa2,2023-11-25 12:45:00,Saturday,30,STOP SIGN/FLASHER,CLEAR,DAYLIGHT,PEDESTRIAN,DRY,INJURY AND / OR TOW DUE TO CRASH,"$501 - $1,500",UNABLE TO DETERMINE,2,INCAPACITATING INJURY,1.0,0.0,1.0,12,7,11,41.96025949,-87.77573358,"['11/25/2023', '12:45:00', 'PM']"
e1bddb93fc683a981a3eef6b50846adfb01946c4ce6f322a6d6264e7f3c3241953a27eabd3cab966dfd1d5bf42cbf9eb6aecfd7d6edd7875c81858235248624c,2023-11-25 02:10:00,Saturday,30,TRAFFIC SIGNAL,CLEAR,"DARKNESS, LIGHTED ROAD",REAR END,DRY,INJURY AND / OR TOW DUE TO CRASH,"OVER $1,500",FAILING TO REDUCE SPEED TO AVOID CRASH,3,INCAPACITATING INJURY,3.0,0.0,1.0,2,7,11,41.93876799,-87.74318676,"['11/25/2023', '02:10:00', 'AM']"
6af06e6f0587875b0dfae119c6d661f1151c36d5fa95546362dba503b524470ccf0c682a0853997de837f86bbe15a0c90f97525259234245517815180eed2a7a,2023-11-24 00:16:00,Friday,30,NO CONTROLS,CLEAR,"DARKNESS, LIGHTED ROAD",HEAD ON,DRY,INJURY AND / OR TOW DUE TO CRASH,"OVER $1,500",UNABLE TO DETERMINE,2,INCAPACITATING INJURY,7.0,0.0,3.0,0,6,11,41.64553539,-87.55946077,"['11/24/2023', '12:16:00', 'AM']"
ed1dfd427d5d06a80efc64d43b7b0f21978cdfa8b4e21566eec7c9ebcef3552af2daf2674922aaf06e4f68b6fac5a67a3517405a8e6f09f29ac2e72c34e27509,2023-11-23 19:55:00,Thursday,30,TRAFFIC SIGNAL,CLEAR,"DARKNESS, LIGHTED ROAD",ANGLE,DRY,INJURY AND / OR TOW DUE TO CRASH,"OVER $1,500",FAILING TO REDUCE SPEED TO AVOID CRASH,2,INCAPACITATING INJURY,1.0,0.0,1.0,19,5,11,41.76874434,-87.64465138,"['11/23/2023', '07:55:00', 'PM']"
8870484b47bc66914fa422bf8552da05122864beb9cbd7276ea29fece1feed99ad5942b57ad8759f24fce6813baadbcf99f4bb8e064fd9bb0d2e68f922351cb0,2023-11-23 02:48:00,Thursday,30,NO CONTROLS,CLEAR,"DARKNESS, LIGHTED ROAD",HEAD ON,DRY,INJURY AND / OR TOW DUE TO CRASH,"OVER $1,500",IMPROPER OVERTAKING/PASSING,3,INCAPACITATING INJURY,4.0,0.0,1.0,2,5,11,41.78312624,-87.76178351,"['11/23/2023', '02:48:00', 'AM']"
7daddbc69458a8e922db9919dae37590228c097c7c391567b367d940f59782ded287ee1def6f42de9ca3c86b5b70d7c01de5f85d230a30a754c1bacffc31ef24,2023-11-22 23:53:00,Wednesday,30,NO CONTROLS,CLEAR,"DARKNESS, LIGHTED ROAD",TURNING,DRY,INJURY AND / OR TOW DUE TO CRASH,"OVER $1,500",UNABLE TO DETERMINE,2,INCAPACITATING INJURY,1.0,0.0,1.0,23,4,11,41.79004397,-87.8013004,"['11/22/2023', '11:53:00', 'PM']"
ba097ad1cb8f6c24297e3784f7251fb6007e6e57919fbf59dfdf749aab72994ebe768388aae216f45b5c365ac9a445f77c3f4da5a75b466e52b0ac8c38b6a18e,2023-11-22 21:00:00,Wednesday,30,TRAFFIC SIGNAL,CLEAR,DAYLIGHT,SIDESWIPE SAME DIRECTION,DRY,INJURY AND / OR TOW DUE TO CRASH,"OVER $1,500",IMPROPER OVERTAKING/PASSING,2,INCAPACITATING INJURY,1.0,0.0,1.0,21,4,11,41.87667854,-87.64381213,"['11/22/2023', '09:00:00', 'PM']"
2ed8d4b166589a4acfdd4da02f96ac9ec3bb7bb652b05d3f38d493e050d149fc182f6eb866f88dff8cbc10618aae33874bf9ffbb2650ae2c9b7c8f8fe3642e2c,2023-11-22 19:45:00,Wednesday,30,NO CONTROLS,CLEAR,"DARKNESS, LIGHTED ROAD",SIDESWIPE SAME DIRECTION,DRY,INJURY AND / OR TOW DUE TO CRASH,"OVER $1,500",UNABLE TO DETERMINE,2,INCAPACITATING INJURY,1.0,0.0,1.0,19,4,11,41.736935,-87.59223313,"['11/22/2023', '07:45:00', 'PM']"
bacd52132c2d5d3cb9fd5b384a234eab1356596c04be6ba395857bad46fee41003899d472eb20cec7587dfd1949975f3aa3a1a587fadc7ce15b9e226ed735485,2023-11-22 16:30:00,Wednesday,30,RAILROAD CROSSING GATE,CLEAR,DARKNESS,TURNING,DRY,INJURY AND / OR TOW DUE TO CRASH,"OVER $1,500",IMPROPER OVERTAKING/PASSING,2,INCAPACITATING INJURY,1.0,0.0,1.0,16,4,11,41.74480139,-87.54906208,"['11/22/2023', '04:30:00', 'PM']"
970ee2b8ff04a8495cf0ab08e92b1e7afa286907c8eb75eff751f277044d5f3ea2308f4b4149b46a1f5a30f96b7365dc2848c49babdf57661b622596646abb63,2023-11-22 13:54:00,Wednesday,30,NO CONTROLS,CLEAR,DAYLIGHT,PEDALCYCLIST,DRY,INJURY AND / OR TOW DUE TO CRASH,"OVER $1,500",UNABLE TO DETERMINE,2,INCAPACITATING INJURY,1.0,0.0,1.0,13,4,11,41.92226811,-87.76598735,"['11/22/2023', '01:54:00', 'PM']"
ea7d71b91352d6897598ab1c3bb477f53325308e7d5359450fdd0660a127a2cf1ebb9caf4daa48c8bfd54cff794360ee9a51fd3f0baff43f12f2f4dd5c1b1823,2023-11-21 21:48:00,Tuesday,30,NO CONTROLS,CLEAR,DARKNESS,FIXED OBJECT,DRY,INJURY AND / OR TOW DUE TO CRASH,"OVER $1,500",UNDER THE INFLUENCE OF ALCOHOL/DRUGS (USE WHEN ARREST IS EFFECTED),1,INCAPACITATING INJURY,2.0,0.0,2.0,21,3,11,41.77232047,-87.66286241,"['11/21/2023', '09:48:00', 'PM']"
6fb573e792bdae1c54ca3653abd1e93df49665c035038efa29f00881caec51cede009cc15054825d4c15439f37fe7aee4d6ce1d0f9ff62141d8abc8e9d983816,2023-11-21 18:13:00,Tuesday,25,PEDESTRIAN CROSSING SIGN,CLEAR,"DARKNESS, LIGHTED ROAD",PEDESTRIAN,DRY,INJURY AND / OR TOW DUE TO CRASH,"OVER $1,500",FAILING TO YIELD RIGHT-OF-WAY,2,INCAPACITATING INJURY,1.0,0.0,1.0,18,3,11,41.86719504,-87.65117489,"['11/21/2023', '06:13:00', 'PM']"
77da9ef70eeb80592a5768b0c848d255bce9036a8e04794edc953e4933b45e3b2ea539806db67ad7473256e859b1d104e64be419b636bb5d4e79227c045e5e56,2023-11-21 12:10:00,Tuesday,30,NO CONTROLS,RAIN,DAYLIGHT,TURNING,WET,INJURY AND / OR TOW DUE TO CRASH,"OVER $1,500",FAILING TO YIELD RIGHT-OF-WAY,2,INCAPACITATING INJURY,1.0,0.0,1.0,12,3,11,41.75705692,-87.56863001,"['11/21/2023', '12:10:00', 'PM']"
1767ad4daf3385d344c4bc4bc3a7450b77220f604cb74f988f4edce9aee76dfb520d550dbbd4da521fe0fb32adddc09049fb896c1638f1b65c72cb2133ef4dcf,2023-11-21 09:55:00,Tuesday,30,NO CONTROLS,RAIN,DAYLIGHT,TURNING,WET,INJURY AND / OR TOW DUE TO CRASH,"OVER $1,500",UNABLE TO DETERMINE,2,INCAPACITATING INJURY,1.0,0.0,1.0,9,3,11,41.93129954,-87.77246101,"['11/21/2023', '09:55:00', 'AM']"
a8ad5d8a2e90bb99e2df61bed2a513099f30535bf426de61679b8079af6d4cfc6aa4a8a4fe317b704743e4f7949df0432e3f9167f4991b3a9e4d3be5959d795b,2023-11-21 09:32:00,Tuesday,30,TRAFFIC SIGNAL,RAIN,DAYLIGHT,ANGLE,WET,INJURY AND / OR TOW DUE TO CRASH,"OVER $1,500",DISREGARDING OTHER TRAFFIC SIGNS,2,INCAPACITATING INJURY,3.0,0.0,1.0,9,3,11,41.85540623,-87.62570424,"['11/21/2023', '09:32:00', 'AM']"
c5a2bda10e7ae035fe8c5509fa418a9958744078bc05ae340b157e3117626184cd9697d8cb25a0e6dcbbd23bd515e50964d1e31562fcb6d36e9a8e960c470daa,2023-11-20 18:15:00,Monday,10,NO CONTROLS,RAIN,DARKNESS,PEDALCYCLIST,WET,INJURY AND / OR TOW DUE TO CRASH,$500 OR LESS,UNABLE TO DETERMINE,2,INCAPACITATING INJURY,1.0,0.0,1.0,18,2,11,41.99059126,-87.68952829,"['11/20/2023', '06:15:00', 'PM']"
2a1a93c813e40658649447535086f335df885d2b2dd62260c2bfd6c80bce4341f746848af1d2b81195af6c4088f6580347ed3c69c2f25ac27e0f9fefb2d9ebe9,2023-11-19 22:27:00,Sunday,30,NO CONTROLS,CLEAR,DARKNESS,FIXED OBJECT,DRY,INJURY AND / OR TOW DUE TO CRASH,"OVER $1,500",UNABLE TO DETERMINE,1,INCAPACITATING INJURY,1.0,0.0,1.0,22,1,11,41.81061287,-87.74338206,"['11/19/2023', '10:27:00', 'PM']"
f1cb3b50502cc72c6d47dcc62d61ffc99b1111bc90438fc555537fa77a882fab9f2bcf9f4d4eb8a33bc641dda40b9f8d79be45281e504c548df784fbd6349151,2023-11-19 18:20:00,Sunday,30,TRAFFIC SIGNAL,CLEAR,"DARKNESS, LIGHTED ROAD",REAR END,DRY,INJURY AND / OR TOW DUE TO CRASH,"OVER $1,500",CELL PHONE USE OTHER THAN TEXTING,3,INCAPACITATING INJURY,1.0,0.0,1.0,18,1,11,41.83805697,-87.72452748,"['11/19/2023', '06:20:00', 'PM']"
ed9cb11f1b463298ff3deb88c4ba822d03ea6ff19067e254caf2128ea66913479b1dea82802cde433d9d12155f44b855a8f2e58b2c05e91663a9573a85926529,2023-11-19 15:20:00,Sunday,30,TRAFFIC SIGNAL,CLEAR,DUSK,ANGLE,DRY,INJURY AND / OR TOW DUE TO CRASH,"OVER $1,500",DISREGARDING TRAFFIC SIGNALS,2,INCAPACITATING INJURY,2.0,0.0,1.0,15,1,11,41.87811016,-87.62753455,"['11/19/2023', '03:20:00', 'PM']"
e97f936cdf3b2f0ce21c7383881b6bd767ce61f59512035e0e9a3a16097eadec037d62dc682f7dc7884216d743b17fe4a55e1783f8b87f5842de8761825094c9,2023-11-19 14:02:00,Sunday,30,STOP SIGN/FLASHER,CLEAR,DAYLIGHT,ANGLE,DRY,INJURY AND / OR TOW DUE TO CRASH,"OVER $1,500",DISREGARDING STOP SIGN,2,INCAPACITATING INJURY,3.0,0.0,1.0,14,1,11,41.89869875,-87.74848929,"['11/19/2023', '02:02:00', 'PM']"
11865ee77af422623f7e04a0bf40207c8447cfa9af8ae86131b2b9b24f334dea4710ad9724d25b3063355b59d6e78d4fd60c8653409a20fb3d3a01f830dcbc4b,2023-11-19 13:45:00,Sunday,30,STOP SIGN/FLASHER,CLEAR,DAYLIGHT,TURNING,UNKNOWN,INJURY AND / OR TOW DUE TO CRASH,"OVER $1,500",UNABLE TO DETERMINE,2,INCAPACITATING INJURY,2.0,0.0,2.0,13,1,11,41.66050241,-87.58883584,"['11/19/2023', '01:45:00', 'PM']"
ff115266bf8cf35cf93ed5b70985a91be346f8b2f67c7bc3c91f50db619fc7e0757d5efb202ad858af42eff93fac3ed3933b2c8990fca2b091c699c6bd4134cb,2023-11-19 04:05:00,Sunday,25,NO CONTROLS,CLEAR,"DARKNESS, LIGHTED ROAD",FIXED OBJECT,DRY,INJURY AND / OR TOW DUE TO CRASH,"OVER $1,500",UNABLE TO DETERMINE,1,INCAPACITATING INJURY,1.0,0.0,1.0,4,1,11,41.77487823,-87.61534696,"['11/19/2023', '04:05:00', 'AM']"
9002dccd673503646c64abac60580fa7c88f2051bad781e394c20982c6984012256845174b435bbda2f159596305eb0eaf4673b09fa80b6ddc9dcdce46bcd518,2023-11-19 00:20:00,Sunday,30,TRAFFIC SIGNAL,CLEAR,DARKNESS,PEDESTRIAN,DRY,INJURY AND / OR TOW DUE TO CRASH,"OVER $1,500",UNABLE TO DETERMINE,3,INCAPACITATING INJURY,2.0,0.0,1.0,0,1,11,41.93868292,-87.76664044,"['11/19/2023', '12:20:00', 'AM']"
525d00d66559ffb16491a79411f11d88f48c307d78a033229f15a786e25c2842a27c2688c2662425192d0fae20e4df39cac091bb68484024dd48c3e4feb710b2,2023-11-18 17:50:00,Saturday,45,NO CONTROLS,CLEAR,"DARKNESS, LIGHTED ROAD",SIDESWIPE SAME DIRECTION,DRY,INJURY AND / OR TOW DUE TO CRASH,"OVER $1,500",UNABLE TO DETERMINE,2,INCAPACITATING INJURY,1.0,0.0,1.0,17,7,11,41.83489073,-87.60758913,"['11/18/2023', '05:50:00', 'PM']"
8343fdcef8ed8200c17d3bf9c9d4659865fac1ae0ca41bf40d3df43c0d034ef35f76695e972a43b549d30990315931c012bc63d97f926a40b5e7d7547381c4bf,2023-11-18 17:20:00,Saturday,30,TRAFFIC SIGNAL,CLEAR,"DARKNESS, LIGHTED ROAD",PARKED MOTOR VEHICLE,DRY,INJURY AND / OR TOW DUE TO CRASH,"OVER $1,500","EVASIVE ACTION DUE TO ANIMAL, OBJECT, NONMOTORIST",2,INCAPACITATING INJURY,1.0,0.0,1.0,17,7,11,41.94604385,-87.76221553,"['11/18/2023', '05:20:00', 'PM']"
b892bafad98d30d5d5ae8df8e907f8cf578ef34598f24c5908b1ce71fe0c03c34c599c1c8da51a8f8690aeeea843ca7b66ea12db5608fbf4663f5e39128a97ce,2023-11-18 17:10:00,Saturday,25,STOP SIGN/FLASHER,CLEAR,DARKNESS,PEDALCYCLIST,DRY,INJURY AND / OR TOW DUE TO CRASH,$500 OR LESS,UNABLE TO DETERMINE,2,INCAPACITATING INJURY,1.0,0.0,1.0,17,7,11,41.93836711,-87.77878961,"['11/18/2023', '05:10:00', 'PM']"
6b0f09c4c7db0a976c6912e37c64460e9d0d33b21be682b36ce0311b6d676ea80d980cccf2b4bdb3c2665705452ae149ee928e52816506ff08a2e0099747333b,2023-11-18 12:50:00,Saturday,30,TRAFFIC SIGNAL,CLEAR,DAYLIGHT,PEDESTRIAN,DRY,INJURY AND / OR TOW DUE TO CRASH,"$501 - $1,500",FAILING TO YIELD RIGHT-OF-WAY,3,INCAPACITATING INJURY,2.0,0.0,1.0,12,7,11,41.93880796,-87.75688985,"['11/18/2023', '12:50:00', 'PM']"
dcf59ff195676a73f5fdda7a062d2f332dacc6305b2fe604247c09436f3e2e42544d1251497f105498f40812209721829197cec4c8c9bdb55accfffa71090d51,2023-11-18 01:40:00,Saturday,35,TRAFFIC SIGNAL,CLEAR,"DARKNESS, LIGHTED ROAD",ANGLE,DRY,INJURY AND / OR TOW DUE TO CRASH,"OVER $1,500",UNABLE TO DETERMINE,2,INCAPACITATING INJURY,1.0,0.0,1.0,1,7,11,41.8955535,-87.7020559,"['11/18/2023', '01:40:00', 'AM']"
6e0086a92018a2daffd3fdeaaa93ffdfa36916b4ca811ae10f91ce52a1d0f105f3b6baf4a9b9bf83e6e18c2656fc6529adfe9fe2b9c8092dc135ef821a4133dc,2023-11-17 22:48:00,Friday,30,NO CONTROLS,CLEAR,"DARKNESS, LIGHTED ROAD",PARKED MOTOR VEHICLE,DRY,INJURY AND / OR TOW DUE TO CRASH,"OVER $1,500",IMPROPER OVERTAKING/PASSING,5,FATAL,2.0,1.0,1.0,22,6,11,41.77415129,-87.72279323,"['11/17/2023', '10:48:00', 'PM']"
d439eed29ca8a27327402f8fd0ace31fd2823101ff44ff2982f8d088dd6a841e248281e15e8f80ef615ffb11de1667c411f90c433a0ce46fc8b9c782d2fa790b,2023-11-17 12:25:00,Friday,30,NO CONTROLS,CLEAR,DAYLIGHT,PEDESTRIAN,DRY,INJURY AND / OR TOW DUE TO CRASH,$500 OR LESS,UNABLE TO DETERMINE,3,FATAL,1.0,1.0,0.0,12,6,11,41.70512295,-87.65200464,"['11/17/2023', '12:25:00', 'PM']"
e54003f7ba15a6e3925eadd85f3223d965958d697593a4a2d8778684f6cc3cf8143b6d0feb16fb3fb1933c9816de4e5279a02b2a6010dbf7d0a5295ebf6e5338,2023-11-17 11:50:00,Friday,35,TRAFFIC SIGNAL,CLEAR,DAYLIGHT,FIXED OBJECT,DRY,INJURY AND / OR TOW DUE TO CRASH,"OVER $1,500",UNABLE TO DETERMINE,1,INCAPACITATING INJURY,1.0,0.0,1.0,11,6,11,41.74929889,-87.73898999,"['11/17/2023', '11:50:00', 'AM']"
fc4b6e7dbb7c84b098f863b224a45f64c27683d8c467cd0f8e4d9c7b6e5eb9b71607ae4c659ab3102caa07956e22c45e18123b0889b20dbc9ad16a208dc5d3cb,2023-11-17 11:20:00,Friday,30,PEDESTRIAN CROSSING SIGN,CLEAR,DAYLIGHT,PEDESTRIAN,DRY,INJURY AND / OR TOW DUE TO CRASH,"OVER $1,500",FAILING TO REDUCE SPEED TO AVOID CRASH,2,INCAPACITATING INJURY,1.0,0.0,1.0,11,6,11,41.96296056,-87.70844665,"['11/17/2023', '11:20:00', 'AM']"
187733c35cd3bad29c480af259cbe312b91787a53ce9441386e06fd8f1399be54535227e904214e7d139876ea00d5ec1c644c31a7e908f27e6172d52090f951c,2023-11-17 01:45:00,Friday,35,TRAFFIC SIGNAL,CLEAR,DARKNESS,REAR TO FRONT,WET,INJURY AND / OR TOW DUE TO CRASH,"OVER $1,500",FAILING TO REDUCE SPEED TO AVOID CRASH,2,INCAPACITATING INJURY,1.0,0.0,1.0,1,6,11,41.78565296,-87.74119273,"['11/17/2023', '01:45:00', 'AM']"
d2e62f2cc731e771b6b0456e1870fb6b339c9f85a30d3e5dbb2dd95eec33bcc9b5fbfdf5e075327f26c3058956ab245cdc5f02e6e61b52f240efb60be6dbdb19,2023-11-16 18:26:00,Thursday,30,STOP SIGN/FLASHER,CLEAR,DUSK,PEDESTRIAN,DRY,INJURY AND / OR TOW DUE TO CRASH,$500 OR LESS,DISTRACTION - FROM INSIDE VEHICLE,2,INCAPACITATING INJURY,1.0,0.0,1.0,18,5,11,42.02106791,-87.67301514,"['11/16/2023', '06:26:00', 'PM']"
3409219fdc935d2c25eee9537f59f5d18f287b6bb6571842b68518138090f625090b0622599c2b2e4f76be42dd28584d4092d37d0a2080f235aa49cc1ed82235,2023-11-16 17:40:00,Thursday,30,NO CONTROLS,CLEAR,DARKNESS,PEDESTRIAN,DRY,INJURY AND / OR TOW DUE TO CRASH,"OVER $1,500",UNABLE TO DETERMINE,2,INCAPACITATING INJURY,1.0,0.0,1.0,17,5,11,41.7737988,-87.67390117,"['11/16/2023', '05:40:00', 'PM']"
af2da771085d5da2f4831c6f858028f198f6369c3723842cbd9c981dc075555de21e6553a447c989e577b5522752a6c3a4b92aa4ea4c8d12760cc194c187ccfd,2023-11-16 15:08:00,Thursday,30,TRAFFIC SIGNAL,CLEAR,DAYLIGHT,PEDESTRIAN,DRY,INJURY AND / OR TOW DUE TO CRASH,"OVER $1,500",DISREGARDING TRAFFIC SIGNALS,2,INCAPACITATING INJURY,1.0,0.0,1.0,15,5,11,41.89570453,-87.70221852,"['11/16/2023', '03:08:00', 'PM']"
a502447c0618624dc3c897afc764c097b22354d022ee0d5e35136406bfc5312beed7d2282d7ba848852c023778917bba002b6e4c3f04bd39f3b6e5eb187ec8fa,2023-11-16 13:00:00,Thursday,30,NO CONTROLS,CLEAR,DAYLIGHT,REAR END,DRY,INJURY AND / OR TOW DUE TO CRASH,"OVER $1,500",FAILING TO REDUCE SPEED TO AVOID CRASH,2,INCAPACITATING INJURY,1.0,0.0,1.0,13,5,11,41.92430239,-87.73282738,"['11/16/2023', '01:00:00', 'PM']"
85d6cafde05ea1b647202252ad7feefac5ccc2a19c63bfe2aa6647fdf68978d84a401fa7eeedf9433d04fad0e6ea064f5e40783912fa70c7596e502af185a816,2023-11-16 12:00:00,Thursday,30,NO CONTROLS,CLEAR,DAYLIGHT,FIXED OBJECT,DRY,INJURY AND / OR TOW DUE TO CRASH,"$501 - $1,500",UNABLE TO DETERMINE,1,INCAPACITATING INJURY,1.0,0.0,1.0,12,5,11,41.76553333,-87.60175338,"['11/16/2023', '12:00:00', 'PM']"
1bff49f37062f93e1e138c57b3f0359da305e9c177dee6bc825482f6840051080c2cc22d2b6c1263e6f5fdd8e69bc3d17277be6c3178c88a190fa691afd5a396,2023-11-16 09:34:00,Thursday,30,TRAFFIC SIGNAL,CLEAR,DAYLIGHT,REAR END,DRY,INJURY AND / OR TOW DUE TO CRASH,"OVER $1,500",UNABLE TO DETERMINE,2,FATAL,9.0,1.0,0.0,9,5,11,41.86811692,-87.62060987,"['11/16/2023', '09:34:00', 'AM']"
9616a724d088fc84b9e27f302fc714d35ecb7f3a77967cf83a0092f50c0c80e11884b2af5fe06644c303e5162bae35b68d126c5dbf608c7f5cb2bd45cc26a529,2023-11-16 09:00:00,Thursday,35,NO CONTROLS,CLEAR,DAYLIGHT,FIXED OBJECT,DRY,INJURY AND / OR TOW DUE TO CRASH,"OVER $1,500",UNABLE TO DETERMINE,1,INCAPACITATING INJURY,1.0,0.0,1.0,9,5,11,41.72313873,-87.6501645,"['11/16/2023', '09:00:00', 'AM']"
02f54ce86dbc8a8c9cde35ee31c73abe83a737dc07741f24c4330799e167ccad7ad50dadc29fb58f9a08b8010818fd246d62c7a2587cb3edf4782ba6a07c4d0f,2023-11-15 18:20:00,Wednesday,30,NO CONTROLS,CLEAR,DARKNESS,PARKED MOTOR VEHICLE,DRY,INJURY AND / OR TOW DUE TO CRASH,"OVER $1,500",PHYSICAL CONDITION OF DRIVER,2,INCAPACITATING INJURY,1.0,0.0,1.0,18,4,11,41.9185955,-87.74601751,"['11/15/2023', '06:20:00', 'PM']"
711f8c488b219a139ae9d5247478ee1af5d4a40dfdf14852e33803b0044ad5671808d578708a2e68d7a48e8568041d8adb6eccebd06a6dfeff1c7621f2ee8342,2023-11-15 15:00:00,Wednesday,30,NO CONTROLS,CLEAR,DAYLIGHT,PEDALCYCLIST,DRY,INJURY AND / OR TOW DUE TO CRASH,"OVER $1,500",FAILING TO YIELD RIGHT-OF-WAY,2,INCAPACITATING INJURY,1.0,0.0,1.0,15,4,11,41.90307251,-87.67775518,"['11/15/2023', '03:00:00', 'PM']"
0e1578ab1707d84d4f5f706f7f3d1c599e789dd452f8f4a707e417913a37e6a1ec899c2f4358b08e007a61966f3654d050afdc6b326747f7e3bbf68f5a276cfe,2023-11-15 06:50:00,Wednesday,30,TRAFFIC SIGNAL,CLEAR,DAYLIGHT,REAR END,DRY,INJURY AND / OR TOW DUE TO CRASH,"OVER $1,500",FAILING TO REDUCE SPEED TO AVOID CRASH,2,INCAPACITATING INJURY,1.0,0.0,1.0,6,4,11,41.88420157,-87.70144144,"['11/15/2023', '06:50:00', 'AM']"
605a132d23f0591643638d3f0b2a4c1fe03fe2eb1c05f33e0257cc62cb732d67576e323cff2658cca4f01e3b456ee8cf690758c7238f7187146584a3cb0f0781,2023-11-14 22:30:00,Tuesday,30,TRAFFIC SIGNAL,CLEAR,"DARKNESS, LIGHTED ROAD",ANGLE,DRY,INJURY AND / OR TOW DUE TO CRASH,"OVER $1,500",UNABLE TO DETERMINE,3,INCAPACITATING INJURY,3.0,0.0,2.0,22,3,11,41.88184401,-87.72067165,"['11/14/2023', '10:30:00', 'PM']"
352d419259c96fc200735ca0479526c02ea6ff802484b35463800bafcfe0aeb5c11f2165b0e0ea91efa10ab9f377592d82fac559ef12c4397a93fbfaf686c2e7,2023-11-13 16:15:00,Monday,30,TRAFFIC SIGNAL,CLEAR,DAYLIGHT,PEDALCYCLIST,DRY,INJURY AND / OR TOW DUE TO CRASH,"OVER $1,500",UNABLE TO DETERMINE,2,INCAPACITATING INJURY,1.0,0.0,1.0,16,2,11,41.93907194,-87.73698594,"['11/13/2023', '04:15:00', 'PM']"
b32a86656557668ebb780025af027d1f9bdbc824690a363ba585ce426a7d1bc3983754517ea1d89b15851e48e1e77ac0aec4c86fe1d2b27b907eda7e94527bc7,2023-11-13 14:27:00,Monday,30,TRAFFIC SIGNAL,CLEAR,DAYLIGHT,PEDESTRIAN,DRY,INJURY AND / OR TOW DUE TO CRASH,"OVER $1,500",UNABLE TO DETERMINE,2,INCAPACITATING INJURY,1.0,0.0,1.0,14,2,11,41.96850308,-87.68928051,"['11/13/2023', '02:27:00', 'PM']"
a63b74a3f6b6929ef2fdc613612dcf83e32dc59a89f5acdb9f997d03688ef805d873fb3dc8f07ab3b9964b4fe0a8a22e741e14d598a2760fe61c869c7381ba7f,2023-11-13 11:15:00,Monday,30,STOP SIGN/FLASHER,CLEAR,DAYLIGHT,ANGLE,DRY,INJURY AND / OR TOW DUE TO CRASH,"OVER $1,500",FAILING TO YIELD RIGHT-OF-WAY,2,INCAPACITATING INJURY,1.0,0.0,1.0,11,2,11,41.85233287,-87.66835237,"['11/13/2023', '11:15:00', 'AM']"
1cb730a053565ca6e5761a3f66c2825819baf129448055aaa3d9c54a0b313d55ecd15af68121d17e866fd6264929339fe2ae29eb1c608fdf74ba475230286895,2023-11-12 21:08:00,Sunday,30,TRAFFIC SIGNAL,CLEAR,"DARKNESS, LIGHTED ROAD",FIXED OBJECT,DRY,INJURY AND / OR TOW DUE TO CRASH,"OVER $1,500",UNABLE TO DETERMINE,1,FATAL,1.0,1.0,0.0,21,1,11,41.88558269,-87.72599838,"['11/12/2023', '09:08:00', 'PM']"
dcf728df6a359aeec358d4deeb9b346fac932209a46fc34bbc3eec03f7ce0af58ffc00ce11e7eba7de0211c0852b733d2880cbd9cf5b79e2b1ddf56c0e1c19d3,2023-11-12 17:34:00,Sunday,50,NO CONTROLS,CLEAR,"DARKNESS, LIGHTED ROAD",REAR END,DRY,INJURY AND / OR TOW DUE TO CRASH,"OVER $1,500",FOLLOWING TOO CLOSELY,2,INCAPACITATING INJURY,2.0,0.0,1.0,17,1,11,41.95517597,-87.89307885,"['11/12/2023', '05:34:00', 'PM']"
cb22d43feb2d20525505a90ce3aec2b0d2afc862dba6c616fb1140f68f5150032fbb3a66951b0dbb69e83855d309241ac1c3d73581a3a519b6a232387469bfa4,2023-11-12 16:59:00,Sunday,30,TRAFFIC SIGNAL,CLEAR,"DARKNESS, LIGHTED ROAD",ANGLE,DRY,INJURY AND / OR TOW DUE TO CRASH,"OVER $1,500",DISREGARDING TRAFFIC SIGNALS,3,INCAPACITATING INJURY,3.0,0.0,1.0,16,1,11,41.75666358,-87.60548737,"['11/12/2023', '04:59:00', 'PM']"
73a79dfe000c22b1fc69aad3c3b9125e313bb7d7e180e415e149e4c8f7743715d3dd110461e1c689303490349f4fa51fd16e9b48b1b661d6211c2bced8221da4,2023-11-12 16:49:00,Sunday,30,STOP SIGN/FLASHER,CLEAR,DUSK,PEDESTRIAN,DRY,INJURY AND / OR TOW DUE TO CRASH,"OVER $1,500",DISREGARDING STOP SIGN,2,INCAPACITATING INJURY,1.0,0.0,1.0,16,1,11,41.95803291,-87.67080702,"['11/12/2023', '04:49:00', 'PM']"