CRASH_RECORD_ID,CRASH_DATE,Weekday,POSTED_SPEED_LIMIT,TRAFFIC_CONTROL_DEVICE,WEATHER_CONDITION,LIGHTING_CONDITION,FIRST_CRASH_TYPE,ROADWAY_SURFACE_COND,CRASH_TYPE,DAMAGE,PRIM_CONTRIBUTORY_CAUSE,NUM_UNITS,MOST_SEVERE_INJURY,INJURIES_TOTAL,INJURIES_FATAL,INJURIES_INCAPACITATING,CRASH_HOUR,CRASH_DAY_OF_WEEK,CRASH_MONTH,LATITUDE,LONGITUDE,CRASH_TIME
d0dd62de41bc3043545b01937e985cfaaa32cc44ebb28a628119a1771fd76482d5a140fbed80f091a5543a50502aebf2b2e6530d9bf2535346eb4153d2bd9367,2023-10-31 15:30:00,Tuesday,30,TRAFFIC SIGNAL,FREEZING RAIN/DRIZZLE,DAYLIGHT,PEDALCYCLIST,WET,INJURY AND / OR TOW DUE TO CRASH,"OVER $1,500",FAILING TO YIELD RIGHT-OF-WAY,2,INCAPACITATING INJURY,1.0,0.0,1.0,15,3,10,41.89636176,-87.65616995,"['10/31/2023', '03:30:00', 'PM']"
e130630a31e538054a54649761f8f41870b4fc135cd571cf92a514df6d709f874b8931cf0c7d9826e3c5ba3f8e9d4870d386b303e671ee86f1b9974db6915936,2023-10-31 09:00:00,Tuesday,30,TRAFFIC SIGNAL,SNOW,DAWN,PEDESTRIAN,SNOW OR SLUSH,INJURY AND / OR TOW DUE TO CRASH,"$501 - $1,500",IMPROPER TURNING/NO SIGNAL,2,INCAPACITATING INJURY,1.0,0.0,1.0,9,3,10,41.87805622,-87.64730329,"['10/31/2023', '09:00:00', 'AM']"
8b4b081b79b09976a2a5c07b1224189c283c8ef0c29ad9dac67bfb7ff83127fac83504da0728963eb05b24d36392af0033f7cd1e70e9824f5d699fb74a1956a3,2023-10-31 06:29:00,Tuesday,30,STOP SIGN/FLASHER,CLEAR,"DARKNESS, LIGHTED ROAD",PEDESTRIAN,DRY,INJURY AND / OR TOW DUE TO CRASH,$500 OR LESS,FAILING TO YIELD RIGHT-OF-WAY,2,INCAPACITATING INJURY,1.0,0.0,1.0,6,3,10,41.80215649,-87.75040715,"['10/31/2023', '06:29:00', 'AM']"
27e0f69dc418fdc0384596cc0758eb6d35a00cd99c628cfcaa99a6602026c688eb2c8af1b3957b86354e19b7c00548d3fd05d4ccc250fc2b9de05e0a6197227a,2023-10-31 03:45:00,Tuesday,30,TRAFFIC SIGNAL,CLEAR,"DARKNESS, LIGHTED ROAD",OTHER OBJECT,DRY,INJURY AND / OR TOW DUE TO CRASH,"OVER $1,500",UNABLE TO DETERMINE,1,INCAPACITATING INJURY,2.0,0.0,2.0,3,3,10,41.85933485,-87.701591,"['10/31/2023', '03:45:00', 'AM']"
6fcb19a7543e5f1bd6b5d0f3d10debe3a28209da55cb46a7b005458909ee9ba7a58ced1cc3d6225904f26f30c5b1f978de3f22ffec1c5d694ec3f33a2b9464ff,2023-10-30 20:46:00,Monday,40,NO CONTROLS,CLEAR,"DARKNESS, LIGHTED ROAD",SIDESWIPE SAME DIRECTION,DRY,INJURY AND / OR TOW DUE TO CRASH,"OVER $1,500",IMPROPER LANE USAGE,2,FATAL,6.0,2.0,2.0,20,2,10,41.83879296,-87.60890266,"['10/30/2023', '08:46:00', 'PM']"
622a7c249e5814f01e34fd3fb618942df76dd68eedbe4496b576f7befa3cfcddd6510ba53b30411f05689ea61257b8c56c8a4222ed3970620c5f9f475bf9aec0,2023-10-30 11:52:00,Monday,30,TRAFFIC SIGNAL,CLEAR,DAYLIGHT,ANGLE,DRY,INJURY AND / OR TOW DUE TO CRASH,"OVER $1,500",DISREGARDING TRAFFIC SIGNALS,3,INCAPACITATING INJURY,1.0,0.0,1.0,11,2,10,41.78735114,-87.62080271,"['10/30/2023', '11:52:00', 'AM']"
33f7d0a155d50cf9a50c01f8d33914309514f5a843086840448605c32d11997c2c60ce74043a336cf384f96825c31f6e9ddca105d3db5df65f814ac6c518e097,2023-10-30 09:25:00,Monday,30,TRAFFIC SIGNAL,CLEAR,DAYLIGHT,ANGLE,DRY,INJURY AND / OR TOW DUE TO CRASH,"OVER $1,500",DISREGARDING TRAFFIC SIGNALS,3,INCAPACITATING INJURY,5.0,0.0,1.0,9,2,10,41.87738546,-87.71101848,"['10/30/2023', '09:25:00', 'AM']"
1376aed7ae4ded86bc122f20efed3ce9a735ee94f17fd274c8bd730db21f5125c7ca85814c759db9dfae3563679889ad1639e602b978b45f7c0eb701fba3fc30,2023-10-30 07:25:00,Monday,30,TRAFFIC SIGNAL,CLEAR,DAYLIGHT,PARKED MOTOR VEHICLE,DRY,INJURY AND / OR TOW DUE TO CRASH,"OVER $1,500",UNABLE TO DETERMINE,2,INCAPACITATING INJURY,1.0,0.0,1.0,7,2,10,41.90277234,-87.72673462,"['10/30/2023', '07:25:00', 'AM']"
9f8f3350530927c921216f12c21222988b0f9aa96ff6aadb3f6d6d7a91d4a3692f3ef0fc5547ef1640aa237d45cd8f83c709f6264b0181cb3ca216538ceceb7c,2023-10-30 05:46:00,Monday,15,NO CONTROLS,CLEAR,DARKNESS,PEDESTRIAN,DRY,INJURY AND / OR TOW DUE TO CRASH,"OVER $1,500",UNABLE TO DETERMINE,2,INCAPACITATING INJURY,1.0,0.0,1.0,5,2,10,41.75096655,-87.62996105,"['10/30/2023', '05:46:00', 'AM']"
c7e2c43072a31f68d639a372acde6f45f51e82fa0f7b7c2388f4e9a81786266c9495eefbd0cdde7b2b944ba91272fe7da4ca86873989b066908d35e98c2ab994,2023-10-29 22:05:00,Sunday,30,STOP SIGN/FLASHER,CLEAR,"DARKNESS, LIGHTED ROAD",PEDESTRIAN,DRY,INJURY AND / OR TOW DUE TO CRASH,"OVER $1,500",DISREGARDING STOP SIGN,2,INCAPACITATING INJURY,1.0,0.0,1.0,22,1,10,41.86571469,-87.62265794,"['10/29/2023', '10:05:00', 'PM']"
852eff015a498acfd288c443326bfd19e8841b48cf0d8892bbc96c2b55a8a1003d131083ca9ebea90d36d5dc91c95e9f1044c97d22d7ab0b6a8491d429469174,2023-10-29 19:55:00,Sunday,30,NO CONTROLS,RAIN,"DARKNESS, LIGHTED ROAD",PEDESTRIAN,WET,INJURY AND / OR TOW DUE TO CRASH,"$501 - $1,500",UNABLE TO DETERMINE,2,INCAPACITATING INJURY,1.0,0.0,1.0,19,1,10,41.86799727,-87.71044772,"['10/29/2023', '07:55:00', 'PM']"
e5bfea5cca02ecd87cbf4b226f8fb92369329897b368e4df771d67f03ff951027a7bf0c6be243045751b1431d57eff415ebcfdd4daf186daeb15d1b518f3f5b9,2023-10-29 19:51:00,Sunday,30,TRAFFIC SIGNAL,RAIN,"DARKNESS, LIGHTED ROAD",PEDESTRIAN,WET,INJURY AND / OR TOW DUE TO CRASH,"OVER $1,500",UNABLE TO DETERMINE,2,INCAPACITATING INJURY,1.0,0.0,1.0,19,1,10,41.8830406,-87.68633875,"['10/29/2023', '07:51:00', 'PM']"
663b713f163bdf18fc2e135132bc9035fd296fa2d268b844565de9d24de1834b3eca1bbc18088f5b614d008595aa025021a51f0cfb5c625d8a619d375c665850,2023-10-29 19:43:00,Sunday,30,NO CONTROLS,RAIN,"DARKNESS, LIGHTED ROAD",REAR END,WET,INJURY AND / OR TOW DUE TO CRASH,"OVER $1,500",FAILING TO YIELD RIGHT-OF-WAY,4,INCAPACITATING INJURY,2.0,0.0,1.0,19,1,10,41.9442172,-87.80682234,"['10/29/2023', '07:43:00', 'PM']"
0e0146d98edf7f76e27009fdad17b8f746e183f662b2ebe4594ca1e87169c2294367f496ee57961726a50fb4240f465b599f2c7bcace4a194b0813a787fab61c,2023-10-29 16:05:00,Sunday,30,NO CONTROLS,RAIN,DAYLIGHT,TURNING,WET,INJURY AND / OR TOW DUE TO CRASH,"OVER $1,500",FAILING TO REDUCE SPEED TO AVOID CRASH,2,INCAPACITATING INJURY,1.0,0.0,1.0,16,1,10,41.70730837,-87.65597577,"['10/29/2023', '04:05:00', 'PM']"
72a562844ae51896e27db7206e4b5d04fb459ef112c6a6c6ab599b6d860bec233861171a0461699ad79b2aac8489aa6b71f978c8dde30cc93fb6407b5d991427,2023-10-29 12:40:00,Sunday,30,TRAFFIC SIGNAL,CLOUDY/OVERCAST,DAYLIGHT,PEDESTRIAN,DRY,INJURY AND / OR TOW DUE TO CRASH,"$501 - $1,500",UNABLE TO DETERMINE,2,INCAPACITATING INJURY,1.0,0.0,1.0,12,1,10,41.88919802,-87.6341573,"['10/29/2023', '12:40:00', 'PM']"
7fb046ca184f5d530d06293629f0362bcae9bd7442e304da2345e5def5a0aa13c5ece9d14693f12ba4b0300cde917fefcc4aa0290bf6a6cfff52df2ecfab42f1,2023-10-29 04:38:00,Sunday,35,NO CONTROLS,CLEAR,"DARKNESS, LIGHTED ROAD",HEAD ON,WET,INJURY AND / OR TOW DUE TO CRASH,"OVER $1,500",UNABLE TO DETERMINE,2,INCAPACITATING INJURY,2.0,0.0,1.0,4,1,10,41.65473876,-87.55915216,"['10/29/2023', '04:38:00', 'AM']"
a069f5cda5dfcb24d75b21b291d343e4cbda088fcca6c4066c960e2abc229d4e0ebe1e99b24a5c6e2664369f5c04dddddd40e8447d1d471262ba56f781a74750,2023-10-29 03:39:00,Sunday,20,NO CONTROLS,RAIN,"DARKNESS, LIGHTED ROAD",PARKED MOTOR VEHICLE,OTHER,INJURY AND / OR TOW DUE TO CRASH,"OVER $1,500",DISTRACTION - FROM INSIDE VEHICLE,6,INCAPACITATING INJURY,2.0,0.0,1.0,3,1,10,41.80795542,-87.70832314,"['10/29/2023', '03:39:00', 'AM']"
6adcefa379b9041b4ba9d5289383b2d9b6853961f15e1d8b84d5d5713ac56b3d4ab246d69f0525752cf81617ba1a558b35fea4df6bd44bdbc9ebcab30addf2fc,2023-10-29 02:45:00,Sunday,30,NO CONTROLS,RAIN,"DARKNESS, LIGHTED ROAD",PEDESTRIAN,WET,INJURY AND / OR TOW DUE TO CRASH,"$501 - $1,500",UNABLE TO DETERMINE,4,INCAPACITATING INJURY,1.0,0.0,1.0,2,1,10,41.72833229,-87.61416741,"['10/29/2023', '02:45:00', 'AM']"
c8b003f38fde92eb0ade865d038f6ae99ed9a762b95885517707644a4cf2f31e05baf8f05b1f9c4bf3240ecfe109fc468eb6695f3bf9da9f4c97542db4f88871,2023-10-28 22:19:00,Saturday,30,TRAFFIC SIGNAL,RAIN,DARKNESS,PEDESTRIAN,WET,INJURY AND / OR TOW DUE TO CRASH,"OVER $1,500",NOT APPLICABLE,2,INCAPACITATING INJURY,1.0,0.0,1.0,22,7,10,41.81639583,-87.62641289,"['10/28/2023', '10:19:00', 'PM']"
e335c73a2b405f77e9e1c9973b1ba189f645b503dbcac6a0663706508d0357b8ce64a60adc1123dad6c9e2d398554fc34e1b0774e0359e60b4a46a2342f2740a,2023-10-28 20:01:00,Saturday,30,NO CONTROLS,CLEAR,DARKNESS,TURNING,DRY,INJURY AND / OR TOW DUE TO CRASH,"$501 - $1,500",DRIVING SKILLS/KNOWLEDGE/EXPERIENCE,2,INCAPACITATING INJURY,2.0,0.0,1.0,20,7,10,41.8016498,-87.64842635,"['10/28/2023', '08:01:00', 'PM']"
45518261bce6636b4213104af3df5cd830da965738fa75566c34eced0f7d47a987d1e36997671f02aedeb5d38a3aff9fcda10b08a823e1b3bd02f778d168e942,2023-10-28 16:55:00,Saturday,30,NO CONTROLS,CLEAR,DAYLIGHT,FIXED OBJECT,DRY,INJURY AND / OR TOW DUE TO CRASH,"$501 - $1,500",DISTRACTION - FROM INSIDE VEHICLE,1,INCAPACITATING INJURY,1.0,0.0,1.0,16,7,10,41.92259714,-87.72689293,"['10/28/2023', '04:55:00', 'PM']"
93b6e411f1025bae1e456094a52340a986b7f7ebaeb23500dc84171a6c8b038e92e31d2d8e27f9d2ad83bafb80f796976262b0c5bb35a186eadc397a0dcf4566,2023-10-28 15:00:00,Saturday,30,NO CONTROLS,UNKNOWN,DAYLIGHT,PEDALCYCLIST,UNKNOWN,INJURY AND / OR TOW DUE TO CRASH,"OVER $1,500",DISTRACTION - FROM INSIDE VEHICLE,2,INCAPACITATING INJURY,1.0,0.0,1.0,15,7,10,41.92414317,-87.69960318,"['10/28/2023', '03:00:00', 'PM']"
0af59137154617823bf06906fe40cf91a085e955a7434e6a4fc7b293d2fbaafcf8ec1d1d07d8f9e8c2258250292b12798db3425ab8bc4cdb6800d9415f2067bf,2023-10-28 07:40:00,Saturday,30,TRAFFIC SIGNAL,CLEAR,DAYLIGHT,TURNING,DRY,INJURY AND / OR TOW DUE TO CRASH,"OVER $1,500",UNABLE TO DETERMINE,2,INCAPACITATING INJURY,1.0,0.0,1.0,7,7,10,41.90333753,-87.66090405,"['10/28/2023', '07:40:00', 'AM']"
7896522bdbd6682310ca532d61669301c86e1b69916df6fca6d30800b0071a33f285119fc0fa4cd95885fc1d7436c322ba2816be53c0163793592e364e358cfa,2023-10-28 06:10:00,Saturday,30,TRAFFIC SIGNAL,UNKNOWN,DUSK,OTHER OBJECT,UNKNOWN,INJURY AND / OR TOW DUE TO CRASH,"OVER $1,500",PHYSICAL CONDITION OF DRIVER,2,INCAPACITATING INJURY,1.0,0.0,1.0,6,7,10,41.86568628,-87.76566985,"['10/28/2023', '06:10:00', 'AM']"
baaa72b3d34e1221f22ed933e59aba123289e896d4c3ca869f309652acd1fc79acb1b0b4e35f3ee1b471aaf252fab51b2c80c28a9678faf5e47b0d71aed52955,2023-10-28 02:40:00,Saturday,30,NO CONTROLS,CLEAR,"DARKNESS, LIGHTED ROAD",HEAD ON,DRY,INJURY AND / OR TOW DUE TO CRASH,"OVER $1,500",IMPROPER LANE USAGE,2,INCAPACITATING INJURY,3.0,0.0,1.0,2,7,10,41.70287676,-87.54634731,"['10/28/2023', '02:40:00', 'AM']"
93ad9040068b02def79925fe9beffec7b4fba4cae07c581eb1a2b2f61240fabf1aa2b06aabe79705802379ff9b81cf9ab0478295777143e4e2e5187e187da891,2023-10-28 01:30:00,Saturday,30,NO CONTROLS,RAIN,DARKNESS,PEDALCYCLIST,WET,INJURY AND / OR TOW DUE TO CRASH,"$501 - $1,500",FAILING TO YIELD RIGHT-OF-WAY,2,INCAPACITATING INJURY,1.0,0.0,1.0,1,7,10,41.88002352,-87.64098858,"['10/28/2023', '01:30:00', 'AM']"
03efcffa1df42f853207d4768c27adf452588f810af9056e0539f500b1cc7440227efa92857d7f8831f78a9c2dd5cf8d4cdad9c2909c55eca44a965402c77590,2023-10-27 22:30:00,Friday,30,NO CONTROLS,CLEAR,DARKNESS,PARKED MOTOR VEHICLE,WET,INJURY AND / OR TOW DUE TO CRASH,"OVER $1,500",UNABLE TO DETERMINE,2,INCAPACITATING INJURY,1.0,0.0,1.0,22,6,10,41.92594003,-87.76251187,"['10/27/2023', '10:30:00', 'PM']"
31c3b6fad1dd879504bd3d635303ae05416c20d5380d00b0ddc551b48ef2e6f8661222f9a8606127d09fceb80f4ebd93380b84db7dfe0c148159000ce75639a4,2023-10-27 21:57:00,Friday,30,TRAFFIC SIGNAL,CLEAR,"DARKNESS, LIGHTED ROAD",TURNING,WET,INJURY AND / OR TOW DUE TO CRASH,"$501 - $1,500","OPERATING VEHICLE IN ERRATIC, RECKLESS, CARELESS, NEGLIGENT OR AGGRESSIVE MANNER",2,FATAL,3.0,1.0,0.0,21,6,10,41.79535582,-87.6839302,"['10/27/2023', '09:57:00', 'PM']"
bad68e95966057fb65da9a3525b48ae36a18a8a37dbd83706d112a252242c16b4b0ffa96c49650d6e7f979c26efbc5538e7b756d004437ea38d9f715a05b81e5,2023-10-27 19:31:00,Friday,30,NO CONTROLS,CLOUDY/OVERCAST,DUSK,PEDALCYCLIST,WET,INJURY AND / OR TOW DUE TO CRASH,"$501 - $1,500",UNABLE TO DETERMINE,2,INCAPACITATING INJURY,1.0,0.0,1.0,19,6,10,41.96658295,-87.67897535,"['10/27/2023', '07:31:00', 'PM']"
c7ce51162cf1a6619f374076596a69c4ac9db8b584f3fdddbad34798e64d73f61a3e368e8e9ee9e2468f4b48ce2dbfb0a62c4d4b4a9a4c74964120bc76e85b75,2023-10-27 19:25:00,Friday,25,NO CONTROLS,RAIN,DARKNESS,PEDESTRIAN,WET,INJURY AND / OR TOW DUE TO CRASH,"OVER $1,500",NOT APPLICABLE,2,INCAPACITATING INJURY,1.0,0.0,1.0,19,6,10,41.89561585,-87.71149859,"['10/27/2023', '07:25:00', 'PM']"
236df968165496da3d608d03044b10f511d0135fee2ab8ca813ea82ba090ffe4b6356dd2b255d1de2b43d945e3ef817b047a35c8ca5b98e1cdf8947b5b761864,2023-10-27 18:27:00,Friday,30,NO CONTROLS,RAIN,"DARKNESS, LIGHTED ROAD",PEDESTRIAN,WET,INJURY AND / OR TOW DUE TO CRASH,"$501 - $1,500",UNABLE TO DETERMINE,2,INCAPACITATING INJURY,1.0,0.0,1.0,18,6,10,41.86707301,-87.69577115,"['10/27/2023', '06:27:00', 'PM']"
b0336c52df5ccb08c90a4a04ec9f089ade4d021e220cd05a59f8807b0e5f23a53014d4e570e0bd43abd954133a5526d123181efa4790edc38fe77ddf38a3f12b,2023-10-27 17:49:00,Friday,35,NO CONTROLS,CLEAR,DUSK,SIDESWIPE SAME DIRECTION,DRY,INJURY AND / OR TOW DUE TO CRASH,"OVER $1,500",IMPROPER LANE USAGE,3,INCAPACITATING INJURY,2.0,0.0,1.0,17,6,10,41.99124796,-87.65527345,"['10/27/2023', '05:49:00', 'PM']"
7b0c32f285fb97effedac6a5a926dbb14b9b88f2bb08ad6ae9d5424d2a1de88e01070b41eb5f6e3f18364e5fcfc3057d74f1f255d3bed58ad59f85a10ccf3d19,2023-10-27 07:48:00,Friday,30,NO CONTROLS,CLEAR,DAYLIGHT,REAR END,DRY,INJURY AND / OR TOW DUE TO CRASH,"OVER $1,500",HAD BEEN DRINKING (USE WHEN ARREST IS NOT MADE),2,INCAPACITATING INJURY,3.0,0.0,2.0,7,6,10,41.86841762,-87.74469807,"['10/27/2023', '07:48:00', 'AM']"
52961aac6bec74aa950396b7d95222e9f3d17f732f26674e65d240489a631e6c96f18a312603611a04799a770d7d33142cc007265eba1ec8b1c8bdc43df00dd7,2023-10-27 02:00:00,Friday,30,TRAFFIC SIGNAL,RAIN,"DARKNESS, LIGHTED ROAD",FIXED OBJECT,WET,INJURY AND / OR TOW DUE TO CRASH,"OVER $1,500",NOT APPLICABLE,1,FATAL,1.0,1.0,0.0,2,6,10,41.8575186,-87.68567867,"['10/27/2023', '02:00:00', 'AM']"
69804d4cbd20f0b7a518b170235a441da413b9448e6b3dbbf98d5b174b756aec541efb6e83b8efed2f54084d8381310808879ab796f18f9dcdcc4174d987b9f9,2023-10-26 22:50:00,Thursday,30,NO CONTROLS,RAIN,"DARKNESS, LIGHTED ROAD",PEDESTRIAN,WET,INJURY AND / OR TOW DUE TO CRASH,"OVER $1,500",UNABLE TO DETERMINE,2,INCAPACITATING INJURY,1.0,0.0,1.0,22,5,10,41.86563932,-87.76915499,"['10/26/2023', '10:50:00', 'PM']"
6051a438ced0ca84e734386e73aac4876a3c41044797f2688c2afbf48563f816dd0e748fba759354290bb55d61884fba2a6216da9da340d07a5498cb8b781a01,2023-10-26 19:28:00,Thursday,30,TRAFFIC SIGNAL,CLEAR,DARKNESS,REAR END,DRY,INJURY AND / OR TOW DUE TO CRASH,"OVER $1,500",UNABLE TO DETERMINE,3,INCAPACITATING INJURY,2.0,0.0,2.0,19,5,10,41.88247687,-87.75519503,"['10/26/2023', '07:28:00', 'PM']"
676ea00ce540e35f5023021b82d7a672af81fc21713cdad62fb23d9657d6f9cf59fa9736c594f243252052a1029261d5fc453e2473e504845bb4c5cadd2c0209,2023-10-26 13:45:00,Thursday,10,NO CONTROLS,RAIN,DAYLIGHT,PARKED MOTOR VEHICLE,WET,INJURY AND / OR TOW DUE TO CRASH,"OVER $1,500",IMPROPER BACKING,3,INCAPACITATING INJURY,1.0,0.0,1.0,13,5,10,41.83977195,-87.64646751,"['10/26/2023', '01:45:00', 'PM']"
00e7e1e9821c72d3e66bdd75e51bedc2b0ffc7fdc9145f2f469f40b17c04c41b30e769b25d86e8e4f19f0eae260fee3c41ed981eea3c06e36a072e2e8f25b906,2023-10-26 10:46:00,Thursday,30,NO CONTROLS,CLEAR,DAYLIGHT,REAR END,DRY,INJURY AND / OR TOW DUE TO CRASH,"OVER $1,500",FAILING TO REDUCE SPEED TO AVOID CRASH,2,INCAPACITATING INJURY,1.0,0.0,1.0,10,5,10,41.85247426,-87.67599779,"['10/26/2023', '10:46:00', 'AM']"
e7459831a43c768b2bdbdf9b5c28c9cd5e348ecfa02a7b9366fe02c107b8e51586d30820cf9d22e3b6b47eccfd19f671338694bc1659ea0b268ad59887070d1c,2023-10-26 07:09:00,Thursday,30,STOP SIGN/FLASHER,CLOUDY/OVERCAST,DAYLIGHT,PEDESTRIAN,WET,INJURY AND / OR TOW DUE TO CRASH,$500 OR LESS,UNABLE TO DETERMINE,2,INCAPACITATING INJURY,1.0,0.0,1.0,7,5,10,42.01010819,-87.67242249,"['10/26/2023', '07:09:00', 'AM']"
7db38f26501a12796307d83af1761a16d15cd2c501d2d20c6a0a8a24ab4b21288c98aa48210a5edf3fa33feee3583511a617d983beafacb8f1105296a58a9c9c,2023-10-25 21:30:00,Wednesday,30,NO CONTROLS,CLEAR,"DARKNESS, LIGHTED ROAD",FIXED OBJECT,DRY,INJURY AND / OR TOW DUE TO CRASH,"OVER $1,500",PHYSICAL CONDITION OF DRIVER,1,INCAPACITATING INJURY,1.0,0.0,1.0,21,4,10,41.9861942,-87.7771683,"['10/25/2023', '09:30:00', 'PM']"
a80327caaf753d8bd2634be163f9f6c64e4cf39592403a2bcf0af21e826b25acaefdd4204221fa0c32b08a17b913c75c343f76d1271534db2610d0ab6e173e60,2023-10-25 15:50:00,Wednesday,30,NO CONTROLS,CLOUDY/OVERCAST,DAYLIGHT,PEDESTRIAN,DRY,INJURY AND / OR TOW DUE TO CRASH,"$501 - $1,500",RELATED TO BUS STOP,2,INCAPACITATING INJURY,1.0,0.0,1.0,15,4,10,41.87529489,-87.68639844,"['10/25/2023', '03:50:00', 'PM']"
4a00f6150b2e32a8e4e8bd7f368ca86b94180d00ceec7a0137ef5c6c90891f68eea0cbca13faa8ac49a562fd9b09f9dd635bdb43c7c0c66aa8807f17c72e5487,2023-10-25 15:48:00,Wednesday,30,NO CONTROLS,CLEAR,DAYLIGHT,PEDALCYCLIST,DRY,INJURY AND / OR TOW DUE TO CRASH,"OVER $1,500",FAILING TO YIELD RIGHT-OF-WAY,2,INCAPACITATING INJURY,1.0,0.0,1.0,15,4,10,41.89785636,-87.65813964,"['10/25/2023', '03:48:00', 'PM']"
d71a74f6d423a3c78f7308067f12652a5d3c57b93fee4f005b046e4f4b0f5bf867f5763060be776275c9ff244b98ca0eb453734e0f6535d2fd9a29050bcce32c,2023-10-25 13:30:00,Wednesday,30,TRAFFIC SIGNAL,UNKNOWN,DAYLIGHT,PEDESTRIAN,UNKNOWN,INJURY AND / OR TOW DUE TO CRASH,"OVER $1,500",UNABLE TO DETERMINE,2,INCAPACITATING INJURY,1.0,0.0,1.0,13,4,10,41.86716318,-87.63908255,"['10/25/2023', '01:30:00', 'PM']"
79325995e6a2ad6cbb79111ccbd08cd191f903309b6a9c5e1a558a7f719963c2cff45f21425128cb14b39e0ee6cb5f82cfc68bc883d711794954f27d8de53df7,2023-10-25 08:37:00,Wednesday,30,TRAFFIC SIGNAL,RAIN,DAYLIGHT,TURNING,WET,INJURY AND / OR TOW DUE TO CRASH,"OVER $1,500",IMPROPER TURNING/NO SIGNAL,2,INCAPACITATING INJURY,1.0,0.0,1.0,8,4,10,41.82296363,-87.68438479,"['10/25/2023', '08:37:00', 'AM']"
2cda15b95b6871bb18fe3d7eb5bcf65408501ae2fafe6ec3d02738dc6fd0bbd81fb6cf608d07220fc6e9cd97ef6c1b5ebfeab28eb657bda3097fe863823e64a0,2023-10-25 08:00:00,Wednesday,30,NO CONTROLS,RAIN,DAWN,PEDESTRIAN,WET,INJURY AND / OR TOW DUE TO CRASH,"$501 - $1,500",IMPROPER TURNING/NO SIGNAL,2,INCAPACITATING INJURY,1.0,0.0,1.0,8,4,10,41.87017969,-87.6793063,"['10/25/2023', '08:00:00', 'AM']"
1be5fe7a169bc56e42eee7192be11e384fbf39b35631cc1e2f2583bcdddbc9162f7118f9b253b4953e5250eaeeea96f140dc7f1733421c75d0906a0400bc27c0,2023-10-25 02:23:00,Wednesday,30,TRAFFIC SIGNAL,RAIN,"DARKNESS, LIGHTED ROAD",ANGLE,WET,INJURY AND / OR TOW DUE TO CRASH,"$501 - $1,500",DISREGARDING TRAFFIC SIGNALS,2,INCAPACITATING INJURY,1.0,0.0,1.0,2,4,10,41.94325853,-87.67860138,"['10/25/2023', '02:23:00', 'AM']"
fe3c7de7e3fd567d0beb29a3e0fbb09f762a1109844a346a566771db9f495c431d8354e836a48cefd3c48a0d5640f0febc74e62744e7043b7f7f80f1e33cd992,2023-10-24 23:10:00,Tuesday,30,NO CONTROLS,CLEAR,"DARKNESS, LIGHTED ROAD",TURNING,DRY,INJURY AND / OR TOW DUE TO CRASH,"OVER $1,500",UNABLE TO DETERMINE,2,INCAPACITATING INJURY,2.0,0.0,1.0,23,3,10,41.88029005,-87.75297792,"['10/24/2023', '11:10:00', 'PM']"
b6d99862484938e35bb0226250faacff681421443f77d82483ca2a49ea5d978662940db3264b1aab134c77e700258b2afc87d347f4408ea30f4c65b09a9bfd48,2023-10-24 23:00:00,Tuesday,35,NO CONTROLS,CLEAR,"DARKNESS, LIGHTED ROAD",FIXED OBJECT,DRY,INJURY AND / OR TOW DUE TO CRASH,"OVER $1,500",NOT APPLICABLE,1,INCAPACITATING INJURY,1.0,0.0,1.0,23,3,10,41.88335532,-87.71566523,"['10/24/2023', '11:00:00', 'PM']"
1e565d5f8077d073e2190dc754511eb4a08c4e9285c64d44aa3409206cf8bc34fe32da776c47441875e9f78e9d82eec79a4c0b8cb3bdf92e71975efb04cc7514,2023-10-24 22:56:00,Tuesday,30,TRAFFIC SIGNAL,RAIN,"DARKNESS, LIGHTED ROAD",ANGLE,WET,INJURY AND / OR TOW DUE TO CRASH,"OVER $1,500",DISREGARDING TRAFFIC SIGNALS,3,FATAL,2.0,1.0,0.0,22,3,10,41.87200214,-87.75491749,"['10/24/2023', '10:56:00', 'PM']"
db64b1d874e5336b4a7d15dc8f38dd94575107e720804799e772e26247e46cfcbc893d2eb579ab19a34db16c36096349eb3ff9e52940928ad147ebbd3156167d,2023-10-24 22:50:00,Tuesday,30,NO CONTROLS,CLEAR,"DARKNESS, LIGHTED ROAD",TURNING,DRY,INJURY AND / OR TOW DUE TO CRASH,"OVER $1,500",IMPROPER TURNING/NO SIGNAL,2,INCAPACITATING INJURY,2.0,0.0,1.0,22,3,10,41.89615633,-87.66891473,"['10/24/2023', '10:50:00', 'PM']"
089761b3afec372230542f199fa08808955e71dd56acc9fd38804e7162962f73e633787b18885e1a4d93b7d59d122c73bb75cbf30b7e4dca64fb7be7380a0fcf,2023-10-24 19:15:00,Tuesday,35,NO CONTROLS,CLEAR,"DARKNESS, LIGHTED ROAD",TURNING,DRY,INJURY AND / OR TOW DUE TO CRASH,"OVER $1,500",FAILING TO YIELD RIGHT-OF-WAY,2,INCAPACITATING INJURY,2.0,0.0,2.0,19,3,10,41.7542835,-87.69420327,"['10/24/2023', '07:15:00', 'PM']"