CRASH_RECORD_ID,CRASH_DATE,Weekday,POSTED_SPEED_LIMIT,TRAFFIC_CONTROL_DEVICE,WEATHER_CONDITION,LIGHTING_CONDITION,FIRST_CRASH_TYPE,ROADWAY_SURFACE_COND,CRASH_TYPE,DAMAGE,PRIM_CONTRIBUTORY_CAUSE,NUM_UNITS,MOST_SEVERE_INJURY,INJURIES_TOTAL,INJURIES_FATAL,INJURIES_INCAPACITATING,CRASH_HOUR,CRASH_DAY_OF_WEEK,CRASH_MONTH,LATITUDE,LONGITUDE,CRASH_TIME
57fe8deaff56f3c33967ab8f304eda88affd7f68c16b56645067d0dfe90a98c2a2999fd665a56568bf5253ef01d91bda7456dfcd7593be9e5fcdf0d23573ae38,2023-10-24 17:24:00,Tuesday,45,TRAFFIC SIGNAL,CLEAR,DAYLIGHT,PEDESTRIAN,DRY,INJURY AND / OR TOW DUE TO CRASH,"OVER $1,500",UNABLE TO DETERMINE,2,INCAPACITATING INJURY,1.0,0.0,1.0,17,3,10,41.87575626,-87.61751568,"['10/24/2023', '05:24:00', 'PM']"
28ade16ad934beade1668eed5106a06b7d02e7dcbbc08181a85f3c3dcfb90225d67e45d825a9db37f34fa745f1a0249f7ed8376b10668e39f6134846c8bf6fdd,2023-10-23 21:53:00,Monday,30,TRAFFIC SIGNAL,CLEAR,"DARKNESS, LIGHTED ROAD",TURNING,DRY,INJURY AND / OR TOW DUE TO CRASH,"OVER $1,500",FAILING TO YIELD RIGHT-OF-WAY,2,INCAPACITATING INJURY,1.0,0.0,1.0,21,2,10,41.89989385,-87.66262876,"['10/23/2023', '09:53:00', 'PM']"
8060171a59c6cd7a7506c65f3535c70f5e57f481ec265543f7a28f63cd0d7c5cfe578eb4d42555dd720eb40522ca6a3064fc3a9e3d233d7fa60ea0f4417e1c66,2023-10-23 19:54:00,Monday,30,NO CONTROLS,CLEAR,"DARKNESS, LIGHTED ROAD",PEDALCYCLIST,DRY,INJURY AND / OR TOW DUE TO CRASH,"$501 - $1,500",UNDER THE INFLUENCE OF ALCOHOL/DRUGS (USE WHEN ARREST IS EFFECTED),3,FATAL,1.0,1.0,0.0,19,2,10,41.97521097,-87.67923146,"['10/23/2023', '07:54:00', 'PM']"
c60c29188c3c69e0fdbc52b0d928de7e21c164f8a25664651cf9d6d537b57e3c35cebed1ad72baf2fe4eb2c4128172206fd60deb081aaaa2f33023cdca77b07b,2023-10-23 19:31:00,Monday,30,TRAFFIC SIGNAL,CLEAR,"DARKNESS, LIGHTED ROAD",ANGLE,DRY,INJURY AND / OR TOW DUE TO CRASH,"OVER $1,500",UNABLE TO DETERMINE,2,INCAPACITATING INJURY,4.0,0.0,1.0,19,2,10,41.88536097,-87.72593411,"['10/23/2023', '07:31:00', 'PM']"
d8facafee78191ab3a4a2d8e3d060a70d9c3b12831acf8147f5f5347dbce7c70a0343df4bca1512c024f44755dbf115cc217f664c90960daf74f46a4e5024f2b,2023-10-23 13:23:00,Monday,30,NO CONTROLS,CLEAR,DAYLIGHT,TURNING,DRY,INJURY AND / OR TOW DUE TO CRASH,"OVER $1,500",UNABLE TO DETERMINE,2,INCAPACITATING INJURY,1.0,0.0,1.0,13,2,10,41.76096182,-87.68329468,"['10/23/2023', '01:23:00', 'PM']"
c24816233e352b7b001b512ee563576d5433b753aaf6c089630202567877a520bdd17a0981c6b17a3b318c00b222eb72e11cc26c29aa11159f8b2547c37188aa,2023-10-23 11:45:00,Monday,30,TRAFFIC SIGNAL,CLEAR,DAYLIGHT,PEDESTRIAN,DRY,INJURY AND / OR TOW DUE TO CRASH,"OVER $1,500",UNABLE TO DETERMINE,2,INCAPACITATING INJURY,1.0,0.0,1.0,11,2,10,41.76459874,-87.68298895,"['10/23/2023', '11:45:00', 'AM']"
92768e64024802d01e98a93ed4600bdb5c3bd368ce4f151c727ad68aab73bcb4c0fcf0dee4232274c504df313dc2753ae7db841565bd7ef611a61bf18b5708e2,2023-10-23 10:08:00,Monday,30,STOP SIGN/FLASHER,CLEAR,DAYLIGHT,PEDALCYCLIST,DRY,INJURY AND / OR TOW DUE TO CRASH,"$501 - $1,500","OPERATING VEHICLE IN ERRATIC, RECKLESS, CARELESS, NEGLIGENT OR AGGRESSIVE MANNER",2,INCAPACITATING INJURY,1.0,0.0,1.0,10,2,10,41.94142763,-87.82046897,"['10/23/2023', '10:08:00', 'AM']"
bc0305c259fbf66d36f5854b3e779fffbc9c26de7ee36f34219c4fcda1fd33c6db69a519fc7a761bfc7aa0c7166e70debfcc1fb57882b0e78f87495df866e2d3,2023-10-23 07:11:00,Monday,30,TRAFFIC SIGNAL,CLEAR,DAYLIGHT,ANGLE,DRY,INJURY AND / OR TOW DUE TO CRASH,"$501 - $1,500",UNABLE TO DETERMINE,2,INCAPACITATING INJURY,3.0,0.0,1.0,7,2,10,41.74350456,-87.6366628,"['10/23/2023', '07:11:00', 'AM']"
8f02337ee398e6a75c23b21b1992ecaee32a8f5305442ec72e318d7ebfd6bc2fe9c68b6dea38c1d0b2c67bc94bf8b5502c3ae00e5cd3dafefa3a7fe60ce199d7,2023-10-22 19:12:00,Sunday,30,TRAFFIC SIGNAL,UNKNOWN,"DARKNESS, LIGHTED ROAD",PEDALCYCLIST,UNKNOWN,INJURY AND / OR TOW DUE TO CRASH,"OVER $1,500",DRIVING SKILLS/KNOWLEDGE/EXPERIENCE,2,INCAPACITATING INJURY,1.0,0.0,1.0,19,1,10,41.7730814,-87.61530988,"['10/22/2023', '07:12:00', 'PM']"
ba4b955ff3f64c6c05bab19dfa2546ee2213772d9f99575656aa8eb029cd1b8a451384dab3a9830e4cf22b9af44662567308845a8216ebb3d31600d10e309233,2023-10-22 13:16:00,Sunday,30,NO CONTROLS,CLEAR,DAYLIGHT,PARKED MOTOR VEHICLE,DRY,INJURY AND / OR TOW DUE TO CRASH,"OVER $1,500","OPERATING VEHICLE IN ERRATIC, RECKLESS, CARELESS, NEGLIGENT OR AGGRESSIVE MANNER",2,INCAPACITATING INJURY,1.0,0.0,1.0,13,1,10,41.77821516,-87.63346443,"['10/22/2023', '01:16:00', 'PM']"
53a66fc24c0d7c00df0e6d2dd18306b8d9f86090b0e5e2d3117f8e2ec5dc61deffd0751da646fe640e863da9f1d7e8336e6ad3936acaea079e74ddb3ac1357a1,2023-10-22 09:05:00,Sunday,30,TRAFFIC SIGNAL,CLEAR,DAYLIGHT,PEDESTRIAN,DRY,INJURY AND / OR TOW DUE TO CRASH,"OVER $1,500",TURNING RIGHT ON RED,2,INCAPACITATING INJURY,1.0,0.0,1.0,9,1,10,41.79097663,-87.62251742,"['10/22/2023', '09:05:00', 'AM']"
5e64ab178f44248e8a35c919d7c986ed7f3e13606d9997014ddafa4be52f6c13db0aee796912413c80524419ae7a917c8a3877f64ce34a3be8e2c6a2070a0eee,2023-10-22 08:36:00,Sunday,30,STOP SIGN/FLASHER,CLEAR,DAYLIGHT,ANGLE,DRY,INJURY AND / OR TOW DUE TO CRASH,"OVER $1,500",DRIVING SKILLS/KNOWLEDGE/EXPERIENCE,2,INCAPACITATING INJURY,1.0,0.0,1.0,8,1,10,41.99724317,-87.81019949,"['10/22/2023', '08:36:00', 'AM']"
f750cca260d8c816e1d510c0c9dd49d86aad568e40645c000a6408b12e8d2d6275fe79a51d3e3c65b5c9416c5188c8fbdb354863d7c22b38b41479cf3d1865a9,2023-10-22 01:54:00,Sunday,30,TRAFFIC SIGNAL,CLEAR,"DARKNESS, LIGHTED ROAD",TURNING,DRY,INJURY AND / OR TOW DUE TO CRASH,"OVER $1,500",DISREGARDING TRAFFIC SIGNALS,2,INCAPACITATING INJURY,2.0,0.0,1.0,1,1,10,41.78565296,-87.74119273,"['10/22/2023', '01:54:00', 'AM']"
430fc45eeac7f5bac6f0612588c43e5bfd94daa737d7fac0ae9ea6adff15545c9909a628d38c5400dc0fc18536dd42461193bed1453257edecda610934058b2b,2023-10-21 23:41:00,Saturday,30,NO CONTROLS,CLOUDY/OVERCAST,"DARKNESS, LIGHTED ROAD",OTHER OBJECT,DRY,INJURY AND / OR TOW DUE TO CRASH,"OVER $1,500",UNABLE TO DETERMINE,2,INCAPACITATING INJURY,1.0,0.0,1.0,23,7,10,41.78031988,-87.61722656,"['10/21/2023', '11:41:00', 'PM']"
b3b872bb0dcb6608c8c5ed7de4e177ae34a0368789763a3e5770c680d6c2f32d4149371182366c86a8e7f2ae3017cf340c6f8f98f74651c2e8a59ba28b6fed57,2023-10-21 20:28:00,Saturday,35,STOP SIGN/FLASHER,RAIN,"DARKNESS, LIGHTED ROAD",PEDESTRIAN,WET,INJURY AND / OR TOW DUE TO CRASH,"OVER $1,500",UNABLE TO DETERMINE,2,INCAPACITATING INJURY,1.0,0.0,1.0,20,7,10,41.8913051,-87.64757178,"['10/21/2023', '08:28:00', 'PM']"
86471b2283c5d55439d947dd1f94f22e6389bb23e0a73e8ced0ea8bcca2339db1069eb903280fa65d306120fb3b6953cd23a1484fe9e56fd59e9c81859658868,2023-10-21 19:40:00,Saturday,30,NO CONTROLS,CLEAR,"DARKNESS, LIGHTED ROAD",PEDESTRIAN,WET,INJURY AND / OR TOW DUE TO CRASH,"$501 - $1,500",UNABLE TO DETERMINE,2,INCAPACITATING INJURY,1.0,0.0,1.0,19,7,10,41.93045225,-87.70990344,"['10/21/2023', '07:40:00', 'PM']"
926c0819a626392dfed1a0390e54dcd5a73df67fc7e2cbb8eccc000be8c6709d9116dd80039b4a667ee6934707c88113b162205c4bf0cc041f66c208c2878db0,2023-10-21 19:30:00,Saturday,30,NO CONTROLS,RAIN,"DARKNESS, LIGHTED ROAD",PARKED MOTOR VEHICLE,WET,INJURY AND / OR TOW DUE TO CRASH,"OVER $1,500",UNABLE TO DETERMINE,3,INCAPACITATING INJURY,1.0,0.0,1.0,19,7,10,41.84801988,-87.73377901,"['10/21/2023', '07:30:00', 'PM']"
5354f8f4d0504eef501383a5441f275dc1e519d16b27b0b32c548c2f46428dafbb23e44a25b186706bb555f63f2c0ccbe2fe6431f53de012f8b6a4c46b4b9610,2023-10-21 19:15:00,Saturday,25,STOP SIGN/FLASHER,RAIN,DARKNESS,ANGLE,WET,INJURY AND / OR TOW DUE TO CRASH,"OVER $1,500",UNABLE TO DETERMINE,2,INCAPACITATING INJURY,1.0,0.0,1.0,19,7,10,41.75397736,-87.65697338,"['10/21/2023', '07:15:00', 'PM']"
a3a00638089df029a870dfc52dd178be7a4f9a7efa9c3b50361b0a988ab91294075ed8888d1b5d974b2a9c1412d0945fea3301f1e4e58f3d6e02202cb6841ac1,2023-10-21 19:00:00,Saturday,30,TRAFFIC SIGNAL,CLEAR,DUSK,ANGLE,DRY,INJURY AND / OR TOW DUE TO CRASH,"OVER $1,500",DISREGARDING TRAFFIC SIGNALS,2,INCAPACITATING INJURY,1.0,0.0,1.0,19,7,10,41.74404884,-87.59059504,"['10/21/2023', '07:00:00', 'PM']"
8978104e48853876a1e5412711357c1ba6a3f9910856d2981dcf91bb23e769ecdd6716cf471236910c4c36c47c72bcd746ae99eb17c101a130cf8f0c514b1e72,2023-10-21 18:48:00,Saturday,30,TRAFFIC SIGNAL,UNKNOWN,UNKNOWN,PEDALCYCLIST,UNKNOWN,INJURY AND / OR TOW DUE TO CRASH,"OVER $1,500",UNABLE TO DETERMINE,2,INCAPACITATING INJURY,1.0,0.0,1.0,18,7,10,41.87309483,-87.74514387,"['10/21/2023', '06:48:00', 'PM']"
511369fd51fe9139a13e2fc9b54585668d9b7412c736bd8718a012f0bdb25cebeeec6247908d93f09bacb6e1dac0c3d318a896366cb411cc85b47efab77f7634,2023-10-21 14:51:00,Saturday,20,YIELD,CLEAR,DAYLIGHT,TURNING,DRY,INJURY AND / OR TOW DUE TO CRASH,"OVER $1,500",FAILING TO YIELD RIGHT-OF-WAY,2,INCAPACITATING INJURY,1.0,0.0,1.0,14,7,10,41.92769034,-87.76943359,"['10/21/2023', '02:51:00', 'PM']"
e5e04699f84474fe0b616063aaf745c8b378515c91ff3446f44686889c5f2f9f5a0eaa793afb330635e1756b4d12c3f7f308beff844743a039f622b8b02c8c35,2023-10-21 12:19:00,Saturday,30,NO CONTROLS,CLEAR,DAYLIGHT,PEDESTRIAN,DRY,INJURY AND / OR TOW DUE TO CRASH,$500 OR LESS,IMPROPER OVERTAKING/PASSING,2,INCAPACITATING INJURY,1.0,0.0,1.0,12,7,10,41.90881333,-87.72662782,"['10/21/2023', '12:19:00', 'PM']"
0dc1f64941bcaf2f391fe0ec02bb3311ea73a2c296416692b6d8387f5b73f41a07422256ca8f71459d200e0c86aa25f5d0c352bfc7f5e01a0b8926b55c4ba4df,2023-10-21 04:22:00,Saturday,30,NO CONTROLS,CLEAR,"DARKNESS, LIGHTED ROAD",PARKED MOTOR VEHICLE,DRY,INJURY AND / OR TOW DUE TO CRASH,"OVER $1,500",UNABLE TO DETERMINE,4,INCAPACITATING INJURY,1.0,0.0,1.0,4,7,10,41.84422546,-87.63440626,"['10/21/2023', '04:22:00', 'AM']"
ccc6c9b5ef141fc874a8b05a72d7946e3f5561f95e82fecee0efb24dd3290edc03028b6680ac2cb255f9ed6fda19fc7af02cbe87b5514d5ed4e8e658ccb6719d,2023-10-21 00:58:00,Saturday,30,TRAFFIC SIGNAL,CLEAR,"DARKNESS, LIGHTED ROAD",SIDESWIPE OPPOSITE DIRECTION,DRY,INJURY AND / OR TOW DUE TO CRASH,"OVER $1,500",IMPROPER LANE USAGE,2,INCAPACITATING INJURY,2.0,0.0,1.0,0,7,10,41.83212713,-87.69502146,"['10/21/2023', '12:58:00', 'AM']"
1b0492b787570b2f21c478d10bb4bfe9c351a5af86218caf907983366d25a2ba83bf26cfd98fc3c5fa97ac817ba69944d26d495125281a2bc44b8a00d3f4f34e,2023-10-20 21:53:00,Friday,30,STOP SIGN/FLASHER,UNKNOWN,UNKNOWN,TURNING,UNKNOWN,INJURY AND / OR TOW DUE TO CRASH,"OVER $1,500",IMPROPER TURNING/NO SIGNAL,2,INCAPACITATING INJURY,2.0,0.0,1.0,21,6,10,41.75643461,-87.61842046,"['10/20/2023', '09:53:00', 'PM']"
a623241ec43b66156dbd0b7d96f59b52e867feccd943bd9a2225f1d4be27dd806985a0d3d377b645a4977ef85aad80adcbb109a928cd0f8a923567ab330d3a91,2023-10-20 19:27:00,Friday,30,TRAFFIC SIGNAL,CLEAR,DUSK,TURNING,DRY,INJURY AND / OR TOW DUE TO CRASH,"OVER $1,500",UNABLE TO DETERMINE,2,FATAL,1.0,1.0,0.0,19,6,10,41.85046066,-87.671071,"['10/20/2023', '07:27:00', 'PM']"
f529cc6753cdf408a8b0b4b78c1cfd5678b7d9d5972ae9a7389ea20bda9f6761a88535fdc09362ab88b9a7cf82684d5513c4ad6e564717b51672079915933ff1,2023-10-20 18:19:00,Friday,30,NO CONTROLS,CLEAR,"DARKNESS, LIGHTED ROAD",PEDALCYCLIST,DRY,INJURY AND / OR TOW DUE TO CRASH,"OVER $1,500",FAILING TO REDUCE SPEED TO AVOID CRASH,2,INCAPACITATING INJURY,1.0,0.0,1.0,18,6,10,41.94685123,-87.67114626,"['10/20/2023', '06:19:00', 'PM']"
8c6d99eed7b5e9e0de4ff6e7a0908b9f76edb21ea5d9ea380d6331a097b5b54a09985fbe3a4ef73af370b51745cb78eb2269d7bf08f0c3ea4f4619af53c6b201,2023-10-20 17:40:00,Friday,30,TRAFFIC SIGNAL,CLEAR,DAYLIGHT,PEDESTRIAN,DRY,INJURY AND / OR TOW DUE TO CRASH,"OVER $1,500","VISION OBSCURED (SIGNS, TREE LIMBS, BUILDINGS, ETC.)",2,INCAPACITATING INJURY,2.0,0.0,1.0,17,6,10,41.89483421,-87.75522257,"['10/20/2023', '05:40:00', 'PM']"
a793363b47237e24ef0030aedc80d56e8039933bcf9014fbc18aa1686298b0d13c4afcd6197d98972a970e8d4f7d30a57906441bf6f011342a07477998bac4ad,2023-10-20 16:30:00,Friday,30,STOP SIGN/FLASHER,CLEAR,DAYLIGHT,PEDESTRIAN,DRY,INJURY AND / OR TOW DUE TO CRASH,$500 OR LESS,DISTRACTION - FROM OUTSIDE VEHICLE,2,INCAPACITATING INJURY,1.0,0.0,1.0,16,6,10,41.96505975,-87.68408238,"['10/20/2023', '04:30:00', 'PM']"
9a57fb453e0c24e7ef380f2323286dbb8caf7b0977b50ae395e0f3266122448e0efe40cc7c8265f97fa265ccde35bb63b70bfba672d90c0d8a77205e6c8ab740,2023-10-20 16:20:00,Friday,30,NO CONTROLS,CLEAR,DAYLIGHT,PEDALCYCLIST,DRY,INJURY AND / OR TOW DUE TO CRASH,"$501 - $1,500",UNABLE TO DETERMINE,3,INCAPACITATING INJURY,1.0,0.0,1.0,16,6,10,41.86917024,-87.66538447,"['10/20/2023', '04:20:00', 'PM']"
67b0028b4979e3c543684be2b812ab0c3e85f979bd91c0ca742377fd4f1d8c01c6472b4f98a9517461e2a814e05733f03aac73b3bf2abf56ba6d6cd75dae406a,2023-10-20 15:53:00,Friday,30,TRAFFIC SIGNAL,CLEAR,DAYLIGHT,PEDESTRIAN,DRY,INJURY AND / OR TOW DUE TO CRASH,"OVER $1,500",DISTRACTION - FROM INSIDE VEHICLE,2,INCAPACITATING INJURY,1.0,0.0,1.0,15,6,10,41.95342091,-87.73799691,"['10/20/2023', '03:53:00', 'PM']"
afe2532f49be1920ca03bdb290e3367b520cd8aa6532ed7e1d265b7fbb8178c47b0e588798bc4b5041a6e5ee3d7d22ae4180c0e7517be49f030356d6c8af0573,2023-10-20 12:03:00,Friday,25,TRAFFIC SIGNAL,CLEAR,DAYLIGHT,TURNING,DRY,INJURY AND / OR TOW DUE TO CRASH,"OVER $1,500",IMPROPER TURNING/NO SIGNAL,2,INCAPACITATING INJURY,1.0,0.0,1.0,12,6,10,41.88325493,-87.67681517,"['10/20/2023', '12:03:00', 'PM']"
49e3d02a138faa0eee9a9f56240567ec6ca09cf15a105271b45b374c6c268e6ddf8a8e36b6a200ee168364bfde6b0233e47b94ffad6af8095902f19d536d07b8,2023-10-19 18:45:00,Thursday,30,NO CONTROLS,RAIN,"DARKNESS, LIGHTED ROAD",PEDALCYCLIST,WET,INJURY AND / OR TOW DUE TO CRASH,$500 OR LESS,UNABLE TO DETERMINE,2,INCAPACITATING INJURY,1.0,0.0,1.0,18,5,10,41.69166843,-87.68104406,"['10/19/2023', '06:45:00', 'PM']"
76daef38b001330c7896932a0bd9d009878ccb61086695de97d2571c3047fc643016b6278585c39b6b32cd33e5bc622d49423a234fb9a8ebbbf1308c54f4b29a,2023-10-19 16:11:00,Thursday,30,TRAFFIC SIGNAL,RAIN,DAYLIGHT,PEDESTRIAN,WET,INJURY AND / OR TOW DUE TO CRASH,$500 OR LESS,FAILING TO YIELD RIGHT-OF-WAY,2,INCAPACITATING INJURY,1.0,0.0,1.0,16,5,10,41.91628389,-87.80586288,"['10/19/2023', '04:11:00', 'PM']"
b4809ffecdb645fdd48d1ac0530c0f7bcbdfc5815569b5b8becac7377aec5b989c30676c5037a6f63bef0f8d082ce769bdedfb3c420ae3a0c63843af5038c66f,2023-10-19 12:54:00,Thursday,30,NO CONTROLS,CLEAR,DAYLIGHT,TURNING,DRY,INJURY AND / OR TOW DUE TO CRASH,"OVER $1,500",UNABLE TO DETERMINE,2,INCAPACITATING INJURY,1.0,0.0,1.0,12,5,10,41.76624481,-87.5886009,"['10/19/2023', '12:54:00', 'PM']"
b814057884743b95bc40acbf428b59ae754b20a7e7bdcc21b8d057c57d27e8b486851e3db7efb210a42f4250167da5fac6481cda344506bf8dc68488ad491d38,2023-10-19 12:00:00,Thursday,15,NO CONTROLS,CLOUDY/OVERCAST,DAYLIGHT,REAR TO REAR,WET,INJURY AND / OR TOW DUE TO CRASH,"OVER $1,500",UNABLE TO DETERMINE,3,INCAPACITATING INJURY,1.0,0.0,1.0,12,5,10,41.99013026,-87.67059205,"['10/19/2023', '12:00:00', 'PM']"
b500a1696b3e419554d26e4cd030e8f2a25a7b12fab4c1397c2dfa08fac9add1f85a28de776968843af7747f6d164117fff06e8c3dfbd2fdaea71cafb8d7ab2c,2023-10-19 06:05:00,Thursday,30,NO CONTROLS,RAIN,"DARKNESS, LIGHTED ROAD",PEDESTRIAN,WET,INJURY AND / OR TOW DUE TO CRASH,"$501 - $1,500",UNABLE TO DETERMINE,2,INCAPACITATING INJURY,1.0,0.0,1.0,6,5,10,41.73658917,-87.60739696,"['10/19/2023', '06:05:00', 'AM']"
700f51386ef4a950881f1c1839cd1716bf489e95bc3991c23eae2107b9d96c71c3d0d91536f6948e24baf666b0341bc0abe7ceaf611eaf25f5987185e6cabd19,2023-10-18 22:30:00,Wednesday,35,TRAFFIC SIGNAL,CLEAR,"DARKNESS, LIGHTED ROAD",REAR END,WET,INJURY AND / OR TOW DUE TO CRASH,"OVER $1,500",FOLLOWING TOO CLOSELY,2,FATAL,1.0,1.0,0.0,22,4,10,41.88563272,-87.62984438,"['10/18/2023', '10:30:00', 'PM']"
c676332494925424a03e003deb52a55082fd52a29c8646615dbeac317951145a46c07c390a95996ac0c478a47916b53304bd5a65488394d651a826707857e61e,2023-10-18 13:36:00,Wednesday,30,NO CONTROLS,CLEAR,DAYLIGHT,PEDESTRIAN,DRY,INJURY AND / OR TOW DUE TO CRASH,$500 OR LESS,UNABLE TO DETERMINE,2,INCAPACITATING INJURY,1.0,0.0,1.0,13,4,10,41.83075559,-87.63865488,"['10/18/2023', '01:36:00', 'PM']"
34a4d4c890dd135b609e308e677c4f646cfeb995a31eebe41e31d6d0c2f30d906748742fec184721d47956b65be41eaf5b1daececc62a77f33fc33502c999aa3,2023-10-18 09:40:00,Wednesday,10,NO CONTROLS,CLEAR,DAYLIGHT,PEDESTRIAN,DRY,INJURY AND / OR TOW DUE TO CRASH,"$501 - $1,500",DRIVING SKILLS/KNOWLEDGE/EXPERIENCE,2,INCAPACITATING INJURY,2.0,0.0,1.0,9,4,10,41.94488107,-87.71280509,"['10/18/2023', '09:40:00', 'AM']"
556d1fb15ba4f523e6fad46cad14d64e7507cdf9315dca9708e3edcead91275bdaa102c8084fe4b67732665f8209fc6c860d66ec02e35408548e7c36b247b340,2023-10-18 08:55:00,Wednesday,30,PEDESTRIAN CROSSING SIGN,CLEAR,DAYLIGHT,PEDESTRIAN,DRY,INJURY AND / OR TOW DUE TO CRASH,"OVER $1,500",FAILING TO YIELD RIGHT-OF-WAY,2,INCAPACITATING INJURY,1.0,0.0,1.0,8,4,10,41.84662463,-87.64743061,"['10/18/2023', '08:55:00', 'AM']"
29a5e29ac9f7ed23c340f863bd30b8f86fb44ff1b4690dda6c9c9fbfca329b411ffa1fbf44835015761755e86a1862f3a9e2ed19ff6177654a5248c69b47d3c9,2023-10-17 23:03:00,Tuesday,30,TRAFFIC SIGNAL,CLEAR,"DARKNESS, LIGHTED ROAD",ANGLE,DRY,INJURY AND / OR TOW DUE TO CRASH,"OVER $1,500",DISREGARDING TRAFFIC SIGNALS,2,INCAPACITATING INJURY,2.0,0.0,2.0,23,3,10,41.75967458,-87.64442024,"['10/17/2023', '11:03:00', 'PM']"
ab6d3705884a8135b79ded7fc28d3a8f0c0451ecc30df593b10976669d1b76bc0d288d0be267d98df6947ba017554917a07d369b9fe575b2e37dfb8f4ac8265e,2023-10-17 18:10:00,Tuesday,30,NO CONTROLS,CLEAR,"DARKNESS, LIGHTED ROAD",PEDALCYCLIST,DRY,INJURY AND / OR TOW DUE TO CRASH,"$501 - $1,500",DRIVING ON WRONG SIDE/WRONG WAY,2,INCAPACITATING INJURY,1.0,0.0,1.0,18,3,10,41.89474269,-87.64133788,"['10/17/2023', '06:10:00', 'PM']"
28b7f319f5d4fa25380e6f9f92f552b78daf373b578bff47fcc8da947217fcb2cb26baa15ec72f818bba5ca31623a5d574306c506e9f1bd5f724634b8afda763,2023-10-17 08:50:00,Tuesday,30,NO CONTROLS,CLEAR,DAYLIGHT,OTHER NONCOLLISION,DRY,INJURY AND / OR TOW DUE TO CRASH,$500 OR LESS,UNABLE TO DETERMINE,2,INCAPACITATING INJURY,1.0,0.0,1.0,8,3,10,42.01631432,-87.67509835,"['10/17/2023', '08:50:00', 'AM']"
5808d8c8b104a3f40f8a43cdcaf7e0b372e43c9d7573897ca1e2f2b52d3550dfbd0ca913be13e994b58a0fb04373c3e788c0b9292739ba0bde42b26762d2482a,2023-10-17 08:45:00,Tuesday,30,STOP SIGN/FLASHER,CLEAR,DAYLIGHT,TURNING,DRY,INJURY AND / OR TOW DUE TO CRASH,"OVER $1,500",FAILING TO YIELD RIGHT-OF-WAY,2,INCAPACITATING INJURY,1.0,0.0,1.0,8,3,10,41.9908285,-87.67714244,"['10/17/2023', '08:45:00', 'AM']"
d4c46a44aec694d8a7d4192e2fa8893e1fe7d5b1c8a2dbb7cde5839ba9c64e4bb63f9001f11267edb22a05ffcb533231b55d54670caecc371a1348e79f3e4256,2023-10-17 07:55:00,Tuesday,30,STOP SIGN/FLASHER,CLEAR,DAYLIGHT,PEDESTRIAN,DRY,INJURY AND / OR TOW DUE TO CRASH,$500 OR LESS,"VISION OBSCURED (SIGNS, TREE LIMBS, BUILDINGS, ETC.)",2,INCAPACITATING INJURY,1.0,0.0,1.0,7,3,10,41.95861656,-87.77710907,"['10/17/2023', '07:55:00', 'AM']"
0668d840abbc9a0c197a55683ed2271b50ad3e40f5714ef8cd9c432694a3ff5d056b31d572d37df4e5e2d0de2404b99832d5bae83f2b49df48bfb5ad7cb01273,2023-10-17 05:25:00,Tuesday,40,NO CONTROLS,CLEAR,"DARKNESS, LIGHTED ROAD",PEDESTRIAN,DRY,INJURY AND / OR TOW DUE TO CRASH,"OVER $1,500",NOT APPLICABLE,2,FATAL,1.0,1.0,0.0,5,3,10,41.89851688,-87.61818311,"['10/17/2023', '05:25:00', 'AM']"
b975c7a619d51ffd7da4d7b01200ecb39ef03ff1b03c8a9553e28b4b67b0797915e925641937c9e0509e69f7ab7d4abd2022b4e3d617588dc0cc75eacbdfb9ae,2023-10-16 13:45:00,Monday,30,NO CONTROLS,CLEAR,DAYLIGHT,PEDESTRIAN,DRY,INJURY AND / OR TOW DUE TO CRASH,$500 OR LESS,UNABLE TO DETERMINE,2,INCAPACITATING INJURY,1.0,0.0,1.0,13,2,10,41.92916697,-87.75402158,"['10/16/2023', '01:45:00', 'PM']"
e384b05e8521940effdd9fd023692d9a6f072121c48d119e1569edb855480c4d883adbf4a31b15793a97671b028c309753a94049f7a55db671684306f6557b8b,2023-10-15 23:46:00,Sunday,25,NO CONTROLS,CLEAR,"DARKNESS, LIGHTED ROAD",PARKED MOTOR VEHICLE,UNKNOWN,INJURY AND / OR TOW DUE TO CRASH,"OVER $1,500",PHYSICAL CONDITION OF DRIVER,4,INCAPACITATING INJURY,1.0,0.0,1.0,23,1,10,41.74974554,-87.64871797,"['10/15/2023', '11:46:00', 'PM']"
092b7c94c842b916f3e9204c69aa28ced779dc365d62010fa132a9404263b3232605fe9fe81cca7cba84ba2b51720d3ee4923519949800792c79e9f5420c7398,2023-10-15 19:10:00,Sunday,30,STOP SIGN/FLASHER,CLOUDY/OVERCAST,"DARKNESS, LIGHTED ROAD",PEDALCYCLIST,DRY,INJURY AND / OR TOW DUE TO CRASH,"OVER $1,500",DISREGARDING STOP SIGN,2,INCAPACITATING INJURY,1.0,0.0,1.0,19,1,10,41.79027526,-87.79042916,"['10/15/2023', '07:10:00', 'PM']"
4c72485c471b3f8b68811a636950923354f897a52300a00173fa656c1281c328c8c92bfefe0c9604b635fb2d38464a3cee3d43e179df7fb2d150d5ccb38b6ceb,2023-10-15 01:12:00,Sunday,25,STOP SIGN/FLASHER,CLEAR,"DARKNESS, LIGHTED ROAD",REAR END,DRY,INJURY AND / OR TOW DUE TO CRASH,"OVER $1,500",UNABLE TO DETERMINE,2,INCAPACITATING INJURY,1.0,0.0,1.0,1,1,10,41.7279269,-87.58490486,"['10/15/2023', '01:12:00', 'AM']"