CRASH_RECORD_ID,CRASH_DATE,Weekday,POSTED_SPEED_LIMIT,TRAFFIC_CONTROL_DEVICE,WEATHER_CONDITION,LIGHTING_CONDITION,FIRST_CRASH_TYPE,ROADWAY_SURFACE_COND,CRASH_TYPE,DAMAGE,PRIM_CONTRIBUTORY_CAUSE,NUM_UNITS,MOST_SEVERE_INJURY,INJURIES_TOTAL,INJURIES_FATAL,INJURIES_INCAPACITATING,CRASH_HOUR,CRASH_DAY_OF_WEEK,CRASH_MONTH,LATITUDE,LONGITUDE,CRASH_TIME
ad4b17096a4236c91cbc8760ebfc8f10d9f443b71fd8fadebf3145c7b116fe5448b974cd1c6c129ff77119a54a46fc60716fe0e7c3388f725e4d8f0bc46f7b48,2023-10-14 14:00:00,Saturday,30,STOP SIGN/FLASHER,RAIN,DAYLIGHT,ANGLE,WET,INJURY AND / OR TOW DUE TO CRASH,"OVER $1,500",FAILING TO YIELD RIGHT-OF-WAY,2,INCAPACITATING INJURY,1.0,0.0,1.0,14,7,10,41.73751858,-87.66325375,"['10/14/2023', '02:00:00', 'PM']"
a317794760604be7fddcab6b0cf4b5b4a87628520527c94c08d65907815aedaa8205b5c0cd646f12c75caad7db1344dc85b61d6da5d01d4d5a1607c71a7fc3ce,2023-10-14 13:00:00,Saturday,35,TRAFFIC SIGNAL,CLEAR,DAYLIGHT,ANGLE,DRY,INJURY AND / OR TOW DUE TO CRASH,"OVER $1,500",FAILING TO YIELD RIGHT-OF-WAY,2,INCAPACITATING INJURY,1.0,0.0,1.0,13,7,10,41.75571944,-87.66371778,"['10/14/2023', '01:00:00', 'PM']"
33dc1291284275390fc0c17f74a92508f75c9d32f0f6defd4a6d1753afd8be10db5fe0392984aca46115ea59ee6eb1ce53acc720a617def21b86cd8b3d1ca4d9,2023-10-14 11:10:00,Saturday,30,STOP SIGN/FLASHER,RAIN,DAYLIGHT,PEDESTRIAN,WET,INJURY AND / OR TOW DUE TO CRASH,"OVER $1,500",IMPROPER TURNING/NO SIGNAL,2,INCAPACITATING INJURY,1.0,0.0,1.0,11,7,10,41.94512704,-87.80927161,"['10/14/2023', '11:10:00', 'AM']"
a2c87c950bb30c1329ea700143a6d0ec45d88c580843a559459c90a424c8942f9f73d5ee30c7c03e6d181e238cfcb9b5f8e6e0d4ba5733953a2ceff59f5ce102,2023-10-14 01:50:00,Saturday,30,TRAFFIC SIGNAL,RAIN,"DARKNESS, LIGHTED ROAD",PEDESTRIAN,WET,INJURY AND / OR TOW DUE TO CRASH,"OVER $1,500",UNABLE TO DETERMINE,2,INCAPACITATING INJURY,1.0,0.0,1.0,1,7,10,41.71412565,-87.64285255,"['10/14/2023', '01:50:00', 'AM']"
e20a3690f673b0570d51adb30605b61aa2981ec69dbd381f8b35aa5724e5c190c42b0e9e08d3c319887e0e7dcaff2051b4795d5301adadcf17147263da19bb72,2023-10-13 18:24:00,Friday,30,STOP SIGN/FLASHER,RAIN,"DARKNESS, LIGHTED ROAD",PEDALCYCLIST,WET,INJURY AND / OR TOW DUE TO CRASH,$500 OR LESS,FAILING TO REDUCE SPEED TO AVOID CRASH,2,INCAPACITATING INJURY,1.0,0.0,1.0,18,6,10,42.01463791,-87.67792697,"['10/13/2023', '06:24:00', 'PM']"
8cbca51c2d7153bdd603c5b489fda230074f4556243578ca066519f8c8a920b1c068c5b779a8caeb2ba3239486e9f384be8f3912ca4840af440b361db22f9b4d,2023-10-13 12:30:00,Friday,30,TRAFFIC SIGNAL,RAIN,DAYLIGHT,REAR END,WET,INJURY AND / OR TOW DUE TO CRASH,"OVER $1,500",UNABLE TO DETERMINE,2,INCAPACITATING INJURY,3.0,0.0,1.0,12,6,10,41.82362966,-87.62657307,"['10/13/2023', '12:30:00', 'PM']"
8895041349f7bc0a6b1d1936cf3751d634e9ae0182a0f5be89a3eed2ce493b78713c35e3ed4cf8d22dbaa854a58df7b51c193652c448513b0d3f92e96b4a64a1,2023-10-13 07:38:00,Friday,25,NO CONTROLS,CLEAR,DAYLIGHT,OTHER OBJECT,DRY,INJURY AND / OR TOW DUE TO CRASH,"OVER $1,500",DRIVING SKILLS/KNOWLEDGE/EXPERIENCE,2,INCAPACITATING INJURY,1.0,0.0,1.0,7,6,10,41.93979127,-87.69769038,"['10/13/2023', '07:38:00', 'AM']"
b87af9f18df54a2e73d7b7fb7682392cda9d2a112bdbfda17045719f98dc7c368f828cbe3bc899018a4c2c7d6483875f8ecc8dae6eba5e0af0d51ca0b02d90e1,2023-10-13 00:23:00,Friday,35,NO CONTROLS,CLEAR,"DARKNESS, LIGHTED ROAD",FIXED OBJECT,DRY,INJURY AND / OR TOW DUE TO CRASH,"OVER $1,500",UNABLE TO DETERMINE,1,INCAPACITATING INJURY,2.0,0.0,1.0,0,6,10,41.83811415,-87.70499447,"['10/13/2023', '12:23:00', 'AM']"
c02f80da185f7af13ca266ec6a82e43f8ccaac04e5d6c1a41d4551488e0cf34e1195fb8e6b65bb99aa6d0a9f205d8ae9d9d1aef098b9f7b7d0708e2a4642315a,2023-10-12 18:38:00,Thursday,30,TRAFFIC SIGNAL,CLEAR,"DARKNESS, LIGHTED ROAD",REAR END,DRY,INJURY AND / OR TOW DUE TO CRASH,"OVER $1,500",FOLLOWING TOO CLOSELY,2,INCAPACITATING INJURY,2.0,0.0,2.0,18,5,10,41.74298811,-87.67311158,"['10/12/2023', '06:38:00', 'PM']"
d3e6a92d70b43f13bd48f7efb4b999cd59d747a67cfc5095e8e2f6a074579bcb22a2fb94be8f6acc5a57a33ed6643937e134692fde5c83bf5fc9dc95dc07fd79,2023-10-12 11:17:00,Thursday,30,TRAFFIC SIGNAL,RAIN,DAYLIGHT,PEDESTRIAN,WET,INJURY AND / OR TOW DUE TO CRASH,$500 OR LESS,"VISION OBSCURED (SIGNS, TREE LIMBS, BUILDINGS, ETC.)",2,INCAPACITATING INJURY,1.0,0.0,1.0,11,5,10,41.96798422,-87.76068093,"['10/12/2023', '11:17:00', 'AM']"
522f3a0e48a8c4606c25131f64832d058a5339996886bb577f2196d2a68f940ca1326f7bf9e564dd74b21a86cdd2a527b5eaec2e796bbb9ad75cead44244360a,2023-10-12 10:10:00,Thursday,30,NO CONTROLS,RAIN,DAYLIGHT,OTHER OBJECT,WET,INJURY AND / OR TOW DUE TO CRASH,"OVER $1,500",PHYSICAL CONDITION OF DRIVER,1,INCAPACITATING INJURY,1.0,0.0,1.0,10,5,10,41.83204761,-87.68522164,"['10/12/2023', '10:10:00', 'AM']"
f3a58c657a97845b07f5ec8ef466054f28fa60e0368d50ac6cf066abff34f802fbeacf557df7be8e3bf8099c57575a331558d145a76961d16f5a947d62db0954,2023-10-11 09:10:00,Wednesday,30,STOP SIGN/FLASHER,CLEAR,DAYLIGHT,PEDESTRIAN,DRY,INJURY AND / OR TOW DUE TO CRASH,$500 OR LESS,FAILING TO YIELD RIGHT-OF-WAY,2,INCAPACITATING INJURY,1.0,0.0,1.0,9,4,10,41.8682753,-87.71072482,"['10/11/2023', '09:10:00', 'AM']"
ab4fa2dbb27c8cbd6bdaca2836074aae7e726b41a44483d3fd4da45d6ef7db2a9470b633d7d1de91663f0946e8cb4707a7b8c72ad907ac3b41fb5a5b353b67f8,2023-10-11 06:57:00,Wednesday,30,TRAFFIC SIGNAL,CLEAR,DAYLIGHT,PEDESTRIAN,DRY,INJURY AND / OR TOW DUE TO CRASH,"OVER $1,500","VISION OBSCURED (SIGNS, TREE LIMBS, BUILDINGS, ETC.)",3,INCAPACITATING INJURY,1.0,0.0,1.0,6,4,10,41.84460675,-87.70518908,"['10/11/2023', '06:57:00', 'AM']"
9cda6fa24a4946a58bc22d1e335c13a1928d559c1f8906b84bb0e353e8cddd138434293be73ff3ee892b9ba569c5f293bdad0e887d15f6da6a71d06af7b26c24,2023-10-10 19:20:00,Tuesday,30,NO CONTROLS,UNKNOWN,UNKNOWN,PEDALCYCLIST,UNKNOWN,INJURY AND / OR TOW DUE TO CRASH,"$501 - $1,500",FAILING TO YIELD RIGHT-OF-WAY,2,INCAPACITATING INJURY,1.0,0.0,1.0,19,3,10,41.96166714,-87.64976057,"['10/10/2023', '07:20:00', 'PM']"
d54909c9b2dadaf224d2212a4f14ff08a552a1340431511889e1115a37713b8ea0b0be60681fa3c861308eb25de33c66dbbd0ebe46479b778b17466c60e7d4e6,2023-10-10 18:55:00,Tuesday,30,NO CONTROLS,CLEAR,DAYLIGHT,REAR TO FRONT,DRY,INJURY AND / OR TOW DUE TO CRASH,"OVER $1,500",EQUIPMENT - VEHICLE CONDITION,3,INCAPACITATING INJURY,1.0,0.0,1.0,18,3,10,41.9468464,-87.68777986,"['10/10/2023', '06:55:00', 'PM']"
26ec797a395b801186c58d574695d459b0a091e5ff873b42456759973982854ee0623428dd02c2a543b974e70080763a77ecc800e9f36626f93aba3833c9c0ec,2023-10-10 18:27:00,Tuesday,30,TRAFFIC SIGNAL,CLEAR,DUSK,PEDESTRIAN,DRY,INJURY AND / OR TOW DUE TO CRASH,"OVER $1,500",IMPROPER TURNING/NO SIGNAL,2,INCAPACITATING INJURY,1.0,0.0,1.0,18,3,10,41.89340183,-87.62683169,"['10/10/2023', '06:27:00', 'PM']"
889bfb76388ec4886276124302d13881ac4988c29aa35cc1e98de151e3d6a4085694247ff05d62c71a52b0791299972bb78e567fbc8f176746f70550d8ec6edc,2023-10-10 17:29:00,Tuesday,30,STOP SIGN/FLASHER,CLEAR,DAYLIGHT,ANGLE,DRY,INJURY AND / OR TOW DUE TO CRASH,"OVER $1,500",FAILING TO REDUCE SPEED TO AVOID CRASH,3,INCAPACITATING INJURY,3.0,0.0,1.0,17,3,10,41.78914772,-87.62247236,"['10/10/2023', '05:29:00', 'PM']"
36bbd1019f04d6b022a4610b27e949e623405e7b86079cfcccbd6f3810b62885f88399041f3cb7589bcd13d55134919ffeba532ce837ed13d8917e562cec40a1,2023-10-10 10:37:00,Tuesday,35,NO CONTROLS,CLEAR,DAYLIGHT,TURNING,DRY,INJURY AND / OR TOW DUE TO CRASH,"OVER $1,500",IMPROPER TURNING/NO SIGNAL,2,INCAPACITATING INJURY,1.0,0.0,1.0,10,3,10,41.81218144,-87.70758554,"['10/10/2023', '10:37:00', 'AM']"
2b161386c34789d037cb8edebcdeb59353551d63d944058a75a37c14579e3f152667ec6231c0150175f019f7a8456e0d1286527fad3628c64640e1c79fead951,2023-10-09 10:30:00,Monday,30,TRAFFIC SIGNAL,CLEAR,DAYLIGHT,PEDALCYCLIST,DRY,INJURY AND / OR TOW DUE TO CRASH,"OVER $1,500",UNABLE TO DETERMINE,2,INCAPACITATING INJURY,1.0,0.0,1.0,10,2,10,41.85774877,-87.66628522,"['10/09/2023', '10:30:00', 'AM']"
11667c49d055e57cb2f54c764121f5ed3b49862d8a9a8f1846ffc3723c28f1e47ff5a0883b91c38d5d2d7d2bc1821680fd889b2bd96e15c6fa026e3ba77c7f4d,2023-10-08 23:46:00,Sunday,30,TRAFFIC SIGNAL,CLEAR,"DARKNESS, LIGHTED ROAD",REAR END,DRY,INJURY AND / OR TOW DUE TO CRASH,"OVER $1,500",FAILING TO REDUCE SPEED TO AVOID CRASH,3,INCAPACITATING INJURY,2.0,0.0,2.0,23,1,10,41.86258623,-87.64693222,"['10/08/2023', '11:46:00', 'PM']"
8e4a529705e385c8cf71cb7d2d00c8920af3d25a05ea9cc2916f72db25cecb1f4b588447d5d4abcfbecf27c91ba782cc0a56128c720911e5c89a23c7c09c78dd,2023-10-08 19:58:00,Sunday,30,NO CONTROLS,CLEAR,"DARKNESS, LIGHTED ROAD",PEDESTRIAN,DRY,INJURY AND / OR TOW DUE TO CRASH,"OVER $1,500","VISION OBSCURED (SIGNS, TREE LIMBS, BUILDINGS, ETC.)",2,INCAPACITATING INJURY,1.0,0.0,1.0,19,1,10,41.75224876,-87.66622657,"['10/08/2023', '07:58:00', 'PM']"
c63057c81d97b34dfdcf35a3faa7dd0a794425e301dd90a698e9a046c4cb74301482dab89a5dc1174e8103ca0658a41cef464757a5325733aefa35aa7e94c22d,2023-10-08 17:00:00,Sunday,30,NO CONTROLS,CLEAR,DAYLIGHT,OTHER NONCOLLISION,DRY,INJURY AND / OR TOW DUE TO CRASH,"OVER $1,500",EQUIPMENT - VEHICLE CONDITION,1,INCAPACITATING INJURY,1.0,0.0,1.0,17,1,10,41.92485359,-87.68308102,"['10/08/2023', '05:00:00', 'PM']"
3057583f745cf58d0d9fb188d407874ce9108223091d96432ae6ebfa3195395b345de04e78b541e9ccf85a57085d9a9c8eff436d8a38c9c87109fb30237d0b37,2023-10-08 13:46:00,Sunday,30,YIELD,CLEAR,DAYLIGHT,PEDESTRIAN,UNKNOWN,INJURY AND / OR TOW DUE TO CRASH,"OVER $1,500",FAILING TO YIELD RIGHT-OF-WAY,2,INCAPACITATING INJURY,1.0,0.0,1.0,13,1,10,41.87961696,-87.62449996,"['10/08/2023', '01:46:00', 'PM']"
cd7f406ec023faaf4ffaddb955cde2fa34731a258db25748d4e7d7cb6ce9d8c013c8bb72d64d0ce5eaa23536fd313f3edf7153678c76a8c4fa3ba1390474b44e,2023-10-08 06:35:00,Sunday,30,YIELD,CLEAR,"DARKNESS, LIGHTED ROAD",PEDESTRIAN,DRY,INJURY AND / OR TOW DUE TO CRASH,"OVER $1,500",UNABLE TO DETERMINE,2,FATAL,1.0,1.0,0.0,6,1,10,41.93133484,-87.76995473,"['10/08/2023', '06:35:00', 'AM']"
f0663c6d9bbc13fe0c199a3c899623e071b2fbadba8f17c94e14f48e01dde85bf6e6404c1f49f70c8c3112f71299e6081ea74c1d7eb68a68e8c081912cd99b18,2023-10-08 04:46:00,Sunday,30,TRAFFIC SIGNAL,CLEAR,"DARKNESS, LIGHTED ROAD",PEDESTRIAN,DRY,INJURY AND / OR TOW DUE TO CRASH,"OVER $1,500",DISREGARDING TRAFFIC SIGNALS,2,INCAPACITATING INJURY,1.0,0.0,1.0,4,1,10,41.77814401,-87.76263393,"['10/08/2023', '04:46:00', 'AM']"
71b1dc2d32a52d56cd13c4b807363e8a966548480932e7414a5231fac97e1302dded92f13f62c7c77f4763e81f13bf386cb80735fedfbd18f059e135b9912086,2023-10-08 03:36:00,Sunday,30,TRAFFIC SIGNAL,CLEAR,"DARKNESS, LIGHTED ROAD",ANGLE,DRY,INJURY AND / OR TOW DUE TO CRASH,"OVER $1,500",DISREGARDING TRAFFIC SIGNALS,2,INCAPACITATING INJURY,2.0,0.0,1.0,3,1,10,41.92348975,-87.79517498,"['10/08/2023', '03:36:00', 'AM']"
cc71ab2a309e8aaaa94d4d51822ee023de6a835446a007e5dace0b02dfc8e0b0f205623d575a4273398996a04d5026df2d29cfd214b414da5f1a3e404ad96e7f,2023-10-08 02:30:00,Sunday,30,STOP SIGN/FLASHER,CLEAR,"DARKNESS, LIGHTED ROAD",ANGLE,DRY,INJURY AND / OR TOW DUE TO CRASH,"OVER $1,500",FAILING TO YIELD RIGHT-OF-WAY,2,INCAPACITATING INJURY,1.0,0.0,1.0,2,1,10,41.78869813,-87.65245099,"['10/08/2023', '02:30:00', 'AM']"
2fa0bd8165b2dbc1241e813677801a019c320dc544c70de18adac4c814a2c7390298b135cf4d92b24de17f70f55b792d4b369ab71135513bbcd589fd15fe7c4f,2023-10-07 20:58:00,Saturday,35,NO CONTROLS,CLEAR,"DARKNESS, LIGHTED ROAD",PEDALCYCLIST,DRY,INJURY AND / OR TOW DUE TO CRASH,"OVER $1,500","OPERATING VEHICLE IN ERRATIC, RECKLESS, CARELESS, NEGLIGENT OR AGGRESSIVE MANNER",2,INCAPACITATING INJURY,1.0,0.0,1.0,20,7,10,41.8866038,-87.7436834,"['10/07/2023', '08:58:00', 'PM']"
818ae4daaff168077014cf095adabe98e011a76e08ba21c9a6377192b93d6b7ff495fa0cffac1584f19c3746930f440a6c8883d63180462c6df70f9bcc3c120e,2023-10-07 15:36:00,Saturday,30,STOP SIGN/FLASHER,RAIN,DAYLIGHT,ANGLE,WET,INJURY AND / OR TOW DUE TO CRASH,"OVER $1,500",FAILING TO YIELD RIGHT-OF-WAY,2,INCAPACITATING INJURY,1.0,0.0,1.0,15,7,10,41.71371381,-87.67230515,"['10/07/2023', '03:36:00', 'PM']"
78cdf6c0d65d8fa938a4231f074db805f1cd19cd0d8a897a40d5223aa780c602e0718a70cd3aa09eb7b89202fa114b320aa0a2607ace9fa273c8150d4095f4f5,2023-10-07 15:30:00,Saturday,25,NO CONTROLS,CLEAR,DAYLIGHT,HEAD ON,DRY,INJURY AND / OR TOW DUE TO CRASH,"OVER $1,500",FAILING TO REDUCE SPEED TO AVOID CRASH,2,INCAPACITATING INJURY,7.0,0.0,4.0,15,7,10,41.79638081,-87.62589223,"['10/07/2023', '03:30:00', 'PM']"
4ea4f08cb691caa89257f2dc979cc9d6f0b758a47ffdadff4161e11c2e8d21b2c34c6d900f2a020f710ed84301bedd8a353dca72ef03bb15d6cd382f02aba59d,2023-10-07 13:13:00,Saturday,20,NO CONTROLS,CLEAR,DAYLIGHT,PARKED MOTOR VEHICLE,DRY,INJURY AND / OR TOW DUE TO CRASH,"OVER $1,500",DRIVING SKILLS/KNOWLEDGE/EXPERIENCE,5,INCAPACITATING INJURY,1.0,0.0,1.0,13,7,10,41.87772021,-87.65469,"['10/07/2023', '01:13:00', 'PM']"
16553b547a108916ba4fce11f7539acde84c9ecc841e0c318a7ce70819c81c607361835047311f1bb038c4c4820a3b873bb8bc4f7dc5433da013484e245b44aa,2023-10-07 12:40:00,Saturday,30,TRAFFIC SIGNAL,CLEAR,DAYLIGHT,PEDESTRIAN,DRY,INJURY AND / OR TOW DUE TO CRASH,"OVER $1,500",DRIVING SKILLS/KNOWLEDGE/EXPERIENCE,2,INCAPACITATING INJURY,1.0,0.0,1.0,12,7,10,41.95375843,-87.72755892,"['10/07/2023', '12:40:00', 'PM']"
78db6f704f024f679967af61c3d80a730f0a1d05231475f2aff8b9ffb0837c403bccebb36792b30714ab1c493719a78829eb2895953bd009f1458f9542e0d437,2023-10-07 12:20:00,Saturday,30,TRAFFIC SIGNAL,CLEAR,DAYLIGHT,PEDESTRIAN,DRY,INJURY AND / OR TOW DUE TO CRASH,$500 OR LESS,UNABLE TO DETERMINE,2,INCAPACITATING INJURY,1.0,0.0,1.0,12,7,10,41.75054956,-87.64418837,"['10/07/2023', '12:20:00', 'PM']"
aebf481cf75220dec6ce65aec98caf8360137de560a7faaddf6caa057375114166731f4d6ee0f52ccbf28e5072a84eb40683b669d66466ace806e513ae0d15af,2023-10-07 10:00:00,Saturday,20,NO CONTROLS,CLEAR,DAYLIGHT,ANGLE,DRY,INJURY AND / OR TOW DUE TO CRASH,"OVER $1,500",FAILING TO YIELD RIGHT-OF-WAY,2,INCAPACITATING INJURY,1.0,0.0,1.0,10,7,10,41.73596419,-87.6653544,"['10/07/2023', '10:00:00', 'AM']"
9c99f4deff40ba27965a14f750dd4c8ca7c9c1ff6bb4d8e4fd9de8e9f3a8ae439b9f07099cc97d33dd578fbd68b51d8c617c904a815aa91b52532ca7e5eb8e26,2023-10-06 20:06:00,Friday,30,TRAFFIC SIGNAL,CLEAR,"DARKNESS, LIGHTED ROAD",PEDESTRIAN,DRY,INJURY AND / OR TOW DUE TO CRASH,"OVER $1,500",UNABLE TO DETERMINE,2,FATAL,1.0,1.0,0.0,20,6,10,41.85207592,-87.67525922,"['10/06/2023', '08:06:00', 'PM']"
b454f69bbe5a26f97132cc5bea9be50274943a4888efb78042ab7edf6056c5b9aad9e451052a52166d23396f0a96c62ebbe09ba2ec0d34adddda72e7a13c17f6,2023-10-06 16:00:00,Friday,30,NO CONTROLS,CLEAR,DAYLIGHT,PARKED MOTOR VEHICLE,DRY,INJURY AND / OR TOW DUE TO CRASH,"OVER $1,500",UNABLE TO DETERMINE,2,INCAPACITATING INJURY,2.0,0.0,1.0,16,6,10,41.89613829,-87.75548473,"['10/06/2023', '04:00:00', 'PM']"
9407da78120ec6b6b914d01ddc7b4e66ef7ea6e782a618c071e57129937922b1f3c5d8ca5b68137ad947302bf63e4a6caa2bc966fc94ef1368632cc3794f1532,2023-10-06 15:25:00,Friday,30,STOP SIGN/FLASHER,CLEAR,DAYLIGHT,ANGLE,WET,INJURY AND / OR TOW DUE TO CRASH,"OVER $1,500",FAILING TO YIELD RIGHT-OF-WAY,3,INCAPACITATING INJURY,1.0,0.0,1.0,15,6,10,41.86155942,-87.66637053,"['10/06/2023', '03:25:00', 'PM']"
b8f2c195c358ea08d6d9c44f34ef235e0508313849ab17453082cb40e7b9e4a39836dc4d8521af7d3d00ac511820fb7a7763c411862e3b2035922b1a5940a500,2023-10-06 11:48:00,Friday,40,NO CONTROLS,CLEAR,"DARKNESS, LIGHTED ROAD",HEAD ON,DRY,INJURY AND / OR TOW DUE TO CRASH,"OVER $1,500",UNDER THE INFLUENCE OF ALCOHOL/DRUGS (USE WHEN ARREST IS EFFECTED),2,FATAL,3.0,1.0,0.0,11,6,10,41.84206837,-87.60962808,"['10/06/2023', '11:48:00', 'AM']"
d38dc5dba4846a32a23e6efce393dc6002ad5277729772684153c3a6b0caf9efad2ebb74206a41e70405712fbef3dcbee81c0c17bf834a1996161aeecdeff95c,2023-10-06 08:40:00,Friday,30,TRAFFIC SIGNAL,CLEAR,DAYLIGHT,REAR TO SIDE,DRY,INJURY AND / OR TOW DUE TO CRASH,"OVER $1,500",DISREGARDING TRAFFIC SIGNALS,2,INCAPACITATING INJURY,1.0,0.0,1.0,8,6,10,41.93808244,-87.81300015,"['10/06/2023', '08:40:00', 'AM']"
324bcc6fbd3abf8909cc3ebbf4e3ba15417914df94b961e6f2d9e575e372a4ae46090093c3431ce6e2251dee104ee3a78166d37211c83fd2338e224acaf33d69,2023-10-05 19:50:00,Thursday,30,NO CONTROLS,CLEAR,"DARKNESS, LIGHTED ROAD",REAR END,DRY,INJURY AND / OR TOW DUE TO CRASH,"OVER $1,500",FAILING TO REDUCE SPEED TO AVOID CRASH,2,INCAPACITATING INJURY,2.0,0.0,1.0,19,5,10,41.91725536,-87.70990111,"['10/05/2023', '07:50:00', 'PM']"
1a1799680b4105c3a8393de195d763034d07657c06f300ec5f098379eab6bfc05da20d547c791c876027a858cb69626bbe9d43a9d8d7477455b3ae7d2b38a92c,2023-10-05 18:20:00,Thursday,30,NO CONTROLS,CLEAR,DAYLIGHT,TURNING,UNKNOWN,INJURY AND / OR TOW DUE TO CRASH,"$501 - $1,500",IMPROPER TURNING/NO SIGNAL,2,INCAPACITATING INJURY,1.0,0.0,1.0,18,5,10,41.96582747,-87.66670356,"['10/05/2023', '06:20:00', 'PM']"
25797fa6a6ac93e30fdbddab0e01036efd2c6819cf474129c07ecef4710833aa1fc4bcc5ed0ff05f3b54e4b3bf8207bf63890c8599d4b8b7cbb6ba0f86a18778,2023-10-05 15:06:00,Thursday,30,NO CONTROLS,CLEAR,DAYLIGHT,PEDALCYCLIST,UNKNOWN,INJURY AND / OR TOW DUE TO CRASH,"OVER $1,500",UNABLE TO DETERMINE,2,INCAPACITATING INJURY,1.0,0.0,1.0,15,5,10,42.02266027,-87.67664724,"['10/05/2023', '03:06:00', 'PM']"
5519d214cde37f18220a009e5a3a024aa73aaa2f71c628d0e41ad72e06461cbc2c46091b067744345a72782b4b7d8e1c32fde0e7e43d362e8a23110d5f762a4c,2023-10-05 12:40:00,Thursday,30,STOP SIGN/FLASHER,CLEAR,DAYLIGHT,REAR TO FRONT,DRY,INJURY AND / OR TOW DUE TO CRASH,"$501 - $1,500",IMPROPER BACKING,2,INCAPACITATING INJURY,1.0,0.0,1.0,12,5,10,41.85236647,-87.65639151,"['10/05/2023', '12:40:00', 'PM']"
e6fcff728c9fd11bd268eda2c96e5785383e8b3b6d1439ab1ff5276b0c031e7271cf992df021c4b8ed27122dc17521d14070984e5c2583e963193431c6bd37d3,2023-10-05 06:55:00,Thursday,30,NO CONTROLS,RAIN,DAWN,ANGLE,WET,INJURY AND / OR TOW DUE TO CRASH,"OVER $1,500",FAILING TO YIELD RIGHT-OF-WAY,2,INCAPACITATING INJURY,1.0,0.0,1.0,6,5,10,41.79741762,-87.68371119,"['10/05/2023', '06:55:00', 'AM']"
1e5d22b2c42ea44092016668d7756d8bb4865726e549f8fb6b4382d59ada1528093f8753c0bb313bb067a684c264dc9656537ade8bcf6eb91e71b43b47ab5b0f,2023-10-05 05:11:00,Thursday,30,TRAFFIC SIGNAL,RAIN,"DARKNESS, LIGHTED ROAD",TURNING,WET,INJURY AND / OR TOW DUE TO CRASH,$500 OR LESS,UNABLE TO DETERMINE,3,FATAL,1.0,1.0,0.0,5,5,10,41.78953063,-87.72320717,"['10/05/2023', '05:11:00', 'AM']"
683077f98c219cfdce3f09fdb5da9ed34891223a79f870d95980463823a0f91df6ca8798135037c41a4aff97190707dac5531c3ba1fae212c9629e04ef8d39e4,2023-10-04 19:30:00,Wednesday,25,STOP SIGN/FLASHER,CLEAR,"DARKNESS, LIGHTED ROAD",PEDALCYCLIST,DRY,INJURY AND / OR TOW DUE TO CRASH,$500 OR LESS,UNABLE TO DETERMINE,2,INCAPACITATING INJURY,1.0,0.0,1.0,19,4,10,41.94766102,-87.76169375,"['10/04/2023', '07:30:00', 'PM']"
7b3406b76de901cf5540f4cbfb8390c76b072849414eb742dd74b8e0eb25975db230517dfd826aef8cdc0dbd511b6640685222cff159257918128bb304a50fee,2023-10-04 19:14:00,Wednesday,35,TRAFFIC SIGNAL,CLEAR,DAYLIGHT,ANGLE,DRY,INJURY AND / OR TOW DUE TO CRASH,"OVER $1,500",UNABLE TO DETERMINE,4,INCAPACITATING INJURY,2.0,0.0,1.0,19,4,10,41.82553873,-87.61704486,"['10/04/2023', '07:14:00', 'PM']"
8d23aa905c70fe73678a76ce29694f0e49111728452eaceb2e518b22565be39ba36c064ec814e4d76c0add04b837cbc3ed4a9f8aa6e39f02aa89128d4f5ec40c,2023-10-04 16:10:00,Wednesday,30,NO CONTROLS,CLEAR,DAYLIGHT,PEDALCYCLIST,DRY,INJURY AND / OR TOW DUE TO CRASH,$500 OR LESS,UNABLE TO DETERMINE,2,INCAPACITATING INJURY,1.0,0.0,1.0,16,4,10,41.94550193,-87.66412226,"['10/04/2023', '04:10:00', 'PM']"
b7dc62e93767f1c1f24b1d6a863f8ba300fb7c1e109f4833f1504a21e6c5ddb621ee04ac30a596ff48e19759185f066b3cd7883c282ef77c2b6dbccf1eb4dd9e,2023-10-04 15:21:00,Wednesday,30,NO CONTROLS,CLEAR,DAYLIGHT,PEDALCYCLIST,DRY,INJURY AND / OR TOW DUE TO CRASH,"OVER $1,500",IMPROPER OVERTAKING/PASSING,2,INCAPACITATING INJURY,1.0,0.0,1.0,15,4,10,41.80043077,-87.58725691,"['10/04/2023', '03:21:00', 'PM']"
fcf58dd9a7d7fd859a7d8f7e1a792c62b37f220a0f92cb399218172683c869ef7dc15d51f71cfe06f71646214de3e04aef9b3db2729b1e608c13f1e7865b239b,2023-10-04 14:04:00,Wednesday,30,NO CONTROLS,CLOUDY/OVERCAST,DAYLIGHT,REAR END,DRY,INJURY AND / OR TOW DUE TO CRASH,"$501 - $1,500",FOLLOWING TOO CLOSELY,2,INCAPACITATING INJURY,1.0,0.0,1.0,14,4,10,41.80253209,-87.59178796,"['10/04/2023', '02:04:00', 'PM']"
3a5db2a9970b8f30b5325880e41442dc1cc268005abefc8a469669e076954bfcd9d5095306d6dcfa93dc5a497ee963b41405561547ae8595748c074cbb58dabe,2023-10-04 12:20:00,Wednesday,35,NO CONTROLS,CLEAR,DAYLIGHT,SIDESWIPE SAME DIRECTION,DRY,INJURY AND / OR TOW DUE TO CRASH,"OVER $1,500",UNABLE TO DETERMINE,2,INCAPACITATING INJURY,3.0,0.0,1.0,12,4,10,41.89244079,-87.74557395,"['10/04/2023', '12:20:00', 'PM']"