CRASH_RECORD_ID,CRASH_DATE,Weekday,POSTED_SPEED_LIMIT,TRAFFIC_CONTROL_DEVICE,WEATHER_CONDITION,LIGHTING_CONDITION,FIRST_CRASH_TYPE,ROADWAY_SURFACE_COND,CRASH_TYPE,DAMAGE,PRIM_CONTRIBUTORY_CAUSE,NUM_UNITS,MOST_SEVERE_INJURY,INJURIES_TOTAL,INJURIES_FATAL,INJURIES_INCAPACITATING,CRASH_HOUR,CRASH_DAY_OF_WEEK,CRASH_MONTH,LATITUDE,LONGITUDE,CRASH_TIME
18ce5589dc63b23c7b91a55b91be126ab2ecc9fa115405f7e34417a4de216722b9f84c6d9e9729b2f1c89c256b2b4b335f7f0f5cf2944fa95ff3d59b08a88a59,2023-10-04 08:54:00,Wednesday,30,NO CONTROLS,CLEAR,DAYLIGHT,PARKED MOTOR VEHICLE,DRY,INJURY AND / OR TOW DUE TO CRASH,"OVER $1,500",IMPROPER LANE USAGE,2,INCAPACITATING INJURY,1.0,0.0,1.0,8,4,10,41.72867428,-87.64355805,"['10/04/2023', '08:54:00', 'AM']"
182e08021288201ca89a42c8ef545bc6c47e5a5426d47f7d6a9855747f939afb3e283233c96c783fbd087580b7e2a457e150dd1ffd53fb2eaa7e5a2e31e3bbed,2023-10-04 08:34:00,Wednesday,30,TRAFFIC SIGNAL,CLEAR,DAYLIGHT,PEDESTRIAN,DRY,INJURY AND / OR TOW DUE TO CRASH,$500 OR LESS,NOT APPLICABLE,2,FATAL,1.0,1.0,0.0,8,4,10,41.8743399,-87.73536536,"['10/04/2023', '08:34:00', 'AM']"
ebb9eaf253512f02933899e550e0b74cd22519a60e72385ef31d29fa82510203178280be6e6b885d1e4acbde92697d142b91a68c4916c19f1e7762f513aeaa9b,2023-10-03 20:31:00,Tuesday,30,TRAFFIC SIGNAL,CLEAR,DARKNESS,PEDALCYCLIST,DRY,INJURY AND / OR TOW DUE TO CRASH,"OVER $1,500",UNABLE TO DETERMINE,2,INCAPACITATING INJURY,1.0,0.0,1.0,20,3,10,41.73576865,-87.65834927,"['10/03/2023', '08:31:00', 'PM']"
70ed6a1d097197e6ddf044dd9d944449505696d35906ce393166c5c2caf8730e8ed1f76d12405d65db9bae8c4a5f89e3a70a38d6c89c0c472e21ace162f8c141,2023-10-03 17:11:00,Tuesday,35,NO CONTROLS,CLEAR,DAYLIGHT,PEDESTRIAN,DRY,INJURY AND / OR TOW DUE TO CRASH,$500 OR LESS,FAILING TO YIELD RIGHT-OF-WAY,2,INCAPACITATING INJURY,1.0,0.0,1.0,17,3,10,41.82509733,-87.60380392,"['10/03/2023', '05:11:00', 'PM']"
7f4e6b18e8f0f1d5f61f36ae6eb318d0de2129fc457ca4072e48d1014c1adb4aae0daa5f19e288be699df7b91e50ff61796287ca2b69359657598d63555aec7f,2023-10-03 15:49:00,Tuesday,30,TRAFFIC SIGNAL,CLEAR,DAYLIGHT,PEDESTRIAN,DRY,INJURY AND / OR TOW DUE TO CRASH,"$501 - $1,500",UNABLE TO DETERMINE,2,INCAPACITATING INJURY,1.0,0.0,1.0,15,3,10,41.80841675,-87.67483107,"['10/03/2023', '03:49:00', 'PM']"
ecef6a88765092a79567cbafa789ed795678bacea53091d144007d400d5f12d4fa615bed8e04370940136c5a69f2afb5e31306e18a0a74e3b4c17ba5a79e46b4,2023-10-03 13:50:00,Tuesday,35,YIELD,CLEAR,DAYLIGHT,TURNING,DRY,INJURY AND / OR TOW DUE TO CRASH,"OVER $1,500",FAILING TO YIELD RIGHT-OF-WAY,2,INCAPACITATING INJURY,2.0,0.0,2.0,13,3,10,41.82737019,-87.62331266,"['10/03/2023', '01:50:00', 'PM']"
7e06954bafeeee5752f2e39bf8ac1f06ecd30258ce5a96c5d11a281ba3250bced5a76494a07aabefcf4660ad583201f00f708779dc178e99bf11644634269eef,2023-10-03 08:56:00,Tuesday,15,NO CONTROLS,CLEAR,DAYLIGHT,PEDESTRIAN,DRY,INJURY AND / OR TOW DUE TO CRASH,$500 OR LESS,UNABLE TO DETERMINE,2,FATAL,1.0,1.0,0.0,8,3,10,41.71973554,-87.64331421,"['10/03/2023', '08:56:00', 'AM']"
b29d26fece131b070dbf8095cc685d6f1127a39dc1f64b24c2d4f7f767de78717dbb7c48d21de06b36596a332c78b6f0eb803fc1b0657f4772f68bee2239576c,2023-10-03 08:20:00,Tuesday,25,NO CONTROLS,CLEAR,DAYLIGHT,PARKED MOTOR VEHICLE,DRY,INJURY AND / OR TOW DUE TO CRASH,"OVER $1,500",FAILING TO REDUCE SPEED TO AVOID CRASH,2,INCAPACITATING INJURY,1.0,0.0,1.0,8,3,10,41.76705163,-87.69079115,"['10/03/2023', '08:20:00', 'AM']"
02f162239496a70e96fac3b53336c822aaaab6342b7fc961c729cb9a7d7ff831c5addb1100d5b89d962d4413665c9b0cfc50f7074cfbfeef5617914386b26a90,2023-10-02 16:30:00,Monday,30,NO CONTROLS,CLEAR,DAYLIGHT,OTHER OBJECT,DRY,INJURY AND / OR TOW DUE TO CRASH,"OVER $1,500",UNABLE TO DETERMINE,2,INCAPACITATING INJURY,1.0,0.0,1.0,16,2,10,41.95580861,-87.67865805,"['10/02/2023', '04:30:00', 'PM']"
24b1b71dd0908aa51ced9cf90f6b83eb021f569cd6673acf9af290518cce1c3735612e163f52173669e987a2a6866b3314d933f7ab499466725d2c1e2b5d416a,2023-10-02 15:32:00,Monday,30,NO CONTROLS,CLEAR,DAYLIGHT,TURNING,DRY,INJURY AND / OR TOW DUE TO CRASH,"OVER $1,500",IMPROPER OVERTAKING/PASSING,2,INCAPACITATING INJURY,1.0,0.0,1.0,15,2,10,41.69718491,-87.53654983,"['10/02/2023', '03:32:00', 'PM']"
69bf9a3af5a690fe82992faccf1350f69ba448cbb215c90f108435674c346ed701d19e47a8e1e3c426b2519cf657680757eea96f2feff063ef0b9effc4f2452e,2023-10-02 08:30:00,Monday,35,TRAFFIC SIGNAL,CLEAR,DAYLIGHT,PEDESTRIAN,DRY,INJURY AND / OR TOW DUE TO CRASH,$500 OR LESS,UNABLE TO DETERMINE,2,INCAPACITATING INJURY,1.0,0.0,1.0,8,2,10,41.76602778,-87.57644312,"['10/02/2023', '08:30:00', 'AM']"
fc2e00d5fa2d57539d3daafc5d99b884c8f98f096b1f5a9cbd1f43b9e248ba5fe17831764eaf69f72cc19e0bcf2c26331d1aa5f11ed8356f6e9ad735eb37795c,2023-10-02 07:18:00,Monday,30,NO CONTROLS,CLEAR,DAYLIGHT,FIXED OBJECT,DRY,INJURY AND / OR TOW DUE TO CRASH,"OVER $1,500",UNABLE TO DETERMINE,1,INCAPACITATING INJURY,2.0,0.0,1.0,7,2,10,41.78852386,-87.664587,"['10/02/2023', '07:18:00', 'AM']"
39bae1f3a971e3298c87b8d59dc70ec96ab378493b6c5b0f9db6034f85a98271f6c35fa1446d7d07fdcc9875a5d8383c46a33e444e24067dc94a04b933910e56,2023-10-02 06:59:00,Monday,30,TRAFFIC SIGNAL,CLEAR,DAYLIGHT,TURNING,DRY,INJURY AND / OR TOW DUE TO CRASH,"OVER $1,500",DISREGARDING TRAFFIC SIGNALS,3,INCAPACITATING INJURY,2.0,0.0,1.0,6,2,10,41.8764777,-87.77438183,"['10/02/2023', '06:59:00', 'AM']"
1556272d14cdb4974ca0111792a6239a1de15573ca74bd332cd3a7c81fefe53cfe53705e7349f7e04024fe86f28054e6f6989c92599a7a821ee540ee49bfef24,2023-10-01 19:05:00,Sunday,30,TRAFFIC SIGNAL,CLEAR,DAYLIGHT,PEDESTRIAN,DRY,INJURY AND / OR TOW DUE TO CRASH,"OVER $1,500",FAILING TO YIELD RIGHT-OF-WAY,2,INCAPACITATING INJURY,1.0,0.0,1.0,19,1,10,41.98634263,-87.83710395,"['10/01/2023', '07:05:00', 'PM']"
8773534467599f6f5a759ba2d90017c29931bbb5f666a4ef43a064e2d4ab5af2fec725341a014299094ad77658e74e37d5ddeb58803d5aae4174a7833450dc7f,2023-10-01 17:56:00,Sunday,30,NO CONTROLS,CLEAR,DAYLIGHT,SIDESWIPE SAME DIRECTION,DRY,INJURY AND / OR TOW DUE TO CRASH,"OVER $1,500",IMPROPER OVERTAKING/PASSING,2,INCAPACITATING INJURY,1.0,0.0,1.0,17,1,10,41.88652043,-87.62967034,"['10/01/2023', '05:56:00', 'PM']"
2c30480cb14058b2e85732a4e1c4853f5dc69b73943648d32de21c4ff7fcda4aa395aaa7afd06f4da48a8f3c267bea190f896b49aef2196e2a0e95deeb25f9d7,2023-10-01 07:26:00,Sunday,30,TRAFFIC SIGNAL,CLEAR,DAYLIGHT,FIXED OBJECT,DRY,INJURY AND / OR TOW DUE TO CRASH,"OVER $1,500",PHYSICAL CONDITION OF DRIVER,1,INCAPACITATING INJURY,2.0,0.0,1.0,7,1,10,41.66042281,-87.58639179,"['10/01/2023', '07:26:00', 'AM']"
388893d7f1a7b102916873d93aab969b2db7bfdf07b39a8b64c269641da6921840bac6fabb588eaf6e3e5b9ec825a7750cb64fb0f66a5b3a6fe4ffb17bbc4353,2023-10-01 03:48:00,Sunday,35,TRAFFIC SIGNAL,CLEAR,"DARKNESS, LIGHTED ROAD",FIXED OBJECT,DRY,INJURY AND / OR TOW DUE TO CRASH,"OVER $1,500",UNABLE TO DETERMINE,1,FATAL,2.0,1.0,1.0,3,1,10,41.90915135,-87.77499344,"['10/01/2023', '03:48:00', 'AM']"
70f83e196964c5da594edaf33d1f4909e45d82d058d0c08746207507498c02157346d83888f4bd54ae384102483a1d384bead0355465b8a586abde3b0045d8cf,2023-10-01 02:20:00,Sunday,30,TRAFFIC SIGNAL,CLEAR,"DARKNESS, LIGHTED ROAD",PEDESTRIAN,DRY,INJURY AND / OR TOW DUE TO CRASH,"OVER $1,500",DISREGARDING TRAFFIC SIGNALS,2,FATAL,1.0,1.0,0.0,2,1,10,41.92437507,-87.72670493,"['10/01/2023', '02:20:00', 'AM']"
a2c0117627973b38bcf7211fd6d02aedce780a27d2a2fb6fa00324835cc176dd6bdfb0c6340efcc4d163f1cb9b0f0a3292a749f37df45f7bef86f377176f5173,2023-10-01 02:12:00,Sunday,20,NO CONTROLS,CLEAR,DUSK,PEDESTRIAN,DRY,INJURY AND / OR TOW DUE TO CRASH,"OVER $1,500",FAILING TO REDUCE SPEED TO AVOID CRASH,3,INCAPACITATING INJURY,1.0,0.0,1.0,2,1,10,41.94987958,-87.65884298,"['10/01/2023', '02:12:00', 'AM']"
12ab0331abd7af5f19bc7efbad3a13d62152dfd40838323c36a4f0e5360b82c900fec962e2116ffa218b24744985c44f2e7b22632e5e2c5456daafc35359ac69,2023-10-01 01:54:00,Sunday,5,NO CONTROLS,CLEAR,"DARKNESS, LIGHTED ROAD",PEDESTRIAN,DRY,INJURY AND / OR TOW DUE TO CRASH,"OVER $1,500","OPERATING VEHICLE IN ERRATIC, RECKLESS, CARELESS, NEGLIGENT OR AGGRESSIVE MANNER",2,INCAPACITATING INJURY,1.0,0.0,1.0,1,1,10,41.80246886,-87.74286544,"['10/01/2023', '01:54:00', 'AM']"
955b2dea6d85d5b96640a840a00286deda089a5abf491ed8c6d49c33ad2622f6d59c12450929640523443a7c593aca0d2d7ddaa07b1856588c15a3209327f1de,2023-09-30 18:36:00,Saturday,30,TRAFFIC SIGNAL,CLEAR,DAYLIGHT,PEDESTRIAN,DRY,INJURY AND / OR TOW DUE TO CRASH,"OVER $1,500",FAILING TO YIELD RIGHT-OF-WAY,2,INCAPACITATING INJURY,1.0,0.0,1.0,18,7,9,41.88791004,-87.62080356,"['09/30/2023', '06:36:00', 'PM']"
17fd39872abae4e5620a7a799c4e99c917ea6cbcae277928cb2ea3d99b33a39882edaab9edf3a5093b5285b4e9d99ef73a1a060208209c77fa3d0b1e946abf32,2023-09-30 13:58:00,Saturday,30,STOP SIGN/FLASHER,CLEAR,DAYLIGHT,PEDESTRIAN,DRY,INJURY AND / OR TOW DUE TO CRASH,$500 OR LESS,UNABLE TO DETERMINE,2,INCAPACITATING INJURY,1.0,0.0,1.0,13,7,9,41.80580908,-87.60435762,"['09/30/2023', '01:58:00', 'PM']"
da4f9e0f927deac7e1a57e83eec1629ff4b9615675ca8233b1dd34eb64f84f44f0c70d3b95521d2780d2e1fc10f068c4f4515bdcafb7a13b7579030bc7fac4af,2023-09-30 12:24:00,Saturday,30,NO CONTROLS,CLEAR,DAYLIGHT,PEDALCYCLIST,DRY,INJURY AND / OR TOW DUE TO CRASH,$500 OR LESS,DISTRACTION - FROM INSIDE VEHICLE,3,INCAPACITATING INJURY,1.0,0.0,1.0,12,7,9,41.97581811,-87.71200236,"['09/30/2023', '12:24:00', 'PM']"
58379cb8e6b0509a1b2fd66f54c747a1f997d45ba48d23fd011bf2d0571eb276de8be11405998d8c9104012bfa9a37ae496d3dc1ed77984bd8708b73f715e600,2023-09-30 06:30:00,Saturday,30,STOP SIGN/FLASHER,CLEAR,DAYLIGHT,TURNING,DRY,INJURY AND / OR TOW DUE TO CRASH,"OVER $1,500",IMPROPER TURNING/NO SIGNAL,2,INCAPACITATING INJURY,2.0,0.0,1.0,6,7,9,41.81394934,-87.70424588,"['09/30/2023', '06:30:00', 'AM']"
c9f409da69fd8d409be226b73cef243c63fa019d1c583ce2230f1d36ab0a0ef7dad637bd84d8faf951e8bc64b96a9bc80e07651bd701762e152067e5241b2e71,2023-09-29 19:00:00,Friday,30,NO CONTROLS,CLEAR,"DARKNESS, LIGHTED ROAD",PEDALCYCLIST,DRY,INJURY AND / OR TOW DUE TO CRASH,"OVER $1,500",FAILING TO YIELD RIGHT-OF-WAY,3,INCAPACITATING INJURY,1.0,0.0,1.0,19,6,9,41.94237961,-87.66858968,"['09/29/2023', '07:00:00', 'PM']"
3e483a03dd1ad4449b6efe5f88db1e4b7517cb2c6d9c4d17224b861dc5dfcc897d26f2cff820b29f7dfd45128dca116d61324ba7e32c3066fbab9aa98482c4b4,2023-09-29 17:30:00,Friday,30,TRAFFIC SIGNAL,CLEAR,DAYLIGHT,REAR END,UNKNOWN,INJURY AND / OR TOW DUE TO CRASH,$500 OR LESS,FOLLOWING TOO CLOSELY,2,INCAPACITATING INJURY,1.0,0.0,1.0,17,6,9,41.93285982,-87.64473246,"['09/29/2023', '05:30:00', 'PM']"
c74c076d50f249e6639eb717993bb5c651a705d8bba3d399ea69d46d41f3b9000d4622013551a007e3493a0dfb6b4d525644c0a218273ea9bc4e372ae21f1912,2023-09-29 17:16:00,Friday,30,TRAFFIC SIGNAL,CLEAR,DAYLIGHT,ANGLE,DRY,INJURY AND / OR TOW DUE TO CRASH,"OVER $1,500",UNABLE TO DETERMINE,3,INCAPACITATING INJURY,1.0,0.0,1.0,17,6,9,41.79638372,-87.58720082,"['09/29/2023', '05:16:00', 'PM']"
a6644b992c7d17636bf43d9f086844242292ac7803daedad035530b5f669aae08d5b837e0ac4396572618b6b0125eea80d2a36bb92a16c2e26b118182b1851a2,2023-09-29 16:38:00,Friday,25,NO CONTROLS,CLEAR,DAYLIGHT,PEDESTRIAN,DRY,INJURY AND / OR TOW DUE TO CRASH,$500 OR LESS,FAILING TO REDUCE SPEED TO AVOID CRASH,2,INCAPACITATING INJURY,1.0,0.0,1.0,16,6,9,41.75041216,-87.70469616,"['09/29/2023', '04:38:00', 'PM']"
1bc46e116b5af5e35c62ce37e553ad426c2638e952c1fde77a9d53745b6895991d22668face3627a433c77a5012dfaa5b5ee29313cae7a56943686dc675fb95c,2023-09-29 15:07:00,Friday,30,NO CONTROLS,CLEAR,DAYLIGHT,PEDALCYCLIST,DRY,INJURY AND / OR TOW DUE TO CRASH,"OVER $1,500",FAILING TO YIELD RIGHT-OF-WAY,2,INCAPACITATING INJURY,1.0,0.0,1.0,15,6,9,41.70282753,-87.53205183,"['09/29/2023', '03:07:00', 'PM']"
926ad1d8df8f4bc3b573729d15eb25a8fd6dc387b08c28968d7526239831124176728140b0b028f989c57f145079c92c5e204746f59309715497d417573e90a8,2023-09-29 08:30:00,Friday,35,STOP SIGN/FLASHER,CLEAR,DAYLIGHT,PEDALCYCLIST,DRY,INJURY AND / OR TOW DUE TO CRASH,"OVER $1,500",UNABLE TO DETERMINE,2,INCAPACITATING INJURY,1.0,0.0,1.0,8,6,9,41.89371351,-87.65640532,"['09/29/2023', '08:30:00', 'AM']"
5cf3bc3951cac7e5f85fdc70b6d3268a569e073d98828c2386932d2bc73f8cde9d46412ef9e60aada1ecf39acc3460637b811e7d6323b608c38ff50cb3648315,2023-09-29 07:58:00,Friday,30,NO CONTROLS,CLEAR,DAYLIGHT,PEDESTRIAN,DRY,INJURY AND / OR TOW DUE TO CRASH,"OVER $1,500",WEATHER,2,INCAPACITATING INJURY,1.0,0.0,1.0,7,6,9,41.96817204,-87.72432156,"['09/29/2023', '07:58:00', 'AM']"
bb43d460f1e5ac01f79c32a682656c7fdce089e1ebb9f19130b6ebaa996fbed3e841bf55eabfeb66a9dd957593a7fbea672911c85cf5cfc421665fc09722b2e0,2023-09-29 06:25:00,Friday,30,NO CONTROLS,FOG/SMOKE/HAZE,DAWN,ANGLE,DRY,INJURY AND / OR TOW DUE TO CRASH,"OVER $1,500",UNABLE TO DETERMINE,2,INCAPACITATING INJURY,2.0,0.0,1.0,6,6,9,41.77854113,-87.73021959,"['09/29/2023', '06:25:00', 'AM']"
cdd03a99f9debdbe8cf258911bff0252613a9aa6dfbc5cb0f90cb97ea3019c033811ca5e1f1614e88d85599ef4af3cd0d6e85eac737b742cc5182349e67d1dad,2023-09-28 16:57:00,Thursday,30,NO CONTROLS,CLEAR,DAYLIGHT,FIXED OBJECT,DRY,INJURY AND / OR TOW DUE TO CRASH,"OVER $1,500",NOT APPLICABLE,1,INCAPACITATING INJURY,1.0,0.0,1.0,16,5,9,41.68459797,-87.68474669,"['09/28/2023', '04:57:00', 'PM']"
1b16470081ac3ae616e22eb92cc2fa5c1e6d9b05f485dbb91cb76161ad68c9aee1597cec248d02b3fd897345c51e3e411e4f0043c07c29bf096b4732ccbfabf2,2023-09-28 12:04:00,Thursday,30,NO CONTROLS,CLEAR,DAYLIGHT,PEDESTRIAN,DRY,INJURY AND / OR TOW DUE TO CRASH,$500 OR LESS,UNABLE TO DETERMINE,2,INCAPACITATING INJURY,1.0,0.0,1.0,12,5,9,41.76254756,-87.58351742,"['09/28/2023', '12:04:00', 'PM']"
d55a99bdf16de7824d08becefeaae58ad7b650a9e2e8b9277a4ef75a090c81334628ea06065744d2a092279132c26e8f742816e28c2cf7dd3d37467f636226d2,2023-09-28 08:34:00,Thursday,35,NO CONTROLS,CLEAR,DAYLIGHT,TURNING,DRY,INJURY AND / OR TOW DUE TO CRASH,"$501 - $1,500",UNABLE TO DETERMINE,2,INCAPACITATING INJURY,1.0,0.0,1.0,8,5,9,42.01199858,-87.70770275,"['09/28/2023', '08:34:00', 'AM']"
4f354ebe20975f314562b38cbc141c29250087d97ba680c28259644740aed12e4e3180fdb196582d7e3748c100ebd2cf60faec703b9c4bcf28e30cde4dbff212,2023-09-28 06:45:00,Thursday,30,TRAFFIC SIGNAL,OTHER,UNKNOWN,REAR END,WET,INJURY AND / OR TOW DUE TO CRASH,"OVER $1,500",FOLLOWING TOO CLOSELY,2,INCAPACITATING INJURY,2.0,0.0,2.0,6,5,9,41.88193707,-87.62774681,"['09/28/2023', '06:45:00', 'AM']"
d9eaaf7b8fbd0936c1d2c17896a8762ba610c1ea0902e74880ddd05c2760a6bd609aa1ed786d921a9322d25c5505f98599dfad9bfcfd1ccb9fa1083915f391c1,2023-09-27 20:00:00,Wednesday,30,TRAFFIC SIGNAL,CLEAR,"DARKNESS, LIGHTED ROAD",PARKED MOTOR VEHICLE,UNKNOWN,INJURY AND / OR TOW DUE TO CRASH,"OVER $1,500",FAILING TO REDUCE SPEED TO AVOID CRASH,2,INCAPACITATING INJURY,1.0,0.0,1.0,20,4,9,41.99792923,-87.68461661,"['09/27/2023', '08:00:00', 'PM']"
19eb18f453635379aabdae0ed91b1b474593884af216ad76d41f15207f77099ced15d21306d795913140589f79a2179d5f3e0208b594297459e7445b9283b8fd,2023-09-27 19:05:00,Wednesday,30,NO CONTROLS,CLEAR,"DARKNESS, LIGHTED ROAD",FIXED OBJECT,DRY,INJURY AND / OR TOW DUE TO CRASH,"OVER $1,500",UNABLE TO DETERMINE,1,INCAPACITATING INJURY,1.0,0.0,1.0,19,4,9,41.99373481,-87.71258418,"['09/27/2023', '07:05:00', 'PM']"
2bb4577d86616f5de86c7d7c9081c1e0e584d720b9e59a2dcb04ec7930f36f32207836d83fa40b1084d77fa823de65dcef8e36007263003b727aec5731a99845,2023-09-27 08:40:00,Wednesday,30,STOP SIGN/FLASHER,RAIN,DAYLIGHT,ANGLE,WET,INJURY AND / OR TOW DUE TO CRASH,"OVER $1,500",UNABLE TO DETERMINE,2,INCAPACITATING INJURY,2.0,0.0,1.0,8,4,9,41.889673,-87.67701892,"['09/27/2023', '08:40:00', 'AM']"
b1bced0d051cac3ea248ac5862ca15d1a0902bd01eac4f1336ac84ee7bbbbe0547ac1b89e5def7f988ce8e9fcc67d366542c7ad9e085cb25195a6c06b3bc02ec,2023-09-26 18:23:00,Tuesday,30,TRAFFIC SIGNAL,CLEAR,"DARKNESS, LIGHTED ROAD",SIDESWIPE SAME DIRECTION,DRY,INJURY AND / OR TOW DUE TO CRASH,"OVER $1,500",IMPROPER LANE USAGE,2,INCAPACITATING INJURY,1.0,0.0,1.0,18,3,9,41.88437214,-87.64258525,"['09/26/2023', '06:23:00', 'PM']"
7335fa6d150b2aa8c72328ca69d25ef249b200f889a604bb1c4b3412e59200de26425a79ba980406c9333d571b6d73dc733d8cfec4685905f4f5d9be8e3f8214,2023-09-26 16:59:00,Tuesday,30,STOP SIGN/FLASHER,CLEAR,DAYLIGHT,PEDALCYCLIST,DRY,INJURY AND / OR TOW DUE TO CRASH,"OVER $1,500",FAILING TO REDUCE SPEED TO AVOID CRASH,4,INCAPACITATING INJURY,3.0,0.0,1.0,16,3,9,41.98013486,-87.65663236,"['09/26/2023', '04:59:00', 'PM']"
a20122845a257336c8cd4bdd27e5dae948358bb1ee36296734d6cddd1fce1f5e23fe5e501c6f964eee77b16ed25b6985eed872c7795816a9207fc495b7364378,2023-09-26 13:45:00,Tuesday,30,NO CONTROLS,CLEAR,DAYLIGHT,PEDALCYCLIST,DRY,INJURY AND / OR TOW DUE TO CRASH,$500 OR LESS,FAILING TO YIELD RIGHT-OF-WAY,2,INCAPACITATING INJURY,1.0,0.0,1.0,13,3,9,41.8912019,-87.64785263,"['09/26/2023', '01:45:00', 'PM']"
8749d41833766665812ddfe897d687652f5e28ad7dabd2cc7ab0e87662e0735a5b872d976531d14d76caae66b89d6c1f849fe4de165df317b9d8991bcbb4bfdc,2023-09-26 07:14:00,Tuesday,30,TRAFFIC SIGNAL,RAIN,DAYLIGHT,ANGLE,WET,INJURY AND / OR TOW DUE TO CRASH,"$501 - $1,500",IMPROPER LANE USAGE,2,INCAPACITATING INJURY,2.0,0.0,1.0,7,3,9,41.8930478,-87.63647651,"['09/26/2023', '07:14:00', 'AM']"
0361dedcbe63edae56485029fcba1f424b51d8cab971032862fb985c4f155bbde838b1986eb03ad840a77072fe9c618c6f95f45a3882b4e311655272afb49f5a,2023-09-25 17:08:00,Monday,30,TRAFFIC SIGNAL,CLEAR,DAYLIGHT,ANGLE,DRY,INJURY AND / OR TOW DUE TO CRASH,"OVER $1,500",FAILING TO YIELD RIGHT-OF-WAY,2,INCAPACITATING INJURY,2.0,0.0,1.0,17,2,9,41.82325676,-87.66570861,"['09/25/2023', '05:08:00', 'PM']"
95be1c50b1b3625239e75bbefa7635c4b25dd4a7e4feadcf36e02e0a4d3e489660ffe26e56d67e55dd8ded3651b3e5c58fbfb51fbf7aafcca7e74d5f21f3dd6b,2023-09-25 15:16:00,Monday,30,STOP SIGN/FLASHER,CLEAR,DAYLIGHT,TURNING,DRY,INJURY AND / OR TOW DUE TO CRASH,"OVER $1,500",FAILING TO YIELD RIGHT-OF-WAY,2,INCAPACITATING INJURY,1.0,0.0,1.0,15,2,9,41.82738642,-87.69459472,"['09/25/2023', '03:16:00', 'PM']"
229209d8bf5956c3f1b6606cdc9f3bec2c49e8aebbfac95e8dd8b6705ba6e25a6b87fc568de4c90dec4a9a107934b845da4bc2c9a3e929e5cad3e579fc7f587c,2023-09-25 14:11:00,Monday,25,NO CONTROLS,CLEAR,DAYLIGHT,PEDALCYCLIST,DRY,INJURY AND / OR TOW DUE TO CRASH,$500 OR LESS,DISTRACTION - FROM INSIDE VEHICLE,2,INCAPACITATING INJURY,1.0,0.0,1.0,14,2,9,41.94339597,-87.67134457,"['09/25/2023', '02:11:00', 'PM']"
65fa2031975cecb256c04e4ebdce627d3f0d76a2e817385362a38b860dd365ad9b3a17023676ac548ba9fcd688e80082ce1b3689b26a966afb4a022d550f36ef,2023-09-25 13:30:00,Monday,30,NO CONTROLS,RAIN,DAYLIGHT,PEDALCYCLIST,WET,INJURY AND / OR TOW DUE TO CRASH,"OVER $1,500",FAILING TO YIELD RIGHT-OF-WAY,2,INCAPACITATING INJURY,1.0,0.0,1.0,13,2,9,41.92070429,-87.66292326,"['09/25/2023', '01:30:00', 'PM']"
18b2856cd4d4924327cf5420ef70d0cc2dd2d1d4658beafd69ca1e8564d06218f920b4bdd7b172793f2906fad61ab33b021cb9fce693dcf24c029cb51e06e641,2023-09-25 11:35:00,Monday,30,TRAFFIC SIGNAL,CLEAR,DAYLIGHT,TURNING,DRY,INJURY AND / OR TOW DUE TO CRASH,"OVER $1,500",UNABLE TO DETERMINE,4,INCAPACITATING INJURY,1.0,0.0,1.0,11,2,9,41.73544437,-87.68236494,"['09/25/2023', '11:35:00', 'AM']"
12ba85ea3c40560204d0c9e3dca43d49bf83dd81e6fb213638c07d8bcbf39a57d4c1e0a4c39e1b3da237c6a2e48e280cbcae11027231335a737a701614c4784d,2023-09-25 10:20:00,Monday,30,NO CONTROLS,CLEAR,DAYLIGHT,PARKED MOTOR VEHICLE,DRY,INJURY AND / OR TOW DUE TO CRASH,"OVER $1,500",PHYSICAL CONDITION OF DRIVER,2,INCAPACITATING INJURY,1.0,0.0,1.0,10,2,9,41.82730519,-87.62182515,"['09/25/2023', '10:20:00', 'AM']"
bd25d9a6a2597ff60f7bfd142ec56cd528365b3e6a9f126378603c2f0bccd6c70c32b01465e89fac340e0c23031aff09d1abc9641a02874ebd7e9cccc68472fd,2023-09-25 07:20:00,Monday,30,STOP SIGN/FLASHER,RAIN,DAYLIGHT,PEDESTRIAN,WET,INJURY AND / OR TOW DUE TO CRASH,"OVER $1,500",DISREGARDING TRAFFIC SIGNALS,2,INCAPACITATING INJURY,1.0,0.0,1.0,7,2,9,41.76472702,-87.68820147,"['09/25/2023', '07:20:00', 'AM']"
0ad84f9bf65506d1a071a2f98dad223b9dc34599d174dbf6c3dbb8532154bf354b147efb82e0af324e6958e68d4f6b1f24f7735db0f486a09015a266ccd2606b,2023-09-25 01:47:00,Monday,30,TRAFFIC SIGNAL,CLEAR,"DARKNESS, LIGHTED ROAD",ANGLE,DRY,INJURY AND / OR TOW DUE TO CRASH,"OVER $1,500",DISREGARDING TRAFFIC SIGNALS,2,INCAPACITATING INJURY,2.0,0.0,1.0,1,2,9,42.01935037,-87.67613937,"['09/25/2023', '01:47:00', 'AM']"
53a459de93f95f2a41a87aa82cb75e5beb1a4ad0d1e2aea2c5613ee6e81f0199bc31d812465b530dda8e951baa8bea40b913bd8f0f9a7b828a5a1a5cd8d8a6fb,2023-09-24 22:30:00,Sunday,25,TRAFFIC SIGNAL,CLEAR,DARKNESS,PARKED MOTOR VEHICLE,DRY,INJURY AND / OR TOW DUE TO CRASH,"OVER $1,500",UNDER THE INFLUENCE OF ALCOHOL/DRUGS (USE WHEN ARREST IS EFFECTED),2,INCAPACITATING INJURY,1.0,0.0,1.0,22,1,9,41.72532676,-87.68205465,"['09/24/2023', '10:30:00', 'PM']"