CRASH_RECORD_ID,CRASH_DATE,Weekday,POSTED_SPEED_LIMIT,TRAFFIC_CONTROL_DEVICE,WEATHER_CONDITION,LIGHTING_CONDITION,FIRST_CRASH_TYPE,ROADWAY_SURFACE_COND,CRASH_TYPE,DAMAGE,PRIM_CONTRIBUTORY_CAUSE,NUM_UNITS,MOST_SEVERE_INJURY,INJURIES_TOTAL,INJURIES_FATAL,INJURIES_INCAPACITATING,CRASH_HOUR,CRASH_DAY_OF_WEEK,CRASH_MONTH,LATITUDE,LONGITUDE,CRASH_TIME
338d5e4cc93c633e593059974db0a6524d81a9fc2eeead7c86bfc612863bbb65d63fdd7800e7f953c163440faa98e69be0722df56af0891fa48d5ae3dd79fd9e,2023-09-24 22:20:00,Sunday,30,FLASHING CONTROL SIGNAL,CLEAR,"DARKNESS, LIGHTED ROAD",PEDESTRIAN,DRY,INJURY AND / OR TOW DUE TO CRASH,"$501 - $1,500",UNABLE TO DETERMINE,2,INCAPACITATING INJURY,1.0,0.0,1.0,22,1,9,41.79123326,-87.60629821,"['09/24/2023', '10:20:00', 'PM']"
05f26a0cfc414f4ee53c5937629f5b07c6ad552bb5869d76a95e7123590305756e3a7266a855f17a368e643ae3da23dfd42192ccce50fe52764d4d593f7ff73a,2023-09-24 21:41:00,Sunday,30,TRAFFIC SIGNAL,CLEAR,"DARKNESS, LIGHTED ROAD",REAR END,DRY,INJURY AND / OR TOW DUE TO CRASH,"OVER $1,500",FOLLOWING TOO CLOSELY,2,INCAPACITATING INJURY,1.0,0.0,1.0,21,1,9,41.89507884,-87.61584666,"['09/24/2023', '09:41:00', 'PM']"
54c2c176df7b83c3e58437be9634e62b5c67c3060db02735900445690bb9167c40ce9c34eae03891368560564012f3b0c3a78b75696f6bc14932ac3b862d3457,2023-09-24 09:00:00,Sunday,30,NO CONTROLS,CLEAR,DAYLIGHT,SIDESWIPE SAME DIRECTION,DRY,INJURY AND / OR TOW DUE TO CRASH,"$501 - $1,500",IMPROPER LANE USAGE,2,INCAPACITATING INJURY,1.0,0.0,1.0,9,1,9,41.83098386,-87.6182597,"['09/24/2023', '09:00:00', 'AM']"
49dd2e1278d9038fe0b9a86db01df19129af8c578cffec989d6c4c82e1cc5b4ccfed25cf2867db314665f03526c16ec02835c1bb02d0a8ae081238083cdd6244,2023-09-24 03:25:00,Sunday,35,NO CONTROLS,CLEAR,DARKNESS,PEDESTRIAN,DRY,INJURY AND / OR TOW DUE TO CRASH,"OVER $1,500","OPERATING VEHICLE IN ERRATIC, RECKLESS, CARELESS, NEGLIGENT OR AGGRESSIVE MANNER",2,INCAPACITATING INJURY,1.0,0.0,1.0,3,1,9,41.80203995,-87.74294009,"['09/24/2023', '03:25:00', 'AM']"
0bbc61e9ceb775f887277900ef42443e19db429a8cf2b769eee0184d0710978f40343e002eb7eb3c0e9638e897aa3eea24bca441aa7c6bfc564f9f90d7a4f15b,2023-09-24 02:15:00,Sunday,30,TRAFFIC SIGNAL,CLEAR,"DARKNESS, LIGHTED ROAD",PEDALCYCLIST,DRY,INJURY AND / OR TOW DUE TO CRASH,$500 OR LESS,IMPROPER TURNING/NO SIGNAL,2,INCAPACITATING INJURY,1.0,0.0,1.0,2,1,9,41.92495702,-87.67459152,"['09/24/2023', '02:15:00', 'AM']"
3bfe7e3b489cc701a52c21744f8e4109cdf4ae4df7f8d1d968c3ab7ac6d76cdf2d1fe8592f534ac6ea1f39131cfcf5c43870a8038c8004def8e4f64ab45f199c,2023-09-24 02:08:00,Sunday,30,TRAFFIC SIGNAL,CLEAR,"DARKNESS, LIGHTED ROAD",PEDESTRIAN,DRY,INJURY AND / OR TOW DUE TO CRASH,"OVER $1,500",UNABLE TO DETERMINE,2,INCAPACITATING INJURY,1.0,0.0,1.0,2,1,9,41.7573942,-87.60550888,"['09/24/2023', '02:08:00', 'AM']"
302c9bdd572f70fd269f2a67f1911157bb9c5233dfd98a410c21c240ae8d5790e4fbcecd4007bc4c724c19cbfc459e476dc61cdb0c7fa873842d47e4a605f88e,2023-09-23 22:58:00,Saturday,30,TRAFFIC SIGNAL,CLEAR,"DARKNESS, LIGHTED ROAD",PEDALCYCLIST,DRY,INJURY AND / OR TOW DUE TO CRASH,"OVER $1,500",DRIVING ON WRONG SIDE/WRONG WAY,2,INCAPACITATING INJURY,1.0,0.0,1.0,22,7,9,41.91060161,-87.67712004,"['09/23/2023', '10:58:00', 'PM']"
c4f27aef74d18ae61aae24b22dba94f0cdf405aa91279ccae2fda423a9f70bc8c1fce1efd65cd93b0e60d50c95ba0824169cdb5b697ef1c9fc57d7be88d3339f,2023-09-23 21:51:00,Saturday,30,TRAFFIC SIGNAL,CLEAR,"DARKNESS, LIGHTED ROAD",TURNING,DRY,INJURY AND / OR TOW DUE TO CRASH,"OVER $1,500",IMPROPER TURNING/NO SIGNAL,2,INCAPACITATING INJURY,1.0,0.0,1.0,21,7,9,41.88273619,-87.70137556,"['09/23/2023', '09:51:00', 'PM']"
d34e27e1ad42177632ead60fa0f3e6f2a3c3aca1da43a000074ffb2ceadc873be58d3f43758b8f04a02ff6da19ccf9977b8c25fc8c4f64625fbe37333f57b5f6,2023-09-23 13:17:00,Saturday,40,NO CONTROLS,CLEAR,DAYLIGHT,TURNING,DRY,INJURY AND / OR TOW DUE TO CRASH,"OVER $1,500",FAILING TO YIELD RIGHT-OF-WAY,3,INCAPACITATING INJURY,1.0,0.0,1.0,13,7,9,41.99168792,-87.88338231,"['09/23/2023', '01:17:00', 'PM']"
829b782fdcac6e9e6897c1d85fa9d6020e17993eee378d90a20c623211b1e44c3893f812d4260e83dfb179bc14ba768e23c1cf7f69445a692b41ecf392b18f95,2023-09-23 08:00:00,Saturday,15,NO CONTROLS,CLEAR,DAYLIGHT,REAR END,DRY,INJURY AND / OR TOW DUE TO CRASH,"$501 - $1,500",UNABLE TO DETERMINE,2,INCAPACITATING INJURY,1.0,0.0,1.0,8,7,9,41.69631368,-87.59663224,"['09/23/2023', '08:00:00', 'AM']"
52e823506b29570017a8e9f682e326073f3af574904e21645d5cd5493aab12147be459a73a01f257ca99917c6f5f5af3593e4f4272210251167b51c7c301b861,2023-09-22 23:35:00,Friday,30,NO CONTROLS,CLEAR,DARKNESS,PEDESTRIAN,DRY,INJURY AND / OR TOW DUE TO CRASH,"$501 - $1,500",IMPROPER TURNING/NO SIGNAL,3,INCAPACITATING INJURY,2.0,0.0,2.0,23,6,9,41.86461874,-87.71551764,"['09/22/2023', '11:35:00', 'PM']"
9cc6599e7e1a886a27274c848399a532f0466184b8e0f330ca9f9328a3bc918f5b39cd3e634eddf8e17d7ac437d0e2bcd11f261accb70ec0e28aae14699a1c06,2023-09-22 23:30:00,Friday,30,NO CONTROLS,CLEAR,"DARKNESS, LIGHTED ROAD",PARKED MOTOR VEHICLE,UNKNOWN,INJURY AND / OR TOW DUE TO CRASH,"OVER $1,500",UNABLE TO DETERMINE,4,INCAPACITATING INJURY,3.0,0.0,1.0,23,6,9,41.76444625,-87.69203167,"['09/22/2023', '11:30:00', 'PM']"
e9e609b8a866faf161ba6a76bce9bdbe56c7a2176e14ef5d9cc7cb4c0c2988e53806747c3d737c3492b57db5786a21a128e5bb1b5c3ad646adb79cc31684bcd8,2023-09-22 20:44:00,Friday,30,NO CONTROLS,CLEAR,"DARKNESS, LIGHTED ROAD",FIXED OBJECT,DRY,INJURY AND / OR TOW DUE TO CRASH,"$501 - $1,500",ROAD CONSTRUCTION/MAINTENANCE,1,INCAPACITATING INJURY,1.0,0.0,1.0,20,6,9,41.99389168,-87.68961039,"['09/22/2023', '08:44:00', 'PM']"
763e3b6bb367b6a9a52beff1b3be86480d8167483706cac60569b1824fb66b939b6cf8d9970294fcb66bc62060f7028c21535d9b3cdbc5482405cdab98fcd5f0,2023-09-22 16:40:00,Friday,30,NO CONTROLS,CLEAR,DAYLIGHT,FIXED OBJECT,DRY,INJURY AND / OR TOW DUE TO CRASH,"OVER $1,500",IMPROPER OVERTAKING/PASSING,1,INCAPACITATING INJURY,1.0,0.0,1.0,16,6,9,41.75586587,-87.67071686,"['09/22/2023', '04:40:00', 'PM']"
67b18808e8d732015cdc7a909ce6df53187334a8606de9878d20f2ea8c1db2691266403cdb854c296f03895f9b46870f685e691b10942d889ffaeccb21ba00a9,2023-09-22 01:41:00,Friday,30,TRAFFIC SIGNAL,UNKNOWN,"DARKNESS, LIGHTED ROAD",REAR END,DRY,INJURY AND / OR TOW DUE TO CRASH,"OVER $1,500",FOLLOWING TOO CLOSELY,2,INCAPACITATING INJURY,3.0,0.0,1.0,1,6,9,41.7726155,-87.62506407,"['09/22/2023', '01:41:00', 'AM']"
c5cfbd2c809740e764e5f8da60ea678a887bc08c18db846c09b4e6ea642bbbb2cb725c0d092406e5632e109d9731dcec50b28c1657ae78780664e3fc406ed276,2023-09-21 16:09:00,Thursday,30,STOP SIGN/FLASHER,CLEAR,DAWN,ANGLE,DRY,INJURY AND / OR TOW DUE TO CRASH,"OVER $1,500",DISREGARDING STOP SIGN,2,INCAPACITATING INJURY,1.0,0.0,1.0,16,5,9,41.7281876,-87.54695984,"['09/21/2023', '04:09:00', 'PM']"
d6d26424a45c79e5035e11dee6d54c6784ef2bbfa44552e470b5812946beae9425573eaa7635c118bfabb749bc8ea8540ea8d41936dcc244c4a613a96de7353c,2023-09-21 16:03:00,Thursday,30,NO CONTROLS,RAIN,DUSK,REAR END,WET,INJURY AND / OR TOW DUE TO CRASH,$500 OR LESS,FOLLOWING TOO CLOSELY,2,INCAPACITATING INJURY,1.0,0.0,1.0,16,5,9,41.88411127,-87.63257639,"['09/21/2023', '04:03:00', 'PM']"
2408b6eb1fe9ebce6f8991d27603d93d69c730bc7a36e78ef045089c03e9e43c6ae9fc98c5110b883829527757cddadb1b8f78be048304c9be6bb95d45d9a7d3,2023-09-21 13:47:00,Thursday,30,NO CONTROLS,RAIN,DAYLIGHT,PEDESTRIAN,WET,INJURY AND / OR TOW DUE TO CRASH,$500 OR LESS,FAILING TO REDUCE SPEED TO AVOID CRASH,2,INCAPACITATING INJURY,1.0,0.0,1.0,13,5,9,41.85135915,-87.63183391,"['09/21/2023', '01:47:00', 'PM']"
b17d8fe82962ca0da8b9a49a232cec4c5a49ec3cf02198d711ff45fd8102c23aed61f5cb62ad91502c9a4c0631cb4798755eb213d8bbda502ae819117037cdfe,2023-09-21 10:07:00,Thursday,30,NO CONTROLS,CLEAR,DAYLIGHT,FIXED OBJECT,DRY,INJURY AND / OR TOW DUE TO CRASH,"OVER $1,500",PHYSICAL CONDITION OF DRIVER,1,INCAPACITATING INJURY,1.0,0.0,1.0,10,5,9,41.8665317,-87.70438453,"['09/21/2023', '10:07:00', 'AM']"
877fb68e5a0691d75f11401fd172bf2dbcfa9c5ba169335a2720778daa8417dd40893c643424ee3c0a28e78ae8ba1c4d6e37e7ec89a3f1760cb455eaae5103bf,2023-09-21 09:20:00,Thursday,35,TRAFFIC SIGNAL,CLEAR,DAYLIGHT,PEDALCYCLIST,DRY,INJURY AND / OR TOW DUE TO CRASH,$500 OR LESS,FAILING TO YIELD RIGHT-OF-WAY,2,INCAPACITATING INJURY,1.0,0.0,1.0,9,5,9,41.69246536,-87.6424409,"['09/21/2023', '09:20:00', 'AM']"
906eb31730c0316899fe3155561ae9929e08dcfe2abad7184b4532d1f25200e721fc2b00f94961e5c2dfc7019882e3de6b3a0da7af97891fbd7e209c2cb5b6fb,2023-09-21 08:20:00,Thursday,30,NO CONTROLS,CLOUDY/OVERCAST,DAYLIGHT,ANGLE,DRY,INJURY AND / OR TOW DUE TO CRASH,"OVER $1,500",DRIVING ON WRONG SIDE/WRONG WAY,2,INCAPACITATING INJURY,2.0,0.0,1.0,8,5,9,41.96557412,-87.65252191,"['09/21/2023', '08:20:00', 'AM']"
91641fe7fe673fcac0c3e5529206b2a1d3bdb42c410fb3b95e384fc9c82d217d699b65e97d880139cdeba5cd6cf978a4535f91409b53b97eadeb965dc3d92df1,2023-09-20 23:08:00,Wednesday,30,TRAFFIC SIGNAL,CLEAR,"DARKNESS, LIGHTED ROAD",PEDESTRIAN,DRY,INJURY AND / OR TOW DUE TO CRASH,$500 OR LESS,FAILING TO YIELD RIGHT-OF-WAY,2,INCAPACITATING INJURY,1.0,0.0,1.0,23,4,9,41.85298708,-87.63002661,"['09/20/2023', '11:08:00', 'PM']"
91a2935779bee31b1a2fbe62fce73e3b031dd3722f37c1c374bd5bdf13cc7f6515bc0790a17f260c82d2b45f6085f7f7353c7a0f66204d60b05237e53325d56b,2023-09-20 21:44:00,Wednesday,35,TRAFFIC SIGNAL,CLEAR,"DARKNESS, LIGHTED ROAD",PEDESTRIAN,DRY,INJURY AND / OR TOW DUE TO CRASH,$500 OR LESS,UNABLE TO DETERMINE,2,INCAPACITATING INJURY,1.0,0.0,1.0,21,4,9,41.75119434,-87.60536733,"['09/20/2023', '09:44:00', 'PM']"
3c109024cfc62adcf3934a43d9ab8d8a24770ad89b077fe9b7c907a0b78051bdd10bae687b0f268c5d23a734c38e5b29f77f6473aefe2f5fc738682899bd1d54,2023-09-20 21:00:00,Wednesday,35,TRAFFIC SIGNAL,CLEAR,"DARKNESS, LIGHTED ROAD",SIDESWIPE OPPOSITE DIRECTION,DRY,INJURY AND / OR TOW DUE TO CRASH,"OVER $1,500",DISREGARDING TRAFFIC SIGNALS,2,INCAPACITATING INJURY,2.0,0.0,1.0,21,4,9,41.79462283,-87.63306376,"['09/20/2023', '09:00:00', 'PM']"
2d0ba54edbf10b95a656a2351fa5b7597eae0e3c66c5353d613ebd69a3f9413f5f4db81d69946476de79d3b0c9ed7089e3743d3ab4b2bdb17466dd54660493ac,2023-09-20 18:00:00,Wednesday,30,TRAFFIC SIGNAL,CLEAR,DAYLIGHT,PEDALCYCLIST,DRY,INJURY AND / OR TOW DUE TO CRASH,"OVER $1,500",IMPROPER TURNING/NO SIGNAL,3,INCAPACITATING INJURY,1.0,0.0,1.0,18,4,9,41.93775568,-87.64905009,"['09/20/2023', '06:00:00', 'PM']"
dbf94ec85a4f8a27ceb4bcb73fd4f681e5c654b47c9c192e46748533627739435c0a1327cf7e1b799b6164dcd1b50fadfe947c5450c5eb90a1de03a39647fe7b,2023-09-20 15:30:00,Wednesday,35,NO CONTROLS,CLEAR,DAYLIGHT,REAR END,DRY,INJURY AND / OR TOW DUE TO CRASH,"OVER $1,500",UNABLE TO DETERMINE,3,INCAPACITATING INJURY,1.0,0.0,1.0,15,4,9,41.66191456,-87.64231069,"['09/20/2023', '03:30:00', 'PM']"
357362a982fea0544fe00be1644693a2e6ae836add724f8f85090fbd344eaa223f3f5e5fab352bfe664bb2bcb83b235a1f766fa86f077c8d2f5a0cc179d9124f,2023-09-20 10:30:00,Wednesday,30,NO CONTROLS,CLEAR,DAYLIGHT,HEAD ON,DRY,INJURY AND / OR TOW DUE TO CRASH,"OVER $1,500",UNABLE TO DETERMINE,4,INCAPACITATING INJURY,2.0,0.0,1.0,10,4,9,41.8562816,-87.63874064,"['09/20/2023', '10:30:00', 'AM']"
f41f1be7915dbf9ce960cd0bd75f1c2e862fc9366fd250f860aefe4564c1a290e2ab04382410525095bef5cde15771db190334b160dcaa04fc60917bc0a6b17f,2023-09-20 07:00:00,Wednesday,30,STOP SIGN/FLASHER,CLEAR,DAYLIGHT,TURNING,DRY,INJURY AND / OR TOW DUE TO CRASH,"OVER $1,500",DISREGARDING STOP SIGN,2,INCAPACITATING INJURY,2.0,0.0,2.0,7,4,9,41.74798506,-87.5675387,"['09/20/2023', '07:00:00', 'AM']"
6500fe3e6becbfc37252fc10af9525e96399a58258e81d0a0bfc1bf60bbc8c7a0817ad0f6a61676c1d277ff2f53329ea5740cf8ed643671688d8bd7010c92e8a,2023-09-19 15:37:00,Tuesday,15,NO CONTROLS,RAIN,DAYLIGHT,FIXED OBJECT,WET,INJURY AND / OR TOW DUE TO CRASH,"OVER $1,500",UNABLE TO DETERMINE,1,INCAPACITATING INJURY,1.0,0.0,1.0,15,3,9,41.69071015,-87.61902304,"['09/19/2023', '03:37:00', 'PM']"
739e700686615f9ccb4a8ad6d4687c471143964fc526ba750474ebfad85abc7c72351df2f6881d23241a7322d5606a510e55f1471c5faa2eb15b08f1ab2ba8ed,2023-09-19 15:34:00,Tuesday,30,STOP SIGN/FLASHER,RAIN,DAYLIGHT,ANGLE,DRY,INJURY AND / OR TOW DUE TO CRASH,"OVER $1,500",FAILING TO YIELD RIGHT-OF-WAY,2,INCAPACITATING INJURY,1.0,0.0,1.0,15,3,9,42.01148655,-87.67430118,"['09/19/2023', '03:34:00', 'PM']"
4afd0cd3829f0ca83e170ddc8650c4b8555b2354905b29325594f23c15d51d535ae24cb13f75e36595a830c5b2b8a4c6a069a44f7443fda4149abe2328474c5a,2023-09-19 13:16:00,Tuesday,15,NO CONTROLS,RAIN,DAYLIGHT,PEDESTRIAN,WET,INJURY AND / OR TOW DUE TO CRASH,"OVER $1,500",WEATHER,2,INCAPACITATING INJURY,1.0,0.0,1.0,13,3,9,41.76581642,-87.57614548,"['09/19/2023', '01:16:00', 'PM']"
e5a244c7acfe58545b5d4aa1d4f762d5f837dd34f7dd5afdb4eaa5dc23cacb821bbb422b0062d0880afe8e18e3d24b575c88e2409fa94aaa92a7556343e9288e,2023-09-19 04:23:00,Tuesday,25,NO CONTROLS,CLEAR,"DARKNESS, LIGHTED ROAD",HEAD ON,DRY,INJURY AND / OR TOW DUE TO CRASH,"OVER $1,500",DRIVING ON WRONG SIDE/WRONG WAY,2,INCAPACITATING INJURY,3.0,0.0,1.0,4,3,9,41.99781895,-87.69116748,"['09/19/2023', '04:23:00', 'AM']"
2c0301e65b273ecae991f4206276931ebddfff8a7c49abc73f819233ef3252ecd0a690c16d3d4c2824d17f51897503ca2408c1f5a3fbde6c594818f640932ce9,2023-09-19 00:45:00,Tuesday,30,TRAFFIC SIGNAL,CLEAR,"DARKNESS, LIGHTED ROAD",ANGLE,DRY,INJURY AND / OR TOW DUE TO CRASH,"OVER $1,500",FAILING TO REDUCE SPEED TO AVOID CRASH,2,INCAPACITATING INJURY,3.0,0.0,2.0,0,3,9,41.96065054,-87.76244117,"['09/19/2023', '12:45:00', 'AM']"
62331ed4583e0709a46a975056eb9d1fa2cdca6fde4832050bb2bb46cf0b8db9b92ef8aed7bda1d26589e57fcca30d2d316704d2f3dcbe79df5d4d657bef1874,2023-09-19 00:39:00,Tuesday,45,NO CONTROLS,CLEAR,"DARKNESS, LIGHTED ROAD",HEAD ON,DRY,INJURY AND / OR TOW DUE TO CRASH,"OVER $1,500",DRIVING ON WRONG SIDE/WRONG WAY,2,INCAPACITATING INJURY,3.0,0.0,3.0,0,3,9,41.83914555,-87.60842991,"['09/19/2023', '12:39:00', 'AM']"
97331ce9110c0465f0b1e83b50cafb924c49a5c3966c4db4a53878defea872f9cf11854f52ef593e077b19b1054695f37fb67112cc0a89a7c965c6e1c829127a,2023-09-18 17:20:00,Monday,30,TRAFFIC SIGNAL,CLEAR,DAYLIGHT,REAR END,DRY,INJURY AND / OR TOW DUE TO CRASH,"OVER $1,500",FOLLOWING TOO CLOSELY,2,INCAPACITATING INJURY,1.0,0.0,1.0,17,2,9,41.8489029,-87.70531413,"['09/18/2023', '05:20:00', 'PM']"
88739ebd48f9ad8b2f2029230553524170af09f065319a90ad66415424550b43db547ae0bba25df028a982d69ad5adeb6da04ea9a501343883fb25a0a043156e,2023-09-18 14:34:00,Monday,35,NO CONTROLS,CLEAR,DAYLIGHT,TURNING,DRY,INJURY AND / OR TOW DUE TO CRASH,"OVER $1,500",FAILING TO YIELD RIGHT-OF-WAY,3,INCAPACITATING INJURY,1.0,0.0,1.0,14,2,9,41.90542878,-87.65946302,"['09/18/2023', '02:34:00', 'PM']"
bdd14b5395325888078488f8be811116fde08daeda8cb1fb676eae419d79b4e82dbc9aa82e329e0e3d751280819e151717aceb82f18cc489a75f8ed650f7b2de,2023-09-18 13:30:00,Monday,30,NO CONTROLS,CLEAR,DAYLIGHT,REAR TO FRONT,DRY,INJURY AND / OR TOW DUE TO CRASH,"OVER $1,500",FAILING TO REDUCE SPEED TO AVOID CRASH,3,INCAPACITATING INJURY,1.0,0.0,1.0,13,2,9,41.96636279,-87.85119321,"['09/18/2023', '01:30:00', 'PM']"
7b5b7b8dcc71cac94fc783853ec51a6ceb918cb3887b4d39efec0cd59812881865511ce6d91bfb5c1d02ef66fd59d5261c6aba3513613d8a91530b9770121093,2023-09-18 12:20:00,Monday,20,STOP SIGN/FLASHER,CLEAR,DAYLIGHT,PEDESTRIAN,UNKNOWN,INJURY AND / OR TOW DUE TO CRASH,"$501 - $1,500",UNABLE TO DETERMINE,2,INCAPACITATING INJURY,1.0,0.0,1.0,12,2,9,41.81348404,-87.70433311,"['09/18/2023', '12:20:00', 'PM']"
11c37e642aa3190160af98dc4ac2142a9ed69b62b14d6a9bb1fb8c11e054fe21845b2636dc71e9e17a10b43583d47fd124a2e53e55f2e7fdeab3260bf8570df5,2023-09-18 11:30:00,Monday,30,TRAFFIC SIGNAL,CLEAR,DAYLIGHT,SIDESWIPE OPPOSITE DIRECTION,DRY,INJURY AND / OR TOW DUE TO CRASH,"OVER $1,500",UNABLE TO DETERMINE,2,INCAPACITATING INJURY,1.0,0.0,1.0,11,2,9,41.99379191,-87.78751079,"['09/18/2023', '11:30:00', 'AM']"
d2059eb627ba315f49e01b37250d3f1b5114d41e75dfd194ea54c69533fdeef8c36ca607d510d82dc0037618fd4976c0dc74778acd32388d697ddc3b8c4d829e,2023-09-18 10:30:00,Monday,30,NO CONTROLS,CLEAR,DAYLIGHT,TURNING,DRY,INJURY AND / OR TOW DUE TO CRASH,"OVER $1,500",UNABLE TO DETERMINE,2,INCAPACITATING INJURY,1.0,0.0,1.0,10,2,9,41.82074117,-87.70461555,"['09/18/2023', '10:30:00', 'AM']"
234e03df16bc373b41b77e98320c7e282e29057f4fd6860ce049eb07a903df98d30a91f5799cffad44ab3f97809c4576860fd443139ca73f4f5389392218fbcd,2023-09-18 07:26:00,Monday,30,TRAFFIC SIGNAL,CLEAR,DAYLIGHT,TURNING,DRY,INJURY AND / OR TOW DUE TO CRASH,"OVER $1,500","OPERATING VEHICLE IN ERRATIC, RECKLESS, CARELESS, NEGLIGENT OR AGGRESSIVE MANNER",3,FATAL,2.0,1.0,0.0,7,2,9,41.99033326,-87.69934036,"['09/18/2023', '07:26:00', 'AM']"
e4301f028566c56d636488d5f89c6862069ffcfda6182bf6ea648d0d373232e0b13466227991c866a0a99032ed43c8465fb48c6bf59d5485e0485ce7437f8853,2023-09-18 06:41:00,Monday,30,TRAFFIC SIGNAL,CLEAR,DAYLIGHT,PEDALCYCLIST,DRY,INJURY AND / OR TOW DUE TO CRASH,"$501 - $1,500",DRIVING ON WRONG SIDE/WRONG WAY,2,INCAPACITATING INJURY,1.0,0.0,1.0,6,2,9,41.8309351,-87.62997531,"['09/18/2023', '06:41:00', 'AM']"
9d9fedc3ecb0d674bbe68e00880922d4430ffb83711567b22d2c1838ea7a80ea8248a6ef4de93caafcd5a6954b9e07183ae148bcec8799ff1f3376a7de8fefc9,2023-09-17 23:34:00,Sunday,40,NO CONTROLS,CLEAR,"DARKNESS, LIGHTED ROAD",FIXED OBJECT,DRY,INJURY AND / OR TOW DUE TO CRASH,$500 OR LESS,FAILING TO REDUCE SPEED TO AVOID CRASH,2,FATAL,1.0,1.0,0.0,23,1,9,41.95041254,-87.64437121,"['09/17/2023', '11:34:00', 'PM']"
cdcd26db7ea768eac751061c4d5c2cca5561a3ba0cfb412e157412f99ce8991945fd406e56ef0d7499fa83521fe70fa8e81552c7520108e3fde6f89f5d2fa0a9,2023-09-17 21:57:00,Sunday,45,TRAFFIC SIGNAL,CLEAR,"DARKNESS, LIGHTED ROAD",SIDESWIPE SAME DIRECTION,DRY,INJURY AND / OR TOW DUE TO CRASH,"OVER $1,500",UNABLE TO DETERMINE,4,INCAPACITATING INJURY,2.0,0.0,1.0,21,1,9,41.89683927,-87.6168843,"['09/17/2023', '09:57:00', 'PM']"
f9c5c9246ce0835221441196ce9fa0005eebfe7e22d1f461b6f254f8068dc2e6f4cebf702f95e8059ae88f45863eab161264f10c4c1369fa7de480f3a449049c,2023-09-17 21:51:00,Sunday,35,TRAFFIC SIGNAL,CLEAR,"DARKNESS, LIGHTED ROAD",TURNING,DRY,INJURY AND / OR TOW DUE TO CRASH,"OVER $1,500",UNABLE TO DETERMINE,2,INCAPACITATING INJURY,3.0,0.0,3.0,21,1,9,41.74994623,-87.70376534,"['09/17/2023', '09:51:00', 'PM']"
2e93a8fb6b6cc535a61718b89e78e094bff7d0fcf1dce61c4fd06935e43ed62c62ae5ddd35b11c05c7d22e26d639db1b7d3465022901a7e0dcebe620c868058f,2023-09-17 17:00:00,Sunday,30,NO CONTROLS,CLEAR,DAYLIGHT,REAR END,DRY,INJURY AND / OR TOW DUE TO CRASH,"OVER $1,500",FOLLOWING TOO CLOSELY,2,INCAPACITATING INJURY,1.0,0.0,1.0,17,1,9,41.76980409,-87.67108565,"['09/17/2023', '05:00:00', 'PM']"
84385e0f2184f8d165eaa1b54c877db79856bdf547a0dccf7be33558a331dcc7cc563902b63c648ba595e0d833562c305944e18b1c591d0db96ae2e4a9c37ce0,2023-09-17 02:05:00,Sunday,20,NO CONTROLS,CLEAR,"DARKNESS, LIGHTED ROAD",OTHER OBJECT,DRY,INJURY AND / OR TOW DUE TO CRASH,"OVER $1,500",UNABLE TO DETERMINE,1,FATAL,2.0,1.0,0.0,2,1,9,41.88880845,-87.65947968,"['09/17/2023', '02:05:00', 'AM']"
d6090a24c51ed52bb855f51b3d3dd103924e31db11e2ed836c17ee458778dd797f8c63eafffd24b3dd50948233b3ab8bba9fce05399e768c0533d2f84dd63e4e,2023-09-16 22:30:00,Saturday,30,TRAFFIC SIGNAL,CLEAR,"DARKNESS, LIGHTED ROAD",FIXED OBJECT,DRY,INJURY AND / OR TOW DUE TO CRASH,"OVER $1,500",UNABLE TO DETERMINE,1,INCAPACITATING INJURY,2.0,0.0,1.0,22,7,9,41.79142028,-87.58014777,"['09/16/2023', '10:30:00', 'PM']"
eb743956f2232a205779ca05a43a9cc1864b50a2e86c8578bd7ab88e8a6a75e58f447e52c3c9e3be490f9d94b142cb713c19a092bc9aaed726f22f82febff727,2023-09-16 19:17:00,Saturday,30,TRAFFIC SIGNAL,CLEAR,"DARKNESS, LIGHTED ROAD",PEDESTRIAN,DRY,INJURY AND / OR TOW DUE TO CRASH,"OVER $1,500",FAILING TO YIELD RIGHT-OF-WAY,2,INCAPACITATING INJURY,1.0,0.0,1.0,19,7,9,41.84197651,-87.61772003,"['09/16/2023', '07:17:00', 'PM']"
c1bcf723b44e296d2cb4730fb04fd62a6ad3387eea5acd937833916a5d989af77d58a52807fba31a8587baa13bae9c0221e06b5cfb5ab983af503df171ac339e,2023-09-16 13:25:00,Saturday,30,TRAFFIC SIGNAL,CLOUDY/OVERCAST,DAYLIGHT,ANGLE,DRY,INJURY AND / OR TOW DUE TO CRASH,"OVER $1,500",DISREGARDING TRAFFIC SIGNALS,2,INCAPACITATING INJURY,2.0,0.0,1.0,13,7,9,41.88292071,-87.68388729,"['09/16/2023', '01:25:00', 'PM']"
7aa777265a9415a094b2cfee68f8e97ed5562232406b0f06ac1869efc5d6bb8a9b192393a518251f589217a870bb505ea1d724698fca772fd2c95cf7eaea4d64,2023-09-16 09:43:00,Saturday,30,STOP SIGN/FLASHER,CLEAR,DAYLIGHT,ANGLE,DRY,INJURY AND / OR TOW DUE TO CRASH,"OVER $1,500",DISTRACTION - FROM OUTSIDE VEHICLE,2,INCAPACITATING INJURY,1.0,0.0,1.0,9,7,9,41.75822839,-87.62007146,"['09/16/2023', '09:43:00', 'AM']"