CRASH_RECORD_ID,CRASH_DATE,Weekday,POSTED_SPEED_LIMIT,TRAFFIC_CONTROL_DEVICE,WEATHER_CONDITION,LIGHTING_CONDITION,FIRST_CRASH_TYPE,ROADWAY_SURFACE_COND,CRASH_TYPE,DAMAGE,PRIM_CONTRIBUTORY_CAUSE,NUM_UNITS,MOST_SEVERE_INJURY,INJURIES_TOTAL,INJURIES_FATAL,INJURIES_INCAPACITATING,CRASH_HOUR,CRASH_DAY_OF_WEEK,CRASH_MONTH,LATITUDE,LONGITUDE,CRASH_TIME
7078e5ff9521f71e46551de3f27effc614b01811a3820dba4528a0814122b534fd47e13fc7ed26fdbedee298f5cf07836951d4273ef1a029f1814a03350c88dd,2023-09-16 01:40:00,Saturday,30,TRAFFIC SIGNAL,CLEAR,"DARKNESS, LIGHTED ROAD",OTHER OBJECT,DRY,INJURY AND / OR TOW DUE TO CRASH,"OVER $1,500",FAILING TO REDUCE SPEED TO AVOID CRASH,1,INCAPACITATING INJURY,1.0,0.0,1.0,1,7,9,41.93396779,-87.69752474,"['09/16/2023', '01:40:00', 'AM']"
3c0810a19344f5af784a11323dce2663c5a544cb915c348c264aeddd0602abdea7cd810f346ff41ef410a47bd19c2f9ef59a0ee8e4ae12c296ee9f4db2c04d87,2023-09-15 23:33:00,Friday,25,NO CONTROLS,CLEAR,"DARKNESS, LIGHTED ROAD",FIXED OBJECT,DRY,INJURY AND / OR TOW DUE TO CRASH,"OVER $1,500",DISREGARDING STOP SIGN,1,INCAPACITATING INJURY,1.0,0.0,1.0,23,6,9,41.65785154,-87.54002733,"['09/15/2023', '11:33:00', 'PM']"
cde1ef589e296988f34a4b5c8ec2e39423ca33b15544efb242bca7c902e5700e371c3bb7d82e8e70208b99e027413b4fb7358ff8f078fe87c8665fdff8e23f07,2023-09-15 21:21:00,Friday,30,TRAFFIC SIGNAL,CLEAR,"DARKNESS, LIGHTED ROAD",PEDESTRIAN,DRY,INJURY AND / OR TOW DUE TO CRASH,"OVER $1,500",IMPROPER OVERTAKING/PASSING,2,INCAPACITATING INJURY,2.0,0.0,2.0,21,6,9,41.94340222,-87.64068544,"['09/15/2023', '09:21:00', 'PM']"
c738937b116b366738ed650b87233829efe8fe78689733f6f4090848e1263ecfed79267a6a5697344f522592cfaabd2b0ef9d178dd742793dc7b479245607a22,2023-09-15 18:00:00,Friday,30,NO CONTROLS,CLEAR,DAYLIGHT,SIDESWIPE SAME DIRECTION,DRY,INJURY AND / OR TOW DUE TO CRASH,"OVER $1,500",IMPROPER OVERTAKING/PASSING,2,INCAPACITATING INJURY,1.0,0.0,1.0,18,6,9,41.88703718,-87.63432203,"['09/15/2023', '06:00:00', 'PM']"
1d0efd1f6d2d0d59858cf433cd5897dcc00df2983228d4cb629f604e6bfbc3078a25a0c6f4adf9f8c127210f6d0306241b199f61786511906a2ae7b09f35d5ae,2023-09-15 16:45:00,Friday,35,NO CONTROLS,CLEAR,DAYLIGHT,PEDALCYCLIST,DRY,INJURY AND / OR TOW DUE TO CRASH,"$501 - $1,500",UNABLE TO DETERMINE,2,INCAPACITATING INJURY,1.0,0.0,1.0,16,6,9,41.94805801,-87.71115546,"['09/15/2023', '04:45:00', 'PM']"
5288fab197c5ad5853da13fc48f2dfc8d35f4c159b431e336bd1001c4559b40b1e124b80b37d3305119a4ca4899cfcfbb83f6e5732a83b0ddae9241e36ba8484,2023-09-15 08:30:00,Friday,30,NO CONTROLS,CLEAR,DAYLIGHT,HEAD ON,DRY,INJURY AND / OR TOW DUE TO CRASH,"OVER $1,500",PHYSICAL CONDITION OF DRIVER,2,INCAPACITATING INJURY,1.0,0.0,1.0,8,6,9,41.92145905,-87.71704702,"['09/15/2023', '08:30:00', 'AM']"
3d278a2c3719750f5c39207fc9d359544fa7fcb33d9b2467b452f62106d5c1a420a1436657f43861a415d76d58ac5c108993ddb7cd79bbc5103d1d0a48b7ec7d,2023-09-15 01:44:00,Friday,20,NO CONTROLS,CLEAR,"DARKNESS, LIGHTED ROAD",FIXED OBJECT,DRY,INJURY AND / OR TOW DUE TO CRASH,"OVER $1,500",UNABLE TO DETERMINE,1,INCAPACITATING INJURY,2.0,0.0,1.0,1,6,9,41.71512675,-87.63302644,"['09/15/2023', '01:44:00', 'AM']"
7d98b7472debb3fdc7bbd45b27405cab10828feaa1a05ce09235b6f45b3a8eca6d4b487d73d91c144faf91b392359e8ccbb8f37f7fdb611b63bed4bc3fac5668,2023-09-14 17:00:00,Thursday,30,NO CONTROLS,CLEAR,DAYLIGHT,PEDALCYCLIST,DRY,INJURY AND / OR TOW DUE TO CRASH,"OVER $1,500",FAILING TO YIELD RIGHT-OF-WAY,2,INCAPACITATING INJURY,1.0,0.0,1.0,17,5,9,41.87424392,-87.64381145,"['09/14/2023', '05:00:00', 'PM']"
fc526bdcc5b0a07204521942a3840d2229103946545493787abd5bafb470e1243ff4cefa171dc766e9d82c5c3d462fd5cef4a58e1fcc31d4a76d3c081054f3f3,2023-09-14 16:30:00,Thursday,30,NO CONTROLS,CLEAR,DAYLIGHT,HEAD ON,DRY,INJURY AND / OR TOW DUE TO CRASH,"OVER $1,500",DRIVING ON WRONG SIDE/WRONG WAY,2,INCAPACITATING INJURY,1.0,0.0,1.0,16,5,9,41.75696116,-87.59668895,"['09/14/2023', '04:30:00', 'PM']"
6bf9c59f3dc7e661a7ab82a8894edfd0a0a7557cb3cd0c619e9e67470ffc159c61e75727816cca1e4ec5f3b8abf90ad9b0c1a9729b1d9a940c0d1a2d2d5f33e4,2023-09-14 10:06:00,Thursday,30,TRAFFIC SIGNAL,CLEAR,DAYLIGHT,SIDESWIPE SAME DIRECTION,DRY,INJURY AND / OR TOW DUE TO CRASH,"OVER $1,500",UNABLE TO DETERMINE,2,INCAPACITATING INJURY,2.0,0.0,1.0,10,5,9,41.96140185,-87.68883262,"['09/14/2023', '10:06:00', 'AM']"
b426cfbfc092b308604071829bb39dcbee831b101031d99c34c0a487d075b271345524caba7f58a89e27e5f5c781b91edf0b716d027e4391f0ac879e83f61eda,2023-09-14 09:26:00,Thursday,30,NO CONTROLS,CLEAR,DAYLIGHT,FIXED OBJECT,DRY,INJURY AND / OR TOW DUE TO CRASH,"OVER $1,500",PHYSICAL CONDITION OF DRIVER,1,INCAPACITATING INJURY,1.0,0.0,1.0,9,5,9,41.87749314,-87.68180806,"['09/14/2023', '09:26:00', 'AM']"
67b4e97836898b68c6bdf32f6fd34a2f05f4f341f494de2a643d5ee3414d13a78a3e62ebf2d13f110484b7657d2c11ada5a44ea1be12cd073fc1eef1d169243f,2023-09-14 03:41:00,Thursday,35,TRAFFIC SIGNAL,CLEAR,"DARKNESS, LIGHTED ROAD",ANGLE,DRY,INJURY AND / OR TOW DUE TO CRASH,"OVER $1,500",IMPROPER TURNING/NO SIGNAL,2,INCAPACITATING INJURY,2.0,0.0,1.0,3,5,9,41.87941032,-87.63714067,"['09/14/2023', '03:41:00', 'AM']"
79585421801d36124670e83cc856a8e2139e0655c36fb4d7403b37076c2b195b65128990c2cfbbe4449573dcd9dfc941e30cc5b9c78e2c412806b9531775e09d,2023-09-13 17:52:00,Wednesday,35,TRAFFIC SIGNAL,CLEAR,DAYLIGHT,TURNING,DRY,INJURY AND / OR TOW DUE TO CRASH,"OVER $1,500",IMPROPER TURNING/NO SIGNAL,2,INCAPACITATING INJURY,1.0,0.0,1.0,17,4,9,41.75176573,-87.58616257,"['09/13/2023', '05:52:00', 'PM']"
287b75d48512c9f2b3b4beedc920cdd73b1bbadf31c096e10371cd2dcf5c10591a03eb854cc6306615e1046358a5b248611c493fe0182f4ecadc2083b6d240cc,2023-09-13 14:43:00,Wednesday,30,TRAFFIC SIGNAL,CLEAR,DAYLIGHT,FIXED OBJECT,DRY,INJURY AND / OR TOW DUE TO CRASH,"OVER $1,500",UNABLE TO DETERMINE,1,INCAPACITATING INJURY,1.0,0.0,1.0,14,4,9,41.93164684,-87.72930493,"['09/13/2023', '02:43:00', 'PM']"
e1d29fd5df0553a8614433d497ddaea2ac512bc0e952fd8893aa71e708cf5372f001ede3e23f1809ef65459be75a846373d239db3fe01d2015c6ffbc7799f2ec,2023-09-13 09:25:00,Wednesday,30,TRAFFIC SIGNAL,CLEAR,DAYLIGHT,PEDALCYCLIST,DRY,INJURY AND / OR TOW DUE TO CRASH,"OVER $1,500",UNABLE TO DETERMINE,2,INCAPACITATING INJURY,1.0,0.0,1.0,9,4,9,41.98755868,-87.84529632,"['09/13/2023', '09:25:00', 'AM']"
42900864e6f2eead5c5fff9dbbb65dab4c856abeeeeb0b2aaa4d85b99dc5c01da35800be081f352af1e027d52c26aa1863fcc7ddd2f7732c2f44a880f3a69355,2023-09-12 18:15:00,Tuesday,35,NO CONTROLS,CLEAR,DAYLIGHT,FIXED OBJECT,DRY,INJURY AND / OR TOW DUE TO CRASH,"OVER $1,500",UNABLE TO DETERMINE,1,INCAPACITATING INJURY,3.0,0.0,2.0,18,3,9,41.72922781,-87.54180759,"['09/12/2023', '06:15:00', 'PM']"
1a4fb465aa3fc89c88cf51e8666ac293429b9b909015c44598fca088494494c58056c97a572a691d5f079a351148940129fe897a4ead450189869169046d83a6,2023-09-12 17:50:00,Tuesday,30,NO CONTROLS,CLEAR,DAYLIGHT,TURNING,DRY,INJURY AND / OR TOW DUE TO CRASH,"OVER $1,500",IMPROPER TURNING/NO SIGNAL,2,INCAPACITATING INJURY,1.0,0.0,1.0,17,3,9,41.83144837,-87.67615052,"['09/12/2023', '05:50:00', 'PM']"
8b2e4b4c6a759f4ec2df78ce15b2cc12fbd2586d105e79371875d67233447d6d6b79bbb9b7c6708a92f182615e63c31903639ad714502864a16ef90abf414d34,2023-09-12 15:08:00,Tuesday,30,TRAFFIC SIGNAL,CLEAR,DAYLIGHT,PEDESTRIAN,DRY,INJURY AND / OR TOW DUE TO CRASH,"OVER $1,500",FAILING TO REDUCE SPEED TO AVOID CRASH,2,INCAPACITATING INJURY,1.0,0.0,1.0,15,3,9,41.99055324,-87.69926409,"['09/12/2023', '03:08:00', 'PM']"
1a4467165edba10223ca8507f961d5d12f89b36206315baf4a63c5b601623d55319c0679c7b480c2f1b61511e7102912f9ec387b7942f434ea759a350caa30ab,2023-09-12 07:15:00,Tuesday,30,NO CONTROLS,CLEAR,DAYLIGHT,TURNING,DRY,INJURY AND / OR TOW DUE TO CRASH,"OVER $1,500",FAILING TO YIELD RIGHT-OF-WAY,2,INCAPACITATING INJURY,1.0,0.0,1.0,7,3,9,42.00513658,-87.69049981,"['09/12/2023', '07:15:00', 'AM']"
35640bb78375eff69c44fb407f07d921f750abe32f94c679b2e42bd4cf9b3b888a9f4514b73053c9b3facab02972852c6c4dc4bbf5f83181dbba3313f4407414,2023-09-12 01:59:00,Tuesday,30,NO CONTROLS,RAIN,"DARKNESS, LIGHTED ROAD",FIXED OBJECT,WET,INJURY AND / OR TOW DUE TO CRASH,"OVER $1,500",UNABLE TO DETERMINE,1,INCAPACITATING INJURY,1.0,0.0,1.0,1,3,9,41.78698288,-87.64097971,"['09/12/2023', '01:59:00', 'AM']"
38678c0233a4866e8da29ade73e87c3a27b0a907e943727d4211017f90e493c0caddc85bef5626d93d7fa1aeb99077ad0846be97667a2fb51ef8402062d475da,2023-09-11 14:06:00,Monday,30,TRAFFIC SIGNAL,RAIN,DAYLIGHT,ANGLE,WET,INJURY AND / OR TOW DUE TO CRASH,"OVER $1,500",UNABLE TO DETERMINE,5,INCAPACITATING INJURY,3.0,0.0,3.0,14,2,9,41.71412565,-87.64285255,"['09/11/2023', '02:06:00', 'PM']"
b20edf07c5b61beff47c2b74f8cd9fba63aabd4dc4dc3ce13bee92bfd0b9e42cb28e19706a61294b7d5ca6c0525f787da91a38dcf42d85cffb1036127829981e,2023-09-11 11:34:00,Monday,30,STOP SIGN/FLASHER,RAIN,DAYLIGHT,ANGLE,WET,INJURY AND / OR TOW DUE TO CRASH,"$501 - $1,500",DISREGARDING STOP SIGN,2,INCAPACITATING INJURY,1.0,0.0,1.0,11,2,9,41.92590889,-87.76497375,"['09/11/2023', '11:34:00', 'AM']"
0aa2e1061978d87fa36d6bfb724774125fd26c7d8f1a4e4eb056a66a0c7f741c9083940abe09438144d9c418539ebef8a24cf6ebba802b522f63d16100a7e010,2023-09-11 06:26:00,Monday,15,NO CONTROLS,RAIN,DAYLIGHT,FIXED OBJECT,WET,INJURY AND / OR TOW DUE TO CRASH,"OVER $1,500",UNABLE TO DETERMINE,1,FATAL,1.0,1.0,0.0,6,2,9,41.73920402,-87.56619677,"['09/11/2023', '06:26:00', 'AM']"
9cd9d24c6be3739a2f395af6ec943fc6073e6389c760bfd1cb7e37360c9f4a068533f94df24a194cb2fae29133e631462b2dee80437f1a17c868eef0cd496328,2023-09-11 04:05:00,Monday,30,TRAFFIC SIGNAL,CLEAR,DARKNESS,PEDALCYCLIST,DRY,INJURY AND / OR TOW DUE TO CRASH,"OVER $1,500",UNABLE TO DETERMINE,2,INCAPACITATING INJURY,1.0,0.0,1.0,4,2,9,41.89925506,-87.62783464,"['09/11/2023', '04:05:00', 'AM']"
2bc052b6f5976824bbab35d4d352218e598001b4212608430046de9fa63df07dcf76d9d672feec1ec2d8ee1f094e8bd4f48f580524a7548e77d8811cffe33c3b,2023-09-11 00:10:00,Monday,30,NO CONTROLS,CLEAR,"DARKNESS, LIGHTED ROAD",FIXED OBJECT,DRY,INJURY AND / OR TOW DUE TO CRASH,"OVER $1,500",UNABLE TO DETERMINE,1,INCAPACITATING INJURY,1.0,0.0,1.0,0,2,9,41.88986775,-87.70141971,"['09/11/2023', '12:10:00', 'AM']"
be8b6fe6bb02b2de7f77a27627e29500c5226568ed9cfd1315760af30fc8767e56e2811b22d8e8bac74fa424911deddff6a694e7691503980196bc2e229d6eba,2023-09-10 21:43:00,Sunday,30,TRAFFIC SIGNAL,UNKNOWN,DARKNESS,PEDESTRIAN,UNKNOWN,INJURY AND / OR TOW DUE TO CRASH,$500 OR LESS,FAILING TO YIELD RIGHT-OF-WAY,2,INCAPACITATING INJURY,1.0,0.0,1.0,21,1,9,41.89504904,-87.74595552,"['09/10/2023', '09:43:00', 'PM']"
795c7ca6920a081d09a4378a30040bfcbff953e2caf04107f460d79322982e3cfe39d87a34dddd59601d3286ae37e72930bf33c525c0023fb9641048d73d20dc,2023-09-10 18:00:00,Sunday,30,TRAFFIC SIGNAL,CLEAR,DAYLIGHT,ANGLE,DRY,INJURY AND / OR TOW DUE TO CRASH,"OVER $1,500",FAILING TO YIELD RIGHT-OF-WAY,2,INCAPACITATING INJURY,4.0,0.0,1.0,18,1,9,41.89512829,-87.71157195,"['09/10/2023', '06:00:00', 'PM']"
2fae54244e44930f03e76afca7b20156c808efa8176a86a0f9ebe366e77405a05d0cff7064eddc19c06031f1a980e014434865efa54ae10daa03bc06636356fe,2023-09-10 16:07:00,Sunday,30,TRAFFIC SIGNAL,CLEAR,DAYLIGHT,PEDESTRIAN,DRY,INJURY AND / OR TOW DUE TO CRASH,$500 OR LESS,UNABLE TO DETERMINE,2,INCAPACITATING INJURY,1.0,0.0,1.0,16,1,9,42.01297632,-87.66337066,"['09/10/2023', '04:07:00', 'PM']"
513006c56a849e5a058be59fa419bed0eca98545ef3bb7123bdefc547b406d5e136357bd2cb7fa1baa08d2162b4a19fd5bb29cb7823d6b98e0f3a2a9a6de95e7,2023-09-10 13:34:00,Sunday,30,NO CONTROLS,CLEAR,DAYLIGHT,REAR END,DRY,INJURY AND / OR TOW DUE TO CRASH,"OVER $1,500",FAILING TO REDUCE SPEED TO AVOID CRASH,2,INCAPACITATING INJURY,1.0,0.0,1.0,13,1,9,41.97589716,-87.7028644,"['09/10/2023', '01:34:00', 'PM']"
5f5676384f2bcd3fccf97326767130e22a42f0a892dba86fd51cef6fec4d97fce6611e41215c9f19bbafb6d3c8ba111d576a8c077e8447f95cfaeb3c4000fb6f,2023-09-10 02:58:00,Sunday,30,TRAFFIC SIGNAL,CLEAR,"DARKNESS, LIGHTED ROAD",SIDESWIPE OPPOSITE DIRECTION,DRY,INJURY AND / OR TOW DUE TO CRASH,"OVER $1,500",FOLLOWING TOO CLOSELY,2,INCAPACITATING INJURY,3.0,0.0,3.0,2,1,9,41.82366627,-87.62153919,"['09/10/2023', '02:58:00', 'AM']"
7100ca85f8b452f7587f85cae633a88007b7e9736ccea771a56b09ccb5354aaef718024a8f6aa9f68cf2e446917d71ce09c9c0ee759e3c3db0e9c4ac3cc7699d,2023-09-10 02:20:00,Sunday,30,TRAFFIC SIGNAL,CLEAR,"DARKNESS, LIGHTED ROAD",ANGLE,DRY,INJURY AND / OR TOW DUE TO CRASH,"OVER $1,500",UNABLE TO DETERMINE,2,INCAPACITATING INJURY,1.0,0.0,1.0,2,1,9,41.87119764,-87.74477875,"['09/10/2023', '02:20:00', 'AM']"
55b4656cbf02edb99a0f76f2d30cb4d03beb9934122d2a7e00b286f0309085dcba608fb7d00e60f6069992246a199b44449fb1a7e2861793b8b598114504716e,2023-09-09 20:18:00,Saturday,30,OTHER WARNING SIGN,CLEAR,DARKNESS,OTHER OBJECT,DRY,INJURY AND / OR TOW DUE TO CRASH,"OVER $1,500",DISTRACTION - FROM INSIDE VEHICLE,2,INCAPACITATING INJURY,1.0,0.0,1.0,20,7,9,41.67075452,-87.55911218,"['09/09/2023', '08:18:00', 'PM']"
1a52ef77d7c98beb543f312f47f0fec326ec63551c415b691cda6b9a47d1b0901c2c7093521789706c20acf63e62a99e44b8d061b41d4a088619099793b90f33,2023-09-09 16:45:00,Saturday,30,STOP SIGN/FLASHER,CLEAR,DAYLIGHT,OTHER OBJECT,DRY,INJURY AND / OR TOW DUE TO CRASH,"OVER $1,500",FAILING TO YIELD RIGHT-OF-WAY,2,INCAPACITATING INJURY,1.0,0.0,1.0,16,7,9,41.94672254,-87.6809179,"['09/09/2023', '04:45:00', 'PM']"
3dd705d79f798134970304c5705f438fe3f652b63ae61f8f6a0781024f8ba800f68ae86fb6fc3b50558d6003408fbd0b2162eb5f796125c8f6dfec1c54221297,2023-09-09 13:44:00,Saturday,10,NO CONTROLS,CLEAR,DAYLIGHT,REAR END,WET,INJURY AND / OR TOW DUE TO CRASH,$500 OR LESS,DRIVING SKILLS/KNOWLEDGE/EXPERIENCE,3,INCAPACITATING INJURY,1.0,0.0,1.0,13,7,9,41.99013026,-87.67059205,"['09/09/2023', '01:44:00', 'PM']"
c6be4511c02d6ba6b8c284dde531fce94c808b7b5ce4c97849a133c43600a7d1ce1bb3e7336d397d4a6dbe3acaed7b5d0f9117f673c27c89b9bad4bc2936a4da,2023-09-09 12:55:00,Saturday,35,TRAFFIC SIGNAL,CLEAR,DAYLIGHT,TURNING,DRY,INJURY AND / OR TOW DUE TO CRASH,"OVER $1,500",UNABLE TO DETERMINE,2,INCAPACITATING INJURY,2.0,0.0,2.0,12,7,9,41.8831343,-87.63719153,"['09/09/2023', '12:55:00', 'PM']"
ae177f70ebbfafcc8993c2b9a6e31201e901048bf9392e7588775f0ceb02c773bc123aa6417da94f37b9990596447522a59e4d6198c8f357adfca1a97e238092,2023-09-09 11:55:00,Saturday,30,TRAFFIC SIGNAL,CLEAR,DAYLIGHT,TURNING,DRY,INJURY AND / OR TOW DUE TO CRASH,"OVER $1,500",UNABLE TO DETERMINE,2,INCAPACITATING INJURY,1.0,0.0,1.0,11,7,9,41.89593335,-87.67719992,"['09/09/2023', '11:55:00', 'AM']"
4f77abb42aaa4d7b1e71a84e756fe5ad66267921a4f28c4d2725d4ad5856804f4c730362958bba22047659b58bab52f82777ebbc20d9f5f1ad93bf9547d0b1c6,2023-09-09 01:00:00,Saturday,25,NO CONTROLS,CLEAR,"DARKNESS, LIGHTED ROAD",TURNING,DRY,INJURY AND / OR TOW DUE TO CRASH,"OVER $1,500",UNABLE TO DETERMINE,2,INCAPACITATING INJURY,1.0,0.0,1.0,1,7,9,41.87863998,-87.73553276,"['09/09/2023', '01:00:00', 'AM']"
85af8d626d65cfe08d5cafa902d2883d35b9f1196603dd76d01e6b5e6c6492ce5ff2a62033d8bd1e75a68c29bd109c982b2d9f2e090043d49ddb8dadf676bebd,2023-09-08 22:45:00,Friday,30,TRAFFIC SIGNAL,CLEAR,"DARKNESS, LIGHTED ROAD",TURNING,DRY,INJURY AND / OR TOW DUE TO CRASH,"OVER $1,500",UNABLE TO DETERMINE,2,INCAPACITATING INJURY,4.0,0.0,2.0,22,6,9,41.99717685,-87.74802841,"['09/08/2023', '10:45:00', 'PM']"
fb895d02c0432543f015b9bfe78a0d6451968ce74df2090767d91b31f1a552d3fadf202165521ec08c1daea0d84c7d3ad5edb95ab57e93b2b2a999d4445f2702,2023-09-08 17:10:00,Friday,30,STOP SIGN/FLASHER,CLOUDY/OVERCAST,DAYLIGHT,SIDESWIPE OPPOSITE DIRECTION,WET,INJURY AND / OR TOW DUE TO CRASH,"OVER $1,500",FAILING TO REDUCE SPEED TO AVOID CRASH,3,INCAPACITATING INJURY,1.0,0.0,1.0,17,6,9,41.85266545,-87.72701854,"['09/08/2023', '05:10:00', 'PM']"
c99cebd4c8478b31c20c285c0d684977da000cd8ff200bf465178d43adca8ed758fc553323681bdab3e542513218144b7818ad5c432e8034a8e9ef05fd7f6dd5,2023-09-08 15:46:00,Friday,30,TRAFFIC SIGNAL,CLEAR,DAYLIGHT,ANGLE,DRY,INJURY AND / OR TOW DUE TO CRASH,"OVER $1,500",UNABLE TO DETERMINE,2,INCAPACITATING INJURY,4.0,0.0,3.0,15,6,9,41.86980522,-87.6437763,"['09/08/2023', '03:46:00', 'PM']"
8a393ab32065aac527cf4e080f58a73e3bf568e65b248cb61445826771035649a5b9400c56ae28bbd61b6df59c71ce43c48aa85b11c9f476bb795aca0f90d371,2023-09-08 10:40:00,Friday,30,TRAFFIC SIGNAL,RAIN,DAYLIGHT,REAR END,WET,INJURY AND / OR TOW DUE TO CRASH,"OVER $1,500",FOLLOWING TOO CLOSELY,3,INCAPACITATING INJURY,1.0,0.0,1.0,10,6,9,41.85256699,-87.65864836,"['09/08/2023', '10:40:00', 'AM']"
5d7cfd021b7ce43f1763e41817fbdcaa8356609ab927e224625cb8626978d69ae2367cd51f1fc794531f3ed1322a6fd305c7d489ea982ed0e7affd65ce820952,2023-09-08 07:15:00,Friday,30,STOP SIGN/FLASHER,RAIN,DAYLIGHT,PEDESTRIAN,WET,INJURY AND / OR TOW DUE TO CRASH,$500 OR LESS,UNABLE TO DETERMINE,2,INCAPACITATING INJURY,1.0,0.0,1.0,7,6,9,41.69835424,-87.60698733,"['09/08/2023', '07:15:00', 'AM']"
cced2e5ab0afff068e2b4ce412c022663c8a72bf3c0ff95677f6c86c2101f5577dc2e7b8f61b4a90035f6ff8c7b3178e2c9e38bb802330779d81a9fd60b829b7,2023-09-08 06:23:00,Friday,30,TRAFFIC SIGNAL,CLOUDY/OVERCAST,DAWN,PEDESTRIAN,WET,INJURY AND / OR TOW DUE TO CRASH,$500 OR LESS,"VISION OBSCURED (SIGNS, TREE LIMBS, BUILDINGS, ETC.)",2,INCAPACITATING INJURY,1.0,0.0,1.0,6,6,9,41.80821705,-87.69435004,"['09/08/2023', '06:23:00', 'AM']"
86d2188476d5c2fbb8f62149f1e4bef13905bff85f4565ec42091317659f99366bb03544fbbe20c98e0a70726cdfb77d4987f91088ac568429d6baf775f88dba,2023-09-07 06:55:00,Thursday,30,NO CONTROLS,CLEAR,DAYLIGHT,TURNING,DRY,INJURY AND / OR TOW DUE TO CRASH,"OVER $1,500",UNABLE TO DETERMINE,2,INCAPACITATING INJURY,1.0,0.0,1.0,6,5,9,41.69184691,-87.55931802,"['09/07/2023', '06:55:00', 'AM']"
7981409e395899a7f347077dec73251334a8b606633fbef8e149e52fdf28d0d67a41570d624d902ad517c1313366101fe570e017b9b5396b0b4fb186d27b8bfa,2023-09-07 03:29:00,Thursday,30,TRAFFIC SIGNAL,RAIN,"DARKNESS, LIGHTED ROAD",FIXED OBJECT,WET,INJURY AND / OR TOW DUE TO CRASH,"OVER $1,500",UNABLE TO DETERMINE,1,INCAPACITATING INJURY,1.0,0.0,1.0,3,5,9,41.79464233,-87.63184342,"['09/07/2023', '03:29:00', 'AM']"
efbed50970bc9e00e08a187f6d026ede2cd8f1b41e9f0ef0bde88d325f4aa9bf0de6b8c8b2d1f07c8b11abfa13c8bc9dbc75824c7308090a2e6659cf2b470b97,2023-09-06 15:48:00,Wednesday,30,NO CONTROLS,CLEAR,DAYLIGHT,TURNING,DRY,INJURY AND / OR TOW DUE TO CRASH,"OVER $1,500",IMPROPER TURNING/NO SIGNAL,2,INCAPACITATING INJURY,2.0,0.0,2.0,15,4,9,41.7499132,-87.63458531,"['09/06/2023', '03:48:00', 'PM']"
e83679f5c154c3f79946d52eeddace2fa919a0f497098bf5c974778dfbc718d1fcad857e72986ec448201dd8115c3efa01b9f4644f56ad40b16ef9db0e6bdfb3,2023-09-06 13:30:00,Wednesday,30,STOP SIGN/FLASHER,CLEAR,DAYLIGHT,TURNING,DRY,INJURY AND / OR TOW DUE TO CRASH,"$501 - $1,500",DISREGARDING STOP SIGN,2,INCAPACITATING INJURY,1.0,0.0,1.0,13,4,9,41.73805575,-87.58580205,"['09/06/2023', '01:30:00', 'PM']"
5b017436c797cc6d796a4aa0eddcc2a6de471c0c7650984cecdcbff6dea1469dd37fd4dec3a0591c294e479b99e2403b644636120fcf7aec63ebcac3a0aeb0ad,2023-09-06 07:38:00,Wednesday,30,TRAFFIC SIGNAL,RAIN,DAYLIGHT,ANGLE,WET,INJURY AND / OR TOW DUE TO CRASH,"OVER $1,500",DISREGARDING TRAFFIC SIGNALS,3,INCAPACITATING INJURY,1.0,0.0,1.0,7,4,9,41.7443693,-87.56627071,"['09/06/2023', '07:38:00', 'AM']"
8d8d1a5f41de7e39643d261e6ffb36320a66d399aa6b297dfe19dc25c6814b55ed60e5a53c15955d23218814c9a359b977e914e76c35adf4141936465791d2b1,2023-09-05 22:25:00,Tuesday,30,NO CONTROLS,CLEAR,"DARKNESS, LIGHTED ROAD",SIDESWIPE SAME DIRECTION,DRY,INJURY AND / OR TOW DUE TO CRASH,"OVER $1,500",IMPROPER LANE USAGE,2,INCAPACITATING INJURY,1.0,0.0,1.0,22,3,9,41.92475368,-87.71378082,"['09/05/2023', '10:25:00', 'PM']"
483331f81de7599866fba1a569066b4a004b71e752e7837c6e9658ca11295dd8f0e5cd8b81b3c6669a316e625560bf44d3484695eadd4bbb2019252030d7c941,2023-09-05 22:00:00,Tuesday,30,NO CONTROLS,RAIN,DARKNESS,PEDESTRIAN,WET,INJURY AND / OR TOW DUE TO CRASH,"OVER $1,500",UNABLE TO DETERMINE,2,INCAPACITATING INJURY,1.0,0.0,1.0,22,3,9,41.7555356,-87.60516788,"['09/05/2023', '10:00:00', 'PM']"
36a460f2815ad6dd7cf9e725e3cbfe155ae7aac24625626f77a346e7338f896361630e6cd7741bd83f6594e9c56053ae9971cd6020db0806e03cc5d4924e36b6,2023-09-05 21:15:00,Tuesday,30,TRAFFIC SIGNAL,CLEAR,"DARKNESS, LIGHTED ROAD",TURNING,DRY,INJURY AND / OR TOW DUE TO CRASH,"OVER $1,500",UNABLE TO DETERMINE,2,INCAPACITATING INJURY,1.0,0.0,1.0,21,3,9,41.94484818,-87.83658373,"['09/05/2023', '09:15:00', 'PM']"
b08c1b8940b2b1281a6d316cd784d4a522e3cd18459e7d0cf6f38ad0ce73a1a71c997b8d3daa12703cf6739f36b123dbd49f204bdac508e80539eb0b1ea9bc70,2023-09-05 19:42:00,Tuesday,35,TRAFFIC SIGNAL,CLEAR,DARKNESS,TURNING,DRY,INJURY AND / OR TOW DUE TO CRASH,"OVER $1,500",IMPROPER TURNING/NO SIGNAL,2,INCAPACITATING INJURY,2.0,0.0,1.0,19,3,9,41.94921087,-87.81707837,"['09/05/2023', '07:42:00', 'PM']"