CRASH_RECORD_ID,CRASH_DATE,Weekday,POSTED_SPEED_LIMIT,TRAFFIC_CONTROL_DEVICE,WEATHER_CONDITION,LIGHTING_CONDITION,FIRST_CRASH_TYPE,ROADWAY_SURFACE_COND,CRASH_TYPE,DAMAGE,PRIM_CONTRIBUTORY_CAUSE,NUM_UNITS,MOST_SEVERE_INJURY,INJURIES_TOTAL,INJURIES_FATAL,INJURIES_INCAPACITATING,CRASH_HOUR,CRASH_DAY_OF_WEEK,CRASH_MONTH,LATITUDE,LONGITUDE,CRASH_TIME
65bf3ac74f83f49066a5e3b7621883db6ea24ff792b3816db591bb519bcb35e07e902ff6710f77d63323b82de0c742866de9d57e30f53bc902f011d159738ead,2023-09-05 17:20:00,Tuesday,30,NO CONTROLS,CLEAR,DAYLIGHT,PEDESTRIAN,UNKNOWN,INJURY AND / OR TOW DUE TO CRASH,"OVER $1,500",FAILING TO YIELD RIGHT-OF-WAY,2,INCAPACITATING INJURY,1.0,0.0,1.0,17,3,9,41.75022942,-87.66461788,"['09/05/2023', '05:20:00', 'PM']"
6d52027a343a111d2b9b8328a13da8eb5d9f3fbdf901224652f2c6d91e6056c4dfc67d7ea9f3f9fc707746b4d70444c33672f7fb0805437155c2f2868aa186c1,2023-09-05 15:30:00,Tuesday,35,NO CONTROLS,CLEAR,DAYLIGHT,REAR END,DRY,INJURY AND / OR TOW DUE TO CRASH,"OVER $1,500",FAILING TO REDUCE SPEED TO AVOID CRASH,4,INCAPACITATING INJURY,1.0,0.0,1.0,15,3,9,41.97857301,-87.80684607,"['09/05/2023', '03:30:00', 'PM']"
e0fc40568ee29fd7bfe1d25ac6116e6e9c157a31f1157e520e96e741e0bb2abc456b9a876ee17253d695727d8e1381d1fb697461bd3bb0c2e56d21ed70fdc8eb,2023-09-05 15:30:00,Tuesday,30,STOP SIGN/FLASHER,CLEAR,DAYLIGHT,ANGLE,DRY,INJURY AND / OR TOW DUE TO CRASH,"OVER $1,500",IMPROPER OVERTAKING/PASSING,2,INCAPACITATING INJURY,2.0,0.0,1.0,15,3,9,41.9904988,-87.70440363,"['09/05/2023', '03:30:00', 'PM']"
01a38ff07ee1a27bdcbf3193779e1e25bcc5749333647d4cfe4ac1ad47c90034ab61079d00486654f26268911aa0d9b4539f6c90b46caa7d5df3f30f7a9e8fc3,2023-09-05 15:17:00,Tuesday,30,TRAFFIC SIGNAL,CLEAR,DAYLIGHT,REAR END,DRY,INJURY AND / OR TOW DUE TO CRASH,"OVER $1,500",FOLLOWING TOO CLOSELY,3,INCAPACITATING INJURY,2.0,0.0,2.0,15,3,9,41.76839847,-87.66403442,"['09/05/2023', '03:17:00', 'PM']"
aefd3df1c53f7f037a53c88573998bfeea173c81e4d7cfe498071854fa8852d818b517752e65da74de0e08686bbb11fcf156a494087eea61376ff25132763eff,2023-09-05 14:30:00,Tuesday,30,TRAFFIC SIGNAL,CLEAR,DAYLIGHT,REAR END,DRY,INJURY AND / OR TOW DUE TO CRASH,"OVER $1,500",UNABLE TO DETERMINE,2,INCAPACITATING INJURY,1.0,0.0,1.0,14,3,9,41.95276473,-87.78907688,"['09/05/2023', '02:30:00', 'PM']"
9ed5e1370e700fa486f43d22b74a3c84187910ff8def6239caad41b90509dad84bf0d828c908f2446ed3dbe58eeaea7b2ce13db7523a0b6bb23a04fb64aa938d,2023-09-05 11:31:00,Tuesday,30,TRAFFIC SIGNAL,CLEAR,DAYLIGHT,PARKED MOTOR VEHICLE,DRY,INJURY AND / OR TOW DUE TO CRASH,"OVER $1,500",PHYSICAL CONDITION OF DRIVER,2,FATAL,1.0,1.0,0.0,11,3,9,41.88443798,-87.63523119,"['09/05/2023', '11:31:00', 'AM']"
c289c446ea812ea096bd83806cdbfd9a68d1fcc8a1436af587a9ec95188d1cf6a586383c28819dd35353197d93270b35a16475c77a23f7e7dfb1e910c4b6176f,2023-09-05 08:40:00,Tuesday,30,TRAFFIC SIGNAL,CLEAR,DAYLIGHT,ANGLE,DRY,INJURY AND / OR TOW DUE TO CRASH,"$501 - $1,500",DISREGARDING TRAFFIC SIGNALS,2,INCAPACITATING INJURY,1.0,0.0,1.0,8,3,9,41.86734642,-87.62597476,"['09/05/2023', '08:40:00', 'AM']"
9f47dabe0b1f5cc8b21e73683563f7b917faaf55ac49d6d50b8da6ee6d76a0a7e60525649c56497df6f5489e80be9d1c874c7985a2a57904211d5f44fd350a89,2023-09-05 08:18:00,Tuesday,35,TRAFFIC SIGNAL,CLEAR,DAYLIGHT,PEDESTRIAN,UNKNOWN,INJURY AND / OR TOW DUE TO CRASH,"OVER $1,500",DISREGARDING TRAFFIC SIGNALS,2,INCAPACITATING INJURY,1.0,0.0,1.0,8,3,9,41.9309124,-87.78553954,"['09/05/2023', '08:18:00', 'AM']"
81629474f82b5ac07f74283ad19d436f2a64dc3919e6f63e3601a3d61b2bf5009e24f518eccbcd7ecd0ee502096046d24428c843ca808c81d05ad45a9ab63a71,2023-09-05 00:11:00,Tuesday,30,TRAFFIC SIGNAL,CLEAR,"DARKNESS, LIGHTED ROAD",REAR END,DRY,INJURY AND / OR TOW DUE TO CRASH,"$501 - $1,500",UNABLE TO DETERMINE,2,FATAL,1.0,1.0,0.0,0,3,9,41.75983384,-87.64442348,"['09/05/2023', '12:11:00', 'AM']"
1ad8cd95ca744a109882c32a7197e2fad59b4394d4d7f833848ba8a86219ed38f7d8bcdfecba8979cb8b32b0b035dc44f23291e14779ce7e9b126a54241f5db7,2023-09-05 00:09:00,Tuesday,35,TRAFFIC SIGNAL,CLEAR,"DARKNESS, LIGHTED ROAD",TURNING,DRY,INJURY AND / OR TOW DUE TO CRASH,"OVER $1,500",FAILING TO YIELD RIGHT-OF-WAY,2,INCAPACITATING INJURY,1.0,0.0,1.0,0,3,9,41.90951685,-87.7460484,"['09/05/2023', '12:09:00', 'AM']"
e37434548603ff5e3820d0f5bd30007d81b2395d02d64e2a16dfd4d3433a39773997224caac9ef11809d5fd7e2c4d7f6a06c20b646c3b9bc01d24fae3b21cc7d,2023-09-04 22:42:00,Monday,30,NO CONTROLS,CLEAR,"DARKNESS, LIGHTED ROAD",TURNING,DRY,INJURY AND / OR TOW DUE TO CRASH,"OVER $1,500",IMPROPER LANE USAGE,2,INCAPACITATING INJURY,4.0,0.0,2.0,22,2,9,41.80553478,-87.69427348,"['09/04/2023', '10:42:00', 'PM']"
3e770db328804c4612a6ee9e4f4215eda05d4d5828042111b469466a50dc6f04c15b263830fbaa2739c0b501e17c3413f80fc0fd090bc83249bbeb414949277b,2023-09-04 16:48:00,Monday,30,TRAFFIC SIGNAL,CLEAR,DAYLIGHT,ANGLE,DRY,INJURY AND / OR TOW DUE TO CRASH,"OVER $1,500",FAILING TO YIELD RIGHT-OF-WAY,2,INCAPACITATING INJURY,2.0,0.0,2.0,16,2,9,41.88775834,-87.62053742,"['09/04/2023', '04:48:00', 'PM']"
c483cf3a19d7dcd911ecd8372d538ae801aa4dab8911385dfa0141035e99aafc6a63e6a7f5ac1a942ff3dd891cd4ecae181b13f70f8b50ade43593a34a36ef8a,2023-09-04 14:00:00,Monday,30,TRAFFIC SIGNAL,CLEAR,DAYLIGHT,PEDESTRIAN,DRY,INJURY AND / OR TOW DUE TO CRASH,$500 OR LESS,UNABLE TO DETERMINE,2,INCAPACITATING INJURY,1.0,0.0,1.0,14,2,9,41.70724542,-87.62846799,"['09/04/2023', '02:00:00', 'PM']"
6a023267c4eb1efaefb121ec30496dfb1b39a910f4daabe21f815b997d2142cf1c72fed226779a2ec3638643d04ea91c077a19d6f0b19fbbc194b3093ed1f495,2023-09-04 13:13:00,Monday,30,TRAFFIC SIGNAL,CLEAR,DAYLIGHT,ANGLE,DRY,INJURY AND / OR TOW DUE TO CRASH,"OVER $1,500",DISREGARDING TRAFFIC SIGNALS,3,INCAPACITATING INJURY,5.0,0.0,2.0,13,2,9,41.76546476,-87.63473028,"['09/04/2023', '01:13:00', 'PM']"
29ebbaa1c83c1d0451c01bc7ffe436e5fe905e45a6b109bea50e41aeb7f7a96d4c4803e1d3b4a71e3ba065932ee4d915d7ac56bc9f5cb9813d7f6b6aaaa4db6e,2023-09-04 00:08:00,Monday,35,TRAFFIC SIGNAL,CLEAR,"DARKNESS, LIGHTED ROAD",PEDESTRIAN,DRY,INJURY AND / OR TOW DUE TO CRASH,"OVER $1,500",FAILING TO YIELD RIGHT-OF-WAY,2,INCAPACITATING INJURY,1.0,0.0,1.0,0,2,9,41.77912348,-87.6837831,"['09/04/2023', '12:08:00', 'AM']"
85828f465bc13625bf299152003cf6e0a6af9c1756206ca18006ac233412870c5220392017ab3781a442636fe36b2a313d76afb2c8597a38aa6734008287f140,2023-09-03 22:22:00,Sunday,30,NO CONTROLS,CLEAR,"DARKNESS, LIGHTED ROAD",PEDALCYCLIST,DRY,INJURY AND / OR TOW DUE TO CRASH,$500 OR LESS,IMPROPER OVERTAKING/PASSING,2,INCAPACITATING INJURY,1.0,0.0,1.0,22,1,9,41.94777404,-87.6760072,"['09/03/2023', '10:22:00', 'PM']"
63fcd5e2814a583ba641db1c3cdf5fe289b7f79cc627559f1e3cc3ada5cd2b761c40901705a67850f1ecd3e96fbade526b1d38ea0148e11a8df3f1be34cefe9d,2023-09-03 19:15:00,Sunday,30,TRAFFIC SIGNAL,CLEAR,DAYLIGHT,PEDESTRIAN,DRY,INJURY AND / OR TOW DUE TO CRASH,"$501 - $1,500",FAILING TO YIELD RIGHT-OF-WAY,2,INCAPACITATING INJURY,1.0,0.0,1.0,19,1,9,41.80917868,-87.6227517,"['09/03/2023', '07:15:00', 'PM']"
84ff8226b9ef6071bdb37e3b56116b78636c01f43d77719f161edac754310e27da5c77e5b47d7357dffbbf877e3c07839b4efd292669ae588091d21e3e92d0e1,2023-09-03 12:54:00,Sunday,30,STOP SIGN/FLASHER,CLEAR,DAYLIGHT,ANGLE,DRY,INJURY AND / OR TOW DUE TO CRASH,"OVER $1,500",FAILING TO YIELD RIGHT-OF-WAY,2,INCAPACITATING INJURY,1.0,0.0,1.0,12,1,9,41.80749721,-87.74574891,"['09/03/2023', '12:54:00', 'PM']"
568cb9638fab2fb5c4eef5f19fb54ab2601c892035ebfbcee06a2634ed01be8588fcb282f7615f464378a5bea508e5c15fc784ebe056e12c59d5c5f293494c44,2023-09-03 11:50:00,Sunday,30,TRAFFIC SIGNAL,CLEAR,DAYLIGHT,TURNING,DRY,INJURY AND / OR TOW DUE TO CRASH,"$501 - $1,500",IMPROPER TURNING/NO SIGNAL,2,INCAPACITATING INJURY,1.0,0.0,1.0,11,1,9,41.87717386,-87.72078414,"['09/03/2023', '11:50:00', 'AM']"
83a5fc772fe327c61fd6e1f5541e3002a1aef651fc765a54e68b21a3799fd0881d1249fcd9a8f2c73f229346ff6326d362cf4e171e9ab2a3916d0e9b26a1da6f,2023-09-03 11:42:00,Sunday,30,NO CONTROLS,CLEAR,DAYLIGHT,REAR END,DRY,INJURY AND / OR TOW DUE TO CRASH,"$501 - $1,500",IMPROPER LANE USAGE,2,INCAPACITATING INJURY,2.0,0.0,1.0,11,1,9,41.87694309,-87.62414295,"['09/03/2023', '11:42:00', 'AM']"
738199bd9c5c6505b41919a9576c919e03277e9a1ff0925fcc4d5b532029c003d63e2d08191b470ea40296cbc455c85b2c74dc7997e14d75fad45876ec3cc2ef,2023-09-03 11:09:00,Sunday,35,NO CONTROLS,CLEAR,DAYLIGHT,TURNING,DRY,INJURY AND / OR TOW DUE TO CRASH,"OVER $1,500",FAILING TO YIELD RIGHT-OF-WAY,2,INCAPACITATING INJURY,3.0,0.0,1.0,11,1,9,41.76588129,-87.72258716,"['09/03/2023', '11:09:00', 'AM']"
3c077d39285465c684aab65317482646523b27ce994d8c910e20a110f71e32524a566e4bfd27c44a01cf26eac6e5126866bb41724f57418b8d69d96ee980d588,2023-09-03 04:09:00,Sunday,30,NO CONTROLS,CLEAR,"DARKNESS, LIGHTED ROAD",FIXED OBJECT,DRY,INJURY AND / OR TOW DUE TO CRASH,"OVER $1,500",UNABLE TO DETERMINE,1,INCAPACITATING INJURY,1.0,0.0,1.0,4,1,9,41.7877968,-87.65485236,"['09/03/2023', '04:09:00', 'AM']"
fba4091e57ea42c0a5e3c7988396818a3e41347bca571716fb96ad3f61d83e919e05bb670719298c9a906e0b79b7612a630afeb602c0318f8313991b9ce0aecf,2023-09-03 00:38:00,Sunday,30,TRAFFIC SIGNAL,CLEAR,"DARKNESS, LIGHTED ROAD",ANGLE,DRY,INJURY AND / OR TOW DUE TO CRASH,"$501 - $1,500",UNABLE TO DETERMINE,2,INCAPACITATING INJURY,1.0,0.0,1.0,0,1,9,41.78050127,-87.5842785,"['09/03/2023', '12:38:00', 'AM']"
88725e3710e1a81675b36b8f0c08bec06c13f760d01538476998c01df30ad48a9698bc0776aa7f5b6320c1e35c96185792998f2235eeeccff090e0959565e7b8,2023-09-02 23:59:00,Saturday,35,NO CONTROLS,CLEAR,"DARKNESS, LIGHTED ROAD",FIXED OBJECT,DRY,INJURY AND / OR TOW DUE TO CRASH,"OVER $1,500",IMPROPER OVERTAKING/PASSING,2,FATAL,1.0,1.0,0.0,23,7,9,41.69702561,-87.62098488,"['09/02/2023', '11:59:00', 'PM']"
6eeb51127d6aef553c290f87fa5721df372893529d8e43ca1e6b1714bdd37a115304714a729325c26f9ab255889fed02726a71ed434de34b56bbf6e4d1271e00,2023-09-02 20:46:00,Saturday,35,TRAFFIC SIGNAL,CLEAR,"DARKNESS, LIGHTED ROAD",TURNING,DRY,INJURY AND / OR TOW DUE TO CRASH,"OVER $1,500",FAILING TO YIELD RIGHT-OF-WAY,2,INCAPACITATING INJURY,1.0,0.0,1.0,20,7,9,41.76924668,-87.61549896,"['09/02/2023', '08:46:00', 'PM']"
bc92e4b1fb4ebf6078163cf7c916a2585384d5d102eec56f41d67aff0a49abc10237d9220739e380a42913f0efce3694d7c26e08089e66298574d258cd991d4a,2023-09-02 20:34:00,Saturday,30,NO CONTROLS,CLEAR,DARKNESS,SIDESWIPE SAME DIRECTION,DRY,INJURY AND / OR TOW DUE TO CRASH,"OVER $1,500",FAILING TO REDUCE SPEED TO AVOID CRASH,2,FATAL,1.0,1.0,0.0,20,7,9,41.76925878,-87.61052286,"['09/02/2023', '08:34:00', 'PM']"
98001377ff731539d622297d729e9ad8c6e3ee54f139c93f80bd7ab0bc25b253a090a979fe88d902d3d73184036fe5c17e23e896d0a6d9979975f9147d1ba1b8,2023-09-02 16:23:00,Saturday,30,TRAFFIC SIGNAL,CLEAR,DAYLIGHT,ANGLE,DRY,INJURY AND / OR TOW DUE TO CRASH,"OVER $1,500",DISREGARDING TRAFFIC SIGNALS,3,FATAL,2.0,1.0,1.0,16,7,9,41.88064903,-87.72312472,"['09/02/2023', '04:23:00', 'PM']"
a005df30b5e3a83e2a2cafa9458f77578b73888c31c391c5f40000fb458fea0326ea7902358f71cab1f6ae2cc2d4ed7410ab632af2521ed1178b8f77f18b2e6f,2023-09-02 14:25:00,Saturday,15,NO CONTROLS,CLEAR,DAYLIGHT,PEDALCYCLIST,DRY,INJURY AND / OR TOW DUE TO CRASH,$500 OR LESS,DRIVING ON WRONG SIDE/WRONG WAY,2,INCAPACITATING INJURY,1.0,0.0,1.0,14,7,9,41.99206545,-87.70106607,"['09/02/2023', '02:25:00', 'PM']"
ea540d0b97ea7d56f6c2952696bc989bfcef0042ce7b6a79bc45309538a8b0d54164f3cdb8e9de88f5baf674680b3fec1e66c7b97710df090457a3219da8f3da,2023-09-02 13:25:00,Saturday,30,TRAFFIC SIGNAL,CLEAR,DAYLIGHT,REAR TO FRONT,DRY,INJURY AND / OR TOW DUE TO CRASH,"OVER $1,500",IMPROPER BACKING,2,INCAPACITATING INJURY,1.0,0.0,1.0,13,7,9,41.75083036,-87.6251802,"['09/02/2023', '01:25:00', 'PM']"
d7b73e54256b89b9772b0b538601c59346bc02a0d2670e99c30f70ce8d88fc241044b9f39c74729f94f7881c1bfacbd59b5e91b75143352307b8d5f18e87395a,2023-09-02 13:07:00,Saturday,30,TRAFFIC SIGNAL,CLEAR,DAYLIGHT,PEDALCYCLIST,DRY,INJURY AND / OR TOW DUE TO CRASH,"OVER $1,500",UNABLE TO DETERMINE,2,INCAPACITATING INJURY,1.0,0.0,1.0,13,7,9,41.88303658,-87.68663247,"['09/02/2023', '01:07:00', 'PM']"
dc818ae13ecd3250f0c7d7f322c2d7e2151af1b5f561e8b280e2715c801b5db791c33462ef2f6f064cf53f2f5e21d88adbb304df6243328df6339211a9971de6,2023-09-02 11:40:00,Saturday,30,NO CONTROLS,CLEAR,DAYLIGHT,HEAD ON,DRY,INJURY AND / OR TOW DUE TO CRASH,"OVER $1,500",UNABLE TO DETERMINE,3,INCAPACITATING INJURY,2.0,0.0,2.0,11,7,9,41.8839719,-87.72133648,"['09/02/2023', '11:40:00', 'AM']"
f02f2ef23d3335b6b56ebcb1242011d596bb3207b7a2084baa4d80e010c61644ea7b2e1695b370070a3b99eb85edeb23ac965f6880c77528dbde9244294614d1,2023-09-02 07:25:00,Saturday,30,TRAFFIC SIGNAL,CLEAR,DAYLIGHT,ANGLE,DRY,INJURY AND / OR TOW DUE TO CRASH,"OVER $1,500","VISION OBSCURED (SIGNS, TREE LIMBS, BUILDINGS, ETC.)",2,INCAPACITATING INJURY,4.0,0.0,1.0,7,7,9,41.89843149,-87.76069805,"['09/02/2023', '07:25:00', 'AM']"
7b35a8ec19ee462e363c2ccb7782cb4df3278c8ab90e36300cdfb40271b86f8906580e8229517d3a44b092d2accc636bc0586ff7ef74130dcae83d8128a91312,2023-09-02 05:19:00,Saturday,30,TRAFFIC SIGNAL,CLEAR,"DARKNESS, LIGHTED ROAD",PEDALCYCLIST,DRY,INJURY AND / OR TOW DUE TO CRASH,"OVER $1,500",DISREGARDING TRAFFIC SIGNALS,2,INCAPACITATING INJURY,1.0,0.0,1.0,5,7,9,41.88435242,-87.64728775,"['09/02/2023', '05:19:00', 'AM']"
69d033ab66fe0446efd3cc7bbc86f121e3eada33b193f5ab48726b4ed6ee2248e1179b0807f3ac9abeb218f99c97d66cbd2e214a31b6660e8425691e82124edb,2023-09-01 19:13:00,Friday,30,STOP SIGN/FLASHER,CLEAR,DUSK,OTHER OBJECT,DRY,INJURY AND / OR TOW DUE TO CRASH,"OVER $1,500",UNABLE TO DETERMINE,1,INCAPACITATING INJURY,1.0,0.0,1.0,19,6,9,41.69972769,-87.64510047,"['09/01/2023', '07:13:00', 'PM']"
b54b423d5db2a324873a4e83d15bce73defda5c3215c8540a0dfab615c11b58aa180cd4c9ebfe8a4dbf785e08c51d8ec19317c90cd5cbe37cbfb7df02603d319,2023-09-01 17:44:00,Friday,30,TRAFFIC SIGNAL,CLEAR,DAYLIGHT,TURNING,DRY,INJURY AND / OR TOW DUE TO CRASH,"OVER $1,500",DRIVING SKILLS/KNOWLEDGE/EXPERIENCE,2,INCAPACITATING INJURY,2.0,0.0,2.0,17,6,9,41.67367899,-87.55939861,"['09/01/2023', '05:44:00', 'PM']"
7110a97242dff4849db54aae8db51b6b8c7f8d502e851ca6d57922c36197bbfc26d410b11e6c5e72d1f40002d5f20963ff8031cfba0ca444e51ea11ab0af0e03,2023-09-01 17:23:00,Friday,40,NO CONTROLS,CLEAR,DAYLIGHT,OVERTURNED,DRY,INJURY AND / OR TOW DUE TO CRASH,"OVER $1,500",UNABLE TO DETERMINE,1,INCAPACITATING INJURY,2.0,0.0,2.0,17,6,9,41.94046617,-87.63806729,"['09/01/2023', '05:23:00', 'PM']"
0b9d4e789a82296f111bf0256ae9f65f37a2b8a906bc94e4f764ba12307c3158c255b19ecb8feac85c8ec8453b4192f9e739be7ae56d30a1467f0ace13ab5db9,2023-09-01 16:15:00,Friday,30,NO CONTROLS,CLEAR,DAYLIGHT,HEAD ON,DRY,INJURY AND / OR TOW DUE TO CRASH,"OVER $1,500",UNABLE TO DETERMINE,3,FATAL,2.0,1.0,0.0,16,6,9,41.89478342,-87.70638596,"['09/01/2023', '04:15:00', 'PM']"
71cc42d19eccf17fb1172f94b9798634cf21dfc551985ab0be6945c82cd9c60d227da94eda2ef786e7f3027f4a27b57601a297ebfda893623b1e1af1286191ca,2023-09-01 15:45:00,Friday,30,NO CONTROLS,CLEAR,DAYLIGHT,TURNING,DRY,INJURY AND / OR TOW DUE TO CRASH,"$501 - $1,500",UNABLE TO DETERMINE,2,INCAPACITATING INJURY,2.0,0.0,1.0,15,6,9,41.75596017,-87.72201439,"['09/01/2023', '03:45:00', 'PM']"
be012db9f8f4bc4938d2cbd56f24dee17935a1a466c54e36e2cfc6530e264a41b156db085bc4467693b0efd90651f5d1084424c806a493b02007215e37755063,2023-09-01 13:39:00,Friday,35,TRAFFIC SIGNAL,CLEAR,DAYLIGHT,TURNING,DRY,INJURY AND / OR TOW DUE TO CRASH,"OVER $1,500",UNABLE TO DETERMINE,2,FATAL,2.0,1.0,0.0,13,6,9,41.72245497,-87.57067381,"['09/01/2023', '01:39:00', 'PM']"
625b0b4aa396d80025e321ba61875f37a9708aea37bb99ed55779b2f00fd90a538c953627ef8bd518f761d10d0f1d77b491b23db2f08dfd7f1c65ac33778e467,2023-09-01 07:20:00,Friday,30,NO CONTROLS,CLEAR,DAYLIGHT,PEDALCYCLIST,DRY,INJURY AND / OR TOW DUE TO CRASH,$500 OR LESS,UNABLE TO DETERMINE,3,INCAPACITATING INJURY,2.0,0.0,2.0,7,6,9,41.77580751,-87.72253999,"['09/01/2023', '07:20:00', 'AM']"
3d2816fd83079d7edc63a00dbc309d04bddbc133f829fb316cbb9ed87f737f030c66583fc8a2c08d620b5464c9ccb6e96f763684b936d2c9974caf071ea0f05d,2023-08-31 20:15:00,Thursday,30,TRAFFIC SIGNAL,CLEAR,DUSK,HEAD ON,DRY,INJURY AND / OR TOW DUE TO CRASH,"OVER $1,500",DRIVING ON WRONG SIDE/WRONG WAY,2,INCAPACITATING INJURY,3.0,0.0,3.0,20,5,8,41.83466277,-87.61753527,"['08/31/2023', '08:15:00', 'PM']"
8928464778626b72aceea674773c2e0fd6aa57e43b52d0d771e2498f068b647dc45b7ac2d8491d283fe5ec8d82cae2f32eace1b4d05d03f9e4f7249ee4b04b3f,2023-08-31 16:30:00,Thursday,30,NO CONTROLS,CLEAR,DAYLIGHT,PEDALCYCLIST,DRY,INJURY AND / OR TOW DUE TO CRASH,$500 OR LESS,FAILING TO YIELD RIGHT-OF-WAY,2,INCAPACITATING INJURY,1.0,0.0,1.0,16,5,8,41.92129403,-87.67734948,"['08/31/2023', '04:30:00', 'PM']"
14a477243f6ece6a22429112db422e1218669535a274e9c8139d73fbe7377a88bbbe05b1672a4f130be5c4671ee40dfeaed62332478863ad89b812b0df9aff99,2023-08-31 13:53:00,Thursday,20,STOP SIGN/FLASHER,CLEAR,DAYLIGHT,PEDALCYCLIST,DRY,INJURY AND / OR TOW DUE TO CRASH,"OVER $1,500",UNABLE TO DETERMINE,2,INCAPACITATING INJURY,1.0,0.0,1.0,13,5,8,41.86026344,-87.61410289,"['08/31/2023', '01:53:00', 'PM']"
2630d348e58ca808b8d84a552ba5d271c57d6ff6c451d5e351fd1fb2c004fd761b2850bce5ba00953de2e36bf2822ce13f3d327cbd4cf10c6163751e00fcae5c,2023-08-31 07:25:00,Thursday,30,NO CONTROLS,CLEAR,DAYLIGHT,ANGLE,DRY,INJURY AND / OR TOW DUE TO CRASH,"OVER $1,500","VISION OBSCURED (SIGNS, TREE LIMBS, BUILDINGS, ETC.)",2,INCAPACITATING INJURY,1.0,0.0,1.0,7,5,8,41.93272436,-87.80262467,"['08/31/2023', '07:25:00', 'AM']"
12acd840a11d06b773e994d93767e8d60353e8673d2070160897538af53125e6757e6d2efe9d841b860638a7388f24cd75a44904913a32d8943e96226248b293,2023-08-30 21:17:00,Wednesday,30,TRAFFIC SIGNAL,CLEAR,"DARKNESS, LIGHTED ROAD",PEDESTRIAN,DRY,INJURY AND / OR TOW DUE TO CRASH,"OVER $1,500",DISREGARDING TRAFFIC SIGNALS,2,INCAPACITATING INJURY,1.0,0.0,1.0,21,4,8,41.8845434,-87.64233139,"['08/30/2023', '09:17:00', 'PM']"
6e316c73ee69c4c2cd6aa34229b73e95acc0c1afc80fa82f87730783702aa7e2e9187f3f9d63a49d40d550e1e14e3638220172c533f4d1e587389637289f8f31,2023-08-30 20:47:00,Wednesday,30,TRAFFIC SIGNAL,CLEAR,"DARKNESS, LIGHTED ROAD",PEDESTRIAN,DRY,INJURY AND / OR TOW DUE TO CRASH,"OVER $1,500",FAILING TO YIELD RIGHT-OF-WAY,2,INCAPACITATING INJURY,1.0,0.0,1.0,20,4,8,41.74415164,-87.58594507,"['08/30/2023', '08:47:00', 'PM']"
25c907db2b9199db8196192818d1ba8e1f88096c545c28ecd9db47039ebee1b0b1672baca022a08ca28340dbffde066abd11354b9e0cbb66d05c3e2fcafea270,2023-08-30 20:43:00,Wednesday,30,STOP SIGN/FLASHER,CLEAR,"DARKNESS, LIGHTED ROAD",ANGLE,DRY,INJURY AND / OR TOW DUE TO CRASH,"OVER $1,500",DISREGARDING STOP SIGN,2,INCAPACITATING INJURY,1.0,0.0,1.0,20,4,8,41.94601349,-87.75952443,"['08/30/2023', '08:43:00', 'PM']"
1268a05718a84c8e964e6cb0212f4a20ff0965af146c5c017c647b48c50625cc1ec2af50f59b8ca4a22774fc3f55926b5f9045795f73635b8d8b8e4b6957ed21,2023-08-30 19:24:00,Wednesday,35,TRAFFIC SIGNAL,CLEAR,DAYLIGHT,PEDESTRIAN,DRY,INJURY AND / OR TOW DUE TO CRASH,$500 OR LESS,"OPERATING VEHICLE IN ERRATIC, RECKLESS, CARELESS, NEGLIGENT OR AGGRESSIVE MANNER",2,INCAPACITATING INJURY,2.0,0.0,1.0,19,4,8,41.73554474,-87.67280128,"['08/30/2023', '07:24:00', 'PM']"
cb08559e9f5ad259b0f87e35af73a53b6ce08628e567ee7145ffa1922e0920c22a1517fa277b979e6ee8ee2a606425dcdd34a6b0a6834e1885a86f34a57f364c,2023-08-30 17:53:00,Wednesday,30,NO CONTROLS,CLEAR,DAYLIGHT,PEDESTRIAN,DRY,INJURY AND / OR TOW DUE TO CRASH,"OVER $1,500","VISION OBSCURED (SIGNS, TREE LIMBS, BUILDINGS, ETC.)",2,INCAPACITATING INJURY,1.0,0.0,1.0,17,4,8,41.88541839,-87.72708497,"['08/30/2023', '05:53:00', 'PM']"
a8eb27431511ca4642cd0165df39212c0504242e3b6718fbaf1f1471e147ae87c68002fcad863161d844cc70a84027c3889b93c3b046dc19b22109b79b5b2d8a,2023-08-30 16:20:00,Wednesday,30,TRAFFIC SIGNAL,CLEAR,DAYLIGHT,TURNING,DRY,INJURY AND / OR TOW DUE TO CRASH,"$501 - $1,500",UNABLE TO DETERMINE,2,INCAPACITATING INJURY,1.0,0.0,1.0,16,4,8,41.75120293,-87.61510764,"['08/30/2023', '04:20:00', 'PM']"
1a549e7f2ea72401ae9ec5567660c7163827c32b0a36e1085304b6def65aacf0f8e9e29f11dcec932ab4e84d5176e51dfdadd8a1326f4693a56c4fcfa15ab7a8,2023-08-30 15:20:00,Wednesday,30,STOP SIGN/FLASHER,CLEAR,DAYLIGHT,ANGLE,DRY,INJURY AND / OR TOW DUE TO CRASH,"OVER $1,500",FAILING TO YIELD RIGHT-OF-WAY,3,INCAPACITATING INJURY,1.0,0.0,1.0,15,4,8,41.94337176,-87.75695846,"['08/30/2023', '03:20:00', 'PM']"
9ec42bad3d9db4a372a2abaf8c38f32fd470bf1475a0dd3d2f8d35fef794d35aa1ac5857f8423569310fa6e97e1883c93b59824bc8eb9175dfcdd1c0553f6174,2023-08-30 15:10:00,Wednesday,30,TRAFFIC SIGNAL,CLEAR,DAYLIGHT,TURNING,DRY,INJURY AND / OR TOW DUE TO CRASH,"OVER $1,500",FAILING TO YIELD RIGHT-OF-WAY,3,INCAPACITATING INJURY,3.0,0.0,2.0,15,4,8,41.75192381,-87.58595914,"['08/30/2023', '03:10:00', 'PM']"