CRASH_RECORD_ID,CRASH_DATE,Weekday,POSTED_SPEED_LIMIT,TRAFFIC_CONTROL_DEVICE,WEATHER_CONDITION,LIGHTING_CONDITION,FIRST_CRASH_TYPE,ROADWAY_SURFACE_COND,CRASH_TYPE,DAMAGE,PRIM_CONTRIBUTORY_CAUSE,NUM_UNITS,MOST_SEVERE_INJURY,INJURIES_TOTAL,INJURIES_FATAL,INJURIES_INCAPACITATING,CRASH_HOUR,CRASH_DAY_OF_WEEK,CRASH_MONTH,LATITUDE,LONGITUDE,CRASH_TIME
31728eb0f0395a00485d5aef9d9193dff2c22b2db06c7327808cb434c2917ef77cda5b61a6f548c519aa5ce3fcd1b28c70fa892fbbf1d0f40f8be093a05321d5,2023-08-13 15:29:00,Sunday,25,TRAFFIC SIGNAL,UNKNOWN,DAYLIGHT,REAR TO FRONT,UNKNOWN,INJURY AND / OR TOW DUE TO CRASH,"OVER $1,500",FAILING TO REDUCE SPEED TO AVOID CRASH,2,INCAPACITATING INJURY,2.0,0.0,2.0,15,1,8,41.69977059,-87.62794016,"['08/13/2023', '03:29:00', 'PM']"
a057f72d23574fc073ec077fcb48aaa0fd684f2c8ac025e9ff4fdea61c7e0981e048825d46130d36a229a20f0ac4d895c445a39ab2584c43fc0dea766b60212c,2023-08-13 02:19:00,Sunday,30,TRAFFIC SIGNAL,CLEAR,"DARKNESS, LIGHTED ROAD",PEDESTRIAN,DRY,INJURY AND / OR TOW DUE TO CRASH,"$501 - $1,500","EVASIVE ACTION DUE TO ANIMAL, OBJECT, NONMOTORIST",2,INCAPACITATING INJURY,1.0,0.0,1.0,2,1,8,41.79406846,-87.63176508,"['08/13/2023', '02:19:00', 'AM']"
7de95ee1d819046dee66df28f2e5bd8c587d09021d19f43332770a1f1a2b1d8f85f5abaaf537a87eef1fc94ac0d1da72c562ecec4a1eb2813062512e39e484f1,2023-08-13 01:53:00,Sunday,30,TRAFFIC SIGNAL,CLEAR,"DARKNESS, LIGHTED ROAD",SIDESWIPE SAME DIRECTION,DRY,INJURY AND / OR TOW DUE TO CRASH,"OVER $1,500",FAILING TO REDUCE SPEED TO AVOID CRASH,2,INCAPACITATING INJURY,1.0,0.0,1.0,1,1,8,41.87620942,-87.6724963,"['08/13/2023', '01:53:00', 'AM']"
9e11b1a266cf2d15bad869140e5ee243ee3f981c837ce41508fc41459222e00f9c94e1d903dc70c2f5bba68def2ecd9568c925fcd0a81f02a82104332340510b,2023-08-12 22:00:00,Saturday,30,NO CONTROLS,CLEAR,"DARKNESS, LIGHTED ROAD",PARKED MOTOR VEHICLE,DRY,INJURY AND / OR TOW DUE TO CRASH,"OVER $1,500",UNABLE TO DETERMINE,2,INCAPACITATING INJURY,9.0,0.0,3.0,22,7,8,41.80524345,-87.6836285,"['08/12/2023', '10:00:00', 'PM']"
a073ffd1e06fafa3916e0cbb55d0507cebe3a59d9a74bdd0679458025814a5f3c581414c35f4d01057aa677ebba396a0f18a34f2bab8c8c2d628f1fb0d101c24,2023-08-12 20:45:00,Saturday,30,TRAFFIC SIGNAL,CLEAR,"DARKNESS, LIGHTED ROAD",ANGLE,DRY,INJURY AND / OR TOW DUE TO CRASH,"OVER $1,500",FAILING TO YIELD RIGHT-OF-WAY,3,INCAPACITATING INJURY,2.0,0.0,1.0,20,7,8,41.69255566,-87.61842881,"['08/12/2023', '08:45:00', 'PM']"
ef962445e1d5842b2045cd0f573cd70806f0fdb2f3baaa1abe467da1cad066c9d4e6a2cd4f0f4d90a68f66705cdcd662815ceb584b3f2f758c2d746815026a6f,2023-08-12 15:49:00,Saturday,30,NO CONTROLS,CLEAR,DAYLIGHT,PEDESTRIAN,DRY,INJURY AND / OR TOW DUE TO CRASH,"$501 - $1,500",FAILING TO YIELD RIGHT-OF-WAY,2,INCAPACITATING INJURY,1.0,0.0,1.0,15,7,8,41.72053323,-87.53543497,"['08/12/2023', '03:49:00', 'PM']"
a91321277496746be5808cea0302854d39435064665bb04d855adcc24ce294f780d9307dd02b8a024beb4e93a566d4d075a926daa703a9641001ab9b07fae4bf,2023-08-12 11:20:00,Saturday,30,NO CONTROLS,CLEAR,DAYLIGHT,SIDESWIPE OPPOSITE DIRECTION,DRY,INJURY AND / OR TOW DUE TO CRASH,"$501 - $1,500",IMPROPER OVERTAKING/PASSING,2,INCAPACITATING INJURY,1.0,0.0,1.0,11,7,8,41.90339206,-87.67137668,"['08/12/2023', '11:20:00', 'AM']"
9a52939a6b1f0698a16a62ff9892658f0e1af128f522fbaa6f90f040ac700f8c75bb1fca55f0d476523b59a332d0eb8f9fecc30e171bbac647acce96961c3765,2023-08-12 04:00:00,Saturday,30,NO CONTROLS,CLEAR,"DARKNESS, LIGHTED ROAD",PARKED MOTOR VEHICLE,DRY,INJURY AND / OR TOW DUE TO CRASH,"OVER $1,500",DISTRACTION - FROM INSIDE VEHICLE,2,INCAPACITATING INJURY,1.0,0.0,1.0,4,7,8,41.74415343,-87.72002837,"['08/12/2023', '04:00:00', 'AM']"
9b4c9e42566fa15f129caa62168687b01e88f01629c6b12bd51eeb866ecee1e566cab5527ad09293a9219310bb0d4bdc9c7413dee3192dba7acf92867319d573,2023-08-12 00:15:00,Saturday,30,NO CONTROLS,CLEAR,"DARKNESS, LIGHTED ROAD",PEDALCYCLIST,DRY,INJURY AND / OR TOW DUE TO CRASH,"OVER $1,500",UNABLE TO DETERMINE,2,INCAPACITATING INJURY,1.0,0.0,1.0,0,7,8,41.91746584,-87.71068563,"['08/12/2023', '12:15:00', 'AM']"
dbf4f322705fcba264600cbb961932fc9e5bc1c435d2aee7b9ec10a410d8155c71eafec6240c21fcfa1918947b1eb8af611c278787b23b638e5a60dbfff482da,2023-08-11 21:04:00,Friday,30,NO CONTROLS,CLEAR,DARKNESS,PEDESTRIAN,UNKNOWN,INJURY AND / OR TOW DUE TO CRASH,"OVER $1,500",UNABLE TO DETERMINE,2,INCAPACITATING INJURY,1.0,0.0,1.0,21,6,8,42.01939474,-87.6860205,"['08/11/2023', '09:04:00', 'PM']"
fae2e152611d5bd77a6412fdf7b995d5036cc9af38bd2d01854c22af3b5c0ff1be0cee3b6a2ddf62b100aa3a3b44cf7ee78510d9cae51447a6654e4b360ff21e,2023-08-11 20:17:00,Friday,30,NO CONTROLS,CLEAR,"DARKNESS, LIGHTED ROAD",PEDESTRIAN,DRY,INJURY AND / OR TOW DUE TO CRASH,"OVER $1,500",FAILING TO YIELD RIGHT-OF-WAY,2,INCAPACITATING INJURY,1.0,0.0,1.0,20,6,8,41.77221407,-87.67135859,"['08/11/2023', '08:17:00', 'PM']"
1312759012620e98501252e4615f1709dee3ced53bbed1bb10becb7c9be3160fd172461f948f35b503dcccd99b75d14e96f3522e6a13162a5e06b5dcbd501c39,2023-08-11 17:30:00,Friday,30,NO CONTROLS,CLEAR,DAYLIGHT,FIXED OBJECT,DRY,INJURY AND / OR TOW DUE TO CRASH,"OVER $1,500",UNABLE TO DETERMINE,1,INCAPACITATING INJURY,3.0,0.0,1.0,17,6,8,41.73711597,-87.57922532,"['08/11/2023', '05:30:00', 'PM']"
ad6af32ec787d9ab24283c7501e60b7c2f9e68781b27fbc0fc38ab0f64aef36146129a2a41fd8952c6e886b160fbcc2a9a76fde1b0440b5e9daa02ab5888baf3,2023-08-11 13:30:00,Friday,30,TRAFFIC SIGNAL,CLEAR,DAYLIGHT,TURNING,DRY,INJURY AND / OR TOW DUE TO CRASH,$500 OR LESS,IMPROPER LANE USAGE,2,INCAPACITATING INJURY,1.0,0.0,1.0,13,6,8,41.88810277,-87.62440629,"['08/11/2023', '01:30:00', 'PM']"
62c93a1812ff9149a87bd40dd62f5658f7d79db3be2f1a62797723a758636dda353b9e4a7a9fd8f92d95b816f17e6ea58b4daca1e2d10ebd84bfb0778b9ac26e,2023-08-11 11:09:00,Friday,15,NO CONTROLS,CLEAR,DAYLIGHT,SIDESWIPE OPPOSITE DIRECTION,WET,INJURY AND / OR TOW DUE TO CRASH,"OVER $1,500",DRIVING SKILLS/KNOWLEDGE/EXPERIENCE,2,INCAPACITATING INJURY,1.0,0.0,1.0,11,6,8,41.80847456,-87.68428004,"['08/11/2023', '11:09:00', 'AM']"
8028bb2a5b79a3ebfcdaa48832185fd005b010421b9fcc698f713be3b58b08e3e8353dbc93e9c3a4d6785a0086bf4b2bf81381c3f3d0b7fb9ea6093cfba9a744,2023-08-11 06:30:00,Friday,30,NO CONTROLS,CLEAR,DAYLIGHT,FIXED OBJECT,DRY,INJURY AND / OR TOW DUE TO CRASH,"OVER $1,500",UNABLE TO DETERMINE,1,INCAPACITATING INJURY,1.0,0.0,1.0,6,6,8,41.8817201,-87.71619305,"['08/11/2023', '06:30:00', 'AM']"
07c05ce3437ad8c1d4e207eb48aa71cfb7e3f27cd2cc0d088346b7a81c9541dfb73b47ae755ce0cee4b8ed17142baa9765c6f00c3ab79a5c70064615a0e1405a,2023-08-10 23:30:00,Thursday,30,NO CONTROLS,CLEAR,"DARKNESS, LIGHTED ROAD",PARKED MOTOR VEHICLE,DRY,INJURY AND / OR TOW DUE TO CRASH,"OVER $1,500",PHYSICAL CONDITION OF DRIVER,2,FATAL,1.0,1.0,0.0,23,5,8,41.74294292,-87.62416621,"['08/10/2023', '11:30:00', 'PM']"
0be6f0ce3abb48a4cf64bfc5b1c8ccd646015b2cd318ca666f78fd1abbeccd383e9562fd35309441751fcc7ca33f0700bc4cb9ae225776371d7d523b8acd47ac,2023-08-10 10:19:00,Thursday,30,TRAFFIC SIGNAL,CLEAR,DAYLIGHT,REAR END,DRY,INJURY AND / OR TOW DUE TO CRASH,"OVER $1,500",FOLLOWING TOO CLOSELY,2,INCAPACITATING INJURY,1.0,0.0,1.0,10,5,8,41.95671198,-87.78685115,"['08/10/2023', '10:19:00', 'AM']"
9d047e1189662f9331885741c530ace9d93e0e120a6a8561fdf7a84249c632bbb7a788cfd35ff71724f65dee27a983cfaa36dfb643efffd8e38c274fbec21f9e,2023-08-09 17:19:00,Wednesday,30,TRAFFIC SIGNAL,CLEAR,DAYLIGHT,TURNING,DRY,INJURY AND / OR TOW DUE TO CRASH,"OVER $1,500",FAILING TO YIELD RIGHT-OF-WAY,2,INCAPACITATING INJURY,1.0,0.0,1.0,17,4,8,41.90334288,-87.66065171,"['08/09/2023', '05:19:00', 'PM']"
17fcac8755c5e0991f33048c217855c073edd24f73a499c84d6346133eb70b6a57ef09d066f67cd78d1a665a424d8ed25ad554fe26f0defe97bf354249c0eaa9,2023-08-09 14:55:00,Wednesday,30,NO CONTROLS,CLEAR,DAYLIGHT,TURNING,DRY,INJURY AND / OR TOW DUE TO CRASH,"OVER $1,500",IMPROPER OVERTAKING/PASSING,2,INCAPACITATING INJURY,2.0,0.0,1.0,14,4,8,41.90205593,-87.763679,"['08/09/2023', '02:55:00', 'PM']"
845280991d5f3abe3b608893f6f13144a323e8508728798fa1ec485977b6f2abee122cfda2c275e22a395cd84c824314582a0d2a2d31f50a577a245a6c999cfe,2023-08-09 08:35:00,Wednesday,30,TRAFFIC SIGNAL,CLEAR,DAYLIGHT,ANGLE,DRY,INJURY AND / OR TOW DUE TO CRASH,"OVER $1,500",DISREGARDING TRAFFIC SIGNALS,4,INCAPACITATING INJURY,1.0,0.0,1.0,8,4,8,41.95446358,-87.6642994,"['08/09/2023', '08:35:00', 'AM']"
0db0d952f75ef09c1e864c30012235ce7b571e6bf126823bbaec0c4087e2b66684e4bf72e24e1547a97fad94d753de687e700bc6a0296ec2c71758dfa3c55e16,2023-08-08 20:17:00,Tuesday,30,TRAFFIC SIGNAL,CLEAR,"DARKNESS, LIGHTED ROAD",TURNING,DRY,INJURY AND / OR TOW DUE TO CRASH,"OVER $1,500",DISREGARDING TRAFFIC SIGNALS,2,INCAPACITATING INJURY,1.0,0.0,1.0,20,3,8,41.80868788,-87.65538678,"['08/08/2023', '08:17:00', 'PM']"
2f86f1a2d031d212b9062bd644e8395504e14292dd82045218f77d55101c6e35b92cf73f5e465075b0db692544154af5b713305934ce06d6b2c9ee792d480783,2023-08-08 07:55:00,Tuesday,30,TRAFFIC SIGNAL,CLEAR,DAYLIGHT,ANGLE,DRY,INJURY AND / OR TOW DUE TO CRASH,"OVER $1,500",UNABLE TO DETERMINE,2,INCAPACITATING INJURY,1.0,0.0,1.0,7,3,8,41.89579071,-87.6776269,"['08/08/2023', '07:55:00', 'AM']"
a24b37f528aa7445677f5a2f247fec7eedc831afeca24ba7dac37cc2dc5417c3b333e9d05ac668dda8e56230797785424d6b80cc52eb373dfc2620d61c2f2f1a,2023-08-07 22:13:00,Monday,30,TRAFFIC SIGNAL,CLEAR,"DARKNESS, LIGHTED ROAD",PEDALCYCLIST,DRY,INJURY AND / OR TOW DUE TO CRASH,"OVER $1,500",UNABLE TO DETERMINE,2,INCAPACITATING INJURY,1.0,0.0,1.0,22,2,8,41.81169325,-87.70916517,"['08/07/2023', '10:13:00', 'PM']"
8af267062cb76d63820c9a60f153521acae067fec221d1a3ff02d61e838626d92798e7f041388be393421512ac4be44dec3046dd9dc635f9b91b7674dd25c798,2023-08-07 17:30:00,Monday,30,TRAFFIC SIGNAL,CLEAR,DAYLIGHT,TURNING,DRY,INJURY AND / OR TOW DUE TO CRASH,"OVER $1,500",DISREGARDING TRAFFIC SIGNALS,3,INCAPACITATING INJURY,1.0,0.0,1.0,17,2,8,41.83727705,-87.69517225,"['08/07/2023', '05:30:00', 'PM']"
4b82c83babc6f9902cfb80f8b6abf6a115a5041a096290964778ff73a640515bf1210aeeadd30fd5a1ec54c35300705da765e1aff5566005a23d25096b4e531d,2023-08-07 08:40:00,Monday,35,NO CONTROLS,CLEAR,DAYLIGHT,HEAD ON,DRY,INJURY AND / OR TOW DUE TO CRASH,"OVER $1,500",IMPROPER OVERTAKING/PASSING,3,INCAPACITATING INJURY,4.0,0.0,2.0,8,2,8,41.77565667,-87.57527208,"['08/07/2023', '08:40:00', 'AM']"
044101efeb6237c3901cc8e360d22d841023aec77896482697886eedfae93054cc3eca40e79bdcca67c5aac011db5a589ebe43024b6bf606933c1a0bd7901b4a,2023-08-07 01:35:00,Monday,30,TRAFFIC SIGNAL,CLEAR,"DARKNESS, LIGHTED ROAD",PEDALCYCLIST,DRY,INJURY AND / OR TOW DUE TO CRASH,"OVER $1,500",DISREGARDING TRAFFIC SIGNALS,2,INCAPACITATING INJURY,1.0,0.0,1.0,1,2,8,41.88996409,-87.63239972,"['08/07/2023', '01:35:00', 'AM']"
ed19bdc54ba580c2df553c69e749171393d858bcb4dd8ccac336c56b997d81e1ae8de4b086e45cc3c1d8cd379b3a4afc0f416404f2c4c23731db2bb74472f09d,2023-08-06 20:08:00,Sunday,10,NO CONTROLS,CLEAR,DARKNESS,PEDESTRIAN,DRY,INJURY AND / OR TOW DUE TO CRASH,$500 OR LESS,UNABLE TO DETERMINE,2,INCAPACITATING INJURY,1.0,0.0,1.0,20,1,8,41.90612788,-87.72655403,"['08/06/2023', '08:08:00', 'PM']"
6facecbfb9822956633f0ed2751bafe72cc01b94fb352f1e57bbb025191ec79a78ec8c59609eb06b6d3f2023b5b3a1f933c55c9846c488764f61548e8fa59e90,2023-08-06 04:10:00,Sunday,30,TRAFFIC SIGNAL,RAIN,"DARKNESS, LIGHTED ROAD",PEDESTRIAN,WET,INJURY AND / OR TOW DUE TO CRASH,"OVER $1,500",NOT APPLICABLE,2,INCAPACITATING INJURY,1.0,0.0,1.0,4,1,8,41.88727017,-87.76525463,"['08/06/2023', '04:10:00', 'AM']"
e68530d6e2907a7e71d02f49bea6c9056c47137a62e93032b19e948bc069ee81a585a6a5754c187889a7b71d569622fda89aca0c5900aa52bae385550d216739,2023-08-06 03:20:00,Sunday,55,NO CONTROLS,RAIN,"DARKNESS, LIGHTED ROAD",FIXED OBJECT,WET,INJURY AND / OR TOW DUE TO CRASH,"OVER $1,500",DRIVING ON WRONG SIDE/WRONG WAY,1,INCAPACITATING INJURY,1.0,0.0,1.0,3,1,8,41.82643333,-87.6013974,"['08/06/2023', '03:20:00', 'AM']"
731a21edaff7ff2c6218ce0add496c8746ddc187294b9744c48e60dc1f63d923c1b1cdcf01c76d723ff1db621dbaf80e26ecba547fd61ab1b38406f472e4fb71,2023-08-06 01:20:00,Sunday,30,TRAFFIC SIGNAL,RAIN,"DARKNESS, LIGHTED ROAD",SIDESWIPE OPPOSITE DIRECTION,WET,INJURY AND / OR TOW DUE TO CRASH,"OVER $1,500",WEATHER,2,INCAPACITATING INJURY,3.0,0.0,2.0,1,1,8,41.90806124,-87.73149794,"['08/06/2023', '01:20:00', 'AM']"
60487e07a14fea930ca0d6c8f064ca6366079346137e47216b739780cbe6cfc07e893e596ab68229d87c5817ce8468796238775d8edd2106e4cd3fb6541e6138,2023-08-05 22:18:00,Saturday,30,NO CONTROLS,RAIN,"DARKNESS, LIGHTED ROAD",SIDESWIPE OPPOSITE DIRECTION,WET,INJURY AND / OR TOW DUE TO CRASH,"OVER $1,500",DRIVING ON WRONG SIDE/WRONG WAY,2,INCAPACITATING INJURY,1.0,0.0,1.0,22,7,8,41.77438394,-87.63015887,"['08/05/2023', '10:18:00', 'PM']"
6149418a320d424960f0a0907bc48a9b0cb9fea43ea325b6ed843f0a27d4fed1a2afbfabc2d6e4f9548146dd49a07cbeffc63e716e5eecb85743c0a2841666d3,2023-08-05 15:30:00,Saturday,30,NO CONTROLS,CLEAR,DAYLIGHT,PEDESTRIAN,UNKNOWN,INJURY AND / OR TOW DUE TO CRASH,$500 OR LESS,UNABLE TO DETERMINE,2,INCAPACITATING INJURY,1.0,0.0,1.0,15,7,8,41.90005342,-87.62786082,"['08/05/2023', '03:30:00', 'PM']"
a1b954c5743872e0d8a8ae481ab97883d6b828fe547f36477c0e40539c68622d5443c0ec7e73b269a39b7946e6bb3d1452103505a4f7c65065d167b620b6e4d9,2023-08-05 13:02:00,Saturday,30,TRAFFIC SIGNAL,RAIN,DAYLIGHT,SIDESWIPE SAME DIRECTION,WET,INJURY AND / OR TOW DUE TO CRASH,"OVER $1,500",UNABLE TO DETERMINE,2,INCAPACITATING INJURY,1.0,0.0,1.0,13,7,8,41.8805306,-87.73290105,"['08/05/2023', '01:02:00', 'PM']"
c7859842b44d567cb8f335af4727497a8f53e979d0a503cf3bf8529c3da0cc731c45e5ea808e430aba3370fccc39bcfc61e0bb0078e6e871c9afc2185b27cfb3,2023-08-05 02:02:00,Saturday,0,NO CONTROLS,CLEAR,"DARKNESS, LIGHTED ROAD",FIXED OBJECT,DRY,INJURY AND / OR TOW DUE TO CRASH,"$501 - $1,500",FAILING TO REDUCE SPEED TO AVOID CRASH,1,INCAPACITATING INJURY,1.0,0.0,1.0,2,7,8,41.9141555,-87.67739788,"['08/05/2023', '02:02:00', 'AM']"
6da6af2917a6375fb09af5ecf2bda5ec3f548bc07fa1e887f47a8a887ca1293e12cd3e30f0bb1f55577c840d65458bb5b88785aeaae1e0ee0a69c7af7f613a91,2023-08-04 22:25:00,Friday,30,TRAFFIC SIGNAL,CLEAR,"DARKNESS, LIGHTED ROAD",PEDESTRIAN,DRY,INJURY AND / OR TOW DUE TO CRASH,"OVER $1,500",FAILING TO YIELD RIGHT-OF-WAY,2,INCAPACITATING INJURY,1.0,0.0,1.0,22,6,8,41.90323582,-87.66755407,"['08/04/2023', '10:25:00', 'PM']"
bea22811c74b74a2b0eca818ae7b70ce2f33731e3c9d4822bd024bb331d2b2d0dba6864f3dd24a33b633329af8b44b3f60e723772d64350294abd44e24653ec0,2023-08-04 20:15:00,Friday,30,NO CONTROLS,CLEAR,DAWN,PARKED MOTOR VEHICLE,DRY,INJURY AND / OR TOW DUE TO CRASH,"$501 - $1,500",NOT APPLICABLE,2,INCAPACITATING INJURY,1.0,0.0,1.0,20,6,8,41.9010418,-87.76100511,"['08/04/2023', '08:15:00', 'PM']"
de5f4830a5d258686fc46143f656b038190f3171dd1e193910d24ffb7187a30d39557307835f1a488795bd177de9f14fb1b07c5688300673c8d803cb22b12952,2023-08-04 19:32:00,Friday,30,TRAFFIC SIGNAL,CLEAR,DAWN,PEDESTRIAN,DRY,INJURY AND / OR TOW DUE TO CRASH,"OVER $1,500",UNABLE TO DETERMINE,2,INCAPACITATING INJURY,1.0,0.0,1.0,19,6,8,41.83108657,-87.61746054,"['08/04/2023', '07:32:00', 'PM']"
120a49b86812be70bf10e5a4ebbb56fd32b0749c03097dee245e8888447b6d0264a8cbe19ab718647764ce3086205f5cf9bdd35cbea4bd4a406f7ccae9ebf7f7,2023-08-04 17:45:00,Friday,30,TRAFFIC SIGNAL,CLEAR,DAYLIGHT,TURNING,DRY,INJURY AND / OR TOW DUE TO CRASH,"OVER $1,500",UNABLE TO DETERMINE,2,INCAPACITATING INJURY,1.0,0.0,1.0,17,6,8,41.99746398,-87.78761024,"['08/04/2023', '05:45:00', 'PM']"
a98995d990a70dc4b81ccfd4b83f2a6ac8d207be81c80164fc02c254e3f6f62a630721b31d3b9462790fcbc3af29a4853d8958e311dcaba384b8c8617a3663d0,2023-08-04 17:34:00,Friday,30,NO CONTROLS,CLEAR,DAYLIGHT,HEAD ON,DRY,INJURY AND / OR TOW DUE TO CRASH,"OVER $1,500",UNABLE TO DETERMINE,2,INCAPACITATING INJURY,2.0,0.0,2.0,17,6,8,41.86555013,-87.63052746,"['08/04/2023', '05:34:00', 'PM']"
f2585d50c5cd2ccbfdf48b1cb8de2f69dd52fe8bee1fc5b1e71e997d41a9cdf4b4ec85f28d9ba75309bc794a3937dc898e94cf79904d43156839a4652754a2f5,2023-08-04 15:38:00,Friday,30,TRAFFIC SIGNAL,CLEAR,DAYLIGHT,REAR END,DRY,INJURY AND / OR TOW DUE TO CRASH,"OVER $1,500",PHYSICAL CONDITION OF DRIVER,2,INCAPACITATING INJURY,1.0,0.0,1.0,15,6,8,41.80202315,-87.61627184,"['08/04/2023', '03:38:00', 'PM']"
9d6a80d4f0547239c638403f2bd203dc7478a4b1545da5f0a8e306a7dab5cd6a0a0704efcc80ce7d80c715df7d45fa6e7e03357cc98454e9597b0f85cc4d4294,2023-08-04 15:01:00,Friday,30,TRAFFIC SIGNAL,CLEAR,DAYLIGHT,REAR END,DRY,INJURY AND / OR TOW DUE TO CRASH,"OVER $1,500",FOLLOWING TOO CLOSELY,2,INCAPACITATING INJURY,1.0,0.0,1.0,15,6,8,41.73682263,-87.58578342,"['08/04/2023', '03:01:00', 'PM']"
9b3b3dba5db3990155f0e0152ba4d1a4313462a5ac67d4d00b01107d99bc3603b9d816eca2c1b4c9f5b06e71875ccfad2a4f7afcab51af0b9948b302d9a7559e,2023-08-04 01:00:00,Friday,30,NO CONTROLS,CLEAR,"DARKNESS, LIGHTED ROAD",TURNING,DRY,INJURY AND / OR TOW DUE TO CRASH,"OVER $1,500",DRIVING SKILLS/KNOWLEDGE/EXPERIENCE,2,INCAPACITATING INJURY,1.0,0.0,1.0,1,6,8,41.92316135,-87.74641863,"['08/04/2023', '01:00:00', 'AM']"
15ab479d2738c5f6510c125f52c5e899d0c755de672905bf8c11e7fd5a8260e168723b1f82510c75c29fc3aaa150e24855893fe5567d4cbf58f414abb3d5b8c9,2023-08-03 21:37:00,Thursday,45,NO CONTROLS,CLEAR,DARKNESS,REAR END,DRY,INJURY AND / OR TOW DUE TO CRASH,"OVER $1,500",FOLLOWING TOO CLOSELY,2,INCAPACITATING INJURY,2.0,0.0,1.0,21,5,8,41.8383933,-87.60874952,"['08/03/2023', '09:37:00', 'PM']"
f9179207c39d58fa143c4a692c0a55689fc6841f5a9f8e3dc3d1e18897a93b70df0f92a9dafe5cf00270634e64f61cad93fd7fb5896199b7dd53b3f1c710a492,2023-08-03 20:07:00,Thursday,30,STOP SIGN/FLASHER,CLEAR,DAYLIGHT,PEDALCYCLIST,DRY,INJURY AND / OR TOW DUE TO CRASH,"OVER $1,500",UNABLE TO DETERMINE,2,INCAPACITATING INJURY,1.0,0.0,1.0,20,5,8,41.72880007,-87.64813325,"['08/03/2023', '08:07:00', 'PM']"
b07723fd8b2ff91fc95043131a47d365762eb033a1d592d79fc3d63e635e26a7357ae068fb2e8a5f5d5f0bee64354cd5a4af2d200ea259a9b1b115bed12825c1,2023-08-03 17:11:00,Thursday,30,NO CONTROLS,CLEAR,DAYLIGHT,TURNING,DRY,INJURY AND / OR TOW DUE TO CRASH,"OVER $1,500",IMPROPER OVERTAKING/PASSING,2,INCAPACITATING INJURY,1.0,0.0,1.0,17,5,8,41.77741681,-87.72258334,"['08/03/2023', '05:11:00', 'PM']"
799db24d55742b892cf61834f02ff642fcc9040e8837a14cd06a41ba912de828e10d38935ba185c052669742b488215ccc27bdfc20fd0e76854e7ac2b500e014,2023-08-03 14:48:00,Thursday,30,TRAFFIC SIGNAL,CLEAR,DAYLIGHT,SIDESWIPE OPPOSITE DIRECTION,DRY,INJURY AND / OR TOW DUE TO CRASH,"OVER $1,500",DISREGARDING TRAFFIC SIGNALS,3,INCAPACITATING INJURY,3.0,0.0,1.0,14,5,8,41.90202675,-87.76617878,"['08/03/2023', '02:48:00', 'PM']"
e38254c13704b31f7ec45a3a67cfae46a1d0ebec25e3f0299250a75c109189b7db0fd49450f1a28a83a4c19a88514e496a9730a0d496de07b84f1a8a0866649c,2023-08-03 10:29:00,Thursday,30,PEDESTRIAN CROSSING SIGN,CLEAR,DAYLIGHT,PEDESTRIAN,DRY,INJURY AND / OR TOW DUE TO CRASH,"OVER $1,500",FAILING TO YIELD RIGHT-OF-WAY,2,INCAPACITATING INJURY,1.0,0.0,1.0,10,5,8,41.91125255,-87.63661668,"['08/03/2023', '10:29:00', 'AM']"
a96e1f18306b44c9ab41dc05e0198880da31aa73845011f687c62270ee58acf56db7a34c0711942a2b9b8f95165e17332c22120cf21a5f5739a6f1610fe3b618,2023-08-03 09:30:00,Thursday,35,NO CONTROLS,CLEAR,DAYLIGHT,REAR END,DRY,INJURY AND / OR TOW DUE TO CRASH,"$501 - $1,500",UNABLE TO DETERMINE,4,INCAPACITATING INJURY,1.0,0.0,1.0,9,5,8,41.93240331,-87.6614406,"['08/03/2023', '09:30:00', 'AM']"
675a5dac012c9213b349a2c3392018d9d55b9c594fcfd2139aa87c41d66d35eec51d85cc461994b91fbe2764c258f3eed1523b43e5ea1720c115f409c7ab0856,2023-08-03 07:00:00,Thursday,30,TRAFFIC SIGNAL,CLEAR,DAYLIGHT,PEDESTRIAN,DRY,INJURY AND / OR TOW DUE TO CRASH,$500 OR LESS,FAILING TO REDUCE SPEED TO AVOID CRASH,2,INCAPACITATING INJURY,1.0,0.0,1.0,7,5,8,41.92417275,-87.74860588,"['08/03/2023', '07:00:00', 'AM']"
456c71a531acc4c8cd47bfdf54ae6aac3f8378b63e31906f8fb74106fdabc6168aa3e725856c2381f8fa84f7ddcfa204f7351ff90ab3fed73f3535db6f0950c8,2023-08-03 02:11:00,Thursday,30,TRAFFIC SIGNAL,CLEAR,"DARKNESS, LIGHTED ROAD",FIXED OBJECT,DRY,INJURY AND / OR TOW DUE TO CRASH,"OVER $1,500",FAILING TO REDUCE SPEED TO AVOID CRASH,2,INCAPACITATING INJURY,1.0,0.0,1.0,2,5,8,41.8852995,-87.66275864,"['08/03/2023', '02:11:00', 'AM']"
7ffbd34f654f88703eb6456bc9dbbd188a03e4ed2e659f03726ff40c474a7e6eb7b22acd01d833507b134109e368fc12befb930c0a4d8803d6d1ff5bc56c7930,2023-08-02 19:35:00,Wednesday,30,TRAFFIC SIGNAL,CLEAR,DAYLIGHT,PEDESTRIAN,DRY,INJURY AND / OR TOW DUE TO CRASH,$500 OR LESS,UNABLE TO DETERMINE,2,INCAPACITATING INJURY,1.0,0.0,1.0,19,4,8,41.89959875,-87.66736166,"['08/02/2023', '07:35:00', 'PM']"