CRASH_RECORD_ID,CRASH_DATE,Weekday,POSTED_SPEED_LIMIT,TRAFFIC_CONTROL_DEVICE,WEATHER_CONDITION,LIGHTING_CONDITION,FIRST_CRASH_TYPE,ROADWAY_SURFACE_COND,CRASH_TYPE,DAMAGE,PRIM_CONTRIBUTORY_CAUSE,NUM_UNITS,MOST_SEVERE_INJURY,INJURIES_TOTAL,INJURIES_FATAL,INJURIES_INCAPACITATING,CRASH_HOUR,CRASH_DAY_OF_WEEK,CRASH_MONTH,LATITUDE,LONGITUDE,CRASH_TIME
a5c4d24a7133c33e29a294fb96d42617e4d2828855ecd30eb6df700e2649cfbb99a4bfa8274c301e9018a55afd2e9fba49f7d9e9385f6279526005cf7041c967,2023-08-02 16:39:00,Wednesday,30,NO CONTROLS,CLEAR,DAYLIGHT,PEDALCYCLIST,DRY,INJURY AND / OR TOW DUE TO CRASH,"OVER $1,500",FAILING TO YIELD RIGHT-OF-WAY,2,INCAPACITATING INJURY,1.0,0.0,1.0,16,4,8,41.88852671,-87.63119137,"['08/02/2023', '04:39:00', 'PM']"
46a750c630578f08dddc23c77555bd73b828a868fc57f80af9b4602c7868e7216d424c69383a29ba01bbf5cf3c0bc1401f17cf43c870dcd6bb196a807776ee89,2023-08-02 14:45:00,Wednesday,30,NO CONTROLS,CLEAR,DAYLIGHT,PEDESTRIAN,DRY,INJURY AND / OR TOW DUE TO CRASH,"OVER $1,500",FAILING TO REDUCE SPEED TO AVOID CRASH,2,INCAPACITATING INJURY,2.0,0.0,2.0,14,4,8,41.91731535,-87.71175846,"['08/02/2023', '02:45:00', 'PM']"
685af049fe0c6004f5037fb36114e1f155d954bbe5b91dd0cc1856ca528361f33a858e8e5af2a9a73559d37d9b3fc304a6024390e1969b1bde8a63db1fa0f8da,2023-08-02 13:07:00,Wednesday,30,TRAFFIC SIGNAL,CLEAR,DAYLIGHT,FIXED OBJECT,DRY,INJURY AND / OR TOW DUE TO CRASH,"OVER $1,500",UNABLE TO DETERMINE,1,INCAPACITATING INJURY,1.0,0.0,1.0,13,4,8,41.99665101,-87.80665715,"['08/02/2023', '01:07:00', 'PM']"
065b805f0a77649dcd95e0e5ed865367c92470876584c3290c4816f606e37ca8a9b514b0056a109c76bd4ef4db891da3114772b5962b6ee636bdc09e1d314774,2023-08-02 09:42:00,Wednesday,30,TRAFFIC SIGNAL,CLEAR,DAYLIGHT,OTHER OBJECT,DRY,INJURY AND / OR TOW DUE TO CRASH,"OVER $1,500",IMPROPER TURNING/NO SIGNAL,2,INCAPACITATING INJURY,2.0,0.0,1.0,9,4,8,41.76839298,-87.67377006,"['08/02/2023', '09:42:00', 'AM']"
0e0482b1eb2fa321484d8cf151a8874129474e66d0cb8f7d8585fbffb1bbd172e74d6ccf7fe44fe17594707c095a236a696c8c0381f53c82268182158f66cb88,2023-08-01 23:45:00,Tuesday,35,NO CONTROLS,CLEAR,"DARKNESS, LIGHTED ROAD",SIDESWIPE OPPOSITE DIRECTION,DRY,INJURY AND / OR TOW DUE TO CRASH,"OVER $1,500",IMPROPER TURNING/NO SIGNAL,4,INCAPACITATING INJURY,1.0,0.0,1.0,23,3,8,41.86611949,-87.72092757,"['08/01/2023', '11:45:00', 'PM']"
6a5173b4e0584b12d1c86f73c5faaf556c352025bc8f6b7d454fe147622cad6484f029f92599a5b0342730047bbef8426da453cd2d49334d30569debb66360a9,2023-08-01 19:35:00,Tuesday,30,TRAFFIC SIGNAL,CLEAR,DAYLIGHT,PEDALCYCLIST,DRY,INJURY AND / OR TOW DUE TO CRASH,"OVER $1,500",UNABLE TO DETERMINE,2,INCAPACITATING INJURY,1.0,0.0,1.0,19,3,8,41.88221061,-87.6242217,"['08/01/2023', '07:35:00', 'PM']"
37eb88584019629cf52dae4e80f585cb6d977e36b20f11556845f93d5d432c0fac6d046606bde3e9bdd905b373042a84d0719ae9f99d1f2a1cbbb5ae2c4909bc,2023-08-01 18:14:00,Tuesday,30,NO CONTROLS,CLEAR,DAYLIGHT,OTHER NONCOLLISION,DRY,INJURY AND / OR TOW DUE TO CRASH,$500 OR LESS,UNABLE TO DETERMINE,1,INCAPACITATING INJURY,1.0,0.0,1.0,18,3,8,41.92080358,-87.67110896,"['08/01/2023', '06:14:00', 'PM']"
8112c0e4bd12be78906fbe60e1971115b0767ad2670766331c107bde5858d98329d0d6802e95eeea11b8e70709d59c636f85cbc34b924da8fda9fce5ea7d8661,2023-08-01 17:20:00,Tuesday,35,TRAFFIC SIGNAL,CLEAR,DAYLIGHT,ANGLE,DRY,INJURY AND / OR TOW DUE TO CRASH,"OVER $1,500",UNABLE TO DETERMINE,2,INCAPACITATING INJURY,2.0,0.0,1.0,17,3,8,41.68472444,-87.66173942,"['08/01/2023', '05:20:00', 'PM']"
56de95873091736afca52f5b08f9dfc51bd0ae1fe564466730d71d586e911c7d4ab4d77eece44c642bf6e5f24d6e67cb358f2933a13619282d3ae05b79ca35be,2023-08-01 16:59:00,Tuesday,30,TRAFFIC SIGNAL,CLEAR,DAYLIGHT,ANGLE,DRY,INJURY AND / OR TOW DUE TO CRASH,"OVER $1,500",FAILING TO YIELD RIGHT-OF-WAY,2,INCAPACITATING INJURY,2.0,0.0,2.0,16,3,8,41.77944999,-87.6595059,"['08/01/2023', '04:59:00', 'PM']"
7ae1cdfb0a2eb7faec4c56a08c9a83ce2847a3f51933db2e1b89153833e3a11150786b337d984b6cad3a88088423638e5534493f992e07aee701bf7711f059b2,2023-08-01 15:23:00,Tuesday,35,NO CONTROLS,CLEAR,DAYLIGHT,ANGLE,DRY,INJURY AND / OR TOW DUE TO CRASH,"OVER $1,500",FAILING TO YIELD RIGHT-OF-WAY,2,INCAPACITATING INJURY,1.0,0.0,1.0,15,3,8,41.76792288,-87.58651786,"['08/01/2023', '03:23:00', 'PM']"
cb3d66a09937977235855a0162ce1d8898f75379882abfeb2ae7e83c57862feaa08ba933ab0c5daa44f70693156c6e0f5ae78b02751b1e54afb191e2a12ffcc7,2023-08-01 14:00:00,Tuesday,30,NO CONTROLS,CLEAR,DAYLIGHT,PEDESTRIAN,DRY,INJURY AND / OR TOW DUE TO CRASH,"OVER $1,500",UNABLE TO DETERMINE,2,INCAPACITATING INJURY,1.0,0.0,1.0,14,3,8,41.91606265,-87.68722578,"['08/01/2023', '02:00:00', 'PM']"
42c40404bc6f37aa614496a28f293756b10f5b00d8fc986268c78a10fc4b9e0e3c62352fd8fe65cb3b1b3177300a759f0dee49a3bb4029f47d9dffc15532fba6,2023-08-01 12:55:00,Tuesday,30,TRAFFIC SIGNAL,CLEAR,DAYLIGHT,ANGLE,DRY,INJURY AND / OR TOW DUE TO CRASH,"OVER $1,500","OPERATING VEHICLE IN ERRATIC, RECKLESS, CARELESS, NEGLIGENT OR AGGRESSIVE MANNER",7,INCAPACITATING INJURY,6.0,0.0,2.0,12,3,8,41.94587968,-87.77662742,"['08/01/2023', '12:55:00', 'PM']"
4e3562e2358f611e76d58fa138458ecf5a0a6ad396bcbb387f552ae0ab26ad1788dc5587e2a499d9d043452047d1855c68bbdb7389007cd475a6b4915055c39c,2023-08-01 10:06:00,Tuesday,30,STOP SIGN/FLASHER,CLEAR,DAYLIGHT,ANGLE,DRY,INJURY AND / OR TOW DUE TO CRASH,"OVER $1,500",FAILING TO YIELD RIGHT-OF-WAY,2,INCAPACITATING INJURY,2.0,0.0,1.0,10,3,8,41.94179726,-87.83261963,"['08/01/2023', '10:06:00', 'AM']"
88092f6ac32f6c855bfe39453e38af8f5f59b2c5158653a7995d1b0dbe5090308a6f972fba8e2577cc25198c03ff6182d4c2fbaaa01df00380e1bd3f9ebe43b3,2023-08-01 02:00:00,Tuesday,30,NO CONTROLS,CLEAR,"DARKNESS, LIGHTED ROAD",FIXED OBJECT,DRY,INJURY AND / OR TOW DUE TO CRASH,"$501 - $1,500","OPERATING VEHICLE IN ERRATIC, RECKLESS, CARELESS, NEGLIGENT OR AGGRESSIVE MANNER",1,INCAPACITATING INJURY,1.0,0.0,1.0,2,3,8,41.78640735,-87.68304323,"['08/01/2023', '02:00:00', 'AM']"
daf04b1e0a18d8d38d0317d7c6d589d701bc395c9ce8e437022d1f5057ff41326c22859a428e2a8d8de43e905dd1f704acbf48518c5ed62f9dbe6e4e49af4c2d,2023-07-31 11:45:00,Monday,30,TRAFFIC SIGNAL,CLEAR,DAYLIGHT,REAR END,DRY,INJURY AND / OR TOW DUE TO CRASH,"OVER $1,500",FOLLOWING TOO CLOSELY,2,INCAPACITATING INJURY,1.0,0.0,1.0,11,2,7,41.73686159,-87.5974451,"['07/31/2023', '11:45:00', 'AM']"
d0fe0d714a4576928329f8d2cb7a48af59653267f42eda11984f789a56715ab46e8f5770ba28c3b3d51883237f17dc7a6d31db730171bd7950e1c040386670b2,2023-07-31 09:30:00,Monday,40,TRAFFIC SIGNAL,CLEAR,DAYLIGHT,PEDALCYCLIST,DRY,INJURY AND / OR TOW DUE TO CRASH,"$501 - $1,500",DISREGARDING TRAFFIC SIGNALS,2,INCAPACITATING INJURY,1.0,0.0,1.0,9,2,7,41.88085605,-87.61763589,"['07/31/2023', '09:30:00', 'AM']"
db21072124c4305598494fa3fdab7ba0a23282c180110f4b74c33e6c53c959976b6800109b75184d174881384c55ba82be1ecfb7dfa5389bb270f1c9efb89f9a,2023-07-30 21:37:00,Sunday,10,NO CONTROLS,CLEAR,"DARKNESS, LIGHTED ROAD",HEAD ON,DRY,INJURY AND / OR TOW DUE TO CRASH,"OVER $1,500",DRIVING SKILLS/KNOWLEDGE/EXPERIENCE,2,INCAPACITATING INJURY,1.0,0.0,1.0,21,1,7,41.79140259,-87.58063745,"['07/30/2023', '09:37:00', 'PM']"
922f52f3cb2db9001a7a1efc4dd46bca9cb69427f2edb7021d8cb91abcfd41a7b9eb6ef3829395052e2c4eab3b975bddf79c325eb84ef221a90dc3395ed9676c,2023-07-30 19:00:00,Sunday,30,TRAFFIC SIGNAL,CLEAR,DAYLIGHT,PEDALCYCLIST,DRY,INJURY AND / OR TOW DUE TO CRASH,"OVER $1,500",DRIVING ON WRONG SIDE/WRONG WAY,2,INCAPACITATING INJURY,1.0,0.0,1.0,19,1,7,41.84575258,-87.62333211,"['07/30/2023', '07:00:00', 'PM']"
4d09dbb33df608f233db0f992b6b9f7f5e99c4e44d02717db65f1d52ced4f0451d5f27119f0d5eca9643b94b05709929fc2eed76f10e75c11bf4d1bb5c2985bd,2023-07-30 17:45:00,Sunday,30,TRAFFIC SIGNAL,CLEAR,DAYLIGHT,REAR END,DRY,INJURY AND / OR TOW DUE TO CRASH,"$501 - $1,500",IMPROPER OVERTAKING/PASSING,2,INCAPACITATING INJURY,1.0,0.0,1.0,17,1,7,41.90303629,-87.69675802,"['07/30/2023', '05:45:00', 'PM']"
7e1fba7f03bd3874e45e2d0bd89ae356067fb009432d6b535adf6288faae186b4499537af23943428a9389359241344fa1a7676736e42a008873716a479dda95,2023-07-30 15:31:00,Sunday,30,NO CONTROLS,CLEAR,DAYLIGHT,PEDESTRIAN,DRY,INJURY AND / OR TOW DUE TO CRASH,"OVER $1,500",UNABLE TO DETERMINE,3,INCAPACITATING INJURY,1.0,0.0,1.0,15,1,7,41.86753796,-87.62629227,"['07/30/2023', '03:31:00', 'PM']"
74c2d1cc95248993c22ff930b630090abe5313c53cd9e6052ef4bc96d87344a645313d4a89bf37a7c80c1e1fdf5ee08e0d1656a18ef3857b89acf594e8adf4e9,2023-07-30 14:48:00,Sunday,30,TRAFFIC SIGNAL,CLEAR,DAYLIGHT,TURNING,DRY,INJURY AND / OR TOW DUE TO CRASH,"OVER $1,500",FAILING TO YIELD RIGHT-OF-WAY,2,INCAPACITATING INJURY,1.0,0.0,1.0,14,1,7,41.7719121,-87.69335512,"['07/30/2023', '02:48:00', 'PM']"
d54fbe4c0e0e48eb7f62ad47bcabdfde33d969bfd70c3ad3b2a2e740585a18171a5fa13b0fa534daf143f172cfd8011e633703c49ec8e7e64ad06b638ddc8469,2023-07-30 07:30:00,Sunday,25,NO CONTROLS,CLEAR,DAWN,PARKED MOTOR VEHICLE,DRY,INJURY AND / OR TOW DUE TO CRASH,"OVER $1,500",UNABLE TO DETERMINE,2,INCAPACITATING INJURY,4.0,0.0,2.0,7,1,7,41.88642433,-87.62616828,"['07/30/2023', '07:30:00', 'AM']"
74ea9bc39bc63c84bf38a2bab1fa571203162ffa0a0036c5e1b4f8dab70ac0de96cc0550025f49f7635285a8032cbc96180d7992775085cec0e8b79d215c69ba,2023-07-30 04:30:00,Sunday,30,NO CONTROLS,CLEAR,DAYLIGHT,PARKED MOTOR VEHICLE,DRY,INJURY AND / OR TOW DUE TO CRASH,"OVER $1,500",UNABLE TO DETERMINE,2,INCAPACITATING INJURY,1.0,0.0,1.0,4,1,7,41.90919458,-87.77157384,"['07/30/2023', '04:30:00', 'AM']"
8ac899ebb0a48c8ad1e57f962f049de1aa975468d1458f74c5d8250831303cb8d457ea078dc3ce5f57bf2f97c9dba813338fb65ef36d368a2a345a7a021a562e,2023-07-30 03:35:00,Sunday,30,TRAFFIC SIGNAL,CLEAR,"DARKNESS, LIGHTED ROAD",ANGLE,DRY,INJURY AND / OR TOW DUE TO CRASH,"OVER $1,500",DISREGARDING TRAFFIC SIGNALS,2,INCAPACITATING INJURY,2.0,0.0,1.0,3,1,7,41.77132587,-87.72272138,"['07/30/2023', '03:35:00', 'AM']"
b193a06819add10d178e94464e1aedad8e921d2763dc4f13d3ecded5fd77280740c4a17574783cb383d50922361f60d99b05f1b498225a80e45432f9a1293560,2023-07-30 01:34:00,Sunday,30,TRAFFIC SIGNAL,CLEAR,"DARKNESS, LIGHTED ROAD",ANGLE,DRY,INJURY AND / OR TOW DUE TO CRASH,"OVER $1,500",UNABLE TO DETERMINE,2,INCAPACITATING INJURY,1.0,0.0,1.0,1,1,7,41.76534136,-87.62991458,"['07/30/2023', '01:34:00', 'AM']"
530c5811dd39c11b22fac829955053107f0702677d7d72bbe5735661eb50fb5ad571613a069f37415f3097eb9336203b9ce0934bdd8e7f0a310cae5dd7ace1ee,2023-07-30 00:56:00,Sunday,25,NO CONTROLS,CLEAR,"DARKNESS, LIGHTED ROAD",PEDESTRIAN,DRY,INJURY AND / OR TOW DUE TO CRASH,$500 OR LESS,"EVASIVE ACTION DUE TO ANIMAL, OBJECT, NONMOTORIST",2,INCAPACITATING INJURY,1.0,0.0,1.0,0,1,7,41.77971869,-87.65444286,"['07/30/2023', '12:56:00', 'AM']"
bd3c3813e22bc7204e5a906928e100f38bd93a785f2d57107dac7b98d270f13b6de4fadaccb03b9394de37ab54821a0804217244f5c145321c96f78f9ce5954a,2023-07-29 17:39:00,Saturday,30,TRAFFIC SIGNAL,CLEAR,DAYLIGHT,FIXED OBJECT,DRY,INJURY AND / OR TOW DUE TO CRASH,"OVER $1,500",EQUIPMENT - VEHICLE CONDITION,1,INCAPACITATING INJURY,2.0,0.0,1.0,17,7,7,41.84492772,-87.68577184,"['07/29/2023', '05:39:00', 'PM']"
c77342ca6fa8b480b7349086a2eb8c528329299e625ae4401426607d16faa0cf2684a53dd6e337f0f0a014d8c2e973ae1e7e3ac43b03be0102c3c42655805a69,2023-07-29 15:57:00,Saturday,30,STOP SIGN/FLASHER,CLEAR,DAYLIGHT,FIXED OBJECT,DRY,INJURY AND / OR TOW DUE TO CRASH,"OVER $1,500",DRIVING SKILLS/KNOWLEDGE/EXPERIENCE,1,INCAPACITATING INJURY,2.0,0.0,2.0,15,7,7,41.82313929,-87.68439349,"['07/29/2023', '03:57:00', 'PM']"
c676f3661df82f054bbac002eb44da33486c77601d18dc2bc216faa9fa7c298d02823f2c5d6791aab369a3a566862d13936b880360b1afab23afb9346d1f761d,2023-07-29 15:24:00,Saturday,30,TRAFFIC SIGNAL,CLEAR,DAYLIGHT,ANGLE,DRY,INJURY AND / OR TOW DUE TO CRASH,"OVER $1,500",DRIVING ON WRONG SIDE/WRONG WAY,2,INCAPACITATING INJURY,1.0,0.0,1.0,15,7,7,41.77675112,-87.57876699,"['07/29/2023', '03:24:00', 'PM']"
7aad5feb05fc3fa75000a843d245e9356282b18ed4b61f7ee183c088c4d71dfa6a132bd67d112f4b1a5d6a770ec62be7200220fbb25efba298a252ec527df4ac,2023-07-29 14:00:00,Saturday,30,NO CONTROLS,CLEAR,DAYLIGHT,SIDESWIPE OPPOSITE DIRECTION,DRY,INJURY AND / OR TOW DUE TO CRASH,"OVER $1,500",UNABLE TO DETERMINE,2,INCAPACITATING INJURY,3.0,0.0,1.0,14,7,7,41.81845057,-87.70423225,"['07/29/2023', '02:00:00', 'PM']"
1fcf536ebe9cca17f19a477bf180ba6460b4b3e8564e5540d7473f61cdefdc13202e92729633dd0630b201e4d74fa8d5b85177b67793bcd027d3fc6acd07cc43,2023-07-29 12:06:00,Saturday,30,TRAFFIC SIGNAL,CLEAR,DAYLIGHT,ANGLE,DRY,INJURY AND / OR TOW DUE TO CRASH,"OVER $1,500",DISREGARDING TRAFFIC SIGNALS,2,FATAL,1.0,1.0,0.0,12,7,7,41.78143736,-87.77177777,"['07/29/2023', '12:06:00', 'PM']"
6bba3231e785155e51960102e6914788c45c6eb0ef3317367f1abc4f5d36319eacf93a85404900bcb16ccd46eaca99f4861a02261dd4fea4e778bc9789e6d337,2023-07-29 02:15:00,Saturday,35,TRAFFIC SIGNAL,CLEAR,"DARKNESS, LIGHTED ROAD",FIXED OBJECT,WET,INJURY AND / OR TOW DUE TO CRASH,"OVER $1,500",UNABLE TO DETERMINE,1,INCAPACITATING INJURY,1.0,0.0,1.0,2,7,7,41.87121976,-87.68610523,"['07/29/2023', '02:15:00', 'AM']"
3a9ebb0f819e732c7d4ad3c06b269caec9b71f5671c59a6765205e10fde5585fdf49946443ac4a38149ab97b7e83b1209af846d57ddcc3937b26bcbbce0d69a3,2023-07-28 22:15:00,Friday,30,TRAFFIC SIGNAL,RAIN,"DARKNESS, LIGHTED ROAD",ANGLE,WET,INJURY AND / OR TOW DUE TO CRASH,"OVER $1,500",DISREGARDING TRAFFIC SIGNALS,2,INCAPACITATING INJURY,1.0,0.0,1.0,22,6,7,41.82309676,-87.68501895,"['07/28/2023', '10:15:00', 'PM']"
44ea8a5c4244eb8e3f4ab7ef02f4dbdabde40b598e4c285d1651c197728563f0a66d822376283f46aa58f13580de933ec227b11ffbef1c2648a2b7c8b12ebe70,2023-07-28 20:30:00,Friday,35,NO CONTROLS,CLEAR,"DARKNESS, LIGHTED ROAD",TURNING,WET,INJURY AND / OR TOW DUE TO CRASH,"OVER $1,500",UNABLE TO DETERMINE,2,INCAPACITATING INJURY,1.0,0.0,1.0,20,6,7,41.76663746,-87.66398221,"['07/28/2023', '08:30:00', 'PM']"
bab8797d2c46ce169e7c619dc43740506dccc5164a17b2dbecf6c25f79880e8f2a326861b4e2ec4e0220d5e82ebdd68e9fc15faf64c2470dae176eb25b057415,2023-07-28 18:00:00,Friday,35,NO CONTROLS,CLEAR,"DARKNESS, LIGHTED ROAD",SIDESWIPE OPPOSITE DIRECTION,UNKNOWN,INJURY AND / OR TOW DUE TO CRASH,"$501 - $1,500",UNABLE TO DETERMINE,2,INCAPACITATING INJURY,1.0,0.0,1.0,18,6,7,41.94169157,-87.72833822,"['07/28/2023', '06:00:00', 'PM']"
c7b9f73d2c063adce6bbf5e69a7c61e6702e33aa71909a5d31b88eb3bc8227ccb83d8e2d65032e9b91566bbf6ef276365f600f0d35baf8627e6899221e47441b,2023-07-28 13:30:00,Friday,35,NO CONTROLS,CLEAR,DAYLIGHT,REAR END,DRY,INJURY AND / OR TOW DUE TO CRASH,"$501 - $1,500",UNABLE TO DETERMINE,2,INCAPACITATING INJURY,1.0,0.0,1.0,13,6,7,41.95305612,-87.78423715,"['07/28/2023', '01:30:00', 'PM']"
bea638a238ed31fa1bb09d2d23cb6bf684b34bed94e8246036936ef36cb21a73cbefedb786f715801603d73c32df834d7be7d7ff67883ea61224aac9a60242ef,2023-07-28 12:30:00,Friday,30,NO CONTROLS,CLEAR,DAYLIGHT,TURNING,DRY,INJURY AND / OR TOW DUE TO CRASH,"OVER $1,500",UNABLE TO DETERMINE,2,INCAPACITATING INJURY,1.0,0.0,1.0,12,6,7,41.7159162,-87.53513061,"['07/28/2023', '12:30:00', 'PM']"
26b72a011d211127465af81062affdd393ccc4fe3ec1a73bcf5163e4311c045227a7be6ce24bbf165f27b37dfe65d3db36ec2521d9fe00fc2153e9080b191502,2023-07-28 11:15:00,Friday,30,TRAFFIC SIGNAL,CLEAR,DAYLIGHT,TURNING,DRY,INJURY AND / OR TOW DUE TO CRASH,"OVER $1,500",UNABLE TO DETERMINE,2,INCAPACITATING INJURY,1.0,0.0,1.0,11,6,7,41.90951439,-87.74623993,"['07/28/2023', '11:15:00', 'AM']"
e379c5052cc755202ef50cdc742fdd0f05c7f1d1c86519d7c150e8c3b61e98548d1143098adb3f69b0ffb74a0933e980bce9cab0ff336507716764cd3c479152,2023-07-28 09:05:00,Friday,30,NO CONTROLS,CLOUDY/OVERCAST,DAYLIGHT,TURNING,WET,INJURY AND / OR TOW DUE TO CRASH,"$501 - $1,500",FAILING TO YIELD RIGHT-OF-WAY,2,INCAPACITATING INJURY,1.0,0.0,1.0,9,6,7,41.89943113,-87.67780533,"['07/28/2023', '09:05:00', 'AM']"
6afe2b26f83cda43b91b647f54d41a12dad3b4087c755fdfec485c2c10cfd9a03686aa5a5093f0a0fea91752fd009b84010506eedce7b4026348a41bad89b097,2023-07-27 15:45:00,Thursday,30,TRAFFIC SIGNAL,CLEAR,DAYLIGHT,REAR END,DRY,INJURY AND / OR TOW DUE TO CRASH,"OVER $1,500",UNABLE TO DETERMINE,2,INCAPACITATING INJURY,1.0,0.0,1.0,15,5,7,41.88892451,-87.64425909,"['07/27/2023', '03:45:00', 'PM']"
6115d1a518c545c819d947f9e6f2ff45b64f727a106c1a8248ad8906bdc2487551d189d96d305eb3fb7e9a9db2aa9be0616a5b6a2ab8c741e543787def7f35c6,2023-07-27 14:05:00,Thursday,30,STOP SIGN/FLASHER,CLEAR,DAYLIGHT,ANGLE,DRY,INJURY AND / OR TOW DUE TO CRASH,"OVER $1,500",FAILING TO YIELD RIGHT-OF-WAY,2,INCAPACITATING INJURY,1.0,0.0,1.0,14,5,7,41.96058644,-87.74990808,"['07/27/2023', '02:05:00', 'PM']"
62b9aef69caca3642eb209b3b74109644b05f8542ee63d5f8d7b8490ebb050439b84e9bbb49ba0751452db738bb8245ca5e7e7c5c9b0342418c8a43349282676,2023-07-27 12:57:00,Thursday,30,TRAFFIC SIGNAL,CLEAR,DAYLIGHT,PEDALCYCLIST,DRY,INJURY AND / OR TOW DUE TO CRASH,"OVER $1,500",DISREGARDING TRAFFIC SIGNALS,2,INCAPACITATING INJURY,1.0,0.0,1.0,12,5,7,41.89916545,-87.72634406,"['07/27/2023', '12:57:00', 'PM']"
c9bde40646c23c0739ea6c1b40f4685468d7d36b2140a1a67a4bc9e21b2466c8b600c6b7f3a835505aaf5cdc423609dd98770248457a0eaed57730f150ed82fa,2023-07-27 12:13:00,Thursday,30,TRAFFIC SIGNAL,CLEAR,DAYLIGHT,REAR END,DRY,INJURY AND / OR TOW DUE TO CRASH,"OVER $1,500",FAILING TO REDUCE SPEED TO AVOID CRASH,2,INCAPACITATING INJURY,2.0,0.0,1.0,12,5,7,41.91897207,-87.76634722,"['07/27/2023', '12:13:00', 'PM']"
9f5b626d47d9e7dbd7f3613afba4536c48ef7db0356ff6e8922a98e847aaae90408a7f6cc078ffccad50252797a146f9c519737c6feb653ddf9670b03fd33240,2023-07-27 11:50:00,Thursday,20,NO CONTROLS,CLEAR,DAYLIGHT,OTHER OBJECT,DRY,INJURY AND / OR TOW DUE TO CRASH,"OVER $1,500",PHYSICAL CONDITION OF DRIVER,1,INCAPACITATING INJURY,1.0,0.0,1.0,11,5,7,41.9765282,-87.69421888,"['07/27/2023', '11:50:00', 'AM']"
6435fd6d7a301c0acb095b32f31195b9264b23299417939b4cc6487a81471cbda868be06609cfef40065a4e49fa192c2173ac33864a6e3d1ef80b0485d5eced0,2023-07-27 09:56:00,Thursday,30,NO CONTROLS,CLEAR,DAYLIGHT,PEDESTRIAN,DRY,INJURY AND / OR TOW DUE TO CRASH,$500 OR LESS,RELATED TO BUS STOP,2,INCAPACITATING INJURY,1.0,0.0,1.0,9,5,7,41.96089433,-87.72324313,"['07/27/2023', '09:56:00', 'AM']"
b4e452b69a502439119a39efed59e1454da76e3e7457f700589f3f254587e99b5857f9ba726405fd7f7a44c5fab6fd4e7d1a14fb3d855a49599012759a738d60,2023-07-27 08:00:00,Thursday,30,NO CONTROLS,CLEAR,DAYLIGHT,PEDESTRIAN,DRY,INJURY AND / OR TOW DUE TO CRASH,"OVER $1,500",FAILING TO YIELD RIGHT-OF-WAY,2,INCAPACITATING INJURY,1.0,0.0,1.0,8,5,7,41.97169066,-87.67341786,"['07/27/2023', '08:00:00', 'AM']"
7ad5459c9bfe24793b13e2309aad58a049528bb7c6c46792e7e4e3fcdb7eea71aa794b273fc58e8c6a2f7ad4d888a6aa5d84d594d9e262ae7f44c49c806a0a69,2023-07-26 20:25:00,Wednesday,30,TRAFFIC SIGNAL,CLEAR,DAYLIGHT,FIXED OBJECT,DRY,INJURY AND / OR TOW DUE TO CRASH,"OVER $1,500",UNABLE TO DETERMINE,1,INCAPACITATING INJURY,2.0,0.0,1.0,20,4,7,41.7800965,-87.6301722,"['07/26/2023', '08:25:00', 'PM']"
034fae5d0cb3a9d2075966e46030d16ef56a61cbe2c9772f5bab87b1963744fa53cd820e96bc9ee1f3e212d3d3bc0b26c88552be98ed1e1c5e5fd5c3501fc0a8,2023-07-26 16:10:00,Wednesday,10,NO CONTROLS,CLEAR,DAYLIGHT,PEDESTRIAN,DRY,INJURY AND / OR TOW DUE TO CRASH,"OVER $1,500",UNABLE TO DETERMINE,2,FATAL,1.0,1.0,0.0,16,4,7,41.73635506,-87.62430813,"['07/26/2023', '04:10:00', 'PM']"
0e77b2445017c638f5a038d73de376c19dfb9a72f8d70504b245ba1cfda3895ff344d36d29822518274b2d853e5829c8468bdd34bd7544f22545a4c9a53dd405,2023-07-26 15:00:00,Wednesday,30,STOP SIGN/FLASHER,CLEAR,DAYLIGHT,TURNING,DRY,INJURY AND / OR TOW DUE TO CRASH,"OVER $1,500",DISREGARDING STOP SIGN,2,INCAPACITATING INJURY,2.0,0.0,2.0,15,4,7,41.75658075,-87.60905995,"['07/26/2023', '03:00:00', 'PM']"
740bc7e7096ad85d127c0e5665ef2c37d53fb8ae9a72f4040c6cf211e48cee4631a3c190d2dd3fd1d1a47186815a031265b91b0504fa65c51393fc06f0dc086b,2023-07-26 07:35:00,Wednesday,30,TRAFFIC SIGNAL,CLEAR,DAYLIGHT,PEDALCYCLIST,DRY,INJURY AND / OR TOW DUE TO CRASH,"OVER $1,500",UNABLE TO DETERMINE,2,INCAPACITATING INJURY,1.0,0.0,1.0,7,4,7,41.76923101,-87.6152907,"['07/26/2023', '07:35:00', 'AM']"
0acd823b8cd83bcdebacf577419eb4aabbf8359744cdec03e69bf0c8f4e64cdfef8526e7c48b006f9dccd25f5cb5b6e1f0776b6ab0e20627ae1036436439601d,2023-07-26 06:28:00,Wednesday,30,TRAFFIC SIGNAL,CLEAR,DAYLIGHT,ANGLE,UNKNOWN,INJURY AND / OR TOW DUE TO CRASH,"$501 - $1,500",DISREGARDING TRAFFIC SIGNALS,2,INCAPACITATING INJURY,1.0,0.0,1.0,6,4,7,41.88438365,-87.74556826,"['07/26/2023', '06:28:00', 'AM']"
020fe899f6dba1d8afb7834e9fdf863b12a2eda37eeb1fe53d84c8749df4bcf653f364c6cc268ebea83f95c595bcc65507a88deb12d44627112df0924b91e291,2023-07-25 23:18:00,Tuesday,30,NO CONTROLS,CLEAR,"DARKNESS, LIGHTED ROAD",PARKED MOTOR VEHICLE,DRY,INJURY AND / OR TOW DUE TO CRASH,"OVER $1,500",UNABLE TO DETERMINE,3,INCAPACITATING INJURY,1.0,0.0,1.0,23,3,7,41.79244154,-87.71564253,"['07/25/2023', '11:18:00', 'PM']"