CRASH_RECORD_ID,CRASH_DATE,Weekday,POSTED_SPEED_LIMIT,TRAFFIC_CONTROL_DEVICE,WEATHER_CONDITION,LIGHTING_CONDITION,FIRST_CRASH_TYPE,ROADWAY_SURFACE_COND,CRASH_TYPE,DAMAGE,PRIM_CONTRIBUTORY_CAUSE,NUM_UNITS,MOST_SEVERE_INJURY,INJURIES_TOTAL,INJURIES_FATAL,INJURIES_INCAPACITATING,CRASH_HOUR,CRASH_DAY_OF_WEEK,CRASH_MONTH,LATITUDE,LONGITUDE,CRASH_TIME
d20bb890d8cf579aae3ab520a2c04273355fd0bdcae390939124324ead49f6cbceab6cbc6cc7f1a8be5a17fa3df34687176e1b52be6b05dc3b45b3fd701813cc,2023-07-17 09:45:00,Monday,35,NO CONTROLS,CLEAR,DAYLIGHT,REAR END,DRY,INJURY AND / OR TOW DUE TO CRASH,"OVER $1,500",IMPROPER OVERTAKING/PASSING,2,INCAPACITATING INJURY,2.0,0.0,1.0,9,2,7,41.8002456,-87.74281052,"['07/17/2023', '09:45:00', 'AM']"
d2710eddd48cf54f90b1d45dfec8c3696da7c363be0a2bd3faa26c2f50e610a6d3921a7d54a9266f9433a33aefc998f227fb1c743241a8e9e514e39b7c535417,2023-07-17 09:16:00,Monday,30,NO CONTROLS,CLEAR,DAYLIGHT,PEDALCYCLIST,DRY,INJURY AND / OR TOW DUE TO CRASH,"OVER $1,500",UNABLE TO DETERMINE,2,INCAPACITATING INJURY,1.0,0.0,1.0,9,2,7,41.94801635,-87.65733967,"['07/17/2023', '09:16:00', 'AM']"
2afb4f68f6624e5f2b07cd55b716e73064f61ad1f4c8ccb52a1b03596c5d37085ca05ec097bde4bd1d25963560718d5c430c9f50fd9099037e21e98c6567beac,2023-07-17 01:59:00,Monday,30,NO CONTROLS,CLEAR,"DARKNESS, LIGHTED ROAD",TURNING,DRY,INJURY AND / OR TOW DUE TO CRASH,"OVER $1,500",FAILING TO YIELD RIGHT-OF-WAY,5,INCAPACITATING INJURY,2.0,0.0,1.0,1,2,7,41.98148616,-87.68952044,"['07/17/2023', '01:59:00', 'AM']"
3569ee02a6186e3bc95e60434e33470801577375239831f08c92ee43b6c10caf556a6f57873c3b108cc9eb706ca5bfd112c38acde5c0e49d7163e190a103be6a,2023-07-16 21:38:00,Sunday,30,NO CONTROLS,UNKNOWN,"DARKNESS, LIGHTED ROAD",OTHER OBJECT,UNKNOWN,INJURY AND / OR TOW DUE TO CRASH,"OVER $1,500",FAILING TO YIELD RIGHT-OF-WAY,2,INCAPACITATING INJURY,1.0,0.0,1.0,21,1,7,41.90861412,-87.71171779,"['07/16/2023', '09:38:00', 'PM']"
1d3c7275bd7f8ff2913a8c0d957c739e6aa5e98e7932ac0bf92fa9d1ba19b6266811e5b3fdd78155861f0ec2aaf02de3d04b7810d5339885d6e9d586aee0a5fa,2023-07-16 20:26:00,Sunday,30,NO CONTROLS,CLEAR,"DARKNESS, LIGHTED ROAD",ANGLE,DRY,INJURY AND / OR TOW DUE TO CRASH,"OVER $1,500",UNABLE TO DETERMINE,2,INCAPACITATING INJURY,2.0,0.0,1.0,20,1,7,41.91033236,-87.69469026,"['07/16/2023', '08:26:00', 'PM']"
acd0031a9633e65a70f426d70c31ca018f2894bc7d5595524a302c6083a830dfb2710075cf9e25d7c320a1970b490b1708ad3faa6828cdce2a26ae0d6d407826,2023-07-16 18:05:00,Sunday,30,TRAFFIC SIGNAL,CLEAR,DAYLIGHT,TURNING,DRY,INJURY AND / OR TOW DUE TO CRASH,"$501 - $1,500",IMPROPER OVERTAKING/PASSING,2,INCAPACITATING INJURY,1.0,0.0,1.0,18,1,7,41.96894197,-87.67330914,"['07/16/2023', '06:05:00', 'PM']"
619b25bcc398ef3701c531518cb065c67b76c1f464fb118f829a1c6ef50649aed99b72e4b4cbda3bac63b609f4826bd050802badb0da12254cae484a7c5f053c,2023-07-16 16:30:00,Sunday,30,TRAFFIC SIGNAL,CLEAR,DAYLIGHT,PEDALCYCLIST,DRY,INJURY AND / OR TOW DUE TO CRASH,"OVER $1,500",UNABLE TO DETERMINE,2,INCAPACITATING INJURY,1.0,0.0,1.0,16,1,7,41.85297603,-87.62377487,"['07/16/2023', '04:30:00', 'PM']"
34f44b4aaaa91f478d86c0f55f21e0a50d9086d15d532c079bf1fdffbf547dab606850a4d8418bfd1a7e302d42b359dd59295070ff299a75ccd46d94561879c2,2023-07-16 16:20:00,Sunday,25,NO CONTROLS,CLEAR,DAYLIGHT,ANGLE,DRY,INJURY AND / OR TOW DUE TO CRASH,"OVER $1,500",UNABLE TO DETERMINE,2,INCAPACITATING INJURY,1.0,0.0,1.0,16,1,7,41.88309229,-87.65675186,"['07/16/2023', '04:20:00', 'PM']"
9a5107ebb614bedd0fa9e6cc3101782abb0b62e87e6b2a0d0b77cfd71ec498375c8c15293e7fe4c3f07245d5c56f29dd8a621bc579e8e8247d5138217834b89c,2023-07-16 16:00:00,Sunday,30,TRAFFIC SIGNAL,CLEAR,DAYLIGHT,TURNING,DRY,INJURY AND / OR TOW DUE TO CRASH,"OVER $1,500",IMPROPER OVERTAKING/PASSING,2,INCAPACITATING INJURY,2.0,0.0,2.0,16,1,7,41.93183103,-87.72712687,"['07/16/2023', '04:00:00', 'PM']"
45964947651ee2860dac828cc2edc8dc570361cc5094fb313c8f0040bb4be7c488db91ba68eedbeca844eaa0a844dabf54a51209455e2ca2359480815b4309cf,2023-07-16 14:45:00,Sunday,25,TRAFFIC SIGNAL,CLEAR,DAYLIGHT,REAR END,DRY,INJURY AND / OR TOW DUE TO CRASH,"OVER $1,500",DRIVING SKILLS/KNOWLEDGE/EXPERIENCE,2,INCAPACITATING INJURY,2.0,0.0,2.0,14,1,7,41.7514347,-87.58090477,"['07/16/2023', '02:45:00', 'PM']"
78b284d02467a04c8888cfdf4334fa2b79073e634ad62424d995d727af8ddbc7d1a7c996c74aad60b715fd296311b467926917ad6cf72a998c36fcfe8b072946,2023-07-16 00:00:00,Sunday,30,NO CONTROLS,CLEAR,"DARKNESS, LIGHTED ROAD",PARKED MOTOR VEHICLE,DRY,INJURY AND / OR TOW DUE TO CRASH,"OVER $1,500",UNABLE TO DETERMINE,2,INCAPACITATING INJURY,1.0,0.0,1.0,0,1,7,41.88221761,-87.75865019,"['07/16/2023', '12:00:00', 'AM']"
bd198aef1921ede4a830d3ed5ce6919566bc6407389c052278ac8fa0615c8c55e25cd2a536274a79aab965132cce319b8ea301db26ded055cb99b8db86b25898,2023-07-15 23:00:00,Saturday,30,STOP SIGN/FLASHER,CLEAR,"DARKNESS, LIGHTED ROAD",PARKED MOTOR VEHICLE,DRY,INJURY AND / OR TOW DUE TO CRASH,"OVER $1,500",FAILING TO REDUCE SPEED TO AVOID CRASH,2,INCAPACITATING INJURY,1.0,0.0,1.0,23,7,7,41.68618634,-87.71051558,"['07/15/2023', '11:00:00', 'PM']"
4def2a3fc5c90ae2de1ea6edc79899ce7709e13aa0464364a1b08f5aa1d37a352db3dd77bd5b845c16071a3aa7026ab9212048a31cae51b7e0b26db4d9be729f,2023-07-15 21:00:00,Saturday,25,TRAFFIC SIGNAL,CLEAR,"DARKNESS, LIGHTED ROAD",REAR END,DRY,INJURY AND / OR TOW DUE TO CRASH,"OVER $1,500",UNABLE TO DETERMINE,3,INCAPACITATING INJURY,1.0,0.0,1.0,21,7,7,41.80935304,-87.61138797,"['07/15/2023', '09:00:00', 'PM']"
d52c5a214848ce48ae3dbf428519c6109060f7b39275d5a7789e7497a3347deef092dda43b1f2a21f5982e49df1bb23561da315eb18f888d761ab2cba037b4d6,2023-07-15 19:03:00,Saturday,30,TRAFFIC SIGNAL,CLEAR,DAYLIGHT,PEDALCYCLIST,DRY,INJURY AND / OR TOW DUE TO CRASH,"OVER $1,500",DISREGARDING TRAFFIC SIGNALS,2,INCAPACITATING INJURY,1.0,0.0,1.0,19,7,7,41.77836205,-87.73855297,"['07/15/2023', '07:03:00', 'PM']"
76ef7ac0c09a7e2170ca0c07395a6ba71a73b47abdf403f35835ec03d1eaa673b567c48e5f39d4de5cb4208d52899057dcd4144bc036d2a0143a2f6aee53cf72,2023-07-15 19:00:00,Saturday,30,NO CONTROLS,CLEAR,DAYLIGHT,PEDESTRIAN,DRY,INJURY AND / OR TOW DUE TO CRASH,"OVER $1,500",UNABLE TO DETERMINE,2,INCAPACITATING INJURY,1.0,0.0,1.0,19,7,7,41.86390569,-87.70422505,"['07/15/2023', '07:00:00', 'PM']"
5489b6bf899ec06f788ea6afc726fc0827f9000a804e247ffd52c0e92c41347679356c4620f74d957add49db0032bbf102f8ad95006cf0d6b8800a7cb3762abe,2023-07-15 16:00:00,Saturday,30,TRAFFIC SIGNAL,CLEAR,DAYLIGHT,TURNING,WET,INJURY AND / OR TOW DUE TO CRASH,"OVER $1,500",UNABLE TO DETERMINE,2,INCAPACITATING INJURY,3.0,0.0,1.0,16,7,7,41.73561797,-87.68266337,"['07/15/2023', '04:00:00', 'PM']"
6635be91b03df89d0f0a88cb6ed45a0117e9bbbda0b9779b4bbc00813d9bcc09d3e592e9968087d36d588291668380a7cbc5c73ac35cc36f686e2bf0bf8a5c46,2023-07-15 11:00:00,Saturday,30,STOP SIGN/FLASHER,CLEAR,DAYLIGHT,PEDESTRIAN,DRY,INJURY AND / OR TOW DUE TO CRASH,"OVER $1,500",DRIVING SKILLS/KNOWLEDGE/EXPERIENCE,2,INCAPACITATING INJURY,1.0,0.0,1.0,11,7,7,41.91274973,-87.79505243,"['07/15/2023', '11:00:00', 'AM']"
ca9565ea94eb8f690309759ee24c28af96ef6397e1e212a070ee27b06c31d81e20221e9e57fe953b0f9ac5c238041a8978d174927e4fb357944b87625f865662,2023-07-14 22:15:00,Friday,35,NO CONTROLS,CLEAR,"DARKNESS, LIGHTED ROAD",PEDESTRIAN,DRY,INJURY AND / OR TOW DUE TO CRASH,"OVER $1,500",FAILING TO YIELD RIGHT-OF-WAY,2,INCAPACITATING INJURY,1.0,0.0,1.0,22,6,7,41.73663119,-87.61324753,"['07/14/2023', '10:15:00', 'PM']"
dd065ead34a8520f219da11d3630267bcd3a8f95bb1758ebdccc135a344b93c25701d1c450a692fa57ea661e4accfb512433f785d08924625d2f368b507bdee8,2023-07-14 15:26:00,Friday,35,TRAFFIC SIGNAL,CLEAR,DAYLIGHT,PARKED MOTOR VEHICLE,DRY,INJURY AND / OR TOW DUE TO CRASH,"OVER $1,500",PHYSICAL CONDITION OF DRIVER,3,INCAPACITATING INJURY,1.0,0.0,1.0,15,6,7,41.73736923,-87.56109559,"['07/14/2023', '03:26:00', 'PM']"
e7a3adc9e66e37876b9f28cb7ba7cfb2238c322226188b01a608665ffc8923969ba4dd0a8a0a34a5429eed9a0d063fb65696e84255871b449a8e821408735e19,2023-07-14 14:55:00,Friday,30,STOP SIGN/FLASHER,CLEAR,DAYLIGHT,TURNING,DRY,INJURY AND / OR TOW DUE TO CRASH,$500 OR LESS,FAILING TO YIELD RIGHT-OF-WAY,3,INCAPACITATING INJURY,1.0,0.0,1.0,14,6,7,41.95222772,-87.70293146,"['07/14/2023', '02:55:00', 'PM']"
307401e278a6ea02137273c540f71d4c28e7a4f6728f95acee454d828067ea49395660ef7dce4d1437f804e943282a608088c8dc6c61bc2960699305d9029578,2023-07-14 14:00:00,Friday,30,STOP SIGN/FLASHER,CLEAR,DAYLIGHT,ANGLE,DRY,INJURY AND / OR TOW DUE TO CRASH,"OVER $1,500",UNABLE TO DETERMINE,2,INCAPACITATING INJURY,1.0,0.0,1.0,14,6,7,41.87678696,-87.75349441,"['07/14/2023', '02:00:00', 'PM']"
28c6aac3f7e9a31d42801240243d965bd03e8e560cff3bfbe82150edf9102f4e7a1d676a7deb14cd8fd7dadd797012a4a1179319d9cd9233506b83b1df9404ba,2023-07-14 12:12:00,Friday,30,STOP SIGN/FLASHER,CLEAR,DAYLIGHT,PEDESTRIAN,DRY,INJURY AND / OR TOW DUE TO CRASH,"OVER $1,500",FAILING TO YIELD RIGHT-OF-WAY,2,INCAPACITATING INJURY,1.0,0.0,1.0,12,6,7,41.99400482,-87.70445928,"['07/14/2023', '12:12:00', 'PM']"
3c2e445516409757d05c9387de77309c737cc30fe7bb7e73ff307b861758732b727fcb02cbb557f219ca563b1854dec5cf14d8f244a9fcaba8a169e9ca5a25b3,2023-07-13 23:00:00,Thursday,30,TRAFFIC SIGNAL,CLEAR,"DARKNESS, LIGHTED ROAD",FIXED OBJECT,DRY,INJURY AND / OR TOW DUE TO CRASH,"OVER $1,500",UNABLE TO DETERMINE,1,INCAPACITATING INJURY,1.0,0.0,1.0,23,5,7,41.79078466,-87.63188868,"['07/13/2023', '11:00:00', 'PM']"
aa4b28ad3c85917ed30957aca1665c86d116097b7899ee14f9ceed3c3b8a0567726989d2a413eb953a0575bfeca4b72f1e5c065ac71f69192b4d2159f78c4d5f,2023-07-13 20:15:00,Thursday,30,NO CONTROLS,CLEAR,DAYLIGHT,FIXED OBJECT,DRY,INJURY AND / OR TOW DUE TO CRASH,"OVER $1,500",DRIVING SKILLS/KNOWLEDGE/EXPERIENCE,1,INCAPACITATING INJURY,1.0,0.0,1.0,20,5,7,41.96078827,-87.75127215,"['07/13/2023', '08:15:00', 'PM']"
104016e992218da8e8caa3ab78f34edf8ab8fab9d2fa1e412b8e1eaaa0336b95671d93af4c59aad79e29808cb544cd962b23c5951818311f1d083ea2d086a4f1,2023-07-13 15:20:00,Thursday,30,NO CONTROLS,CLEAR,DAYLIGHT,PEDESTRIAN,DRY,INJURY AND / OR TOW DUE TO CRASH,$500 OR LESS,DRIVING ON WRONG SIDE/WRONG WAY,2,INCAPACITATING INJURY,1.0,0.0,1.0,15,5,7,41.75012612,-87.55853259,"['07/13/2023', '03:20:00', 'PM']"
7885237d0f07d88fda38e30bb6154ad2aaa4b3b4819da7858dec303bdd74917c7394f7ef4da298392a759337a05279fb1aa161ccbb691a2bd4aa8716735a16fe,2023-07-13 12:52:00,Thursday,30,TRAFFIC SIGNAL,CLEAR,DAYLIGHT,PEDESTRIAN,DRY,INJURY AND / OR TOW DUE TO CRASH,"$501 - $1,500",UNABLE TO DETERMINE,3,FATAL,1.0,1.0,0.0,12,5,7,41.87028596,-87.72547369,"['07/13/2023', '12:52:00', 'PM']"
11ef2031cd443958800d5062c111a025e97215ea3230df7d28fd93a88cf29d0e4d607126acee4fa61a59d83cd204fab036160efa57d6bd00b0529366ceffd5f2,2023-07-13 11:53:00,Thursday,25,NO CONTROLS,CLEAR,DAYLIGHT,PARKED MOTOR VEHICLE,DRY,INJURY AND / OR TOW DUE TO CRASH,"OVER $1,500","OPERATING VEHICLE IN ERRATIC, RECKLESS, CARELESS, NEGLIGENT OR AGGRESSIVE MANNER",3,INCAPACITATING INJURY,1.0,0.0,1.0,11,5,7,41.76737995,-87.57374129,"['07/13/2023', '11:53:00', 'AM']"
7dccdee4de7ad8b42b6b4e8f439d83690a3bd564e6c73ffca390eb982eafe4ab4e513fc697c6a65abfc665d264ceca0614a284d78bed79c08a44ddc3655f872a,2023-07-13 08:20:00,Thursday,30,TRAFFIC SIGNAL,CLEAR,DAYLIGHT,TURNING,DRY,INJURY AND / OR TOW DUE TO CRASH,"OVER $1,500",UNABLE TO DETERMINE,2,INCAPACITATING INJURY,1.0,0.0,1.0,8,5,7,41.82006156,-87.62650822,"['07/13/2023', '08:20:00', 'AM']"
0cebb734c9496383315f65db1c63f150a9bbcad3597749942b85b29e2efe5a161b635eeffcd37f8fa45b0589a15c2ba1a262097cb413a99700347c39b289d4f0,2023-07-13 07:06:00,Thursday,30,NO CONTROLS,CLEAR,DAYLIGHT,OTHER OBJECT,DRY,INJURY AND / OR TOW DUE TO CRASH,"OVER $1,500",FAILING TO REDUCE SPEED TO AVOID CRASH,1,INCAPACITATING INJURY,1.0,0.0,1.0,7,5,7,41.74242215,-87.57617574,"['07/13/2023', '07:06:00', 'AM']"
ab9a5c7b102be56838a5e128e8b9afa9eab09988bdc20f41f56efcb8c9ad19749edf39d7a34762787cdc9549301d94e293d8e2e93860a2baf9728e5b8fc9545e,2023-07-12 17:41:00,Wednesday,35,NO CONTROLS,RAIN,DAYLIGHT,REAR END,WET,INJURY AND / OR TOW DUE TO CRASH,"OVER $1,500",FOLLOWING TOO CLOSELY,2,INCAPACITATING INJURY,2.0,0.0,1.0,17,4,7,41.75072682,-87.63114073,"['07/12/2023', '05:41:00', 'PM']"
40f9370fccbaab8eca4a3f773659ba6f0bd7eee634edf302f6aef104e5f8b51861d07bcb98778b77b16bd036ac6c097d3ff66e5d70ad25c4fc49643c0f9cbb57,2023-07-12 17:21:00,Wednesday,30,NO CONTROLS,CLOUDY/OVERCAST,DAYLIGHT,PEDALCYCLIST,WET,INJURY AND / OR TOW DUE TO CRASH,"OVER $1,500",FAILING TO YIELD RIGHT-OF-WAY,2,INCAPACITATING INJURY,1.0,0.0,1.0,17,4,7,41.90659584,-87.67132302,"['07/12/2023', '05:21:00', 'PM']"
5a64549588f739be74b9deabfe4006e30288d56da6da3d4ff48e9ab8603c1e607154d9683c11705eb883e6415382338e07814fbbf6628aeaf18d5a7531d1aa62,2023-07-12 17:00:00,Wednesday,30,STOP SIGN/FLASHER,RAIN,DAYLIGHT,ANGLE,UNKNOWN,INJURY AND / OR TOW DUE TO CRASH,"OVER $1,500",FAILING TO YIELD RIGHT-OF-WAY,2,INCAPACITATING INJURY,2.0,0.0,2.0,17,4,7,41.94656114,-87.70399887,"['07/12/2023', '05:00:00', 'PM']"
20e5a5a3c77083806b7d95138ece6f260a0b6e35f34182486f48a1535ae9743b625df7a2f8a10d200a49b2015011d0be197cb469d127d8fdeaf3e3b304855b10,2023-07-12 07:31:00,Wednesday,30,NO CONTROLS,RAIN,DAYLIGHT,FIXED OBJECT,WET,INJURY AND / OR TOW DUE TO CRASH,"OVER $1,500",FAILING TO REDUCE SPEED TO AVOID CRASH,1,INCAPACITATING INJURY,1.0,0.0,1.0,7,4,7,41.77402023,-87.64934995,"['07/12/2023', '07:31:00', 'AM']"
388914c9e95284bbcab9379be6a2deb5653942952470ea8f642d9f985b061bcefb8c7a690950a00d9d719566ae3a2938aba7c15ff6915cbe6882728ff75bffe2,2023-07-12 01:40:00,Wednesday,30,NO CONTROLS,CLOUDY/OVERCAST,"DARKNESS, LIGHTED ROAD",FIXED OBJECT,DRY,INJURY AND / OR TOW DUE TO CRASH,"OVER $1,500",UNABLE TO DETERMINE,1,INCAPACITATING INJURY,1.0,0.0,1.0,1,4,7,41.86588566,-87.7374859,"['07/12/2023', '01:40:00', 'AM']"
e4cc9ea5cbd1d71a2f766a7a75ddf46b07be29c4500e68ddcb5adade2979b3ed513279be6a1cedbdce286b626c44aeaa0cf2ed3c6a40025b818790a30b3d914c,2023-07-11 23:07:00,Tuesday,30,TRAFFIC SIGNAL,CLEAR,"DARKNESS, LIGHTED ROAD",TURNING,DRY,INJURY AND / OR TOW DUE TO CRASH,"OVER $1,500",IMPROPER TURNING/NO SIGNAL,2,INCAPACITATING INJURY,1.0,0.0,1.0,23,3,7,41.87437162,-87.62437953,"['07/11/2023', '11:07:00', 'PM']"
ef7f960d215787dd2af621b7ae8e467b20040b58221289884d1b44b218eaf9ac01898bd57757e200136e53f502d6bff3bb5d5958048c010f71451008e1563d2a,2023-07-11 15:42:00,Tuesday,30,NO CONTROLS,RAIN,DAYLIGHT,REAR END,WET,INJURY AND / OR TOW DUE TO CRASH,"OVER $1,500",FOLLOWING TOO CLOSELY,2,INCAPACITATING INJURY,1.0,0.0,1.0,15,3,7,41.77991205,-87.64142331,"['07/11/2023', '03:42:00', 'PM']"
af800b71586ba92613da8f0334c8c63e93417153ab8b943b9d1180126c45eb7a5526636331b6c6b4c79a9c26b2887bc565931a18982e33518bb2c4ebb29f3734,2023-07-11 15:00:00,Tuesday,30,NO CONTROLS,RAIN,DAYLIGHT,REAR END,WET,INJURY AND / OR TOW DUE TO CRASH,"$501 - $1,500",UNABLE TO DETERMINE,2,INCAPACITATING INJURY,1.0,0.0,1.0,15,3,7,41.90711594,-87.7014012,"['07/11/2023', '03:00:00', 'PM']"
0604b76ef532c02c038d51b12ae1132653e662c9bdfc389af71a2db83e2674f51c8c4097e2b9061a17e962efab731951dccb746ce08f66266214911729bdb14f,2023-07-11 13:30:00,Tuesday,30,NO CONTROLS,CLEAR,DAYLIGHT,ANGLE,DRY,INJURY AND / OR TOW DUE TO CRASH,"$501 - $1,500",UNABLE TO DETERMINE,2,INCAPACITATING INJURY,1.0,0.0,1.0,13,3,7,41.72969236,-87.58681958,"['07/11/2023', '01:30:00', 'PM']"
b92452223fd0afb46b7cdcded9c1a3a8816363ab0267c247d26ac636b255b494522e0ab64b59f081896b5ee70ac0f12981d1838ddfd2c32943488294f74663fc,2023-07-11 13:10:00,Tuesday,30,NO CONTROLS,CLEAR,DAYLIGHT,PEDALCYCLIST,DRY,INJURY AND / OR TOW DUE TO CRASH,"$501 - $1,500",NOT APPLICABLE,2,INCAPACITATING INJURY,1.0,0.0,1.0,13,3,7,41.93787772,-87.77605025,"['07/11/2023', '01:10:00', 'PM']"
e4394e7678dfa3a621277d9f56cb5cf896f66701327867abade6a7a40e15878c1310a8feaa2fe39901b8dfedbd96028a2bb5fd9cd105046580d25d42a7304f0c,2023-07-11 09:30:00,Tuesday,35,NO CONTROLS,CLEAR,DAYLIGHT,TURNING,DRY,INJURY AND / OR TOW DUE TO CRASH,"$501 - $1,500",UNABLE TO DETERMINE,2,INCAPACITATING INJURY,1.0,0.0,1.0,9,3,7,41.97000016,-87.72368946,"['07/11/2023', '09:30:00', 'AM']"
8e5a6c9dda9e0b6f61cc24e015240d6049d3f98e1af67fafa86866a10bb710ff3dc010df71ce305ef7591f79808d017c02199824c89ab04661cc546703f58cda,2023-07-11 07:28:00,Tuesday,30,NO CONTROLS,CLEAR,DAYLIGHT,REAR END,DRY,INJURY AND / OR TOW DUE TO CRASH,"OVER $1,500",EQUIPMENT - VEHICLE CONDITION,3,INCAPACITATING INJURY,2.0,0.0,1.0,7,3,7,41.95509798,-87.76721133,"['07/11/2023', '07:28:00', 'AM']"
50c90b716c6f48705537caa4f1c1d9893a82e000ac205b1c1d441bc89682dba9f304bd485f8df38f7b217dad6cd818ded253b8ce62d43469d581f0c929f95c51,2023-07-11 06:20:00,Tuesday,45,NO CONTROLS,CLEAR,DAYLIGHT,REAR END,DRY,INJURY AND / OR TOW DUE TO CRASH,"OVER $1,500",FOLLOWING TOO CLOSELY,4,INCAPACITATING INJURY,4.0,0.0,1.0,6,3,7,41.80107195,-87.58174032,"['07/11/2023', '06:20:00', 'AM']"
b8cca608f2976eb503bdca50385c3b7c2d5e622d262bd81f760415531575d0820124d9fb489b6e709a334522a38b16e34a88beea48cbc76a5de5bea3e3fc2767,2023-07-11 02:25:00,Tuesday,20,NO CONTROLS,CLEAR,"DARKNESS, LIGHTED ROAD",PARKED MOTOR VEHICLE,DRY,INJURY AND / OR TOW DUE TO CRASH,"OVER $1,500",NOT APPLICABLE,3,INCAPACITATING INJURY,1.0,0.0,1.0,2,3,7,41.8059497,-87.58661302,"['07/11/2023', '02:25:00', 'AM']"
e1317eaa9fe21dd26df04d659827a0b7972e88d51b8785d4c9ef4ccd6998aa536e89d2615433c0b1d8521a3d6c4c1dc8f0d150904794aa7a83a269b4c9e6faac,2023-07-11 00:00:00,Tuesday,30,TRAFFIC SIGNAL,CLEAR,DARKNESS,TURNING,DRY,INJURY AND / OR TOW DUE TO CRASH,"OVER $1,500",NOT APPLICABLE,2,INCAPACITATING INJURY,1.0,0.0,1.0,0,3,7,41.76913643,-87.62028693,"['07/11/2023', '12:00:00', 'AM']"
f6258e1f127ce5c6e295155e7e11ce708a5e9b0766d1e95e87a9520757ba2a1ac7b0117dd160994b034bf8c0c5052d46c4e24375eae5d4c57edac009237e5e58,2023-07-10 23:30:00,Monday,30,NO CONTROLS,CLEAR,"DARKNESS, LIGHTED ROAD",PARKED MOTOR VEHICLE,DRY,INJURY AND / OR TOW DUE TO CRASH,"OVER $1,500",UNABLE TO DETERMINE,5,INCAPACITATING INJURY,1.0,0.0,1.0,23,2,7,41.75588062,-87.66716062,"['07/10/2023', '11:30:00', 'PM']"
537f207a4d415dc1ee87985e6858673f9402c499785bacc17c0d82b0cea70439890016fc4502dd749336b4a71410f08b50588b9484e1a66d1cf42ada05ab7578,2023-07-10 20:44:00,Monday,30,STOP SIGN/FLASHER,CLEAR,"DARKNESS, LIGHTED ROAD",ANGLE,DRY,INJURY AND / OR TOW DUE TO CRASH,"OVER $1,500",DISREGARDING STOP SIGN,2,INCAPACITATING INJURY,1.0,0.0,1.0,20,2,7,41.77486683,-87.72739682,"['07/10/2023', '08:44:00', 'PM']"
9b2e0e132429397fe53c288ba72a791dab4cc94bc6ec2f2fea39d161c429a6c746cb9de7cc80454023ce91ca2885750439dd1181f6541f87e44f9be15a8d2053,2023-07-10 16:07:00,Monday,30,STOP SIGN/FLASHER,CLEAR,DAYLIGHT,ANGLE,DRY,INJURY AND / OR TOW DUE TO CRASH,"OVER $1,500",FAILING TO YIELD RIGHT-OF-WAY,2,INCAPACITATING INJURY,1.0,0.0,1.0,16,2,7,41.99773384,-87.69605085,"['07/10/2023', '04:07:00', 'PM']"
47822e2948c7ee7d360845c99be78980b82fac45f89d3cd3620b418fc3afe31e63b256aef4d30c839606aeb093bcfa258579f6d2f5ec133a082492fadfd3ffd9,2023-07-10 13:25:00,Monday,30,TRAFFIC SIGNAL,CLEAR,DAYLIGHT,ANGLE,DRY,INJURY AND / OR TOW DUE TO CRASH,"OVER $1,500",DISREGARDING TRAFFIC SIGNALS,3,INCAPACITATING INJURY,2.0,0.0,2.0,13,2,7,41.97515765,-87.806918,"['07/10/2023', '01:25:00', 'PM']"
782ec7bd97a6da9f9164d35e057ac67dc1d01764ced90f9929b597ec63e47fc7db1095dc7f8f7045266daf420577f793fc9dc519d1ee2b4e53b51eb2620aa71b,2023-07-09 11:22:00,Sunday,30,NO CONTROLS,CLEAR,DAYLIGHT,TURNING,DRY,INJURY AND / OR TOW DUE TO CRASH,"OVER $1,500",DRIVING SKILLS/KNOWLEDGE/EXPERIENCE,2,INCAPACITATING INJURY,1.0,0.0,1.0,11,1,7,41.72610218,-87.58475376,"['07/09/2023', '11:22:00', 'AM']"
5bdd89e33c56ac5af7651492aaf49fcb8ebcbd29026e1a8aadfafc5486c1bddb75d955a466da6482969b890e1361bc2d4a8d5f2a4482ded2dae8e3c092867338,2023-07-09 10:10:00,Sunday,35,TRAFFIC SIGNAL,CLEAR,DAYLIGHT,TURNING,DRY,INJURY AND / OR TOW DUE TO CRASH,"OVER $1,500",FAILING TO YIELD RIGHT-OF-WAY,2,INCAPACITATING INJURY,1.0,0.0,1.0,10,1,7,41.98105716,-87.83643434,"['07/09/2023', '10:10:00', 'AM']"
a9672f7393de355f404ab89041bfeefad514cb4dad9cd83bf8356c8e6e62e79dfcb2549fe87437f32560af9177ec15b73020b1e1f90c8dc55802ea5e67493ff0,2023-07-09 09:30:00,Sunday,25,NO CONTROLS,CLEAR,DAYLIGHT,PARKED MOTOR VEHICLE,DRY,INJURY AND / OR TOW DUE TO CRASH,"OVER $1,500","OPERATING VEHICLE IN ERRATIC, RECKLESS, CARELESS, NEGLIGENT OR AGGRESSIVE MANNER",3,INCAPACITATING INJURY,1.0,0.0,1.0,9,1,7,41.97096131,-87.74239451,"['07/09/2023', '09:30:00', 'AM']"