CRASH_RECORD_ID,CRASH_DATE,Weekday,POSTED_SPEED_LIMIT,TRAFFIC_CONTROL_DEVICE,WEATHER_CONDITION,LIGHTING_CONDITION,FIRST_CRASH_TYPE,ROADWAY_SURFACE_COND,CRASH_TYPE,DAMAGE,PRIM_CONTRIBUTORY_CAUSE,NUM_UNITS,MOST_SEVERE_INJURY,INJURIES_TOTAL,INJURIES_FATAL,INJURIES_INCAPACITATING,CRASH_HOUR,CRASH_DAY_OF_WEEK,CRASH_MONTH,LATITUDE,LONGITUDE,CRASH_TIME
1035abee1a11380edbcd541803f25ccac25e006f5f642044ffe9ba8a93494d9309879bff25390b08c30a42c1b41b51780379728fcd503099363b2513a1ce108e,2023-07-09 05:57:00,Sunday,45,NO CONTROLS,CLEAR,DAWN,HEAD ON,DRY,INJURY AND / OR TOW DUE TO CRASH,"OVER $1,500",DRIVING ON WRONG SIDE/WRONG WAY,2,FATAL,14.0,1.0,1.0,5,1,7,41.81440018,-87.59242353,"['07/09/2023', '05:57:00', 'AM']"
99498f1ac4b99ac576d09f465404b59d7f29d787e8074ff7ef0bd0234a6dda38f7b9789ac1ddb9425f8016c79ebd7bf6d846f58223f755afddc4686cc42232c0,2023-07-08 22:41:00,Saturday,30,NO CONTROLS,CLEAR,"DARKNESS, LIGHTED ROAD",FIXED OBJECT,DRY,INJURY AND / OR TOW DUE TO CRASH,"OVER $1,500",UNABLE TO DETERMINE,1,INCAPACITATING INJURY,2.0,0.0,1.0,22,7,7,41.80243029,-87.60435801,"['07/08/2023', '10:41:00', 'PM']"
62a7956645501fcf310d085c6b702196bb6430d2fdde5a35f8a9d43b76b82f8ba214bea16fb86aa358a54c758132eb777fed80a22647ef032ddfff4933891f0e,2023-07-08 21:02:00,Saturday,45,NO CONTROLS,CLEAR,"DARKNESS, LIGHTED ROAD",REAR END,DRY,INJURY AND / OR TOW DUE TO CRASH,"OVER $1,500",FAILING TO REDUCE SPEED TO AVOID CRASH,2,INCAPACITATING INJURY,1.0,0.0,1.0,21,7,7,41.71571234,-87.54022875,"['07/08/2023', '09:02:00', 'PM']"
c933b17cf8b73cbb25cfec27e8a1f83e78787f463642ea2eae544d7a1187a46a98b6305e708864868617cfd24d883fb9d373471d1b8c1f724bc7a8df48fbda98,2023-07-08 19:54:00,Saturday,30,TRAFFIC SIGNAL,CLEAR,DAYLIGHT,PEDALCYCLIST,DRY,INJURY AND / OR TOW DUE TO CRASH,"OVER $1,500",DISREGARDING TRAFFIC SIGNALS,2,INCAPACITATING INJURY,1.0,0.0,1.0,19,7,7,41.87679697,-87.62876382,"['07/08/2023', '07:54:00', 'PM']"
7c6d97de056173fd51b01219d1813bc2eb576b31a870ee5abf81ddec4587db2f5ea19053d27e843cb425dc8a921e135c48236eca3fd85e899e2cc00398983bac,2023-07-08 19:30:00,Saturday,30,TRAFFIC SIGNAL,CLEAR,DAYLIGHT,PEDESTRIAN,DRY,INJURY AND / OR TOW DUE TO CRASH,$500 OR LESS,FAILING TO YIELD RIGHT-OF-WAY,2,INCAPACITATING INJURY,1.0,0.0,1.0,19,7,7,41.84231666,-87.72464504,"['07/08/2023', '07:30:00', 'PM']"
9420d74be43786c2920e0be90a4ba742cc321a057c47b3a39472be3159ccc0192042bce0d554dc003fe0c60fff7984c21d7ad1be714e21eb11b693d1a498d14c,2023-07-08 15:00:00,Saturday,30,NO CONTROLS,CLEAR,DAYLIGHT,TURNING,DRY,INJURY AND / OR TOW DUE TO CRASH,"OVER $1,500",FAILING TO REDUCE SPEED TO AVOID CRASH,2,INCAPACITATING INJURY,3.0,0.0,2.0,15,7,7,41.83414392,-87.67175523,"['07/08/2023', '03:00:00', 'PM']"
d735322db4a4cf91ca91d35eef3e0c4fd8549b68961892c8488375a8503874a7bad481f9a3308ad95f0ff71b7d9242b7d7fff90230422a5b566d6f07e2eacace,2023-07-08 14:15:00,Saturday,15,NO CONTROLS,CLEAR,DAYLIGHT,REAR TO SIDE,WET,INJURY AND / OR TOW DUE TO CRASH,"OVER $1,500",FAILING TO YIELD RIGHT-OF-WAY,2,INCAPACITATING INJURY,1.0,0.0,1.0,14,7,7,41.68235992,-87.6627521,"['07/08/2023', '02:15:00', 'PM']"
e1dce89338f37ce47c6c371339889676547d4066b34ea31023454fd3a9417ca787079ec78a8eec4f17fcb01e4a92d6fa5255e3cf95002d5579c26439131ee431,2023-07-08 12:20:00,Saturday,30,NO CONTROLS,CLOUDY/OVERCAST,DAYLIGHT,PEDALCYCLIST,WET,INJURY AND / OR TOW DUE TO CRASH,$500 OR LESS,FAILING TO YIELD RIGHT-OF-WAY,2,INCAPACITATING INJURY,1.0,0.0,1.0,12,7,7,41.91808578,-87.64724845,"['07/08/2023', '12:20:00', 'PM']"
b1e4de8cdb85b872bbedd4e6963a831f124275c36e1403b2a9e12262572e633e05436ce6a87d194d4b5661ac99efaed09f475b0be18046c87b157ca71742106e,2023-07-07 22:19:00,Friday,30,TRAFFIC SIGNAL,CLEAR,"DARKNESS, LIGHTED ROAD",HEAD ON,DRY,INJURY AND / OR TOW DUE TO CRASH,"OVER $1,500",IMPROPER OVERTAKING/PASSING,3,INCAPACITATING INJURY,4.0,0.0,1.0,22,6,7,41.76590139,-87.59235186,"['07/07/2023', '10:19:00', 'PM']"
1577fe99c554a124c8d03675c00ebd355aaa27cdca778f6584ab6556b90f2cf7523b47c49d6ed3f409ad5f9c8bd8cc2f2f490e382e36d1b74ee86a4704f8faa8,2023-07-07 20:30:00,Friday,25,NO CONTROLS,CLEAR,DARKNESS,PEDALCYCLIST,UNKNOWN,INJURY AND / OR TOW DUE TO CRASH,"$501 - $1,500",UNABLE TO DETERMINE,2,INCAPACITATING INJURY,1.0,0.0,1.0,20,6,7,41.88670647,-87.63174095,"['07/07/2023', '08:30:00', 'PM']"
c8555bf638cce5a28044275aab15efa41c1dea977f5865b8f31eb7eafa9f9963225ccbd4c1f8642bc7b5dc72b8242cefaeda3d41cbfde57d2c5f0a516814c30a,2023-07-07 16:35:00,Friday,30,TRAFFIC SIGNAL,CLEAR,DAYLIGHT,PEDESTRIAN,DRY,INJURY AND / OR TOW DUE TO CRASH,"$501 - $1,500",DRIVING SKILLS/KNOWLEDGE/EXPERIENCE,2,INCAPACITATING INJURY,1.0,0.0,1.0,16,6,7,41.80104129,-87.68446935,"['07/07/2023', '04:35:00', 'PM']"
9debddb4a4b5438223adce5601a01433f76908f328dc168e3c4855cfb59c873c249ed4d5d4b876a6c8bd1edef79f9b90834611b05a552db7664b232ebed99c4e,2023-07-07 15:30:00,Friday,30,TRAFFIC SIGNAL,CLEAR,DAYLIGHT,SIDESWIPE SAME DIRECTION,DRY,INJURY AND / OR TOW DUE TO CRASH,"OVER $1,500",IMPROPER OVERTAKING/PASSING,2,INCAPACITATING INJURY,1.0,0.0,1.0,15,6,7,41.88135321,-87.66591594,"['07/07/2023', '03:30:00', 'PM']"
d8ba16f04575c3245c47e4190a8bf3778ff8820715c7a4dbac8bd2d3ebdc1187e152911b8d945b379deada27b48641c4db2beed863415430d9adf8c1d7588686,2023-07-07 08:51:00,Friday,30,TRAFFIC SIGNAL,CLEAR,DAYLIGHT,ANGLE,DRY,INJURY AND / OR TOW DUE TO CRASH,"OVER $1,500",DISREGARDING TRAFFIC SIGNALS,2,INCAPACITATING INJURY,2.0,0.0,1.0,8,6,7,41.80885838,-87.64326342,"['07/07/2023', '08:51:00', 'AM']"
b376e11c37ac1deae8155bac7e914420d69a81d124c67135ca3862967133edfd6c62cf0af062cc4ad4725071351bdbf3313fda702e7e1afe96cf5189c4be3e86,2023-07-07 07:30:00,Friday,40,NO CONTROLS,CLEAR,DAYLIGHT,OTHER OBJECT,DRY,INJURY AND / OR TOW DUE TO CRASH,"OVER $1,500",NOT APPLICABLE,1,INCAPACITATING INJURY,1.0,0.0,1.0,7,6,7,41.84572186,-87.61173236,"['07/07/2023', '07:30:00', 'AM']"
170b6161d9805ca3d7909c06dd72a57b5f5d9de87dfa47d4b7ae13c644521db921a1d87e0a8bc6183236d3763c4c2c41ada7104319089f63afbdeb81742b033b,2023-07-06 20:26:00,Thursday,35,TRAFFIC SIGNAL,CLEAR,DARKNESS,PEDESTRIAN,DRY,INJURY AND / OR TOW DUE TO CRASH,"OVER $1,500",NOT APPLICABLE,2,INCAPACITATING INJURY,1.0,0.0,1.0,20,5,7,41.953267,-87.77663575,"['07/06/2023', '08:26:00', 'PM']"
d30dd3d36968b9bf7954787132639324f0d313bc76d618079aeca2a246a5fcfc29a5936283a283701048ea6cbde67d5b48fdd69400f879c9de6e6234a4155cfa,2023-07-06 17:00:00,Thursday,30,NO CONTROLS,CLEAR,DAYLIGHT,PEDESTRIAN,DRY,INJURY AND / OR TOW DUE TO CRASH,"OVER $1,500",UNABLE TO DETERMINE,2,INCAPACITATING INJURY,1.0,0.0,1.0,17,5,7,41.84046965,-87.65261317,"['07/06/2023', '05:00:00', 'PM']"
a7bc65a7ae81b3381f58e94f3dae38329cec2a73246f950090d4db2a7d28ab1a3553c6c5d5b200818fc3ac1ca8bbc3e3420af457a0927984e1240870530d9553,2023-07-05 18:30:00,Wednesday,30,NO CONTROLS,CLEAR,DAYLIGHT,PARKED MOTOR VEHICLE,DRY,INJURY AND / OR TOW DUE TO CRASH,"OVER $1,500",FOLLOWING TOO CLOSELY,2,INCAPACITATING INJURY,1.0,0.0,1.0,18,4,7,41.77443898,-87.76143852,"['07/05/2023', '06:30:00', 'PM']"
1e0d59798ae07ad99d897ab8acb07403b920e01050baac9f31b8c6185ec9b1b40de1315e01e7c89a3ecf69636a983268d9e0958c24ad09723227147153cdf3cd,2023-07-05 17:30:00,Wednesday,30,TRAFFIC SIGNAL,RAIN,DAYLIGHT,REAR END,WET,INJURY AND / OR TOW DUE TO CRASH,"OVER $1,500",PHYSICAL CONDITION OF DRIVER,2,INCAPACITATING INJURY,5.0,0.0,1.0,17,4,7,41.76910398,-87.62509228,"['07/05/2023', '05:30:00', 'PM']"
4ce643f109be30fa164047a87745e0dbead861c23f393713027267ed8f8f5534b1973b54e9ee4ada30e48536128c58bd03a8e695200393943e1bf4b6cfac947a,2023-07-05 10:10:00,Wednesday,30,TRAFFIC SIGNAL,CLEAR,DAYLIGHT,PEDESTRIAN,DRY,INJURY AND / OR TOW DUE TO CRASH,$500 OR LESS,"VISION OBSCURED (SIGNS, TREE LIMBS, BUILDINGS, ETC.)",2,INCAPACITATING INJURY,1.0,0.0,1.0,10,4,7,41.73569699,-87.66320954,"['07/05/2023', '10:10:00', 'AM']"
75e6debb0066b8482056ea041a927a4a00a06d7bafa3002f6b13869e703dcd17ba4edab5bbefb8b3e80e7cabb755a2c352e3ce48b6cc11a949f4e54bb9555306,2023-07-05 06:04:00,Wednesday,35,TRAFFIC SIGNAL,CLEAR,DAYLIGHT,ANGLE,DRY,INJURY AND / OR TOW DUE TO CRASH,"OVER $1,500",FAILING TO REDUCE SPEED TO AVOID CRASH,2,INCAPACITATING INJURY,1.0,0.0,1.0,6,4,7,41.8018903,-87.62603526,"['07/05/2023', '06:04:00', 'AM']"
2803af7e50b150c5961fb0329e71d7daea6227fbd483f1900d48f93cdcdad8fc5cd8f99aeef75ef551fda71770e9ae287044f869cddc181f83866a8d6ce7477f,2023-07-05 04:00:00,Wednesday,30,TRAFFIC SIGNAL,CLEAR,"DARKNESS, LIGHTED ROAD",SIDESWIPE SAME DIRECTION,DRY,INJURY AND / OR TOW DUE TO CRASH,"OVER $1,500",UNABLE TO DETERMINE,2,INCAPACITATING INJURY,1.0,0.0,1.0,4,4,7,41.76594832,-87.60573968,"['07/05/2023', '04:00:00', 'AM']"
0f960abf578bbd0e268bdd0cdb1c0ea3907c7b23bbaea3d516e9f8626d1e7f89377b00db8b60e2f98b9e73f91e3cf90c4d2f18b97af09628ef5166635876be99,2023-07-05 00:46:00,Wednesday,30,TRAFFIC SIGNAL,CLEAR,"DARKNESS, LIGHTED ROAD",ANGLE,DRY,INJURY AND / OR TOW DUE TO CRASH,"OVER $1,500",DISREGARDING TRAFFIC SIGNALS,2,INCAPACITATING INJURY,2.0,0.0,1.0,0,4,7,41.88156417,-87.66692946,"['07/05/2023', '12:46:00', 'AM']"
9fd8115eb3e99d8e9f02e6cfceba1b2ea6a1d687cd87dd5a74fe4b3193d852da1946b02c7586143e826cb6a630195589894026f49d346bb51f936eeeed1f290f,2023-07-04 21:05:00,Tuesday,30,TRAFFIC SIGNAL,CLEAR,"DARKNESS, LIGHTED ROAD",PEDESTRIAN,DRY,INJURY AND / OR TOW DUE TO CRASH,"$501 - $1,500",FAILING TO YIELD RIGHT-OF-WAY,2,INCAPACITATING INJURY,1.0,0.0,1.0,21,3,7,41.89271559,-87.62404433,"['07/04/2023', '09:05:00', 'PM']"
a257aca67bcf81c44fb841f1a472fd0e65fd66adaf3d9a4d8035b26550916c91d11d5f1825dbc147089f582a93278150f2d082aa9adce095c2a11f78525030cc,2023-07-04 01:12:00,Tuesday,30,NO CONTROLS,CLEAR,"DARKNESS, LIGHTED ROAD",TURNING,DRY,INJURY AND / OR TOW DUE TO CRASH,"OVER $1,500",IMPROPER TURNING/NO SIGNAL,2,INCAPACITATING INJURY,2.0,0.0,1.0,1,3,7,41.75097347,-87.62955631,"['07/04/2023', '01:12:00', 'AM']"
05d2bea69d3a2709c16770c4bb3d4c824f563368645b9890d096668e156773d187e1eab2016db0f0e2773dd40a4ad5ad0c0eb65981349be5bbe7166e7600bc6a,2023-07-03 23:47:00,Monday,30,NO CONTROLS,CLEAR,"DARKNESS, LIGHTED ROAD",SIDESWIPE OPPOSITE DIRECTION,DRY,INJURY AND / OR TOW DUE TO CRASH,"OVER $1,500",IMPROPER LANE USAGE,4,INCAPACITATING INJURY,2.0,0.0,1.0,23,2,7,41.76468121,-87.67539236,"['07/03/2023', '11:47:00', 'PM']"
adf491a6a781eca92706693d5445fe06edc2f45013b4bfc19f353736fd49da0585677c76685d18b02f6afaad768747b6b71a43b711c0f8bb1043866b9baccf23,2023-07-03 17:15:00,Monday,30,TRAFFIC SIGNAL,CLEAR,DAYLIGHT,TURNING,DRY,INJURY AND / OR TOW DUE TO CRASH,"OVER $1,500",IMPROPER TURNING/NO SIGNAL,2,INCAPACITATING INJURY,1.0,0.0,1.0,17,2,7,41.88174807,-87.74548559,"['07/03/2023', '05:15:00', 'PM']"
6fd6559df75620e15e644f028edaf79ab25e5b8fcddb48167ae4571ad8b03fd3e67641b19ec6db2ead11e3157580965833638284dc0c8432e8f9d454f1f9ea52,2023-07-03 14:12:00,Monday,30,TRAFFIC SIGNAL,CLEAR,DAYLIGHT,ANGLE,DRY,INJURY AND / OR TOW DUE TO CRASH,"OVER $1,500",UNABLE TO DETERMINE,2,INCAPACITATING INJURY,6.0,0.0,2.0,14,2,7,41.75560396,-87.67313931,"['07/03/2023', '02:12:00', 'PM']"
7b91f88f3a68a4a8fb07a61533c1fc17a1f4e1488f58307d1a045db90a3efe943264a8ce91d510015812783c786fecbbfb28c1307303a43937fc0b39dcdace03,2023-07-03 10:01:00,Monday,30,TRAFFIC SIGNAL,CLEAR,DAYLIGHT,TURNING,DRY,INJURY AND / OR TOW DUE TO CRASH,$500 OR LESS,FAILING TO YIELD RIGHT-OF-WAY,2,INCAPACITATING INJURY,1.0,0.0,1.0,10,2,7,41.96343672,-87.65638046,"['07/03/2023', '10:01:00', 'AM']"
472e4761ef1baa8868515ac53cacaabacef59cd64d854503820c74488ad512982e1341957d4d110fe5e3bdb5ab5d93462e8a8d8f4b5ebb5c8a80a81426af55dd,2023-07-02 21:00:00,Sunday,30,TRAFFIC SIGNAL,CLEAR,"DARKNESS, LIGHTED ROAD",ANGLE,DRY,INJURY AND / OR TOW DUE TO CRASH,"OVER $1,500","OPERATING VEHICLE IN ERRATIC, RECKLESS, CARELESS, NEGLIGENT OR AGGRESSIVE MANNER",2,INCAPACITATING INJURY,2.0,0.0,1.0,21,1,7,41.76500934,-87.65426109,"['07/02/2023', '09:00:00', 'PM']"
154915c7af71d38379fe7d60ee4fd05eafa868b94aadefa414f58030af722895ffc2b62741b067657d6be96de80c52e40e3dc13fd1d1989f7176bdec7d5833d3,2023-07-02 16:34:00,Sunday,30,TRAFFIC SIGNAL,RAIN,DAYLIGHT,PEDESTRIAN,WET,INJURY AND / OR TOW DUE TO CRASH,"OVER $1,500",FAILING TO YIELD RIGHT-OF-WAY,2,INCAPACITATING INJURY,1.0,0.0,1.0,16,1,7,41.8808343,-87.7257966,"['07/02/2023', '04:34:00', 'PM']"
43cdff10d127a8448a49049b2133592a49ccb41439406f0a5087b0d3ff0f6884cf39b3775a362e4e6f90c32bc305b6fff215a9d884fd8fec740df469749946e3,2023-07-02 03:15:00,Sunday,30,TRAFFIC SIGNAL,RAIN,"DARKNESS, LIGHTED ROAD",ANGLE,WET,INJURY AND / OR TOW DUE TO CRASH,"OVER $1,500",DISREGARDING TRAFFIC SIGNALS,2,INCAPACITATING INJURY,2.0,0.0,1.0,3,1,7,41.79464233,-87.63184342,"['07/02/2023', '03:15:00', 'AM']"
bea03df49e7553672755eaf72011bb1ad6a2b4f282dc56313b67f36565c51498cb61c424482e790c36531f9492961aa79cfad9a1437c284b8f811dea4c603561,2023-07-02 02:50:00,Sunday,30,TRAFFIC SIGNAL,RAIN,"DARKNESS, LIGHTED ROAD",ANGLE,WET,INJURY AND / OR TOW DUE TO CRASH,"OVER $1,500",UNABLE TO DETERMINE,2,INCAPACITATING INJURY,3.0,0.0,1.0,2,1,7,41.87206239,-87.75490425,"['07/02/2023', '02:50:00', 'AM']"
773e45733812cc62b969906e98b3c8106f8160b7de2b622fc3cb42036d3282bc8d19ff03a03653440460024b03b4315c35110dc246fff3d929270dfec643fa8b,2023-07-02 02:21:00,Sunday,30,NO CONTROLS,RAIN,"DARKNESS, LIGHTED ROAD",FIXED OBJECT,WET,INJURY AND / OR TOW DUE TO CRASH,"OVER $1,500",UNABLE TO DETERMINE,1,INCAPACITATING INJURY,1.0,0.0,1.0,2,1,7,41.73505997,-87.64373364,"['07/02/2023', '02:21:00', 'AM']"
32cde906b26c33263522a834e62d87722f82a5896631b7dac69c8fb2f55607eba2034b2bdb96b0217fb0fc65fbf5c6741c156fb2442891cf8943bb7e638b63e1,2023-07-02 00:55:00,Sunday,30,TRAFFIC SIGNAL,RAIN,"DARKNESS, LIGHTED ROAD",PEDALCYCLIST,WET,INJURY AND / OR TOW DUE TO CRASH,"OVER $1,500",FAILING TO YIELD RIGHT-OF-WAY,2,INCAPACITATING INJURY,1.0,0.0,1.0,0,1,7,41.83808684,-87.65143114,"['07/02/2023', '12:55:00', 'AM']"
df09b027e0094fe37dce44c304a664d1c34e818738b44c39322cebaa1c6d46b3144b9db519ee48aba4719efd0bc93a2996b1d5bdbf1094acf8e2597557841caf,2023-07-01 22:13:00,Saturday,30,TRAFFIC SIGNAL,CLEAR,"DARKNESS, LIGHTED ROAD",PEDALCYCLIST,DRY,INJURY AND / OR TOW DUE TO CRASH,"OVER $1,500",IMPROPER OVERTAKING/PASSING,2,INCAPACITATING INJURY,1.0,0.0,1.0,22,7,7,42.01612995,-87.6652532,"['07/01/2023', '10:13:00', 'PM']"
2d3e1e3f197932e2306da1b2d4571c523b145ece946dec19d7c936f00f19cb68f7d76f4d5a2adfba33886ef75cebc02f6b217422930f8f20a458427c8b7d3c5c,2023-07-01 18:35:00,Saturday,30,NO CONTROLS,CLEAR,DAYLIGHT,SIDESWIPE SAME DIRECTION,DRY,INJURY AND / OR TOW DUE TO CRASH,"OVER $1,500",UNABLE TO DETERMINE,2,INCAPACITATING INJURY,1.0,0.0,1.0,18,7,7,41.73986618,-87.62568002,"['07/01/2023', '06:35:00', 'PM']"
546c365be9fa4ee8e31601779a14829b74c3ca5a549b2969c2a86e0d633b975543b27a43dd0f6f540bcc59d4a64a0ffa4cba7e4ef7fffcab0409af1e19d96e1d,2023-07-01 15:24:00,Saturday,30,TRAFFIC SIGNAL,CLEAR,DAYLIGHT,SIDESWIPE SAME DIRECTION,DRY,INJURY AND / OR TOW DUE TO CRASH,"OVER $1,500",FAILING TO REDUCE SPEED TO AVOID CRASH,6,INCAPACITATING INJURY,2.0,0.0,1.0,15,7,7,41.80939817,-87.62275732,"['07/01/2023', '03:24:00', 'PM']"
65824bda9f8e68238592bb38d742240c813a05e142e08bf091143eb7a0b21db54da70ccb68846ff1547b43ba7f19f6c4c62bade1f6c67468abeb4d0b29aa951d,2023-07-01 13:15:00,Saturday,30,NO CONTROLS,CLEAR,DAYLIGHT,TURNING,DRY,INJURY AND / OR TOW DUE TO CRASH,"OVER $1,500",FAILING TO YIELD RIGHT-OF-WAY,3,INCAPACITATING INJURY,2.0,0.0,1.0,13,7,7,41.90914771,-87.66779606,"['07/01/2023', '01:15:00', 'PM']"
03deadfa25996f5b781edeb1ef65a6d237f4882a13f3d5bc5abef01810f1a53ea7dd65dc200420c0dc08639dfcfae52be63ed8bb75a1326e42a05cd7e2ac57a8,2023-07-01 11:51:00,Saturday,30,NO CONTROLS,CLEAR,DAYLIGHT,TURNING,DRY,INJURY AND / OR TOW DUE TO CRASH,"OVER $1,500",FAILING TO YIELD RIGHT-OF-WAY,2,INCAPACITATING INJURY,1.0,0.0,1.0,11,7,7,41.68517436,-87.64347618,"['07/01/2023', '11:51:00', 'AM']"
fa35323a3ef024898422f111787232a1b381bf04fb9f44fd084f47f3be8cc14f5b4746c3e97298d9c5be629ce9eca8fec343fd4a5a5156f95cdbff914b20d76a,2023-07-01 11:30:00,Saturday,30,NO CONTROLS,CLEAR,"DARKNESS, LIGHTED ROAD",OTHER OBJECT,WET,INJURY AND / OR TOW DUE TO CRASH,"OVER $1,500",UNABLE TO DETERMINE,2,FATAL,2.0,2.0,0.0,11,7,7,41.9382805,-87.7806474,"['07/01/2023', '11:30:00', 'AM']"
5bcd402d44093d627bdbc45dc99467eed5f5087c7ff258d73fe2237ded811508d925366316badfee0079308ac50a0878c668d198256427eb255a56e62e6d0d5e,2023-07-01 08:47:00,Saturday,30,TRAFFIC SIGNAL,RAIN,DAYLIGHT,PEDESTRIAN,WET,INJURY AND / OR TOW DUE TO CRASH,$500 OR LESS,UNABLE TO DETERMINE,2,INCAPACITATING INJURY,1.0,0.0,1.0,8,7,7,41.78032875,-87.61577132,"['07/01/2023', '08:47:00', 'AM']"
e075ae0e5633e6d1f0628719b274ad4fa0800176df557a638f5e90d4f2e7fe3546389ed67da301e0cfb9fd4a21f97c27e331845502ae9cedc4586b319f840b09,2023-07-01 08:40:00,Saturday,30,NO CONTROLS,RAIN,DAYLIGHT,FIXED OBJECT,WET,INJURY AND / OR TOW DUE TO CRASH,"OVER $1,500",PHYSICAL CONDITION OF DRIVER,1,INCAPACITATING INJURY,1.0,0.0,1.0,8,7,7,41.83484292,-87.61339001,"['07/01/2023', '08:40:00', 'AM']"
ee082d58c1e5964400c2da0b24f152e798372caf1420897ecd92802d082c1319b48fbc09b1a7fa192ac45c6f906e64348f8bb712872c2d23c7b90ad4b7769256,2023-07-01 01:00:00,Saturday,30,NO CONTROLS,CLEAR,DARKNESS,PEDESTRIAN,UNKNOWN,INJURY AND / OR TOW DUE TO CRASH,"$501 - $1,500",FAILING TO YIELD RIGHT-OF-WAY,2,INCAPACITATING INJURY,1.0,0.0,1.0,1,7,7,41.75283812,-87.66728956,"['07/01/2023', '01:00:00', 'AM']"
c70fd1b3da5b90b2ea4ae6338c02ee58baf92af950dd10044714f4fda9f0bd862f8f1e80a3c68b02e44787f5b8fad34ca1dba8dca857142733c0c16e06fd9ec9,2023-06-30 23:30:00,Friday,30,NO CONTROLS,CLEAR,"DARKNESS, LIGHTED ROAD",PEDALCYCLIST,DRY,INJURY AND / OR TOW DUE TO CRASH,"OVER $1,500",FAILING TO YIELD RIGHT-OF-WAY,2,INCAPACITATING INJURY,1.0,0.0,1.0,23,6,6,41.75673957,-87.62487551,"['06/30/2023', '11:30:00', 'PM']"
5ee5d998db696abf1c85925f71d82015adb33f3b2cdad1942d7d5cf7f077d3ae22547160f024f0ebd1d4a6875fc58fd1e824aa2d1e0a9c53db3cb3d86efb3038,2023-06-30 21:37:00,Friday,30,NO CONTROLS,CLEAR,"DARKNESS, LIGHTED ROAD",PARKED MOTOR VEHICLE,DRY,INJURY AND / OR TOW DUE TO CRASH,"OVER $1,500",UNABLE TO DETERMINE,2,INCAPACITATING INJURY,1.0,0.0,1.0,21,6,6,41.75621739,-87.64159601,"['06/30/2023', '09:37:00', 'PM']"
ef72d96305dcd1770b068bbc84799dd7d9429e3ba63fb35af86585772de3246747aae6b0eb6798e0fed8818ff73e2050a9921296272ea45debfa341c219b525f,2023-06-30 19:13:00,Friday,30,TRAFFIC SIGNAL,CLEAR,DAYLIGHT,PEDALCYCLIST,WET,INJURY AND / OR TOW DUE TO CRASH,"OVER $1,500",FAILING TO YIELD RIGHT-OF-WAY,2,INCAPACITATING INJURY,1.0,0.0,1.0,19,6,6,41.9527671,-87.64980144,"['06/30/2023', '07:13:00', 'PM']"
965ffdfc37923082c05eec95344fb50ffb2f45854f9b7a76af1aa7c824b635473a51c86bec0b0d2f08568db687977610d6e9b2849dc83aeec5123ca560dbc80d,2023-06-30 17:42:00,Friday,30,NO CONTROLS,CLEAR,DAYLIGHT,SIDESWIPE SAME DIRECTION,DRY,INJURY AND / OR TOW DUE TO CRASH,"OVER $1,500",IMPROPER OVERTAKING/PASSING,2,INCAPACITATING INJURY,10.0,0.0,10.0,17,6,6,41.8491604,-87.62714785,"['06/30/2023', '05:42:00', 'PM']"
09f8275d0b9ebd8b979188dff3abdd58222fefce7ecb80ef55c114883694b50d80d158c191238be93d39d4551291b960143555a0008dc979a32f462b60f6074a,2023-06-30 16:00:00,Friday,30,STOP SIGN/FLASHER,CLEAR,DAYLIGHT,SIDESWIPE SAME DIRECTION,DRY,INJURY AND / OR TOW DUE TO CRASH,"OVER $1,500",FAILING TO YIELD RIGHT-OF-WAY,3,INCAPACITATING INJURY,2.0,0.0,2.0,16,6,6,41.73499925,-87.60463586,"['06/30/2023', '04:00:00', 'PM']"
7f2aacafef5de2c60a17b5234ca5219b7eef5ff0e10e851d28428fe18e11f6f8f078067b476a487290bf65a5b1cb4c766c5aa509baa5a64ab524ff40c3022bed,2023-06-30 15:37:00,Friday,30,STOP SIGN/FLASHER,CLOUDY/OVERCAST,DAYLIGHT,ANGLE,DRY,INJURY AND / OR TOW DUE TO CRASH,"OVER $1,500",FAILING TO YIELD RIGHT-OF-WAY,2,INCAPACITATING INJURY,2.0,0.0,1.0,15,6,6,41.93096149,-87.79797806,"['06/30/2023', '03:37:00', 'PM']"
0ed7422777cd71d58818558fe6178b50dcfc1a5819f1a42f7e610735188a41970186768c8d79d6b611c819307c4c7da24b23c97f8b29e2b6201e506255d38472,2023-06-30 07:32:00,Friday,30,TRAFFIC SIGNAL,CLEAR,DAYLIGHT,TURNING,DRY,INJURY AND / OR TOW DUE TO CRASH,"OVER $1,500",DRIVING SKILLS/KNOWLEDGE/EXPERIENCE,2,INCAPACITATING INJURY,2.0,0.0,1.0,7,6,6,41.73709415,-87.58075969,"['06/30/2023', '07:32:00', 'AM']"
142b83c434fae81a67d55237bf2a5496d6c2412f60b6a001d2cab715cef35fc396475a5f76cd088227d02d050ce7e03cfc5d001195efa8593878eb621a14386e,2023-06-29 20:29:00,Thursday,35,TRAFFIC SIGNAL,CLEAR,DAWN,FIXED OBJECT,DRY,INJURY AND / OR TOW DUE TO CRASH,"OVER $1,500",DRIVING SKILLS/KNOWLEDGE/EXPERIENCE,1,INCAPACITATING INJURY,1.0,0.0,1.0,20,5,6,41.88995023,-87.7260752,"['06/29/2023', '08:29:00', 'PM']"
a23cb987a23be5fcff73e53e9aba13a11b824ae880a02db3a3095fc24b1dc67bf036550c8b9451776a45a175412d189850ed4401f6931a34c3048354e76e8001,2023-06-29 02:07:00,Thursday,35,NO CONTROLS,CLEAR,"DARKNESS, LIGHTED ROAD",FIXED OBJECT,DRY,INJURY AND / OR TOW DUE TO CRASH,"OVER $1,500",UNABLE TO DETERMINE,1,INCAPACITATING INJURY,1.0,0.0,1.0,2,5,6,41.87420253,-87.72900459,"['06/29/2023', '02:07:00', 'AM']"