CRASH_RECORD_ID,CRASH_DATE,Weekday,POSTED_SPEED_LIMIT,TRAFFIC_CONTROL_DEVICE,WEATHER_CONDITION,LIGHTING_CONDITION,FIRST_CRASH_TYPE,ROADWAY_SURFACE_COND,CRASH_TYPE,DAMAGE,PRIM_CONTRIBUTORY_CAUSE,NUM_UNITS,MOST_SEVERE_INJURY,INJURIES_TOTAL,INJURIES_FATAL,INJURIES_INCAPACITATING,CRASH_HOUR,CRASH_DAY_OF_WEEK,CRASH_MONTH,LATITUDE,LONGITUDE,CRASH_TIME
e1d3dac3df326abb722fbc50e58879c12518099c7e823025681af534781cf113f29e5f5eb5f49a4fe6de62c6a8ab8e494e7f6bcb5ae7201ab52b527a6d317d3d,2023-06-29 00:45:00,Thursday,35,STOP SIGN/FLASHER,CLEAR,"DARKNESS, LIGHTED ROAD",REAR END,DRY,INJURY AND / OR TOW DUE TO CRASH,"OVER $1,500",DISTRACTION - FROM OUTSIDE VEHICLE,2,INCAPACITATING INJURY,1.0,0.0,1.0,0,5,6,41.90342507,-87.65511614,"['06/29/2023', '12:45:00', 'AM']"
1bae5823e9f2fa645f9e79207e050aa2d70e1cfd669f33605b3df6068414c15a3f4d46e37f8f71fbb8644a458f92fde74e4935451f4a9672d80147e2d48b6b57,2023-06-28 22:08:00,Wednesday,30,PEDESTRIAN CROSSING SIGN,CLEAR,"DARKNESS, LIGHTED ROAD",FIXED OBJECT,DRY,INJURY AND / OR TOW DUE TO CRASH,"OVER $1,500",UNABLE TO DETERMINE,1,INCAPACITATING INJURY,1.0,0.0,1.0,22,4,6,41.78460563,-87.72277812,"['06/28/2023', '10:08:00', 'PM']"
ac95260a780deca2455672049426441d19429e6be133f1018f7c5b972aff857afad6f5c354b99eb7d28abef643b1c05c257375a8b1cea97f415f00c69718e863,2023-06-28 20:55:00,Wednesday,30,NO CONTROLS,CLEAR,DARKNESS,PARKED MOTOR VEHICLE,DRY,INJURY AND / OR TOW DUE TO CRASH,"OVER $1,500",UNABLE TO DETERMINE,2,INCAPACITATING INJURY,2.0,0.0,2.0,20,4,6,41.835778,-87.66908529,"['06/28/2023', '08:55:00', 'PM']"
57d32d145d1d95d39ec62bdc86432c277581e09e58dae61a612dbebb7bcb50238ac988b1515a5ea52e481f8800a652307bb498a15eee7aee7c85748193276d0d,2023-06-28 18:25:00,Wednesday,10,NO CONTROLS,CLEAR,DAYLIGHT,FIXED OBJECT,DRY,INJURY AND / OR TOW DUE TO CRASH,"OVER $1,500",UNDER THE INFLUENCE OF ALCOHOL/DRUGS (USE WHEN ARREST IS EFFECTED),1,INCAPACITATING INJURY,2.0,0.0,1.0,18,4,6,41.91516623,-87.71037299,"['06/28/2023', '06:25:00', 'PM']"
ecbe2d0c3524c7c8c97eed7ae6ee7d01e5055f22ef5fe4f72b58eda0719290ce28cf69c51a34deae4b7a17521a744551a0ad7c9e3104adbd7361ed0836a6e397,2023-06-28 10:05:00,Wednesday,25,TRAFFIC SIGNAL,CLEAR,DAYLIGHT,PEDESTRIAN,DRY,INJURY AND / OR TOW DUE TO CRASH,$500 OR LESS,UNABLE TO DETERMINE,2,INCAPACITATING INJURY,1.0,0.0,1.0,10,4,6,41.87433069,-87.63960074,"['06/28/2023', '10:05:00', 'AM']"
103dcbab8e8ed016cf13767bac0409573fe41839fc756c47d0f160d1fe430aa0f3bd3258c66cebc4684d95a7ac1766ae8b06736d41c1a7ed025d75eaa51cc03f,2023-06-28 00:10:00,Wednesday,30,NO CONTROLS,CLEAR,"DARKNESS, LIGHTED ROAD",PEDALCYCLIST,DRY,INJURY AND / OR TOW DUE TO CRASH,"OVER $1,500",UNABLE TO DETERMINE,2,INCAPACITATING INJURY,1.0,0.0,1.0,0,4,6,41.95985739,-87.66935444,"['06/28/2023', '12:10:00', 'AM']"
d619431599a0664d22f358853242a743965f7c1af026c709b80fa85d3fcc8e810f68bc4ce9cbddcd6e1575e9a31bd06c83bd9cc84651d0fa140d4eb896e3ecf8,2023-06-27 23:40:00,Tuesday,30,NO CONTROLS,CLEAR,"DARKNESS, LIGHTED ROAD",PARKED MOTOR VEHICLE,DRY,INJURY AND / OR TOW DUE TO CRASH,"OVER $1,500",FAILING TO REDUCE SPEED TO AVOID CRASH,3,INCAPACITATING INJURY,3.0,0.0,1.0,23,3,6,41.81866283,-87.69655704,"['06/27/2023', '11:40:00', 'PM']"
198db9d7d2417b109c1c94e57a6dcadb325a0c093d35f89b66ad9630c1c9177998643c25958dc510e3fe48fbdd9842c506dcd789d5d798d9a34683207fe04cd7,2023-06-27 14:41:00,Tuesday,30,TRAFFIC SIGNAL,CLEAR,DAYLIGHT,PEDESTRIAN,DRY,INJURY AND / OR TOW DUE TO CRASH,"OVER $1,500",UNABLE TO DETERMINE,2,INCAPACITATING INJURY,1.0,0.0,1.0,14,3,6,41.99783617,-87.69003306,"['06/27/2023', '02:41:00', 'PM']"
2eeeb8f7e8771e96e231f618349a54197f72c6eb07db6837e0544671aa4e39b998d856d859b7e0dc6dcf4a7c566a3b2c95f7f63141eed0f2fe4cae6da8bc4b66,2023-06-27 13:55:00,Tuesday,30,STOP SIGN/FLASHER,CLEAR,DAYLIGHT,TURNING,DRY,INJURY AND / OR TOW DUE TO CRASH,"OVER $1,500",UNABLE TO DETERMINE,2,INCAPACITATING INJURY,2.0,0.0,1.0,13,3,6,41.74967759,-87.69622004,"['06/27/2023', '01:55:00', 'PM']"
96e3ebee49b871075535b8f15514a69bad4d5c995227852d924c7d7a732f509dbee48b97551ab13fc3f1e9831441e7e3feaa3b439784cee94aa34484511fea8b,2023-06-27 08:55:00,Tuesday,35,NO CONTROLS,CLEAR,DAYLIGHT,TURNING,DRY,INJURY AND / OR TOW DUE TO CRASH,"OVER $1,500",UNABLE TO DETERMINE,3,INCAPACITATING INJURY,2.0,0.0,1.0,8,3,6,41.93758869,-87.68828565,"['06/27/2023', '08:55:00', 'AM']"
422445aca83b407bfd97a2e912f37b8733c7370b831ccee17cc9796038f98edcbfbca2837d1039f31845cd5b317498fa1c3d0d6f57c5aa0eb26f909b158b8aff,2023-06-27 07:55:00,Tuesday,25,NO CONTROLS,CLEAR,DAYLIGHT,HEAD ON,DRY,INJURY AND / OR TOW DUE TO CRASH,"OVER $1,500",DRIVING ON WRONG SIDE/WRONG WAY,2,INCAPACITATING INJURY,1.0,0.0,1.0,7,3,6,41.91793387,-87.80591547,"['06/27/2023', '07:55:00', 'AM']"
bc44c186927a3ef9461c5a0b8bd7d376c207810a5620267a23d90d49d011445e625753e78463bbe5bec757208462b5ddf5eccaae3657c5c6d1d8bb023202a054,2023-06-26 22:29:00,Monday,30,TRAFFIC SIGNAL,CLEAR,"DARKNESS, LIGHTED ROAD",PEDALCYCLIST,DRY,INJURY AND / OR TOW DUE TO CRASH,"OVER $1,500",FAILING TO REDUCE SPEED TO AVOID CRASH,2,INCAPACITATING INJURY,1.0,0.0,1.0,22,2,6,41.86728617,-87.63058097,"['06/26/2023', '10:29:00', 'PM']"
36dbb5b086934b7bd2891ad0a6b4262bbf067acbf2f5df3c104babcd5c7266b4501415866838a1a3aa805fc3b049225b0c1bd280c85a01bf3e83caee3f63ba49,2023-06-26 17:55:00,Monday,30,NO CONTROLS,CLEAR,DAYLIGHT,FIXED OBJECT,DRY,INJURY AND / OR TOW DUE TO CRASH,"OVER $1,500","OPERATING VEHICLE IN ERRATIC, RECKLESS, CARELESS, NEGLIGENT OR AGGRESSIVE MANNER",1,INCAPACITATING INJURY,1.0,0.0,1.0,17,2,6,41.87255433,-87.72047811,"['06/26/2023', '05:55:00', 'PM']"
b2bfd15ed35a908b57884197788e54a377cc67404ddc80ae18cb92275a11eb1c61a7a8b56eb0b924c23e8907feb245549f971e341ed38ee8dba253239698d5b9,2023-06-26 14:30:00,Monday,30,STOP SIGN/FLASHER,CLEAR,DAYLIGHT,ANGLE,DRY,INJURY AND / OR TOW DUE TO CRASH,"OVER $1,500",UNABLE TO DETERMINE,2,INCAPACITATING INJURY,2.0,0.0,1.0,14,2,6,41.89892838,-87.73857374,"['06/26/2023', '02:30:00', 'PM']"
4360208f71652d0b4a4e3d0ae1e4fda796795534a96e6e4e68b70bccaab8ccc4f024d01d090fd9623f11675de3b995620aae3f19a947c0606dd1cf0a313f10b6,2023-06-26 13:10:00,Monday,30,TRAFFIC SIGNAL,CLEAR,DAYLIGHT,REAR END,DRY,INJURY AND / OR TOW DUE TO CRASH,"OVER $1,500",FAILING TO YIELD RIGHT-OF-WAY,2,INCAPACITATING INJURY,1.0,0.0,1.0,13,2,6,41.75958858,-87.67325094,"['06/26/2023', '01:10:00', 'PM']"
02b182ecfb1931ef40c06dc54402c21c504c534dbc85b97baafe9a2368a3557be8f02440004b1e62f15d1bbde9dd60e23ed60ad24d02baa2042ef8abc35ed619,2023-06-25 23:37:00,Sunday,30,STOP SIGN/FLASHER,CLEAR,"DARKNESS, LIGHTED ROAD",ANGLE,WET,INJURY AND / OR TOW DUE TO CRASH,"OVER $1,500","DISTRACTION - OTHER ELECTRONIC DEVICE (NAVIGATION DEVICE, DVD PLAYER, ETC.)",2,INCAPACITATING INJURY,1.0,0.0,1.0,23,1,6,41.91903719,-87.72676314,"['06/25/2023', '11:37:00', 'PM']"
96b691195e382206e3bfa047570c05eda9c1341e146bd2034db3eabc8b3e6eb99070bca3341bbfb4059f76815e711b6b1fcd7b759b90aa8c1b6d21b8ac656880,2023-06-25 21:43:00,Sunday,30,TRAFFIC SIGNAL,CLEAR,"DARKNESS, LIGHTED ROAD",OTHER OBJECT,UNKNOWN,INJURY AND / OR TOW DUE TO CRASH,"OVER $1,500",FAILING TO YIELD RIGHT-OF-WAY,2,INCAPACITATING INJURY,1.0,0.0,1.0,21,1,6,41.89664019,-87.63405763,"['06/25/2023', '09:43:00', 'PM']"
d3ae76665a06ac62bcb6c90d001c127953dc8ac070008ca197f0f937b5196d178d4facfbe05ed2c421cb097fb45bdcb102b3a4dc1e0799635a4b653575ed36d1,2023-06-25 13:50:00,Sunday,30,TRAFFIC SIGNAL,CLOUDY/OVERCAST,DAYLIGHT,ANGLE,WET,INJURY AND / OR TOW DUE TO CRASH,"OVER $1,500",DISREGARDING OTHER TRAFFIC SIGNS,2,INCAPACITATING INJURY,3.0,0.0,3.0,13,1,6,41.87639141,-87.66651864,"['06/25/2023', '01:50:00', 'PM']"
f26b3ba1a736999c8d19cdad073d1c8ebbddd48e36c73435276c281d83d415fd68ef25df202dc1b6ec4d8efbb4e3759a928561e6c832dc657b27307642c545f6,2023-06-25 04:02:00,Sunday,30,TRAFFIC SIGNAL,CLEAR,"DARKNESS, LIGHTED ROAD",ANGLE,WET,INJURY AND / OR TOW DUE TO CRASH,"OVER $1,500",UNABLE TO DETERMINE,5,FATAL,1.0,1.0,0.0,4,1,6,41.92059826,-87.73657828,"['06/25/2023', '04:02:00', 'AM']"
888e03774213e804224a1eb9e9a20f269b875b59ad9f3668306bacd9dc4bc3020b3ead307ae36719c01d87097bbc81fffc89ab6918c88dc9d2020a4b0ac64244,2023-06-25 03:20:00,Sunday,30,TRAFFIC SIGNAL,RAIN,"DARKNESS, LIGHTED ROAD",TURNING,WET,INJURY AND / OR TOW DUE TO CRASH,"OVER $1,500",FAILING TO YIELD RIGHT-OF-WAY,2,INCAPACITATING INJURY,2.0,0.0,1.0,3,1,6,41.85167198,-87.70539869,"['06/25/2023', '03:20:00', 'AM']"
f5fe995f1ba6367d72329ab056fa77d35b078aeec88b0ba257fe79dd7ddcc5280bfddc10aaa2c448cb0a53124149a781932ce46b8feec67a5a575861aab6af96,2023-06-25 03:13:00,Sunday,30,NO CONTROLS,RAIN,"DARKNESS, LIGHTED ROAD",ANGLE,WET,INJURY AND / OR TOW DUE TO CRASH,"OVER $1,500",UNABLE TO DETERMINE,2,INCAPACITATING INJURY,2.0,0.0,1.0,3,1,6,41.93644232,-87.80684109,"['06/25/2023', '03:13:00', 'AM']"
55ca1db3e3f9b5eb1e1ad9d1c3c90f63cfdac884bb079fd48599b28ac23cd0fb19be86043a0fd44dd74647cd1f522636eb7ac7fa49a9cf7fc6caa3c3e1f1bd53,2023-06-25 01:00:00,Sunday,25,TRAFFIC SIGNAL,UNKNOWN,DARKNESS,ANGLE,UNKNOWN,INJURY AND / OR TOW DUE TO CRASH,"OVER $1,500",UNABLE TO DETERMINE,2,INCAPACITATING INJURY,1.0,0.0,1.0,1,1,6,41.79331345,-87.7110473,"['06/25/2023', '01:00:00', 'AM']"
e6827b88877f1a9045b3dbeae2b12e06b1453db2cc053adff7bc1b70a8ff867b933e4625d11607593e3873d1de3a03fca750238771e6b210f84842fc0503aa78,2023-06-24 23:04:00,Saturday,30,NO CONTROLS,CLEAR,"DARKNESS, LIGHTED ROAD",PEDALCYCLIST,DRY,INJURY AND / OR TOW DUE TO CRASH,"OVER $1,500",UNABLE TO DETERMINE,2,INCAPACITATING INJURY,1.0,0.0,1.0,23,7,6,41.92369526,-87.69840855,"['06/24/2023', '11:04:00', 'PM']"
ba3b057445eadac16ed17d713e219fde17690b2e4b36369edf9c8518440bd7cc696624d2413b0d5574f6bf8363d291649ecc083e059051fe0f1d5c4cfa5819dc,2023-06-24 22:15:00,Saturday,30,STOP SIGN/FLASHER,RAIN,DARKNESS,PARKED MOTOR VEHICLE,WET,INJURY AND / OR TOW DUE TO CRASH,"OVER $1,500",FOLLOWING TOO CLOSELY,2,INCAPACITATING INJURY,1.0,0.0,1.0,22,7,6,41.92645332,-87.64116965,"['06/24/2023', '10:15:00', 'PM']"
c7232aa8b914278bdb96c4a84551cfb6005cfc4053d7b94e9ca1e1d326800bb55acb73d7143f84cada613db1e650a469a07de9e64043cba8756397a658a28348,2023-06-24 21:25:00,Saturday,30,STOP SIGN/FLASHER,CLEAR,DUSK,PEDALCYCLIST,DRY,INJURY AND / OR TOW DUE TO CRASH,"$501 - $1,500",FAILING TO YIELD RIGHT-OF-WAY,2,FATAL,1.0,1.0,0.0,21,7,6,41.7887246,-87.7842641,"['06/24/2023', '09:25:00', 'PM']"
baa8b80f0b41cedcfc97e357cd20fd02cfa67308d25311239b2680adc92535e0bc59ac2809f48e6d798ef1c592bda4cca8205c65d2958048f1da7d3dac96c609,2023-06-24 02:06:00,Saturday,30,STOP SIGN/FLASHER,CLEAR,"DARKNESS, LIGHTED ROAD",PEDALCYCLIST,DRY,INJURY AND / OR TOW DUE TO CRASH,"OVER $1,500",FAILING TO YIELD RIGHT-OF-WAY,2,INCAPACITATING INJURY,1.0,0.0,1.0,2,7,6,41.89007262,-87.63559786,"['06/24/2023', '02:06:00', 'AM']"
27c79e2554109e3a705b0ac4635453d59ab1b5b197b56bf530dad18820e9653c02c802ab9037b933bfcc34161fcd161248a16075a3d7b4dc7e194b6882e5ec79,2023-06-24 00:04:00,Saturday,30,TRAFFIC SIGNAL,CLEAR,"DARKNESS, LIGHTED ROAD",TURNING,DRY,INJURY AND / OR TOW DUE TO CRASH,"$501 - $1,500",EQUIPMENT - VEHICLE CONDITION,2,INCAPACITATING INJURY,1.0,0.0,1.0,0,7,6,41.77325144,-87.60571087,"['06/24/2023', '12:04:00', 'AM']"
b88739267771cdeee7e71847080984fae979107fe95b834fa9d63156f5def64aad840337951601a099eaf8e528d88907d97956c29584e3d31e128c2fde24dc2a,2023-06-23 23:30:00,Friday,15,NO CONTROLS,CLEAR,"DARKNESS, LIGHTED ROAD",PEDESTRIAN,UNKNOWN,INJURY AND / OR TOW DUE TO CRASH,"OVER $1,500","OPERATING VEHICLE IN ERRATIC, RECKLESS, CARELESS, NEGLIGENT OR AGGRESSIVE MANNER",2,INCAPACITATING INJURY,1.0,0.0,1.0,23,6,6,41.8353949,-87.68536845,"['06/23/2023', '11:30:00', 'PM']"
9fb2c977ccec9a0802a9eddf8b41cd9b36cc1246ed648eacf9757e30f41c7ae9f4d9c0eaa220e61a56f27833781b43b4dbd16f8a290ef50a4decb9836703d248,2023-06-23 19:21:00,Friday,20,STOP SIGN/FLASHER,CLEAR,DAYLIGHT,ANGLE,DRY,INJURY AND / OR TOW DUE TO CRASH,"OVER $1,500",DISREGARDING STOP SIGN,2,INCAPACITATING INJURY,1.0,0.0,1.0,19,6,6,41.79217581,-87.67674346,"['06/23/2023', '07:21:00', 'PM']"
1adc55047dccf6351aee4a8670e507167fbd9cf5726ac411ba49b7ba375df847ed2a1750b1f0738c0a8d0bbb0e4ad91260ffef397e2ec774c62759616eefe4fa,2023-06-23 19:15:00,Friday,30,NO CONTROLS,CLEAR,DAYLIGHT,PEDESTRIAN,DRY,INJURY AND / OR TOW DUE TO CRASH,"OVER $1,500",NOT APPLICABLE,2,INCAPACITATING INJURY,1.0,0.0,1.0,19,6,6,41.72152809,-87.63018383,"['06/23/2023', '07:15:00', 'PM']"
43510493d7fe0fb3e712e82037f7d7b5fa2fb431b3bedbb9845f7073e280e90910c4e72846d5e87716b51749cd1bdcd2070f2fed6494f2c1bb3e47b37603ee6f,2023-06-23 18:45:00,Friday,30,TRAFFIC SIGNAL,CLEAR,DAYLIGHT,PEDESTRIAN,DRY,INJURY AND / OR TOW DUE TO CRASH,"OVER $1,500",IMPROPER TURNING/NO SIGNAL,2,INCAPACITATING INJURY,1.0,0.0,1.0,18,6,6,41.86714398,-87.63913327,"['06/23/2023', '06:45:00', 'PM']"
c6eb369955d63777e49ad0140be14e3afdc94a23272bd380ea4d0e8b7b5d5b2dcdefe2810ce44d7a2d1f0830c4d2fd7e7c4fdfa5cd4ded684d55644b1af651c6,2023-06-23 14:00:00,Friday,35,NO CONTROLS,CLEAR,DAYLIGHT,REAR END,DRY,INJURY AND / OR TOW DUE TO CRASH,"OVER $1,500",FOLLOWING TOO CLOSELY,2,INCAPACITATING INJURY,1.0,0.0,1.0,14,6,6,41.87595338,-87.63515828,"['06/23/2023', '02:00:00', 'PM']"
786e72ebc5ff14bd06397fa543210379dceb06f29947042affaf4eec03ab10d8055cb95c01a951b6988a4d318b79d2e0f02952c7295a77ce051e01bef2d44e1b,2023-06-23 13:40:00,Friday,35,YIELD,CLEAR,DAYLIGHT,ANGLE,DRY,INJURY AND / OR TOW DUE TO CRASH,"OVER $1,500",FAILING TO YIELD RIGHT-OF-WAY,2,INCAPACITATING INJURY,3.0,0.0,1.0,13,6,6,41.72772744,-87.58559431,"['06/23/2023', '01:40:00', 'PM']"
00b1bcf042c2d9f33a67e04f127874bf6f10c94f8478b3a22ac7b9600eb0bcf40d17d266838ac8eb7dcb5c8fd849b29cfe595fdb00678fbb2017521ebbeb3a0a,2023-06-23 13:00:00,Friday,30,NO CONTROLS,CLEAR,DAYLIGHT,PEDESTRIAN,DRY,INJURY AND / OR TOW DUE TO CRASH,"OVER $1,500",UNABLE TO DETERMINE,2,INCAPACITATING INJURY,1.0,0.0,1.0,13,6,6,41.80103934,-87.59578887,"['06/23/2023', '01:00:00', 'PM']"
6bd7468bdc69c62315c03a1a5d8c93d77b850dac112681ea5a93bdcf45e7f87d14d19ef462532b9a69b0eb5e82f9f22396a76e50ff728163a4835dcf96daf76f,2023-06-23 10:20:00,Friday,20,NO CONTROLS,CLEAR,DAYLIGHT,PEDALCYCLIST,DRY,INJURY AND / OR TOW DUE TO CRASH,$500 OR LESS,"OPERATING VEHICLE IN ERRATIC, RECKLESS, CARELESS, NEGLIGENT OR AGGRESSIVE MANNER",2,INCAPACITATING INJURY,1.0,0.0,1.0,10,6,6,41.91935116,-87.69177239,"['06/23/2023', '10:20:00', 'AM']"
1ccca3fedd5b054c638c46cbce32e4517e97254006b1ba0d98bc75c0430cb1071e3117486e193b24c410b81f66445f171df067c45d7d1607ea1c13332bab5119,2023-06-23 09:35:00,Friday,25,TRAFFIC SIGNAL,CLEAR,DAYLIGHT,ANGLE,DRY,INJURY AND / OR TOW DUE TO CRASH,"OVER $1,500",DRIVING ON WRONG SIDE/WRONG WAY,2,INCAPACITATING INJURY,1.0,0.0,1.0,9,6,6,41.87789979,-87.65714526,"['06/23/2023', '09:35:00', 'AM']"
06a47dc3aede48ee71827aa5da017c1f40ccf7e2b0b8d2a2e74b573b3fd72053d7f4c4e7aa05342f9ed99382ebb338d91d28776662ef82ae5ab3dbdb1e512451,2023-06-23 04:44:00,Friday,30,TRAFFIC SIGNAL,CLEAR,DAYLIGHT,TURNING,DRY,INJURY AND / OR TOW DUE TO CRASH,"OVER $1,500",FAILING TO REDUCE SPEED TO AVOID CRASH,3,INCAPACITATING INJURY,2.0,0.0,1.0,4,6,6,41.78582569,-87.72301907,"['06/23/2023', '04:44:00', 'AM']"
7b5487e0bc4a43782e7b8f0542a7a6d42c21cd5e9228983c741570997d799f8a30745c58b602fa040e1c64495eb26f7111ad403e0b14df2be94d2079a67e8b2c,2023-06-22 21:15:00,Thursday,30,NO CONTROLS,CLEAR,"DARKNESS, LIGHTED ROAD",FIXED OBJECT,DRY,INJURY AND / OR TOW DUE TO CRASH,"OVER $1,500","OPERATING VEHICLE IN ERRATIC, RECKLESS, CARELESS, NEGLIGENT OR AGGRESSIVE MANNER",1,FATAL,1.0,1.0,0.0,21,5,6,42.02262351,-87.66560505,"['06/22/2023', '09:15:00', 'PM']"
20e3b1354a5297ca9058a6a91422c62c5f4817217b904842877b51a7d329b29c1112bcb822b1e410065b1448a7764a4c01729d4268d40e0ed7fb38128056b4da,2023-06-22 21:00:00,Thursday,30,TRAFFIC SIGNAL,CLEAR,"DARKNESS, LIGHTED ROAD",PEDALCYCLIST,DRY,INJURY AND / OR TOW DUE TO CRASH,$500 OR LESS,IMPROPER OVERTAKING/PASSING,3,INCAPACITATING INJURY,1.0,0.0,1.0,21,5,6,42.00393057,-87.67974027,"['06/22/2023', '09:00:00', 'PM']"
406752fa6156b528879b0a6f93081d0a2c5ae4b5552f064a5c27c75995b61a4216576892a7a27407be0bb5b9fbe0a0689ce178d6146ab8a458c714f3f9a851b5,2023-06-22 17:12:00,Thursday,30,NO CONTROLS,CLEAR,DAYLIGHT,PEDESTRIAN,DRY,INJURY AND / OR TOW DUE TO CRASH,$500 OR LESS,UNABLE TO DETERMINE,2,INCAPACITATING INJURY,1.0,0.0,1.0,17,5,6,41.89391321,-87.72007429,"['06/22/2023', '05:12:00', 'PM']"
b262c7237cef69529fca9dd04a39691c717535ee06398c13ba81f51be1725583a1586e54db3e2c80491e9690d1e22ec7353937b3ec1760de99d75c0b8866077f,2023-06-21 23:34:00,Wednesday,30,TRAFFIC SIGNAL,CLEAR,"DARKNESS, LIGHTED ROAD",ANGLE,DRY,INJURY AND / OR TOW DUE TO CRASH,"OVER $1,500",DISREGARDING TRAFFIC SIGNALS,2,INCAPACITATING INJURY,2.0,0.0,1.0,23,4,6,41.79419949,-87.63192548,"['06/21/2023', '11:34:00', 'PM']"
7874f36381c8800f6ea6e44697f517fc577e91153db9d0ea304f34746dcfb2dbd2feb7abd1d2705ea93622b5ae47e54649331b15389d4c8b73a0dc0fb8cc9f24,2023-06-21 17:10:00,Wednesday,30,TRAFFIC SIGNAL,CLEAR,DAYLIGHT,PEDESTRIAN,DRY,INJURY AND / OR TOW DUE TO CRASH,"OVER $1,500",FAILING TO REDUCE SPEED TO AVOID CRASH,3,INCAPACITATING INJURY,4.0,0.0,2.0,17,4,6,41.76777896,-87.72263315,"['06/21/2023', '05:10:00', 'PM']"
b4abae649ecab3bb7785189b978dd0bd28ab002d8533e3e7d2f65a713bca65e0e2f53bb29e82922511feff6689fec76414f73b33f8b509c11ac758cb068cb5fd,2023-06-21 14:27:00,Wednesday,30,TRAFFIC SIGNAL,CLEAR,DAYLIGHT,ANGLE,DRY,INJURY AND / OR TOW DUE TO CRASH,"OVER $1,500",DISREGARDING TRAFFIC SIGNALS,5,INCAPACITATING INJURY,2.0,0.0,1.0,14,4,6,41.73852748,-87.64170134,"['06/21/2023', '02:27:00', 'PM']"
a92b446fd2408f43fa9cdb661bf0bcde6762057b53f1392eb58dc74559bfde7b153a1aa1f2dd4a34f9f4e80ea2d04c27624de5486f5cec745280403f6af76390,2023-06-21 11:30:00,Wednesday,30,NO CONTROLS,CLEAR,DAYLIGHT,PEDALCYCLIST,DRY,INJURY AND / OR TOW DUE TO CRASH,"OVER $1,500",UNABLE TO DETERMINE,2,INCAPACITATING INJURY,1.0,0.0,1.0,11,4,6,41.86623714,-87.65087375,"['06/21/2023', '11:30:00', 'AM']"
72d213890b68396eeeac2185d383b158549b05f5cfd952a7174e4ca9110474958bff9c1d7b6747dbe11aa6fc02c7d09a77387a0ef71a8bd7e349cd924682279c,2023-06-21 10:00:00,Wednesday,30,STOP SIGN/FLASHER,CLEAR,DAYLIGHT,PEDALCYCLIST,DRY,INJURY AND / OR TOW DUE TO CRASH,$500 OR LESS,DISREGARDING STOP SIGN,2,INCAPACITATING INJURY,1.0,0.0,1.0,10,4,6,41.85979544,-87.66149889,"['06/21/2023', '10:00:00', 'AM']"
bf7f139f8818688437a26cfa96fd6d41ec7fbd0a0065345e22714425040ff49489b913c75de1810b88490ac4b7981e7d2fe217f58e3e5a5995845f7391ef1851,2023-06-21 08:45:00,Wednesday,30,TRAFFIC SIGNAL,CLEAR,DAYLIGHT,PEDESTRIAN,DRY,INJURY AND / OR TOW DUE TO CRASH,"OVER $1,500",FAILING TO YIELD RIGHT-OF-WAY,2,INCAPACITATING INJURY,1.0,0.0,1.0,8,4,6,41.86680605,-87.66169184,"['06/21/2023', '08:45:00', 'AM']"
a0f09233fa0e3dd416b76fed0330fd946939b23dc6dc51fbf26f860a705aee7de3b175fc2fbe526d76f6f47071bc369439b882cd7cd378c6c40d32dffd7e35e0,2023-06-20 21:35:00,Tuesday,30,NO CONTROLS,CLEAR,"DARKNESS, LIGHTED ROAD",PEDESTRIAN,DRY,INJURY AND / OR TOW DUE TO CRASH,"OVER $1,500",UNABLE TO DETERMINE,2,INCAPACITATING INJURY,1.0,0.0,1.0,21,3,6,41.8382898,-87.61908343,"['06/20/2023', '09:35:00', 'PM']"
a4e3c304848505a29e2e4212ae5c22ecfd463f60315e13c29d687b3740f4176a1d4c967e7d945aa32d98be88ac65765e3cb44c665e3e609e08f0e818b7fc3ebc,2023-06-20 20:44:00,Tuesday,30,TRAFFIC SIGNAL,CLEAR,DAYLIGHT,ANGLE,DRY,INJURY AND / OR TOW DUE TO CRASH,"OVER $1,500",FAILING TO YIELD RIGHT-OF-WAY,2,INCAPACITATING INJURY,3.0,0.0,1.0,20,3,6,41.94577243,-87.78637275,"['06/20/2023', '08:44:00', 'PM']"
a736767eac48b46f7ff9eea9f13c0f244a6a10b2d28bc125b11578ee8bbe0b0f94d25a7cad15c69362f87933f6797182d99ad54bc4c5b1698efbffd3a1735d5f,2023-06-20 18:23:00,Tuesday,30,NO CONTROLS,CLEAR,DAYLIGHT,PEDESTRIAN,DRY,INJURY AND / OR TOW DUE TO CRASH,"OVER $1,500",FAILING TO YIELD RIGHT-OF-WAY,5,INCAPACITATING INJURY,7.0,0.0,2.0,18,3,6,41.83100594,-87.63509305,"['06/20/2023', '06:23:00', 'PM']"
bb0a31fbf6d91b5553c728f1013f06853e0c1a17a3e6f91c7eebbb7bac9a591f71eaccf6f5e67e5ffc0170b121640596160af52611a7e8ca8230ab719c82e1ab,2023-06-20 14:10:00,Tuesday,30,TRAFFIC SIGNAL,CLEAR,DAYLIGHT,FIXED OBJECT,DRY,INJURY AND / OR TOW DUE TO CRASH,"OVER $1,500",UNABLE TO DETERMINE,3,INCAPACITATING INJURY,2.0,0.0,1.0,14,3,6,41.87413327,-87.66674408,"['06/20/2023', '02:10:00', 'PM']"