CRASH_RECORD_ID,CRASH_DATE,Weekday,POSTED_SPEED_LIMIT,TRAFFIC_CONTROL_DEVICE,WEATHER_CONDITION,LIGHTING_CONDITION,FIRST_CRASH_TYPE,ROADWAY_SURFACE_COND,CRASH_TYPE,DAMAGE,PRIM_CONTRIBUTORY_CAUSE,NUM_UNITS,MOST_SEVERE_INJURY,INJURIES_TOTAL,INJURIES_FATAL,INJURIES_INCAPACITATING,CRASH_HOUR,CRASH_DAY_OF_WEEK,CRASH_MONTH,LATITUDE,LONGITUDE,CRASH_TIME
fd64a1c066488336dd0e2c2f809d36bbbc927f7ede2ee3bb5c6cef1aa2f1fa7a9b21213448b75ece6bdf2bd0d45051e70b5d48006cbfd8e5a9127da73ea3471f,2023-06-20 11:15:00,Tuesday,5,NO CONTROLS,CLEAR,DAYLIGHT,PEDESTRIAN,DRY,INJURY AND / OR TOW DUE TO CRASH,$500 OR LESS,UNABLE TO DETERMINE,2,INCAPACITATING INJURY,1.0,0.0,1.0,11,3,6,41.90328475,-87.72281153,"['06/20/2023', '11:15:00', 'AM']"
962519e33d128e11498d0aab336c4bf1a7e1cff526b1ebe36220668c62fdafb2bf1c048ea1043f377c8b053401129609237f81740c6bd0ea1902c80f1552fca5,2023-06-20 09:41:00,Tuesday,30,NO CONTROLS,CLEAR,DAYLIGHT,TURNING,DRY,INJURY AND / OR TOW DUE TO CRASH,"OVER $1,500",IMPROPER TURNING/NO SIGNAL,3,INCAPACITATING INJURY,2.0,0.0,2.0,9,3,6,41.72782592,-87.66298058,"['06/20/2023', '09:41:00', 'AM']"
7966280fe021d27aaa39f912d30db0d13736afbe715d982dff49a0cfc68b20bc5a2855f2c5143f2d3c9da9274f00a0842e55793ad256170e1e4774be23146423,2023-06-20 02:15:00,Tuesday,30,NO CONTROLS,CLEAR,"DARKNESS, LIGHTED ROAD",FIXED OBJECT,DRY,INJURY AND / OR TOW DUE TO CRASH,"OVER $1,500",UNABLE TO DETERMINE,1,INCAPACITATING INJURY,1.0,0.0,1.0,2,3,6,41.79490891,-87.61647179,"['06/20/2023', '02:15:00', 'AM']"
4cea191abd7bb8bdcf2b320b308727c474ef844ceb2eda00164265ddc318a32759ca116c8baaf4c2995a8a39352b482d0ae4e223da2fd862bb652cdf5e2ceb81,2023-06-19 16:41:00,Monday,30,TRAFFIC SIGNAL,CLEAR,DAYLIGHT,PEDESTRIAN,DRY,INJURY AND / OR TOW DUE TO CRASH,"OVER $1,500",FAILING TO YIELD RIGHT-OF-WAY,2,INCAPACITATING INJURY,1.0,0.0,1.0,16,2,6,41.87573626,-87.62921295,"['06/19/2023', '04:41:00', 'PM']"
d4a11e5143738afd7fe98dea878fc1d7c4019fb9ea9efb459c4237223cb00def35ae0971292f837630649da4d038896067ec89e12c67a196c838fdb4404fcbd2,2023-06-19 16:00:00,Monday,30,TRAFFIC SIGNAL,CLEAR,DAYLIGHT,PEDALCYCLIST,DRY,INJURY AND / OR TOW DUE TO CRASH,$500 OR LESS,FAILING TO YIELD RIGHT-OF-WAY,2,INCAPACITATING INJURY,1.0,0.0,1.0,16,2,6,41.80841675,-87.67483107,"['06/19/2023', '04:00:00', 'PM']"
5a89f373b2ac875efc41f94a461fd4189b996156c80083bde789f982a494bcbde00c8260c95187daca7dbc988932ffef1ddeb944270d807e10098214cb41b802,2023-06-19 15:32:00,Monday,40,NO CONTROLS,CLEAR,DAYLIGHT,OTHER NONCOLLISION,UNKNOWN,INJURY AND / OR TOW DUE TO CRASH,"OVER $1,500",UNABLE TO DETERMINE,1,INCAPACITATING INJURY,2.0,0.0,1.0,15,2,6,41.91185695,-87.62616952,"['06/19/2023', '03:32:00', 'PM']"
5891901c088f526d9167da007fa67536b5f47931984264ca1e12f3f4eb70822caa7f0eb549ecdf3880074964ccd462e85ebf60b2f480f4139edd83e12c889d6b,2023-06-19 14:31:00,Monday,30,TRAFFIC SIGNAL,CLEAR,DAYLIGHT,REAR END,DRY,INJURY AND / OR TOW DUE TO CRASH,"OVER $1,500",NOT APPLICABLE,2,FATAL,4.0,1.0,0.0,14,2,6,41.74962033,-87.70355289,"['06/19/2023', '02:31:00', 'PM']"
5f6812abb0789b55e07bfebed5ccf40c4692e62ec43dc5611c707bc5fce4d33031bff4cc68d973723caf9c9fc22273455ddfcfc796cb5951063ebe6eb551c547,2023-06-19 13:56:00,Monday,30,TRAFFIC SIGNAL,CLEAR,DAYLIGHT,REAR TO FRONT,DRY,INJURY AND / OR TOW DUE TO CRASH,"OVER $1,500",IMPROPER BACKING,2,INCAPACITATING INJURY,1.0,0.0,1.0,13,2,6,41.80900038,-87.64568964,"['06/19/2023', '01:56:00', 'PM']"
3101d1fda396f55ed7ac85dbcb3df528818533e251e280dad7cff493fd926ab0e12173ff7f18721a934d453a96ddf0c0979924860b4a60513f9bdc566e04d902,2023-06-19 13:53:00,Monday,35,TRAFFIC SIGNAL,CLEAR,DAYLIGHT,SIDESWIPE SAME DIRECTION,DRY,INJURY AND / OR TOW DUE TO CRASH,"OVER $1,500",UNABLE TO DETERMINE,5,INCAPACITATING INJURY,1.0,0.0,1.0,13,2,6,41.94243301,-87.74681651,"['06/19/2023', '01:53:00', 'PM']"
0bcd746d12da14e21ed2197eba3acca221c652cc56b82bd7dbf008295e2919ee1c19144dca99abe88fb7c5c00ec91a26831c8f13c938f5bc583071c8142da554,2023-06-19 12:05:00,Monday,25,NO CONTROLS,CLEAR,DAYLIGHT,PEDESTRIAN,DRY,INJURY AND / OR TOW DUE TO CRASH,$500 OR LESS,NOT APPLICABLE,2,INCAPACITATING INJURY,1.0,0.0,1.0,12,2,6,41.99493116,-87.69725768,"['06/19/2023', '12:05:00', 'PM']"
bee25f052312e0af6b5298dfe2081cb1aa22c12ca285522277bba53f0c93871d50563d07c9ad799562494c78f88524da78405536a07a6ea83e460c6cf75bee10,2023-06-19 07:21:00,Monday,20,NO CONTROLS,CLEAR,DAYLIGHT,PARKED MOTOR VEHICLE,DRY,INJURY AND / OR TOW DUE TO CRASH,"OVER $1,500",PHYSICAL CONDITION OF DRIVER,2,FATAL,1.0,1.0,0.0,7,2,6,41.87615544,-87.73620232,"['06/19/2023', '07:21:00', 'AM']"
d2ff08442784ace10a4a09242ab4718bc914341cdbc5c17cce5c9365220c2c6bf00227cf44007cbd38b77bcef9ddc8ea952af361694e731fbb8a319e44d77dfa,2023-06-19 00:42:00,Monday,35,NO CONTROLS,CLEAR,"DARKNESS, LIGHTED ROAD",TURNING,DRY,INJURY AND / OR TOW DUE TO CRASH,"OVER $1,500",IMPROPER TURNING/NO SIGNAL,2,INCAPACITATING INJURY,2.0,0.0,1.0,0,2,6,41.88196093,-87.724858,"['06/19/2023', '12:42:00', 'AM']"
6bb98cc1b2bef378b9ae2b89a6b61bdab0dc54cb1190847b609949eb3f53a74cac1c44519188958baa3518ba1005d9f993982c5a49b4531622279ecb9da67116,2023-06-18 22:27:00,Sunday,30,NO CONTROLS,CLEAR,"DARKNESS, LIGHTED ROAD",PARKED MOTOR VEHICLE,DRY,INJURY AND / OR TOW DUE TO CRASH,"OVER $1,500",UNABLE TO DETERMINE,2,INCAPACITATING INJURY,1.0,0.0,1.0,22,1,6,41.9099165,-87.71395906,"['06/18/2023', '10:27:00', 'PM']"
5a463fdd5a7ece4a2a1714d636456eeec20e9b0ac09c53e57e55a4da92e287a8bed0816a92f4f8aa3a479e4fae7673f16b9f7eb1fdcb2fba6d7c12dd44f17d8e,2023-06-18 20:04:00,Sunday,30,TRAFFIC SIGNAL,CLEAR,DAYLIGHT,TURNING,DRY,INJURY AND / OR TOW DUE TO CRASH,"OVER $1,500",FAILING TO YIELD RIGHT-OF-WAY,2,INCAPACITATING INJURY,1.0,0.0,1.0,20,1,6,41.91739178,-87.71683559,"['06/18/2023', '08:04:00', 'PM']"
d306b198843d4e18822f7bb12ab964db56b8af1bda1da5db673dc9ba350fb6ca97acfcbb1a5037ee6ac74ec1af0c201a58c371445ff825a6b33e31a70b5bfc61,2023-06-18 18:30:00,Sunday,30,TRAFFIC SIGNAL,CLEAR,DAYLIGHT,PEDESTRIAN,DRY,INJURY AND / OR TOW DUE TO CRASH,$500 OR LESS,FAILING TO YIELD RIGHT-OF-WAY,2,INCAPACITATING INJURY,1.0,0.0,1.0,18,1,6,41.85220795,-87.68549858,"['06/18/2023', '06:30:00', 'PM']"
4a08b80456434f76122eb74a15567fc83fe8d6aa96a45e89decf8263d39cd557f8732caa64bf04ac6d8bc6d400301b983930cc81079f9de0bc8aa5d96541ed7e,2023-06-18 17:47:00,Sunday,30,NO CONTROLS,CLEAR,DAYLIGHT,PEDESTRIAN,DRY,INJURY AND / OR TOW DUE TO CRASH,$500 OR LESS,"OPERATING VEHICLE IN ERRATIC, RECKLESS, CARELESS, NEGLIGENT OR AGGRESSIVE MANNER",2,INCAPACITATING INJURY,1.0,0.0,1.0,17,1,6,41.88460181,-87.74191507,"['06/18/2023', '05:47:00', 'PM']"
d50b24b2b33c423f77c1f7e5b0aa6b9d00abd7f50a27a63f0b79a206641d8bed7a827afe3b9a759f332a34f6f7500bba19ac4ec079589c5f0ab36c64685b7efe,2023-06-18 14:40:00,Sunday,30,NO CONTROLS,CLEAR,DAYLIGHT,PEDESTRIAN,DRY,INJURY AND / OR TOW DUE TO CRASH,"OVER $1,500",UNABLE TO DETERMINE,2,INCAPACITATING INJURY,1.0,0.0,1.0,14,1,6,41.8522776,-87.63185308,"['06/18/2023', '02:40:00', 'PM']"
28c66a3334798313193d3a41cb02471d8814b0c0fb01f31d41e2868dc1ab133d4d49fef6de0153ca88be45feb6586049ef7c3e7ce6a3b95e3d5ce45e0db4973c,2023-06-18 09:20:00,Sunday,30,NO CONTROLS,CLEAR,DAYLIGHT,ANGLE,DRY,INJURY AND / OR TOW DUE TO CRASH,"OVER $1,500",FAILING TO YIELD RIGHT-OF-WAY,2,INCAPACITATING INJURY,2.0,0.0,2.0,9,1,6,41.86631469,-87.7227985,"['06/18/2023', '09:20:00', 'AM']"
5f4274ab01dc7ec388306d7779982b06ce37a0b347f3fac792bda34a8e7797dccacb0f0b76a4b42428ad416cc9ef09bcfb3eb73a3ecd3202f528e55d6957f651,2023-06-18 04:55:00,Sunday,30,NO CONTROLS,CLEAR,DAYLIGHT,TURNING,DRY,INJURY AND / OR TOW DUE TO CRASH,"OVER $1,500",UNDER THE INFLUENCE OF ALCOHOL/DRUGS (USE WHEN ARREST IS EFFECTED),2,INCAPACITATING INJURY,2.0,0.0,1.0,4,1,6,41.89433299,-87.65610025,"['06/18/2023', '04:55:00', 'AM']"
dc283462743ae8462de460917eeb503121514a23716808bbd1966a1d55721134ff24d70dc63cf44b7e57dd11b1329453264eb018f4b7a63b715e248b61d2cce2,2023-06-17 23:05:00,Saturday,30,NO CONTROLS,CLEAR,"DARKNESS, LIGHTED ROAD",FIXED OBJECT,DRY,INJURY AND / OR TOW DUE TO CRASH,"OVER $1,500",IMPROPER LANE USAGE,1,FATAL,2.0,2.0,0.0,23,7,6,41.73581034,-87.63493902,"['06/17/2023', '11:05:00', 'PM']"
688368be8d1aeeb7856d19a878a1f1251fe9924aed52412fd025a74d1930f50188959548363c9f7a78e1f74b7f49d13a3a7163ef69644093d4982b0d00576646,2023-06-17 22:05:00,Saturday,30,NO CONTROLS,CLEAR,"DARKNESS, LIGHTED ROAD",PEDESTRIAN,DRY,INJURY AND / OR TOW DUE TO CRASH,"OVER $1,500",UNABLE TO DETERMINE,2,INCAPACITATING INJURY,1.0,0.0,1.0,22,7,6,42.00809371,-87.69029472,"['06/17/2023', '10:05:00', 'PM']"
bd478d8108a3726cf9985269aae2c969bb895f210fd7544e41b8ffdf4838a4a0d4b2d1ca320706ef4d8f1f678a175e098c4956fbaae5b3d528de6ce09483cf36,2023-06-17 21:30:00,Saturday,30,TRAFFIC SIGNAL,CLEAR,"DARKNESS, LIGHTED ROAD",TURNING,DRY,INJURY AND / OR TOW DUE TO CRASH,"OVER $1,500",FAILING TO YIELD RIGHT-OF-WAY,2,INCAPACITATING INJURY,6.0,0.0,1.0,21,7,6,41.77209823,-87.66416462,"['06/17/2023', '09:30:00', 'PM']"
5e642db4b982ba61bbb005ea8500f5af7019cf4e9afbd6ffa46a13484db3131a32e98d65dbdc04deb8fd965a9144933034a8f41387a36ca5cb7dfdf8929b8f71,2023-06-17 19:05:00,Saturday,30,TRAFFIC SIGNAL,CLEAR,DAYLIGHT,PEDESTRIAN,DRY,INJURY AND / OR TOW DUE TO CRASH,"OVER $1,500",NOT APPLICABLE,2,INCAPACITATING INJURY,1.0,0.0,1.0,19,7,6,41.93239403,-87.65826744,"['06/17/2023', '07:05:00', 'PM']"
337cade008175abac87faf0422e4a67e6703249c6da03226a662618e62810e357425778b58b19067d0f1120567ba7139793efc3e8e35035fcbfb9c4c23746b29,2023-06-17 15:55:00,Saturday,30,TRAFFIC SIGNAL,CLEAR,DAYLIGHT,PARKED MOTOR VEHICLE,DRY,INJURY AND / OR TOW DUE TO CRASH,"OVER $1,500",PHYSICAL CONDITION OF DRIVER,2,INCAPACITATING INJURY,1.0,0.0,1.0,15,7,6,41.88096762,-87.72090693,"['06/17/2023', '03:55:00', 'PM']"
602c811abb634c4bcaec03483f20c362ca0ebaca8c296292fbe9d87f7037d7fce1303bdaf094cf5424672a74adb4bd40f1b2be893d771c0d4614f134eedbc7b7,2023-06-17 15:27:00,Saturday,30,STOP SIGN/FLASHER,CLEAR,DAYLIGHT,FIXED OBJECT,DRY,INJURY AND / OR TOW DUE TO CRASH,"OVER $1,500",UNABLE TO DETERMINE,1,FATAL,1.0,1.0,0.0,15,7,6,41.73966504,-87.64357788,"['06/17/2023', '03:27:00', 'PM']"
7d826e4bbe2dfa092a7137bab8f6dabefbb69f2738c22c47ed73b56ac97eba41d90709736302ae8c25a84dbd9612f22662f33fd3779980d0be0b0066f9009bbc,2023-06-17 11:27:00,Saturday,30,NO CONTROLS,CLEAR,DAYLIGHT,PEDALCYCLIST,DRY,INJURY AND / OR TOW DUE TO CRASH,$500 OR LESS,UNABLE TO DETERMINE,2,INCAPACITATING INJURY,1.0,0.0,1.0,11,7,6,41.964796,-87.68641893,"['06/17/2023', '11:27:00', 'AM']"
0c7af4a73429dc64e63ebccff266898a8a6077702d8ce1e983523ea68b8916a0f953fb409b1e2e64b13916626479504f434a8d3fe7d9bea8c87de8782f3a3dd1,2023-06-16 23:11:00,Friday,30,TRAFFIC SIGNAL,CLEAR,DARKNESS,PEDESTRIAN,DRY,INJURY AND / OR TOW DUE TO CRASH,"OVER $1,500",UNABLE TO DETERMINE,2,INCAPACITATING INJURY,1.0,0.0,1.0,23,6,6,41.73617002,-87.62501116,"['06/16/2023', '11:11:00', 'PM']"
405833880b77c9e0aa9bd46471f7f647cf6a43a633d12389e421d2e0c153acc82eb886c92d40c23a35e4d64ca17cb0f82a3156ecfa3dcb7fa3176b63d5a22bbe,2023-06-16 21:20:00,Friday,30,NO CONTROLS,CLEAR,"DARKNESS, LIGHTED ROAD",FIXED OBJECT,DRY,INJURY AND / OR TOW DUE TO CRASH,"OVER $1,500",UNABLE TO DETERMINE,1,INCAPACITATING INJURY,1.0,0.0,1.0,21,6,6,42.00419503,-87.69019677,"['06/16/2023', '09:20:00', 'PM']"
1c933cee75b65541b40c3729b7ef5de72d7e5fd3b3c4c57da76201c87c3c6982967e19aa5c9838542f05ed7827702211fbb8ce85d166bf9c46c5c16c12ecc59c,2023-06-16 21:05:00,Friday,30,TRAFFIC SIGNAL,CLEAR,"DARKNESS, LIGHTED ROAD",TURNING,DRY,INJURY AND / OR TOW DUE TO CRASH,"OVER $1,500",FAILING TO YIELD RIGHT-OF-WAY,2,INCAPACITATING INJURY,2.0,0.0,1.0,21,6,6,41.80134253,-87.67456958,"['06/16/2023', '09:05:00', 'PM']"
3e824829c9f483f3aa2c28d19625ee0cd5653448c69585010034fc87ee0dfc3929c4b9f553493cd30dea1aef3bc745365dd6fda9d8f93d6fd218498b6667340a,2023-06-16 18:50:00,Friday,30,NO CONTROLS,CLEAR,DAYLIGHT,PEDESTRIAN,DRY,INJURY AND / OR TOW DUE TO CRASH,"OVER $1,500",DISTRACTION - FROM INSIDE VEHICLE,2,INCAPACITATING INJURY,1.0,0.0,1.0,18,6,6,41.98170602,-87.81561534,"['06/16/2023', '06:50:00', 'PM']"
99af4edfdedc0c0a9f9992a25f344ec6be5cdbebb13fb111c9ccdd597e91996d7bd657c20d75984bd34fc0a52f0f34d64843a69b1706ef868cb0d5997512f32e,2023-06-16 17:42:00,Friday,30,TRAFFIC SIGNAL,CLEAR,DAYLIGHT,ANGLE,DRY,INJURY AND / OR TOW DUE TO CRASH,"OVER $1,500",DISREGARDING TRAFFIC SIGNALS,5,FATAL,3.0,1.0,0.0,17,6,6,41.86612813,-87.72026401,"['06/16/2023', '05:42:00', 'PM']"
1856a6b9d9e0cd435aeca9edb48cb6c8ce0ab6da45983f6d8dc336edcb9b20542fc77b2ccc1c20684989aa0103c83e8b87d332ee7b4e3131bac01816784d2439,2023-06-16 16:10:00,Friday,30,NO CONTROLS,CLEAR,DAYLIGHT,PEDESTRIAN,DRY,INJURY AND / OR TOW DUE TO CRASH,$500 OR LESS,DRIVING ON WRONG SIDE/WRONG WAY,2,INCAPACITATING INJURY,1.0,0.0,1.0,16,6,6,41.72621928,-87.55855504,"['06/16/2023', '04:10:00', 'PM']"
0b057c5c27b19b91e6a37f4fe29c9337272b9a0ef383c854c29cb7e64249ec84e5f90b6126c1acb003ed86a9921e95b685de7245223d747c98b862dc413926b0,2023-06-16 15:50:00,Friday,25,STOP SIGN/FLASHER,CLEAR,DAYLIGHT,PEDALCYCLIST,DRY,INJURY AND / OR TOW DUE TO CRASH,$500 OR LESS,FAILING TO YIELD RIGHT-OF-WAY,2,INCAPACITATING INJURY,1.0,0.0,1.0,15,6,6,41.92812847,-87.63935527,"['06/16/2023', '03:50:00', 'PM']"
c71cbf87d5718990f1efa9a0b2e65821fe45582d863b042a87082abc1d5c573b525acda49cc1da33ea73ef4026fc9c64edbe72a28400151c3368add04e46ebae,2023-06-16 10:30:00,Friday,10,NO CONTROLS,CLEAR,DAYLIGHT,PARKED MOTOR VEHICLE,DRY,INJURY AND / OR TOW DUE TO CRASH,"OVER $1,500",NOT APPLICABLE,2,INCAPACITATING INJURY,1.0,0.0,1.0,10,6,6,41.90800296,-87.64805062,"['06/16/2023', '10:30:00', 'AM']"
871c5cf3ce45e40f4ce86795c617156cfc91f0887e87bc5873f7d754353c39f6148c678592fda2b743bb18f6f529ad0e018080d6068800ba96d0dabb48ea67ad,2023-06-16 10:01:00,Friday,30,TRAFFIC SIGNAL,CLEAR,DAYLIGHT,REAR END,DRY,INJURY AND / OR TOW DUE TO CRASH,"OVER $1,500",DRIVING SKILLS/KNOWLEDGE/EXPERIENCE,2,INCAPACITATING INJURY,2.0,0.0,1.0,10,6,6,41.79129291,-87.74140377,"['06/16/2023', '10:01:00', 'AM']"
de63b52ac643feb1818b9586917f461ed60724a25d87b34773806940a65b845c3ac8242fe0557be2c33004b88f10ef4d48a01bdf1543683b66a8dde28fd4c423,2023-06-16 02:09:00,Friday,30,TRAFFIC SIGNAL,CLEAR,"DARKNESS, LIGHTED ROAD",SIDESWIPE SAME DIRECTION,DRY,INJURY AND / OR TOW DUE TO CRASH,"OVER $1,500",FAILING TO YIELD RIGHT-OF-WAY,2,INCAPACITATING INJURY,3.0,0.0,2.0,2,6,6,41.84818096,-87.62382877,"['06/16/2023', '02:09:00', 'AM']"
c1e9884a00af58a4a3a4608faa7d73ffeaaf6f3c8f4102131b95070a7aabe7052e6009afffcd5ca3bbb290f27903239206b9e7865dbee089dd405e2b22f237bc,2023-06-15 18:22:00,Thursday,30,TRAFFIC SIGNAL,CLEAR,DAYLIGHT,PEDESTRIAN,DRY,INJURY AND / OR TOW DUE TO CRASH,"OVER $1,500",UNABLE TO DETERMINE,2,INCAPACITATING INJURY,1.0,0.0,1.0,18,5,6,41.9326922,-87.64481853,"['06/15/2023', '06:22:00', 'PM']"
266f35fd009913038120957b44ace2bf7a02a0d439a24330faadaa3bca6b746024d93be265c239116052ef5addf27e8c6a736257b17293a9b0c0cfcd4174563a,2023-06-15 17:03:00,Thursday,30,NO CONTROLS,CLEAR,DAYLIGHT,PEDESTRIAN,DRY,INJURY AND / OR TOW DUE TO CRASH,"$501 - $1,500",UNABLE TO DETERMINE,2,INCAPACITATING INJURY,1.0,0.0,1.0,17,5,6,41.9481786,-87.66389687,"['06/15/2023', '05:03:00', 'PM']"
20195a6a2fb59572275ec6e14306d5138c1456926d00421e6d69810cdbd0059c97e8f42a8dc927f163a1d2cd92ea2651435f72bc359fb0a5a18db2245a73f549,2023-06-15 14:14:00,Thursday,30,TRAFFIC SIGNAL,CLEAR,DAYLIGHT,ANGLE,DRY,INJURY AND / OR TOW DUE TO CRASH,"OVER $1,500",DISREGARDING TRAFFIC SIGNALS,3,INCAPACITATING INJURY,4.0,0.0,3.0,14,5,6,41.87587163,-87.69612324,"['06/15/2023', '02:14:00', 'PM']"
b758e850dbc9c21dd6aa3b9302fa0bf0b175bc79d3b92db3a2e6b9ff433d566508e7e563df25f896879a415c5bf55e1d2f8838a3d1cff0012ac443db47ff7a6e,2023-06-15 13:37:00,Thursday,30,TRAFFIC SIGNAL,CLEAR,DAYLIGHT,FIXED OBJECT,DRY,INJURY AND / OR TOW DUE TO CRASH,"OVER $1,500",ROAD CONSTRUCTION/MAINTENANCE,2,INCAPACITATING INJURY,1.0,0.0,1.0,13,5,6,41.87741284,-87.6766909,"['06/15/2023', '01:37:00', 'PM']"
e9936de3aa656361056cccf385ed99e6a5e10dd75772645ea2e2d0ee21889593568dab6571d824b95575531b3cd2ba14b40c7a23f87fe7a59da71fea5e42148b,2023-06-15 10:15:00,Thursday,30,TRAFFIC SIGNAL,CLEAR,DAYLIGHT,PARKED MOTOR VEHICLE,DRY,INJURY AND / OR TOW DUE TO CRASH,"OVER $1,500",UNABLE TO DETERMINE,2,INCAPACITATING INJURY,1.0,0.0,1.0,10,5,6,41.89309952,-87.632561,"['06/15/2023', '10:15:00', 'AM']"
033f2f01a9b97e0ffdec094a7e3821d9a61caa530fd14fea9fff6fa6a23579791cf883b87c9ecabf2c56cc61a6a2f29975de3cadeff78b1f3a1c4209846c3982,2023-06-15 09:36:00,Thursday,30,TRAFFIC SIGNAL,CLEAR,DAYLIGHT,SIDESWIPE SAME DIRECTION,DRY,INJURY AND / OR TOW DUE TO CRASH,"OVER $1,500",IMPROPER OVERTAKING/PASSING,3,INCAPACITATING INJURY,2.0,0.0,1.0,9,5,6,41.95348601,-87.73254566,"['06/15/2023', '09:36:00', 'AM']"
498fe8b172454dc8766efcf3de1d3a3b02804ca6c0327b8c33406fa4fdc4c2d2f3ace5e7ac0c9f911903a65c865436a15ff5c63245be7db870573d8b3f0dc028,2023-06-14 21:39:00,Wednesday,30,NO CONTROLS,CLEAR,DARKNESS,PARKED MOTOR VEHICLE,DRY,INJURY AND / OR TOW DUE TO CRASH,"OVER $1,500","VISION OBSCURED (SIGNS, TREE LIMBS, BUILDINGS, ETC.)",4,INCAPACITATING INJURY,1.0,0.0,1.0,21,4,6,41.92539895,-87.64539014,"['06/14/2023', '09:39:00', 'PM']"
036c032a0cf0fa4fe8befa097fe0dabeabcceddc4f3b9f2f6ac211db9508ca8ddcad7bb8a2980062b5cd393a5c22b828676b9926000ede5b3accee02c8b2e958,2023-06-14 21:35:00,Wednesday,30,NO CONTROLS,CLEAR,"DARKNESS, LIGHTED ROAD",SIDESWIPE SAME DIRECTION,DRY,INJURY AND / OR TOW DUE TO CRASH,"OVER $1,500",IMPROPER OVERTAKING/PASSING,2,INCAPACITATING INJURY,3.0,0.0,1.0,21,4,6,41.90153288,-87.68684256,"['06/14/2023', '09:35:00', 'PM']"
c565adbcf1f76e99693632901ac37b1c71494296c1b97512ab8f6de9cadffb6488c36c1653b6d9fa2e3673480978af03b14c723bb18036d280fa157f7d78da73,2023-06-14 18:40:00,Wednesday,30,STOP SIGN/FLASHER,CLEAR,DAYLIGHT,PEDESTRIAN,DRY,INJURY AND / OR TOW DUE TO CRASH,"$501 - $1,500",NOT APPLICABLE,2,INCAPACITATING INJURY,1.0,0.0,1.0,18,4,6,41.80667662,-87.65747571,"['06/14/2023', '06:40:00', 'PM']"
5db010dd4f94b0af18db12ace7ffd55c497de5f4db0643037693bc33da43e74223c058f56a3b27c5c185c4d668ca3bd6c02eed2af0625d526bafade8933fb568,2023-06-14 18:14:00,Wednesday,30,STOP SIGN/FLASHER,CLEAR,DAYLIGHT,SIDESWIPE SAME DIRECTION,DRY,INJURY AND / OR TOW DUE TO CRASH,"OVER $1,500",IMPROPER OVERTAKING/PASSING,2,INCAPACITATING INJURY,2.0,0.0,1.0,18,4,6,41.87313495,-87.69593308,"['06/14/2023', '06:14:00', 'PM']"
a63bda4a12bbac1e4d8b9156f819d8dcc6b9c7e983c911861e9d89275bc018faf3b9d3ac0ae55275a2843c90b05d93b353c0b7b2d5ff92b45a846c99193c5e4d,2023-06-14 13:46:00,Wednesday,30,TRAFFIC SIGNAL,CLEAR,DAYLIGHT,TURNING,DRY,INJURY AND / OR TOW DUE TO CRASH,"OVER $1,500",FAILING TO REDUCE SPEED TO AVOID CRASH,2,INCAPACITATING INJURY,1.0,0.0,1.0,13,4,6,41.95347154,-87.7474515,"['06/14/2023', '01:46:00', 'PM']"
3ac85bbce87659931e27feb521dbdf9058d432c340ddbc258886bb32b91a743d081ce6838d6772aedf52bddfeb8f13e0c814b2cd33344817386f670683a2cb1a,2023-06-14 13:33:00,Wednesday,30,TRAFFIC SIGNAL,CLEAR,DAYLIGHT,TURNING,DRY,INJURY AND / OR TOW DUE TO CRASH,"OVER $1,500",DRIVING SKILLS/KNOWLEDGE/EXPERIENCE,2,INCAPACITATING INJURY,2.0,0.0,1.0,13,4,6,41.95370551,-87.73255098,"['06/14/2023', '01:33:00', 'PM']"
1b8327a8774f2fd1b176c5406152c631780ec43baf5933d3b67200e7b2621c0080bc70668aa75533cfea419cec1adae6615cafe197680a06a3d6c5e7c97dc81e,2023-06-13 15:01:00,Tuesday,40,TRAFFIC SIGNAL,RAIN,DAYLIGHT,REAR END,WET,INJURY AND / OR TOW DUE TO CRASH,"OVER $1,500",UNABLE TO DETERMINE,3,INCAPACITATING INJURY,2.0,0.0,2.0,15,3,6,41.95799517,-87.88644343,"['06/13/2023', '03:01:00', 'PM']"
9165166448253870e784f397bd75a97a8f06b0943b5f6f1e2822d3357ba8f96fed2f064b20b8c6255924208e2763c7cc516461b29be829f8da29e0e0e6ddd4cb,2023-06-13 09:03:00,Tuesday,30,TRAFFIC SIGNAL,CLEAR,DAYLIGHT,PEDESTRIAN,DRY,INJURY AND / OR TOW DUE TO CRASH,$500 OR LESS,IMPROPER LANE USAGE,2,INCAPACITATING INJURY,1.0,0.0,1.0,9,3,6,41.86599859,-87.72960468,"['06/13/2023', '09:03:00', 'AM']"
14c980f95d573f96ba7d99624c78c3b7d8a86db5a9df6c3def0bc5eb6d3b9f3a588d1512110b29269ed836fb6ce1bf633d394d0c5a8dfddc62965e9cfc478cf9,2023-06-13 07:00:00,Tuesday,10,NO CONTROLS,CLEAR,DAYLIGHT,PEDESTRIAN,DRY,INJURY AND / OR TOW DUE TO CRASH,$500 OR LESS,DRIVING SKILLS/KNOWLEDGE/EXPERIENCE,2,INCAPACITATING INJURY,1.0,0.0,1.0,7,3,6,41.97824919,-87.65155,"['06/13/2023', '07:00:00', 'AM']"
63780143c5ec412ad2918461ab8ca5e3d2c46a95096a008eec1d29de58db4c1ca3769195c554c01298080888c85d1f3a03ed3021a40c5d9569f1cfdce33c7248,2023-06-13 06:14:00,Tuesday,30,PEDESTRIAN CROSSING SIGN,CLOUDY/OVERCAST,DAYLIGHT,PEDALCYCLIST,WET,INJURY AND / OR TOW DUE TO CRASH,$500 OR LESS,UNABLE TO DETERMINE,2,INCAPACITATING INJURY,1.0,0.0,1.0,6,3,6,41.89528213,-87.72331934,"['06/13/2023', '06:14:00', 'AM']"