CRASH_RECORD_ID,CRASH_DATE,Weekday,POSTED_SPEED_LIMIT,TRAFFIC_CONTROL_DEVICE,WEATHER_CONDITION,LIGHTING_CONDITION,FIRST_CRASH_TYPE,ROADWAY_SURFACE_COND,CRASH_TYPE,DAMAGE,PRIM_CONTRIBUTORY_CAUSE,NUM_UNITS,MOST_SEVERE_INJURY,INJURIES_TOTAL,INJURIES_FATAL,INJURIES_INCAPACITATING,CRASH_HOUR,CRASH_DAY_OF_WEEK,CRASH_MONTH,LATITUDE,LONGITUDE,CRASH_TIME
e90900bea0898c7e5aac899d82af362e4b1e805c54f75b324f710beb256fd0af68c42df311a9d35e55baf9c7fcf38be0391b2be8a2020dce5411c0e313a91e8a,2023-06-13 03:15:00,Tuesday,30,NO CONTROLS,CLOUDY/OVERCAST,"DARKNESS, LIGHTED ROAD",FIXED OBJECT,DRY,INJURY AND / OR TOW DUE TO CRASH,"OVER $1,500",FAILING TO REDUCE SPEED TO AVOID CRASH,1,INCAPACITATING INJURY,4.0,0.0,4.0,3,3,6,41.76880447,-87.64098959,"['06/13/2023', '03:15:00', 'AM']"
c89060ffae12f5afd7c0050ca7e86ea8a642e116fe6f5b94af5fd1cfea903dcd75a13a9765959b2fc2633a8824fd488e934014517cf8c0ab9385d962c57c632e,2023-06-12 18:45:00,Monday,30,NO CONTROLS,CLEAR,DAYLIGHT,PEDESTRIAN,DRY,INJURY AND / OR TOW DUE TO CRASH,"OVER $1,500","OPERATING VEHICLE IN ERRATIC, RECKLESS, CARELESS, NEGLIGENT OR AGGRESSIVE MANNER",3,INCAPACITATING INJURY,1.0,0.0,1.0,18,2,6,41.89849918,-87.62383771,"['06/12/2023', '06:45:00', 'PM']"
1c28942a679983f59dd7fdd1ade4ab9c7c2a2c0754c1721bc5cf569f4e513bb241511b27bf1bbdea1872518bf63a49cb93ce9469aa2c5a2cf93ae8b6afab96c3,2023-06-12 12:25:00,Monday,30,NO CONTROLS,CLEAR,DAYLIGHT,FIXED OBJECT,DRY,INJURY AND / OR TOW DUE TO CRASH,"OVER $1,500",PHYSICAL CONDITION OF DRIVER,1,INCAPACITATING INJURY,1.0,0.0,1.0,12,2,6,41.66777844,-87.64142619,"['06/12/2023', '12:25:00', 'PM']"
9c584e34ff7a1272d073970d6a87791ef8fc115fdbd949a156aa12b0505e40aeb3b0fdea988796c6b7cd0068d55243271f2ca7c5e0d12ffc5e62a5edf149e658,2023-06-11 19:34:00,Sunday,35,YIELD,CLEAR,DAYLIGHT,TURNING,DRY,INJURY AND / OR TOW DUE TO CRASH,"OVER $1,500",DRIVING SKILLS/KNOWLEDGE/EXPERIENCE,2,INCAPACITATING INJURY,4.0,0.0,4.0,19,1,6,41.76063238,-87.58633266,"['06/11/2023', '07:34:00', 'PM']"
4905ad0a2ef25b70103b6fde8040b13edb9aa1eccfaf0a2b1c254d4712518a8e4af64389cdf7231c194f2309773ebdc383b6a1a6d3074c9dde0d65423188062d,2023-06-11 17:10:00,Sunday,35,STOP SIGN/FLASHER,RAIN,DAYLIGHT,OTHER NONCOLLISION,WET,INJURY AND / OR TOW DUE TO CRASH,"OVER $1,500",WEATHER,1,INCAPACITATING INJURY,1.0,0.0,1.0,17,1,6,41.72264099,-87.55399161,"['06/11/2023', '05:10:00', 'PM']"
89d6bb76e21102eec6285df4e05ce367a357be7a989b5833573205c96ba46a6097cfd5f2670e1873bcb249a3ca5f7257d73c744536aaa6b9eed62c0782dff006,2023-06-11 16:42:00,Sunday,20,TRAFFIC SIGNAL,CLEAR,DAYLIGHT,SIDESWIPE SAME DIRECTION,DRY,INJURY AND / OR TOW DUE TO CRASH,"OVER $1,500",IMPROPER OVERTAKING/PASSING,2,INCAPACITATING INJURY,1.0,0.0,1.0,16,1,6,41.80324977,-87.66488726,"['06/11/2023', '04:42:00', 'PM']"
00dbb9f862e5010db159f0f07ce1d44dc4cacc2ee1dd109d2c4c3df05554fc740344d74a98981954b7533ab30dd42101e41f3f75fd53301419e7f27e9c06a732,2023-06-11 15:03:00,Sunday,30,TRAFFIC SIGNAL,CLOUDY/OVERCAST,DAYLIGHT,SIDESWIPE SAME DIRECTION,UNKNOWN,INJURY AND / OR TOW DUE TO CRASH,"OVER $1,500",IMPROPER OVERTAKING/PASSING,3,INCAPACITATING INJURY,2.0,0.0,1.0,15,1,6,42.01272082,-87.66339137,"['06/11/2023', '03:03:00', 'PM']"
568b01b45b2ee068d1480ae570e57e5296ae8564e98bbcadbd0cf57ea931b0590c34426692be9c3cbeea570711393c4da742a88a0f90f781b95cf1f729eba932,2023-06-10 20:05:00,Saturday,30,TRAFFIC SIGNAL,CLEAR,DAWN,TURNING,DRY,INJURY AND / OR TOW DUE TO CRASH,"OVER $1,500",DISREGARDING OTHER TRAFFIC SIGNS,2,INCAPACITATING INJURY,1.0,0.0,1.0,20,7,6,41.83824953,-87.62358837,"['06/10/2023', '08:05:00', 'PM']"
d01b783c79e175385b958a47f666bf548de15608e0c763d494062a857cb5d034c252758de4c8330eebe5fdd3e6b13b6ac9102603ee6691b342d72c01abaefb03,2023-06-10 15:36:00,Saturday,30,TRAFFIC SIGNAL,CLEAR,DAYLIGHT,TURNING,DRY,INJURY AND / OR TOW DUE TO CRASH,"OVER $1,500",DISREGARDING TRAFFIC SIGNALS,2,INCAPACITATING INJURY,1.0,0.0,1.0,15,7,6,41.8662287,-87.72503071,"['06/10/2023', '03:36:00', 'PM']"
4729c3cdfc34fde7d819b3d421992897ab5f0f339e89bb7a304e3c3b67a1ddf6c697b2d089cc3ee804afd3ad852074980b2c08a05d55c83facfb915742bbe12c,2023-06-10 14:30:00,Saturday,30,STOP SIGN/FLASHER,CLEAR,DAYLIGHT,TURNING,DRY,INJURY AND / OR TOW DUE TO CRASH,"OVER $1,500",FAILING TO YIELD RIGHT-OF-WAY,2,INCAPACITATING INJURY,1.0,0.0,1.0,14,7,6,41.96175786,-87.66487785,"['06/10/2023', '02:30:00', 'PM']"
e76a19d643c613eb34527c1a959f102bde3550e4a08de43f18c031d7d16eaec6431314afbe148781184cf0d89cc45681ea171cae2696a67deca69f44f9b9e86c,2023-06-10 14:22:00,Saturday,30,TRAFFIC SIGNAL,CLEAR,DAYLIGHT,ANGLE,DRY,INJURY AND / OR TOW DUE TO CRASH,"OVER $1,500",DISREGARDING TRAFFIC SIGNALS,2,INCAPACITATING INJURY,1.0,0.0,1.0,14,7,6,41.87443268,-87.71091006,"['06/10/2023', '02:22:00', 'PM']"
f93211d6265577ae3f5803c0ae1f4797cf68b122ec502f6fb54b9e7b48e74e99e96c362d5868b9474cdcc9dc8317db95688cbb86ec282cf0c31180aa1602f33c,2023-06-10 11:49:00,Saturday,30,NO CONTROLS,CLEAR,DAYLIGHT,TURNING,DRY,INJURY AND / OR TOW DUE TO CRASH,"OVER $1,500",UNABLE TO DETERMINE,2,INCAPACITATING INJURY,3.0,0.0,3.0,11,7,6,41.86570874,-87.76437624,"['06/10/2023', '11:49:00', 'AM']"
ce4ac94acfe154018f7206de02c5043068e3cc6b422af580d4d9a35b18805fb7f2c97eb4f060ca918f39b8e5c97693d73397a3f3fbac2b47587c09f822a1dd7e,2023-06-10 07:44:00,Saturday,30,NO CONTROLS,CLEAR,DAYLIGHT,PARKED MOTOR VEHICLE,DRY,INJURY AND / OR TOW DUE TO CRASH,"OVER $1,500",UNABLE TO DETERMINE,2,INCAPACITATING INJURY,2.0,0.0,2.0,7,7,6,41.96465136,-87.65683274,"['06/10/2023', '07:44:00', 'AM']"
ad9e056de7618d24d58c46a8ddfcd425abab89c785103c75c059963c0de42ad578dd418497fad8a67e9715391653a4c67d384cac10c05da3569a5f91d3b7d7b6,2023-06-10 05:47:00,Saturday,30,TRAFFIC SIGNAL,CLEAR,DAYLIGHT,ANGLE,DRY,INJURY AND / OR TOW DUE TO CRASH,"OVER $1,500",DISREGARDING TRAFFIC SIGNALS,2,INCAPACITATING INJURY,2.0,0.0,1.0,5,7,6,41.79057348,-87.64520839,"['06/10/2023', '05:47:00', 'AM']"
66648b780e60e8c99dd5c2eba3c58256e1736bf57b0c3135ff9f32487e51b1cd046d2610a164f8d9e7c5db294378a4710b19127c0f7d2aed1355102bb8b94565,2023-06-10 05:00:00,Saturday,30,TRAFFIC SIGNAL,CLEAR,DAYLIGHT,ANGLE,DRY,INJURY AND / OR TOW DUE TO CRASH,"OVER $1,500",DISREGARDING TRAFFIC SIGNALS,2,INCAPACITATING INJURY,4.0,0.0,3.0,5,7,6,41.8843052,-87.69652347,"['06/10/2023', '05:00:00', 'AM']"
a598ad9862aab71a36d306dd9b21c1e183e7a5f3befcedf07cd15db49183cdf0416087c7a519a2eec4f81c2a3d64ba09598c39c70e6094523bfc143f1ec6e77b,2023-06-10 01:50:00,Saturday,30,TRAFFIC SIGNAL,CLEAR,"DARKNESS, LIGHTED ROAD",ANGLE,DRY,INJURY AND / OR TOW DUE TO CRASH,"OVER $1,500",FAILING TO REDUCE SPEED TO AVOID CRASH,8,INCAPACITATING INJURY,2.0,0.0,2.0,1,7,6,41.96170077,-87.66612372,"['06/10/2023', '01:50:00', 'AM']"
62c4b47d5cb2e51b8a139ecbfa51f0d4e0e3158b3cfc6ba235894246479a773916587eb9640841172ce42bc7e0cd1a00bc89177319df80f7e8f9da2c9e53cb65,2023-06-10 00:45:00,Saturday,25,STOP SIGN/FLASHER,CLEAR,DARKNESS,ANGLE,DRY,INJURY AND / OR TOW DUE TO CRASH,"OVER $1,500",DISREGARDING STOP SIGN,2,INCAPACITATING INJURY,1.0,0.0,1.0,0,7,6,41.71968049,-87.53402025,"['06/10/2023', '12:45:00', 'AM']"
9533446e1309df7c9abd461b27a829329aca533fa2d3dea3a6daa6478cd235dee5ef7a973a62aa9d7c9dd9f5d6b34d557251463df1e296bf5f81dd922b7d93b1,2023-06-09 23:48:00,Friday,30,NO CONTROLS,CLEAR,"DARKNESS, LIGHTED ROAD",TURNING,DRY,INJURY AND / OR TOW DUE TO CRASH,"OVER $1,500",UNABLE TO DETERMINE,3,INCAPACITATING INJURY,2.0,0.0,1.0,23,6,6,41.86488518,-87.61758352,"['06/09/2023', '11:48:00', 'PM']"
1ddec156e3b39ea49bd05d1461a73448fffe9ad16f8f1028117c19b8740f6264141fda2d45646f5d32bdb479f89e46d911b7fc6a233384f216a703a1cbbd17e0,2023-06-09 22:48:00,Friday,30,TRAFFIC SIGNAL,CLEAR,"DARKNESS, LIGHTED ROAD",TURNING,DRY,INJURY AND / OR TOW DUE TO CRASH,"OVER $1,500",FAILING TO YIELD RIGHT-OF-WAY,2,INCAPACITATING INJURY,1.0,0.0,1.0,22,6,6,41.90956749,-87.75592828,"['06/09/2023', '10:48:00', 'PM']"
ded2510694642a9a3c82fb8e735e2552b84b97be8acb5913612414b7402d2b7c25961ca14fb2891160b10c0125f26d2ae7d54c837ec108873740759eaf77eb19,2023-06-09 20:38:00,Friday,35,TRAFFIC SIGNAL,CLEAR,DUSK,REAR END,DRY,INJURY AND / OR TOW DUE TO CRASH,"OVER $1,500",FAILING TO REDUCE SPEED TO AVOID CRASH,2,FATAL,2.0,1.0,0.0,20,6,6,41.8092952,-87.61643967,"['06/09/2023', '08:38:00', 'PM']"
8041e89b8457c34a5940b5376395642c56ebd80eeb418fec6c1157b4b604af7f7b61cfe8f63f366150cc1c354ed2a77613b1d9ce1025cd7b68a6d533f807384c,2023-06-09 20:32:00,Friday,30,TRAFFIC SIGNAL,CLEAR,"DARKNESS, LIGHTED ROAD",PEDALCYCLIST,DRY,INJURY AND / OR TOW DUE TO CRASH,"OVER $1,500",DISREGARDING TRAFFIC SIGNALS,2,INCAPACITATING INJURY,1.0,0.0,1.0,20,6,6,41.79436896,-87.62098331,"['06/09/2023', '08:32:00', 'PM']"
655a06293b3cd8ab6df5e9e5ead8adaee4059f88ec09bb655a66b84dcbbe5628191a38a3df4001802bb24d090c6f2e1168080cf2019334b22434c5febb490fb1,2023-06-09 18:55:00,Friday,25,NO CONTROLS,CLEAR,DUSK,PEDALCYCLIST,UNKNOWN,INJURY AND / OR TOW DUE TO CRASH,$500 OR LESS,UNABLE TO DETERMINE,2,INCAPACITATING INJURY,1.0,0.0,1.0,18,6,6,41.99908238,-87.68855299,"['06/09/2023', '06:55:00', 'PM']"
4b8d2dd058f281cfb7c2504d48c3eece7028577b8fbe425f5dbf4c7b8b91da2b7b708da17d572d4220d73f55cb5ecf758b7186d0d4b3c03e91066c24e0ab5178,2023-06-09 16:02:00,Friday,30,NO CONTROLS,CLEAR,DAYLIGHT,PEDALCYCLIST,DRY,INJURY AND / OR TOW DUE TO CRASH,"$501 - $1,500",IMPROPER TURNING/NO SIGNAL,2,INCAPACITATING INJURY,1.0,0.0,1.0,16,6,6,41.84448475,-87.71549277,"['06/09/2023', '04:02:00', 'PM']"
28fd633bcdc123e0e72c68db0b519ac94dddb4a8a5cb1fd493fcbf9e7d4906c8d3c798713c0605243a9c60f3c8e1b6ad901dc645b536b62e8304401544b216ab,2023-06-09 14:57:00,Friday,30,TRAFFIC SIGNAL,CLEAR,DAYLIGHT,ANGLE,DRY,INJURY AND / OR TOW DUE TO CRASH,"OVER $1,500",FAILING TO REDUCE SPEED TO AVOID CRASH,2,INCAPACITATING INJURY,5.0,0.0,1.0,14,6,6,41.89329877,-87.6342601,"['06/09/2023', '02:57:00', 'PM']"
0b33b6bd730a5df5717dc271eed29829c207987d002d22f5243d391179b10f4eddb56dfbac506969179277a4b6c5c0c8e4da5c87e2ce013d61d9911a5f52a488,2023-06-09 13:06:00,Friday,30,NO CONTROLS,CLEAR,DAYLIGHT,REAR END,DRY,INJURY AND / OR TOW DUE TO CRASH,"OVER $1,500",FAILING TO REDUCE SPEED TO AVOID CRASH,3,INCAPACITATING INJURY,1.0,0.0,1.0,13,6,6,41.72234303,-87.57663016,"['06/09/2023', '01:06:00', 'PM']"
f29a6eb106bfebffba1b623c51dd4fe3143754aa347ed6a082b6d9a24b153e0d63fbfb3b829b6911e0d9149a9e73de251b378492b030110edba918bd7769bc5a,2023-06-09 12:19:00,Friday,30,NO CONTROLS,CLEAR,DAYLIGHT,ANGLE,DRY,INJURY AND / OR TOW DUE TO CRASH,"OVER $1,500",FAILING TO YIELD RIGHT-OF-WAY,2,INCAPACITATING INJURY,3.0,0.0,1.0,12,6,6,41.79761951,-87.6841654,"['06/09/2023', '12:19:00', 'PM']"
7ef79883980a310c041ccb85bbc2124e38815a3444c12d9a21f6a06290ecec1728ff5219106dc189e0254ee44694a9006f9df44e45b2bf074fddb54eb935aa2f,2023-06-09 11:42:00,Friday,30,STOP SIGN/FLASHER,CLEAR,DAYLIGHT,ANGLE,DRY,INJURY AND / OR TOW DUE TO CRASH,"OVER $1,500",FAILING TO YIELD RIGHT-OF-WAY,4,INCAPACITATING INJURY,2.0,0.0,2.0,11,6,6,41.81631243,-87.64457952,"['06/09/2023', '11:42:00', 'AM']"
299aafcfdd290b08d9d3a963ee9e186c559a0bdd1295c88b9f0d24eae3ca25c22d65bec1bded746102ecf0f7827011ec37fbb8961b3d38a3d5a5833891cf9059,2023-06-08 14:00:00,Thursday,45,NO CONTROLS,CLEAR,DAYLIGHT,SIDESWIPE SAME DIRECTION,UNKNOWN,INJURY AND / OR TOW DUE TO CRASH,"OVER $1,500",IMPROPER OVERTAKING/PASSING,3,INCAPACITATING INJURY,2.0,0.0,1.0,14,5,6,41.90185422,-87.62419,"['06/08/2023', '02:00:00', 'PM']"
dfc2951871be2888b9aad770b0fa9ab3cb8eeda8fb86d3ab3c216defa347e2ffd419b3b80394f1becbf8528f967cfe48e58f93201c2b1aa5a5f1839fe84bc581,2023-06-08 13:00:00,Thursday,30,TRAFFIC SIGNAL,CLEAR,DAYLIGHT,PEDALCYCLIST,DRY,INJURY AND / OR TOW DUE TO CRASH,"OVER $1,500",DISREGARDING TRAFFIC SIGNALS,2,INCAPACITATING INJURY,1.0,0.0,1.0,13,5,6,41.89906066,-87.70888258,"['06/08/2023', '01:00:00', 'PM']"
25ba0afe4cdc9127b549fb63776996829fb7c73c7c138ba717f334d00a345d63698eb90ba28563748e9e0a8edf3af36c5905d85f09e8d7c2e9fef568c16c9368,2023-06-08 12:36:00,Thursday,30,NO CONTROLS,CLEAR,DAYLIGHT,ANGLE,DRY,INJURY AND / OR TOW DUE TO CRASH,"OVER $1,500",UNABLE TO DETERMINE,2,INCAPACITATING INJURY,1.0,0.0,1.0,12,5,6,41.95234331,-87.67765677,"['06/08/2023', '12:36:00', 'PM']"
4fe99624fb610c382759f2507107bc69d336715636f458bc099fecce3c0a9b8dca2c3e9e6552da3ed3dc65fbc073164fe0a03973020cd76a9a1bcdf522bf54d8,2023-06-08 12:30:00,Thursday,30,TRAFFIC SIGNAL,CLEAR,DAYLIGHT,ANGLE,DRY,INJURY AND / OR TOW DUE TO CRASH,"OVER $1,500",DISREGARDING TRAFFIC SIGNALS,2,INCAPACITATING INJURY,1.0,0.0,1.0,12,5,6,41.81639583,-87.62641289,"['06/08/2023', '12:30:00', 'PM']"
2bcd1ebef30a4aeff40c8dba487a4b70f0585f550ccc80f04506bcd2b32319bee92232a5b02accc8f21336f6f14d505524869b78b547b595f124df620fa1fe3b,2023-06-08 07:50:00,Thursday,30,STOP SIGN/FLASHER,CLEAR,DAYLIGHT,TURNING,DRY,INJURY AND / OR TOW DUE TO CRASH,"$501 - $1,500","VISION OBSCURED (SIGNS, TREE LIMBS, BUILDINGS, ETC.)",3,INCAPACITATING INJURY,1.0,0.0,1.0,7,5,6,41.9635861,-87.73333781,"['06/08/2023', '07:50:00', 'AM']"
28a464c4d11b20384dd77bfb006f4265eefc82253b8d8611a37d83a5698513faa57ac834cb3966c1cbba456ee74d44f7f4913377d21739077aad0f6305324138,2023-06-07 23:56:00,Wednesday,30,STOP SIGN/FLASHER,CLEAR,"DARKNESS, LIGHTED ROAD",ANGLE,DRY,INJURY AND / OR TOW DUE TO CRASH,"OVER $1,500",DISREGARDING STOP SIGN,2,INCAPACITATING INJURY,2.0,0.0,2.0,23,4,6,41.75824335,-87.61822068,"['06/07/2023', '11:56:00', 'PM']"
1c0fca5fcbd4e165ab7d00dbd3936c5d37334ecacf812979004bc1b95b26cc53f2ee4a4075d08e76e573766d2d8044a60dedc70ab655c8939b75953d89dd5703,2023-06-07 23:55:00,Wednesday,30,TRAFFIC SIGNAL,CLEAR,"DARKNESS, LIGHTED ROAD",ANGLE,DRY,INJURY AND / OR TOW DUE TO CRASH,"OVER $1,500",DISREGARDING TRAFFIC SIGNALS,2,INCAPACITATING INJURY,1.0,0.0,1.0,23,4,6,41.9942354,-87.67547384,"['06/07/2023', '11:55:00', 'PM']"
88f67b01492e1e4c031083e224a1d79ad17098fee82250d1cbaed4f5ee979c85e50980dc1982884bbe11e7fe1530d096b06d4ebc820da593e8870f7e1125c919,2023-06-07 22:10:00,Wednesday,30,TRAFFIC SIGNAL,CLEAR,"DARKNESS, LIGHTED ROAD",ANGLE,DRY,INJURY AND / OR TOW DUE TO CRASH,"OVER $1,500",FAILING TO YIELD RIGHT-OF-WAY,2,INCAPACITATING INJURY,2.0,0.0,1.0,22,4,6,41.99036062,-87.69459321,"['06/07/2023', '10:10:00', 'PM']"
bfa2c42386816469de65765b2ca6b830bb6428714f2bb12f01941ae219becee17adaf42689c8feceefc730d324b214ccfb0d6a999ee28e81172dbabd50763eab,2023-06-07 19:30:00,Wednesday,30,TRAFFIC SIGNAL,CLEAR,DAYLIGHT,TURNING,DRY,INJURY AND / OR TOW DUE TO CRASH,"OVER $1,500",FAILING TO REDUCE SPEED TO AVOID CRASH,2,INCAPACITATING INJURY,1.0,0.0,1.0,19,4,6,41.9027139,-87.72645146,"['06/07/2023', '07:30:00', 'PM']"
d5d79080f4b7469e353e4c80301589e43ff10c43ec0766ae2ed644b84085f547948827967edeaddd05c73e6a9ded56b239dedf7c63936c2ed17d24f0fa3fbf3c,2023-06-07 17:40:00,Wednesday,30,NO CONTROLS,CLEAR,DAYLIGHT,PEDESTRIAN,DRY,INJURY AND / OR TOW DUE TO CRASH,"OVER $1,500",UNABLE TO DETERMINE,2,INCAPACITATING INJURY,1.0,0.0,1.0,17,4,6,41.87739694,-87.62751493,"['06/07/2023', '05:40:00', 'PM']"
13cb147901ce8dade4e0f8d79523a471190b52ece5ebc05b2c9e72a5eff30266bb975bbeeae49429406a3c910229e392f13c9267f9699db9ced612f665e30acb,2023-06-07 13:22:00,Wednesday,30,STOP SIGN/FLASHER,CLEAR,DAYLIGHT,TURNING,DRY,INJURY AND / OR TOW DUE TO CRASH,"OVER $1,500",UNABLE TO DETERMINE,2,INCAPACITATING INJURY,4.0,0.0,1.0,13,4,6,41.87651793,-87.75742131,"['06/07/2023', '01:22:00', 'PM']"
f81def10359c87c0ac09b7916705641b6cb932a2e565495774ba07735372b766798b785c2d73c557d085e4d26879551927a48be95e7cb84f99939a12a50c0939,2023-06-07 12:01:00,Wednesday,10,NO CONTROLS,CLEAR,DAYLIGHT,PEDESTRIAN,DRY,INJURY AND / OR TOW DUE TO CRASH,"OVER $1,500",DRIVING ON WRONG SIDE/WRONG WAY,2,INCAPACITATING INJURY,1.0,0.0,1.0,12,4,6,41.98341915,-87.6550316,"['06/07/2023', '12:01:00', 'PM']"
63f0a72d59a685db3cc5b798c2cc4002a3678e3ba860605a0fd82d429acc5fe9f6ee08aa60fcd1b47708df9d9b720c426ceeaa7d73e9419e8c950db7969ded7e,2023-06-07 10:59:00,Wednesday,25,NO CONTROLS,CLEAR,DAYLIGHT,TURNING,DRY,INJURY AND / OR TOW DUE TO CRASH,"OVER $1,500",IMPROPER TURNING/NO SIGNAL,2,INCAPACITATING INJURY,1.0,0.0,1.0,10,4,6,41.99913868,-87.68855476,"['06/07/2023', '10:59:00', 'AM']"
41e241e1ca1f6cf9e56826636ff9c23ce8536736cf8f34cf3c2f6761cdefd8d0e55830a7660721272cc7a481249461a1d583c563136dbadbb57454301c5116ae,2023-06-07 06:45:00,Wednesday,30,TRAFFIC SIGNAL,CLEAR,DAYLIGHT,TURNING,DRY,INJURY AND / OR TOW DUE TO CRASH,"OVER $1,500",IMPROPER TURNING/NO SIGNAL,2,INCAPACITATING INJURY,2.0,0.0,1.0,6,4,6,41.75806853,-87.62651698,"['06/07/2023', '06:45:00', 'AM']"
32bcff59b3cf536fe58d19efa43ba22947f4b4f9413359dcfa48384b1c01c3fbb9778468f9a4b0fa3e8d243b6635d977754e65433ca33ba963a9b8716fb04576,2023-06-07 03:20:00,Wednesday,40,TRAFFIC SIGNAL,CLEAR,"DARKNESS, LIGHTED ROAD",TURNING,DRY,INJURY AND / OR TOW DUE TO CRASH,"OVER $1,500",DISREGARDING TRAFFIC SIGNALS,3,INCAPACITATING INJURY,2.0,0.0,2.0,3,4,6,41.89680497,-87.61702742,"['06/07/2023', '03:20:00', 'AM']"
03612868c6bf5e657646198ddef8be14c4e025fcaed1640cab7cb095fa7361a6f4263486622865f0bdc7626462a8ea28b9d91229c5f43aa1cf9191ed275b872e,2023-06-07 02:28:00,Wednesday,30,TRAFFIC SIGNAL,CLEAR,"DARKNESS, LIGHTED ROAD",ANGLE,DRY,INJURY AND / OR TOW DUE TO CRASH,"OVER $1,500",DISREGARDING TRAFFIC SIGNALS,2,INCAPACITATING INJURY,5.0,0.0,5.0,2,4,6,41.749339,-87.72205209,"['06/07/2023', '02:28:00', 'AM']"
20ccd539073ebf237f6b4627e23fdf54d4202a52d348ce10448e439c85093521cc65f5db8ab139955317feccf0b99b5968604d27e4bc8ad4a6a95258c9cd68da,2023-06-06 19:05:00,Tuesday,30,TRAFFIC SIGNAL,CLEAR,DAYLIGHT,ANGLE,DRY,INJURY AND / OR TOW DUE TO CRASH,"OVER $1,500",DISREGARDING TRAFFIC SIGNALS,2,INCAPACITATING INJURY,2.0,0.0,2.0,19,3,6,41.75689717,-87.58623429,"['06/06/2023', '07:05:00', 'PM']"
7755295f07e52ef3ca70aaa71bc864d8b6a43d2abe10b26f1b425978a6eebea2b14249996278ffa5b65ad5906fe64c093a6a4cc477ee97be802b3b9e99747dc5,2023-06-06 19:00:00,Tuesday,30,STOP SIGN/FLASHER,CLEAR,DAYLIGHT,PEDESTRIAN,DRY,INJURY AND / OR TOW DUE TO CRASH,$500 OR LESS,DISREGARDING STOP SIGN,2,INCAPACITATING INJURY,2.0,0.0,1.0,19,3,6,41.92196107,-87.64627759,"['06/06/2023', '07:00:00', 'PM']"
006318616ac36fd5035e43e1d578ca98ad0cff68ac47058d3aadab34356f1ba23942396030999eda08e4e891c2a5306accffac18e2b65ed04aa7ccc0028d8a92,2023-06-06 15:30:00,Tuesday,35,TRAFFIC SIGNAL,CLEAR,DAYLIGHT,ANGLE,DRY,INJURY AND / OR TOW DUE TO CRASH,"OVER $1,500",DISREGARDING TRAFFIC SIGNALS,2,INCAPACITATING INJURY,2.0,0.0,1.0,15,3,6,41.97766501,-87.68907253,"['06/06/2023', '03:30:00', 'PM']"
946d219959df016ecaa27da6193e76fc94222d597c3a84450e2d247c05ac49b724676a832abec00dca2e7eab4c1466489ac20f0a1b1972161bb090addbfc7693,2023-06-06 13:35:00,Tuesday,25,NO CONTROLS,RAIN,UNKNOWN,PEDESTRIAN,WET,INJURY AND / OR TOW DUE TO CRASH,"OVER $1,500",UNABLE TO DETERMINE,2,INCAPACITATING INJURY,1.0,0.0,1.0,13,3,6,41.84832466,-87.67343416,"['06/06/2023', '01:35:00', 'PM']"
995cac774e1a59ce1c246047f14b94fd6165647089b6bea34f13073d6ff75571c4430fbb88ec5c3c7b428faea03947ba25aae4eac9acf1bd0def5e005ec3a752,2023-06-06 12:56:00,Tuesday,30,NO CONTROLS,CLEAR,DAYLIGHT,OTHER NONCOLLISION,DRY,INJURY AND / OR TOW DUE TO CRASH,"OVER $1,500",ROAD CONSTRUCTION/MAINTENANCE,1,INCAPACITATING INJURY,1.0,0.0,1.0,12,3,6,41.92585598,-87.7000409,"['06/06/2023', '12:56:00', 'PM']"
189718a9b753563b25ccde25398a9d218ec710d9577d69215a17479be26d4e24adad1a071835b989f480cb9baf22556da472c9686faced96a33a85b71a69c75c,2023-06-06 12:15:00,Tuesday,30,NO CONTROLS,CLOUDY/OVERCAST,DAYLIGHT,FIXED OBJECT,DRY,INJURY AND / OR TOW DUE TO CRASH,"OVER $1,500",DRIVING SKILLS/KNOWLEDGE/EXPERIENCE,1,INCAPACITATING INJURY,1.0,0.0,1.0,12,3,6,41.86044726,-87.67102422,"['06/06/2023', '12:15:00', 'PM']"
9885ac0c88cde531d9abe58f804cc88e315e5fc4bf13cdf631ad60b711f6fc05935400434e71b520532a21a8c237c5a41475c8fe3c2383556270c0f2fb7f779b,2023-06-06 11:04:00,Tuesday,30,TRAFFIC SIGNAL,CLEAR,DAYLIGHT,REAR END,DRY,INJURY AND / OR TOW DUE TO CRASH,"OVER $1,500",UNABLE TO DETERMINE,2,INCAPACITATING INJURY,1.0,0.0,1.0,11,3,6,41.70268843,-87.55945478,"['06/06/2023', '11:04:00', 'AM']"
f65ea7922e66ea8001fab095ee6c49bed1e6334470c20deafbf9a78a2ab85a6a76877732d0320b0e8c95adc56c1b8605b8aff3db8d256ffc0b6b91c1a213ac3f,2023-06-06 07:50:00,Tuesday,30,NO CONTROLS,CLEAR,DAYLIGHT,ANGLE,DRY,INJURY AND / OR TOW DUE TO CRASH,"OVER $1,500",FAILING TO YIELD RIGHT-OF-WAY,2,INCAPACITATING INJURY,1.0,0.0,1.0,7,3,6,41.91645224,-87.69241954,"['06/06/2023', '07:50:00', 'AM']"
080cefe083e9c1eb16c3dd04bc1ae7b44c8706b39368a685ff12d6d6058df81081cda7eb19cab01e633b6ab57de8670058c7ec809c72bfa97f95a0ee4bf6f666,2023-06-06 07:10:00,Tuesday,30,NO CONTROLS,CLEAR,DAYLIGHT,REAR END,DRY,INJURY AND / OR TOW DUE TO CRASH,"OVER $1,500",FOLLOWING TOO CLOSELY,2,INCAPACITATING INJURY,1.0,0.0,1.0,7,3,6,41.92549321,-87.65319317,"['06/06/2023', '07:10:00', 'AM']"