CRASH_RECORD_ID,CRASH_DATE,Weekday,POSTED_SPEED_LIMIT,TRAFFIC_CONTROL_DEVICE,WEATHER_CONDITION,LIGHTING_CONDITION,FIRST_CRASH_TYPE,ROADWAY_SURFACE_COND,CRASH_TYPE,DAMAGE,PRIM_CONTRIBUTORY_CAUSE,NUM_UNITS,MOST_SEVERE_INJURY,INJURIES_TOTAL,INJURIES_FATAL,INJURIES_INCAPACITATING,CRASH_HOUR,CRASH_DAY_OF_WEEK,CRASH_MONTH,LATITUDE,LONGITUDE,CRASH_TIME
67cd016ff0bed9930f79bd11f91144cc1f1fdade93486bf7c36a1b40c4068c750b93257d9cfff01fe20cbc98d8e277c72c889fa0a9df8680010d50ad005041e8,2023-06-06 01:55:00,Tuesday,30,TRAFFIC SIGNAL,CLEAR,DARKNESS,REAR END,DRY,INJURY AND / OR TOW DUE TO CRASH,"OVER $1,500",UNABLE TO DETERMINE,3,INCAPACITATING INJURY,1.0,0.0,1.0,1,3,6,41.79411865,-87.66443844,"['06/06/2023', '01:55:00', 'AM']"
e4720e70777d379b00c24f2bfa9d6410591048eff69b1e2093c414501bec953bf8ad6771170009a6e6a9615d2018fcc569411ffda05f8349d2e23017ef7b8c21,2023-06-05 23:33:00,Monday,30,TRAFFIC SIGNAL,CLEAR,"DARKNESS, LIGHTED ROAD",PEDALCYCLIST,DRY,INJURY AND / OR TOW DUE TO CRASH,"OVER $1,500",DISREGARDING TRAFFIC SIGNALS,2,INCAPACITATING INJURY,1.0,0.0,1.0,23,2,6,41.92822191,-87.72702494,"['06/05/2023', '11:33:00', 'PM']"
87ba3748cf61492cbc31aa5ca0c19a51e5b5c1539ccd8d132f8a53207279fb01201d4b141424e153d7d1e4a622145fd0e8400288357e2dfd766cd8391b045fe7,2023-06-05 01:20:00,Monday,30,NO CONTROLS,CLEAR,"DARKNESS, LIGHTED ROAD",PARKED MOTOR VEHICLE,DRY,INJURY AND / OR TOW DUE TO CRASH,"OVER $1,500",FAILING TO REDUCE SPEED TO AVOID CRASH,2,INCAPACITATING INJURY,1.0,0.0,1.0,1,2,6,41.96054206,-87.77112713,"['06/05/2023', '01:20:00', 'AM']"
cb58e218dc5baadefab24e5f176d44825fa72358448edda5f6142289c486ee50a76b66bb9e57eaccebb7da81f661fbd46b3a24ea8fcf17e5cd272530569956bf,2023-06-04 22:18:00,Sunday,30,STOP SIGN/FLASHER,CLEAR,"DARKNESS, LIGHTED ROAD",ANGLE,DRY,INJURY AND / OR TOW DUE TO CRASH,"OVER $1,500",UNABLE TO DETERMINE,2,INCAPACITATING INJURY,3.0,0.0,1.0,22,1,6,41.89235392,-87.6476793,"['06/04/2023', '10:18:00', 'PM']"
a4eb204080355e176a89de59c0a7b0e742910bdcc2dd22ee255e9eaefa663902d23b7132fdc7c27ba18c9fcacd92a10facfe1343601e8a972154a80750f24f91,2023-06-04 21:06:00,Sunday,30,NO CONTROLS,CLEAR,DUSK,SIDESWIPE SAME DIRECTION,DRY,INJURY AND / OR TOW DUE TO CRASH,"OVER $1,500",DRIVING SKILLS/KNOWLEDGE/EXPERIENCE,2,INCAPACITATING INJURY,2.0,0.0,2.0,21,1,6,41.72232662,-87.59306516,"['06/04/2023', '09:06:00', 'PM']"
783fbf295855c89ec5cd6a55ee0b59e157d56da6521744655f36c3bfe1b799976538299da49cbd60fa852439a2e582be2fc5f04ae67e2d05667155b05d886d85,2023-06-04 17:17:00,Sunday,30,NO CONTROLS,CLEAR,DAYLIGHT,PARKED MOTOR VEHICLE,DRY,INJURY AND / OR TOW DUE TO CRASH,"OVER $1,500",UNDER THE INFLUENCE OF ALCOHOL/DRUGS (USE WHEN ARREST IS EFFECTED),6,INCAPACITATING INJURY,1.0,0.0,1.0,17,1,6,41.94208435,-87.67050402,"['06/04/2023', '05:17:00', 'PM']"
6456320b29b1f99d67601c75f59e96ba53513278f9b66426f2ba567e56135d5bec77e2deca5f31c70ca9a1dedd80ff4f304b61373800e012091cb8203c54355c,2023-06-04 14:20:00,Sunday,30,STOP SIGN/FLASHER,UNKNOWN,DAYLIGHT,ANGLE,UNKNOWN,INJURY AND / OR TOW DUE TO CRASH,"OVER $1,500",UNABLE TO DETERMINE,2,INCAPACITATING INJURY,1.0,0.0,1.0,14,1,6,41.77133827,-87.71779238,"['06/04/2023', '02:20:00', 'PM']"
8ca6db518cf8b4d73059e5b5716b00d497dd35b5582435599a9e226b854f66a5ca6f7a8247e4c7d8947a731dc1eb87ea02e556aa5e4a3f7d3dbaf08ed7c7f61c,2023-06-04 13:30:00,Sunday,30,STOP SIGN/FLASHER,CLEAR,DAYLIGHT,TURNING,DRY,INJURY AND / OR TOW DUE TO CRASH,"OVER $1,500",IMPROPER OVERTAKING/PASSING,2,INCAPACITATING INJURY,2.0,0.0,1.0,13,1,6,41.74640378,-87.68290721,"['06/04/2023', '01:30:00', 'PM']"
582d98641f93d981f01fc1a25c78de672a24ac23f5a3dfd65b7af0f567f40dab79e83be8e5b40595e960698161b52c35e60231f32741b4c8db03a76e11d648e2,2023-06-04 10:05:00,Sunday,30,TRAFFIC SIGNAL,CLEAR,DAYLIGHT,PEDESTRIAN,DRY,INJURY AND / OR TOW DUE TO CRASH,$500 OR LESS,DISREGARDING TRAFFIC SIGNALS,2,INCAPACITATING INJURY,1.0,0.0,1.0,10,1,6,41.73568349,-87.66283294,"['06/04/2023', '10:05:00', 'AM']"
b3667f3745a76bd05d1d1b5c5c0b2a0f70988e09d80505e04411e568f4780eecd9b8b9d6e8726ffdeff3e37b01f90bc098042a1503d9acbe72afcda97aca90d9,2023-06-04 02:37:00,Sunday,30,TRAFFIC SIGNAL,CLEAR,"DARKNESS, LIGHTED ROAD",REAR END,DRY,INJURY AND / OR TOW DUE TO CRASH,"OVER $1,500",UNABLE TO DETERMINE,3,INCAPACITATING INJURY,8.0,0.0,8.0,2,1,6,41.76546593,-87.62807368,"['06/04/2023', '02:37:00', 'AM']"
c58510689b8df1a63066bec22787e0182bdf630b2754c2e80cc26910933dc14528a02bac569ca10bca91a313dc0515a9b6961de860d349de1886812769d6f257,2023-06-04 01:47:00,Sunday,30,TRAFFIC SIGNAL,CLEAR,"DARKNESS, LIGHTED ROAD",PEDESTRIAN,DRY,INJURY AND / OR TOW DUE TO CRASH,"OVER $1,500",FAILING TO REDUCE SPEED TO AVOID CRASH,2,INCAPACITATING INJURY,1.0,0.0,1.0,1,1,6,41.90938968,-87.75594522,"['06/04/2023', '01:47:00', 'AM']"
a158fe3af5c5e478045d6e7912153ff29cee0aa2f9c512019d692ca361df38b7593475b779b03b1b2acc7f1f24d59510f6c5c9205d97ea2b4cc5c163ae3fa613,2023-06-04 00:00:00,Sunday,30,NO CONTROLS,UNKNOWN,UNKNOWN,FIXED OBJECT,UNKNOWN,INJURY AND / OR TOW DUE TO CRASH,"OVER $1,500",UNABLE TO DETERMINE,2,FATAL,1.0,1.0,0.0,0,1,6,41.70791933,-87.56929114,"['06/04/2023', '12:00:00', 'AM']"
3a935639c173ce4115372c0e17921841b4b008dc1d2758e846421e079191e73a610fdac9445ee9ce75d826edb351f27543b438838ebd8e555b9532d753acb2e4,2023-06-03 23:14:00,Saturday,30,NO CONTROLS,CLEAR,"DARKNESS, LIGHTED ROAD",REAR END,DRY,INJURY AND / OR TOW DUE TO CRASH,"OVER $1,500",DRIVING SKILLS/KNOWLEDGE/EXPERIENCE,2,INCAPACITATING INJURY,2.0,0.0,2.0,23,7,6,41.90935689,-87.75847796,"['06/03/2023', '11:14:00', 'PM']"
49aa775728342aeb6104955cc08473ee442adc3c48143fb695bf2ea88d98917f5777fe5ca81839a2007d796a83f64ea140fa04cbed2dbefea41da602cefa964b,2023-06-03 22:01:00,Saturday,30,NO CONTROLS,CLEAR,DARKNESS,PARKED MOTOR VEHICLE,DRY,INJURY AND / OR TOW DUE TO CRASH,"OVER $1,500",NOT APPLICABLE,4,FATAL,1.0,1.0,0.0,22,7,6,41.89184327,-87.72224769,"['06/03/2023', '10:01:00', 'PM']"
981038ab8756f06195ef196efe40fde468e8b4e80b4d98e85cc711e93ff21f92162cb70704555335d48a68717734ed421d2e7f0000f886ce43ea09eafebbebe3,2023-06-03 05:25:00,Saturday,30,TRAFFIC SIGNAL,CLEAR,DAWN,ANGLE,DRY,INJURY AND / OR TOW DUE TO CRASH,"OVER $1,500",DISREGARDING TRAFFIC SIGNALS,3,INCAPACITATING INJURY,1.0,0.0,1.0,5,7,6,41.93198596,-87.69755673,"['06/03/2023', '05:25:00', 'AM']"
5ad13008c83be834dddc779b33acb140e3e97c720de1b58467e6243a7926098d348d35a2d2c800737ae7f65c4be4a61f9f31d37cf102205b702682a0b872442b,2023-06-03 03:40:00,Saturday,30,TRAFFIC SIGNAL,CLEAR,"DARKNESS, LIGHTED ROAD",ANGLE,DRY,INJURY AND / OR TOW DUE TO CRASH,"OVER $1,500",DISREGARDING TRAFFIC SIGNALS,2,INCAPACITATING INJURY,2.0,0.0,2.0,3,7,6,41.68942688,-87.65875179,"['06/03/2023', '03:40:00', 'AM']"
8afd043602c9602d88f5a56a5390c7a5a3e4501ed9689a95fcb730a38c136ebb79d7041ad40504f30fb927ce41628ccb3bdc2676b14e9319f243c73cbeaf2d1a,2023-06-02 23:28:00,Friday,30,NO CONTROLS,CLEAR,"DARKNESS, LIGHTED ROAD",PARKED MOTOR VEHICLE,DRY,INJURY AND / OR TOW DUE TO CRASH,"OVER $1,500",DISTRACTION - FROM INSIDE VEHICLE,4,INCAPACITATING INJURY,3.0,0.0,1.0,23,6,6,41.69991997,-87.62844229,"['06/02/2023', '11:28:00', 'PM']"
6e9c68f01e4ce3c3e4b6b05de9d59c0058f60ccbe0b8ae206c673e8008d2f60a296e54bd91f46d2b05a48d0e07bea2de565e46cbacee6ec80570232ac90025bd,2023-06-02 23:00:00,Friday,35,STOP SIGN/FLASHER,CLEAR,"DARKNESS, LIGHTED ROAD",PEDALCYCLIST,DRY,INJURY AND / OR TOW DUE TO CRASH,"OVER $1,500",UNABLE TO DETERMINE,2,INCAPACITATING INJURY,1.0,0.0,1.0,23,6,6,41.91904149,-87.72646926,"['06/02/2023', '11:00:00', 'PM']"
db224bdf8f369fd9b3b8e8a441dd44f33b8bc412f0944a5d71fe656f4c3e657d2f926636dafe2e6ed116284fa75cd7245c875bfb609dcec880e60c96628fe03a,2023-06-02 22:45:00,Friday,26,NO CONTROLS,CLEAR,DARKNESS,PARKED MOTOR VEHICLE,DRY,INJURY AND / OR TOW DUE TO CRASH,"OVER $1,500",UNABLE TO DETERMINE,4,INCAPACITATING INJURY,2.0,0.0,2.0,22,6,6,41.75036942,-87.60287905,"['06/02/2023', '10:45:00', 'PM']"
cf9da976490ae5cfb7ced7d6525b7c7f334d9230726ac4b311b8ebd030f8034e50f75f97146748a633b2bdb57dd7ec8c1f9ce3fcdf219961f314baf04f1a0ea9,2023-06-02 13:45:00,Friday,35,STOP SIGN/FLASHER,CLEAR,DAYLIGHT,PEDESTRIAN,DRY,INJURY AND / OR TOW DUE TO CRASH,"OVER $1,500",FAILING TO YIELD RIGHT-OF-WAY,2,INCAPACITATING INJURY,1.0,0.0,1.0,13,6,6,41.9084853,-87.6971623,"['06/02/2023', '01:45:00', 'PM']"
960cd18ac1271f549f9cecdd2b2afdfe54f6f89e51a4f779029b8b217d259010422a954eec1bf72e9ad7c21b081e245cf98dba753db8e4c817da28da41444840,2023-06-02 10:47:00,Friday,30,NO CONTROLS,CLEAR,DAYLIGHT,SIDESWIPE SAME DIRECTION,DRY,INJURY AND / OR TOW DUE TO CRASH,"OVER $1,500",IMPROPER LANE USAGE,3,INCAPACITATING INJURY,1.0,0.0,1.0,10,6,6,42.01201576,-87.7069401,"['06/02/2023', '10:47:00', 'AM']"
3db9449a31e6df2e244c09d6b0374b8b1f45377f88c4f59b98b180a18b1930b69f7c31f8ff82cf34b9ae9baa482605577862efbc0c94deec9c51dae957829d58,2023-06-02 01:00:00,Friday,15,NO CONTROLS,CLEAR,"DARKNESS, LIGHTED ROAD",FIXED OBJECT,DRY,INJURY AND / OR TOW DUE TO CRASH,"OVER $1,500","EVASIVE ACTION DUE TO ANIMAL, OBJECT, NONMOTORIST",1,FATAL,3.0,1.0,2.0,1,6,6,41.87668635,-87.76091253,"['06/02/2023', '01:00:00', 'AM']"
01f42c292833025ac7ae917b3d13010e97174f159c7bd369c0868cba8623621e95340dd48e100743b52af8a1a26c352cf4729d18e3f6fde947d634d07adad258,2023-06-01 23:20:00,Thursday,30,NO CONTROLS,CLEAR,"DARKNESS, LIGHTED ROAD",TURNING,DRY,INJURY AND / OR TOW DUE TO CRASH,"OVER $1,500",FAILING TO YIELD RIGHT-OF-WAY,2,INCAPACITATING INJURY,1.0,0.0,1.0,23,5,6,41.81719381,-87.68481446,"['06/01/2023', '11:20:00', 'PM']"
343b3bed2f67e6673a3dbfa09efea60e1330cbd7428ae6dfb4c7391bb6130418e5af8cd7df1fa4c6843aaf408516c9723958eb27aa05441ee6da290eed5f13ab,2023-06-01 22:38:00,Thursday,30,NO CONTROLS,CLEAR,"DARKNESS, LIGHTED ROAD",PARKED MOTOR VEHICLE,DRY,INJURY AND / OR TOW DUE TO CRASH,"OVER $1,500","OPERATING VEHICLE IN ERRATIC, RECKLESS, CARELESS, NEGLIGENT OR AGGRESSIVE MANNER",3,INCAPACITATING INJURY,2.0,0.0,1.0,22,5,6,41.90208699,-87.76050317,"['06/01/2023', '10:38:00', 'PM']"
2cf483c2d20177a909c5e253a3239290f7cba958559058a4a7099690dfd10f0c96f6ede4b84c64e962d4aca14e2706c55190d7c4bf0e2700898986e316d16cc9,2023-06-01 20:15:00,Thursday,30,NO CONTROLS,CLEAR,DAYLIGHT,HEAD ON,DRY,INJURY AND / OR TOW DUE TO CRASH,"OVER $1,500",IMPROPER LANE USAGE,2,INCAPACITATING INJURY,4.0,0.0,2.0,20,5,6,41.82838159,-87.68512204,"['06/01/2023', '08:15:00', 'PM']"
88f9be29acc0be4cf3de28ed695cd1a2c1b3a7f257242cda9b5a785267e0eea1b6411ea1efd18d6891f6f35c6a01a5dfac0b192a86beff4e98107a7c69df8be1,2023-06-01 11:29:00,Thursday,30,TRAFFIC SIGNAL,CLEAR,DAYLIGHT,PEDALCYCLIST,DRY,INJURY AND / OR TOW DUE TO CRASH,"OVER $1,500",DRIVING ON WRONG SIDE/WRONG WAY,2,INCAPACITATING INJURY,1.0,0.0,1.0,11,5,6,41.85167198,-87.70539869,"['06/01/2023', '11:29:00', 'AM']"
f8c591766863a72d98c16191b26e3a964a41b6b693b7402319d98fb09e23ac9431187b9c72b4c5c49b45f28d62ab05180f90a69b92d1126e4241d11ec70f716b,2023-06-01 07:30:00,Thursday,25,NO CONTROLS,CLEAR,DAYLIGHT,SIDESWIPE SAME DIRECTION,DRY,INJURY AND / OR TOW DUE TO CRASH,"OVER $1,500",IMPROPER LANE USAGE,5,INCAPACITATING INJURY,1.0,0.0,1.0,7,5,6,41.89478944,-87.75954728,"['06/01/2023', '07:30:00', 'AM']"
01ac4b9811b9025ed2acf82b964248601d12df7f3a3b0356f1deb3415d3194e6438cb13873c7b09a9babc4164d85a74d0e388d193b9f2b4154a96938a2ea856f,2023-05-31 20:15:00,Wednesday,30,TRAFFIC SIGNAL,CLEAR,DUSK,PEDESTRIAN,DRY,INJURY AND / OR TOW DUE TO CRASH,"OVER $1,500",IMPROPER TURNING/NO SIGNAL,2,INCAPACITATING INJURY,1.0,0.0,1.0,20,4,5,41.92742709,-87.78573363,"['05/31/2023', '08:15:00', 'PM']"
66de9b60bcc319469351ff456a247049e425d3aaabdfd4b524b19b98000ad2be7af2704abed86478e797c04947485ea9c5882350dbaa821611bc87fbb013a471,2023-05-31 19:55:00,Wednesday,30,TRAFFIC SIGNAL,CLEAR,UNKNOWN,TURNING,DRY,INJURY AND / OR TOW DUE TO CRASH,"OVER $1,500",IMPROPER LANE USAGE,2,INCAPACITATING INJURY,1.0,0.0,1.0,19,4,5,41.74931275,-87.72789313,"['05/31/2023', '07:55:00', 'PM']"
6d63fa41c03aec13d3375c808ad01eaa1489101efb3f07f82cf927082b81b034216b49bf1c32d80018115f0074504c703e648fa44029020890043b85b16df3cc,2023-05-31 19:54:00,Wednesday,30,STOP SIGN/FLASHER,CLEAR,DAYLIGHT,FIXED OBJECT,DRY,INJURY AND / OR TOW DUE TO CRASH,"OVER $1,500",PHYSICAL CONDITION OF DRIVER,1,INCAPACITATING INJURY,1.0,0.0,1.0,19,4,5,41.6517192,-87.55030306,"['05/31/2023', '07:54:00', 'PM']"
82092ab685a13c48a985d9b325ab0bcece2bf9cab2f94c44e78d755ae197784169e9fe01c4cc1c9eba42797b0fb903757f3c0c53bb58376e81e77acbe76cb170,2023-05-31 17:28:00,Wednesday,35,NO CONTROLS,CLEAR,DAYLIGHT,REAR END,DRY,INJURY AND / OR TOW DUE TO CRASH,"OVER $1,500",UNABLE TO DETERMINE,2,FATAL,3.0,2.0,1.0,17,4,5,41.88713666,-87.7113361,"['05/31/2023', '05:28:00', 'PM']"
25ca447a6f4b5203b99fe6353d1c40ab511171da3de2d60ebcbaae8dc932ef33845d8d74f32c775d3f3c27416cbf0a172a9af43acaacd2f02a32d2cd78c1d4cc,2023-05-31 13:00:00,Wednesday,30,TRAFFIC SIGNAL,CLEAR,DAYLIGHT,REAR END,DRY,INJURY AND / OR TOW DUE TO CRASH,"OVER $1,500",DISTRACTION - FROM INSIDE VEHICLE,3,INCAPACITATING INJURY,3.0,0.0,1.0,13,4,5,41.75456422,-87.59004716,"['05/31/2023', '01:00:00', 'PM']"
f0da998438663b975385d56eb6ddf97f88d2e1035290f443ed790b0ea71323bb1bb24578b11b53e7f69095b81d2869e537d0788d9cf58e339feefd9c9be024ac,2023-05-31 08:30:00,Wednesday,25,NO CONTROLS,CLEAR,DAYLIGHT,REAR END,DRY,INJURY AND / OR TOW DUE TO CRASH,"$501 - $1,500",FAILING TO REDUCE SPEED TO AVOID CRASH,2,INCAPACITATING INJURY,1.0,0.0,1.0,8,4,5,41.7732929,-87.58644237,"['05/31/2023', '08:30:00', 'AM']"
5597b75d4c324e2357af298244d7498320337410d6fc1f9433773bf5fb98777791aaccacd90ee6b6e58eddce897ee47782a6a26a69b196daaac426cf6e374095,2023-05-31 07:45:00,Wednesday,30,TRAFFIC SIGNAL,CLEAR,DAYLIGHT,PEDESTRIAN,DRY,INJURY AND / OR TOW DUE TO CRASH,$500 OR LESS,FAILING TO REDUCE SPEED TO AVOID CRASH,2,INCAPACITATING INJURY,1.0,0.0,1.0,7,4,5,41.77954813,-87.6446351,"['05/31/2023', '07:45:00', 'AM']"
9f5af9f7a5abc64a41a7d13d30c0de24319a049ecf212cf77ae9d81456b1d0737d118473f098cc6474710d1227443eafa94999ce3efa51c58f755d8077336b34,2023-05-31 00:50:00,Wednesday,30,STOP SIGN/FLASHER,CLEAR,"DARKNESS, LIGHTED ROAD",ANGLE,DRY,INJURY AND / OR TOW DUE TO CRASH,"OVER $1,500",DISREGARDING STOP SIGN,2,INCAPACITATING INJURY,2.0,0.0,1.0,0,4,5,41.75651644,-87.61369374,"['05/31/2023', '12:50:00', 'AM']"
47491c88ec3aca5113dec3f4968abd602f4ea89b137839f8b8ebaeaed1b3a3d05e0bee9aa5c3354dc65fde570e71972076bfeda7749b4a4f64c1be22ef6017cb,2023-05-30 19:07:00,Tuesday,30,NO CONTROLS,CLEAR,DAYLIGHT,PEDESTRIAN,DRY,INJURY AND / OR TOW DUE TO CRASH,"$501 - $1,500",NOT APPLICABLE,2,INCAPACITATING INJURY,1.0,0.0,1.0,19,3,5,41.95410626,-87.68956124,"['05/30/2023', '07:07:00', 'PM']"
01185eb4d8bc98c6505e54058dfaa56f07831ba07503cf54cc2362438036e3659860e6397f40fd61042f8b255bc4289877e986a8f6611278956b3a8d290c7a6e,2023-05-30 17:10:00,Tuesday,30,NO CONTROLS,CLEAR,DAYLIGHT,PEDALCYCLIST,UNKNOWN,INJURY AND / OR TOW DUE TO CRASH,"OVER $1,500","OPERATING VEHICLE IN ERRATIC, RECKLESS, CARELESS, NEGLIGENT OR AGGRESSIVE MANNER",2,INCAPACITATING INJURY,1.0,0.0,1.0,17,3,5,41.98314813,-87.71136489,"['05/30/2023', '05:10:00', 'PM']"
acd0f77c18ac0a3eb2728a745856ac5cccfc6ba0b6ae731136df51e1de8a9bfd05bfec51f2313f78cc0dc04d6198d32a7aa1039de0fc16210c6703096531ba6b,2023-05-30 15:46:00,Tuesday,30,NO CONTROLS,CLEAR,DAYLIGHT,TURNING,DRY,INJURY AND / OR TOW DUE TO CRASH,"OVER $1,500",IMPROPER OVERTAKING/PASSING,2,INCAPACITATING INJURY,1.0,0.0,1.0,15,3,5,41.81667748,-87.61694036,"['05/30/2023', '03:46:00', 'PM']"
00b0db5c1609043908ccd9981039677df80af622860ca1990029d54188c8c82a9588eb71bdee1c2144a33b16f4f4c4fe20198dc3999bd03c07e65aa6e13d864d,2023-05-30 15:15:00,Tuesday,30,NO CONTROLS,CLEAR,DAYLIGHT,SIDESWIPE SAME DIRECTION,DRY,INJURY AND / OR TOW DUE TO CRASH,"OVER $1,500",FAILING TO YIELD RIGHT-OF-WAY,2,INCAPACITATING INJURY,2.0,0.0,2.0,15,3,5,41.92140824,-87.6509064,"['05/30/2023', '03:15:00', 'PM']"
73419b870049e89195d3d0b13705e4f9c9c34bbf1fe0f764fc1b972762e61b4eb775a904683cbbd71e16aef2bcf9c989f977730de4ccccee819724b16f35c417,2023-05-30 12:21:00,Tuesday,30,TRAFFIC SIGNAL,CLEAR,DAYLIGHT,TURNING,DRY,INJURY AND / OR TOW DUE TO CRASH,"OVER $1,500",FAILING TO YIELD RIGHT-OF-WAY,2,INCAPACITATING INJURY,1.0,0.0,1.0,12,3,5,41.79875821,-87.74302054,"['05/30/2023', '12:21:00', 'PM']"
b5715ddec04351c838227af69546fadb5c40242b4a06e468b1f1970f9cd074f68eb205895ce7af6c57d2ce0041f3696d201571fd3f9b8f2a367724d6c7274fff,2023-05-30 00:20:00,Tuesday,30,NO CONTROLS,CLEAR,"DARKNESS, LIGHTED ROAD",PEDESTRIAN,DRY,INJURY AND / OR TOW DUE TO CRASH,"OVER $1,500",UNABLE TO DETERMINE,2,INCAPACITATING INJURY,1.0,0.0,1.0,0,3,5,41.85744649,-87.71014279,"['05/30/2023', '12:20:00', 'AM']"
7959191ded3411d28da931ec4f048d51366b3050c61a8bcb44ca6f1173f743337f9d8f9d5b263e161969e9dee968c021624c49c0f8a1c360dbaa07a8049193a2,2023-05-29 14:30:00,Monday,30,TRAFFIC SIGNAL,CLEAR,DAYLIGHT,PEDESTRIAN,DRY,INJURY AND / OR TOW DUE TO CRASH,"OVER $1,500",FAILING TO YIELD RIGHT-OF-WAY,2,INCAPACITATING INJURY,1.0,0.0,1.0,14,2,5,41.8809852,-87.62062875,"['05/29/2023', '02:30:00', 'PM']"
ee0f36e5984826d8f6af431aaa8e86f73c51c185e92a9643d1ae0b52f7a401c8c6868d57e4c917f6e285eb3f9ff584d13287ca74551b1214faf6e18e2d807e4d,2023-05-29 06:00:00,Monday,30,NO CONTROLS,CLEAR,DAYLIGHT,PEDESTRIAN,DRY,INJURY AND / OR TOW DUE TO CRASH,"OVER $1,500",NOT APPLICABLE,2,INCAPACITATING INJURY,1.0,0.0,1.0,6,2,5,41.78696581,-87.65672075,"['05/29/2023', '06:00:00', 'AM']"
2009ef2207056e88905ea7de28d26cd0bcd2c96b30afbc105ea56156398454b5fe99a356e702f13bc19ad873b6369c9353d6432dc6f0cec4939ac4ce373aa0e3,2023-05-28 22:59:00,Sunday,30,TRAFFIC SIGNAL,CLEAR,"DARKNESS, LIGHTED ROAD",PEDESTRIAN,DRY,INJURY AND / OR TOW DUE TO CRASH,"OVER $1,500",FAILING TO REDUCE SPEED TO AVOID CRASH,2,FATAL,1.0,1.0,0.0,22,1,5,41.86615863,-87.71937733,"['05/28/2023', '10:59:00', 'PM']"
ac3c082b94dce83741fcc9535ca73b5e7bd8b7d9557bae610ae6cf88135a9155b38904a94d84ec1e533ec11b83d645bf1d3f518cb920031da56030909237faa1,2023-05-28 18:18:00,Sunday,30,NO CONTROLS,CLEAR,DAYLIGHT,FIXED OBJECT,DRY,INJURY AND / OR TOW DUE TO CRASH,"OVER $1,500",EQUIPMENT - VEHICLE CONDITION,1,INCAPACITATING INJURY,1.0,0.0,1.0,18,1,5,41.89078686,-87.64596882,"['05/28/2023', '06:18:00', 'PM']"
3f8ae325085d3b5dc9aafe56128f14b8f01946885246f72e9adbbcb155690126d5092f5678680ea09c2c8643c0099ace013113e16cf8bea2b6f5c439b54a230a,2023-05-28 17:22:00,Sunday,25,TRAFFIC SIGNAL,CLEAR,DAYLIGHT,ANGLE,DRY,INJURY AND / OR TOW DUE TO CRASH,"OVER $1,500",NOT APPLICABLE,2,INCAPACITATING INJURY,2.0,0.0,2.0,17,1,5,41.87501196,-87.70608632,"['05/28/2023', '05:22:00', 'PM']"
24990a408b600d2434d5ca3edcab9cee837a76546fa5d500446ed905bfac8272505c3e83e6fbb0f5fa348323dab9126bb846629409b94b3a98a7bfbe62eea15a,2023-05-28 17:21:00,Sunday,30,NO CONTROLS,CLEAR,DAYLIGHT,PEDESTRIAN,DRY,INJURY AND / OR TOW DUE TO CRASH,"OVER $1,500",FAILING TO YIELD RIGHT-OF-WAY,2,INCAPACITATING INJURY,1.0,0.0,1.0,17,1,5,41.77836441,-87.7399904,"['05/28/2023', '05:21:00', 'PM']"
89818b5344cd7b0756c4a9ed73b90988d671d5d5111e5857aa45312fedb97e2546a70ca0b87712cce5c4c5cc829ceb629cd51ad55c42bccd12da74331d4c57fe,2023-05-28 16:27:00,Sunday,30,NO CONTROLS,CLEAR,DAYLIGHT,PEDALCYCLIST,DRY,INJURY AND / OR TOW DUE TO CRASH,$500 OR LESS,DRIVING ON WRONG SIDE/WRONG WAY,2,INCAPACITATING INJURY,1.0,0.0,1.0,16,1,5,41.93668048,-87.64083719,"['05/28/2023', '04:27:00', 'PM']"
2d9d8b78b9f16e2bb01ec29151d74a19c1f9faa9dfaf430beeaccb58626896aebc0236597c2424f5e9a2f5071c4571270ebc8ae5b2135d8458c3fca6d1e33b4d,2023-05-28 14:45:00,Sunday,30,STOP SIGN/FLASHER,CLEAR,DAYLIGHT,ANGLE,DRY,INJURY AND / OR TOW DUE TO CRASH,"OVER $1,500",FAILING TO YIELD RIGHT-OF-WAY,2,INCAPACITATING INJURY,3.0,0.0,2.0,14,1,5,41.95538713,-87.7275194,"['05/28/2023', '02:45:00', 'PM']"
12364d839c6fc09b905674ac05871d12ec034df6f1bf6239550078bedf83815418fb22366d5c819cd96db1ff77e68bf868596759279c979d883ab55474c57570,2023-05-28 05:05:00,Sunday,30,NO CONTROLS,CLEAR,DAWN,FIXED OBJECT,DRY,INJURY AND / OR TOW DUE TO CRASH,"OVER $1,500",FAILING TO REDUCE SPEED TO AVOID CRASH,1,INCAPACITATING INJURY,1.0,0.0,1.0,5,1,5,41.74371891,-87.57799096,"['05/28/2023', '05:05:00', 'AM']"
ae0e1f41ff41b19126bcc96950358b83637d8eb8bdf7cab620554257da9858116c89b8a1cd61e8c70505041f0a8e8a705e5f7940618852d0df898e757583bfea,2023-05-28 02:46:00,Sunday,35,STOP SIGN/FLASHER,CLEAR,"DARKNESS, LIGHTED ROAD",ANGLE,DRY,INJURY AND / OR TOW DUE TO CRASH,"OVER $1,500",DISREGARDING STOP SIGN,2,INCAPACITATING INJURY,1.0,0.0,1.0,2,1,5,41.74592826,-87.58599491,"['05/28/2023', '02:46:00', 'AM']"