CRASH_RECORD_ID,CRASH_DATE,Weekday,POSTED_SPEED_LIMIT,TRAFFIC_CONTROL_DEVICE,WEATHER_CONDITION,LIGHTING_CONDITION,FIRST_CRASH_TYPE,ROADWAY_SURFACE_COND,CRASH_TYPE,DAMAGE,PRIM_CONTRIBUTORY_CAUSE,NUM_UNITS,MOST_SEVERE_INJURY,INJURIES_TOTAL,INJURIES_FATAL,INJURIES_INCAPACITATING,CRASH_HOUR,CRASH_DAY_OF_WEEK,CRASH_MONTH,LATITUDE,LONGITUDE,CRASH_TIME
d7e61de228d9d354fc0f81e610c7338b1f1354ece3f51e95485137fc3025603c9cff814b31194e3b2c8caed9c70fd53034a15b5b7263a0c76f5703c4a81b7553,2023-05-28 01:45:00,Sunday,30,STOP SIGN/FLASHER,CLEAR,"DARKNESS, LIGHTED ROAD",TURNING,DRY,INJURY AND / OR TOW DUE TO CRASH,"OVER $1,500","VISION OBSCURED (SIGNS, TREE LIMBS, BUILDINGS, ETC.)",2,INCAPACITATING INJURY,3.0,0.0,1.0,1,1,5,41.90753299,-87.77539871,"['05/28/2023', '01:45:00', 'AM']"
a512f190dc16301560072361bb5fd9932daf0f646f9d44841580c87636fe48df200ffd32d9c8918c12a50e10054f87533cd66d99be12d54c40ec362c4289c2b2,2023-05-28 00:17:00,Sunday,30,TRAFFIC SIGNAL,CLEAR,DUSK,TURNING,DRY,INJURY AND / OR TOW DUE TO CRASH,"OVER $1,500",EQUIPMENT - VEHICLE CONDITION,2,INCAPACITATING INJURY,1.0,0.0,1.0,0,1,5,41.76597795,-87.60567123,"['05/28/2023', '12:17:00', 'AM']"
b2119f38407600fab183034da6a416438ae8486dc775e34483a263d88dc3b7ad30d22309238849044c2a08744bd75c58983ba57fc64686c7799396056996c0d2,2023-05-27 23:15:00,Saturday,30,NO CONTROLS,CLEAR,"DARKNESS, LIGHTED ROAD",REAR END,DRY,INJURY AND / OR TOW DUE TO CRASH,$500 OR LESS,FOLLOWING TOO CLOSELY,2,INCAPACITATING INJURY,1.0,0.0,1.0,23,7,5,41.86735164,-87.64064858,"['05/27/2023', '11:15:00', 'PM']"
0b26f408150c8bc68e812b1a84d63eb46038c49e71e358903688453c88459a73cf201a89112071ce1ab12cb3a9d8e02b29ddae2ed5a711c31cd4d3b42e24a890,2023-05-27 21:40:00,Saturday,30,TRAFFIC SIGNAL,CLEAR,"DARKNESS, LIGHTED ROAD",PEDESTRIAN,DRY,INJURY AND / OR TOW DUE TO CRASH,"OVER $1,500",UNABLE TO DETERMINE,2,INCAPACITATING INJURY,1.0,0.0,1.0,21,7,5,41.8758324,-87.62435271,"['05/27/2023', '09:40:00', 'PM']"
6553d485887b9388a08156dfb43d7d50243ee8797a70da6d037412f4778786f6b998567e36deb0963760c43efeb41f0e4981555c750f057661f6ca737b9b70ca,2023-05-27 19:28:00,Saturday,20,NO CONTROLS,CLEAR,DAYLIGHT,PARKED MOTOR VEHICLE,DRY,INJURY AND / OR TOW DUE TO CRASH,"OVER $1,500",DISREGARDING OTHER TRAFFIC SIGNS,6,INCAPACITATING INJURY,1.0,0.0,1.0,19,7,5,41.87902173,-87.63389988,"['05/27/2023', '07:28:00', 'PM']"
923f2a04b80205934963b2b66c2f083f606729d354bec4bda73760702717fd73a06d072c8ce53f7dc36dd9c405d6e6ace8738ad8ebe9bc57629d535d2aded625,2023-05-27 18:00:00,Saturday,30,NO CONTROLS,CLEAR,DAYLIGHT,PEDALCYCLIST,DRY,INJURY AND / OR TOW DUE TO CRASH,"$501 - $1,500",FAILING TO YIELD RIGHT-OF-WAY,2,INCAPACITATING INJURY,1.0,0.0,1.0,18,7,5,41.65175087,-87.53881551,"['05/27/2023', '06:00:00', 'PM']"
d391d49328c1b9de79b370a7173f40186e7afb2ded12ac21b6ff6dbb47b75101292d0576d51f75d5a89fd228f4f88b6b3fad7d69b005fed52159fb86bc6af7f9,2023-05-27 13:00:00,Saturday,25,TRAFFIC SIGNAL,CLEAR,DAYLIGHT,PEDALCYCLIST,DRY,INJURY AND / OR TOW DUE TO CRASH,"OVER $1,500",FAILING TO YIELD RIGHT-OF-WAY,2,INCAPACITATING INJURY,1.0,0.0,1.0,13,7,5,41.86675504,-87.68371465,"['05/27/2023', '01:00:00', 'PM']"
438b0207b738161e137ac63b94219a9b28ca9a4d311b785892186857cc37ebe978589077581f03a66535be36e23aa614b47a70f3fc6ceaa91114059e6ba540dd,2023-05-27 01:13:00,Saturday,30,NO CONTROLS,CLEAR,"DARKNESS, LIGHTED ROAD",FIXED OBJECT,DRY,INJURY AND / OR TOW DUE TO CRASH,"OVER $1,500",PHYSICAL CONDITION OF DRIVER,1,INCAPACITATING INJURY,1.0,0.0,1.0,1,7,5,41.86048479,-87.63888175,"['05/27/2023', '01:13:00', 'AM']"
cea48e0ddc5bb24bd98bd083d9bfb510f76faf48d24b123332b70d0154941f654992087fc62f3968f15424ea1d61ceecfb028c6245cb4b4354df84462168ed9a,2023-05-26 21:10:00,Friday,30,TRAFFIC SIGNAL,CLEAR,"DARKNESS, LIGHTED ROAD",TURNING,DRY,INJURY AND / OR TOW DUE TO CRASH,"OVER $1,500",UNABLE TO DETERMINE,2,INCAPACITATING INJURY,1.0,0.0,1.0,21,6,5,41.93887056,-87.74702056,"['05/26/2023', '09:10:00', 'PM']"
345f25119d2626d35a075fbaa3907be76b898ba98ee2372d2c474ecfda5a5caa5e183490188558226bbc25c9c38934e3e0e895dda1a8db260fde646f1ed38be1,2023-05-26 15:02:00,Friday,30,STOP SIGN/FLASHER,CLEAR,DAYLIGHT,HEAD ON,DRY,INJURY AND / OR TOW DUE TO CRASH,"OVER $1,500",IMPROPER LANE USAGE,2,INCAPACITATING INJURY,1.0,0.0,1.0,15,6,5,41.92089313,-87.7780289,"['05/26/2023', '03:02:00', 'PM']"
46eb8d58aec519caefc76c935021938f5e8c24cb577c953e94257e93b908b9d4a4b8280e2d7afcc8f0452b325d9411f71f39b681355e06f7e2848a35511c69b7,2023-05-26 14:17:00,Friday,30,TRAFFIC SIGNAL,CLEAR,DAYLIGHT,REAR END,DRY,INJURY AND / OR TOW DUE TO CRASH,$500 OR LESS,UNABLE TO DETERMINE,2,INCAPACITATING INJURY,1.0,0.0,1.0,14,6,5,41.86567097,-87.72500377,"['05/26/2023', '02:17:00', 'PM']"
a8992e2c4f8ae4e070ef58dac68a457ac9851b5fc0a0fb88f4df03d50f6996ee127ac1da1ce40c1dd789874e5b1bd916f3b43d5de347985ab2769ace50feb903,2023-05-26 14:15:00,Friday,30,STOP SIGN/FLASHER,CLEAR,DAYLIGHT,ANGLE,DRY,INJURY AND / OR TOW DUE TO CRASH,"$501 - $1,500",IMPROPER LANE USAGE,2,INCAPACITATING INJURY,5.0,0.0,2.0,14,6,5,41.79485876,-87.61930974,"['05/26/2023', '02:15:00', 'PM']"
3c7237808584d91ccf0083ada8305ed0d3a7336700d5404bfacb3c2705c67801d005e021add507691b196048b11893f17bf2b31735ef93282230b3149eac97a8,2023-05-26 11:50:00,Friday,30,TRAFFIC SIGNAL,CLEAR,DAYLIGHT,TURNING,DRY,INJURY AND / OR TOW DUE TO CRASH,"OVER $1,500",FAILING TO REDUCE SPEED TO AVOID CRASH,3,INCAPACITATING INJURY,4.0,0.0,1.0,11,6,5,41.83182619,-87.72438983,"['05/26/2023', '11:50:00', 'AM']"
8a5bd4823c9121a29822c7b81c55e8666b0e21602f9a2e6d0e6663e541b3199cb6daf5a16657458852f916092e50cfed1b84fe5f86fa42f86078483d1ab9ed80,2023-05-26 11:09:00,Friday,30,YIELD,CLEAR,DAYLIGHT,TURNING,DRY,INJURY AND / OR TOW DUE TO CRASH,"OVER $1,500",FAILING TO YIELD RIGHT-OF-WAY,2,INCAPACITATING INJURY,1.0,0.0,1.0,11,6,5,41.80948514,-87.60106511,"['05/26/2023', '11:09:00', 'AM']"
3df2a87f4916466c8771d8017cfe4c87c8ac45ac3caacc6a7c44a8f75532b9b6c714ff7aad6545908e557c4d0ce804075014a09d2f1cdcbdef67bfb3f42063e7,2023-05-26 07:30:00,Friday,30,TRAFFIC SIGNAL,CLEAR,DAYLIGHT,PEDESTRIAN,DRY,INJURY AND / OR TOW DUE TO CRASH,$500 OR LESS,UNABLE TO DETERMINE,2,INCAPACITATING INJURY,1.0,0.0,1.0,7,6,5,41.86339968,-87.71030772,"['05/26/2023', '07:30:00', 'AM']"
82902b538002a02cf0f5cd16803637704eb96cefa37693a7df61c26252a13b693e458d8df543decbff65b0bb2c12a5774e6a03a23b74ae7a23f2f4df21f5b3f3,2023-05-26 06:58:00,Friday,30,NO CONTROLS,CLEAR,DAYLIGHT,PEDALCYCLIST,DRY,INJURY AND / OR TOW DUE TO CRASH,$500 OR LESS,FAILING TO YIELD RIGHT-OF-WAY,2,INCAPACITATING INJURY,1.0,0.0,1.0,6,6,5,41.90348137,-87.66510269,"['05/26/2023', '06:58:00', 'AM']"
f3127899a733eeeadd98524a3e96fda21ba186baee4eb8ac6d3af6bfc5e481db89782dce6b1ecfee8b7a54473bbde78c21501359a84594507cc0237d03a8b005,2023-05-26 04:36:00,Friday,30,NO CONTROLS,CLEAR,DAWN,PARKED MOTOR VEHICLE,DRY,INJURY AND / OR TOW DUE TO CRASH,"OVER $1,500",PHYSICAL CONDITION OF DRIVER,2,INCAPACITATING INJURY,1.0,0.0,1.0,4,6,5,41.75606258,-87.56646176,"['05/26/2023', '04:36:00', 'AM']"
b4ba32360699538302432102ca13ce1ecc7413736c342fd4a97376a6b019dc579a74f67ea0cadb7efdedc1972e5a01521a42e110f63955418c07d680f5ab7b93,2023-05-25 20:20:00,Thursday,30,TRAFFIC SIGNAL,CLEAR,DUSK,ANGLE,DRY,INJURY AND / OR TOW DUE TO CRASH,"OVER $1,500",DISREGARDING TRAFFIC SIGNALS,2,INCAPACITATING INJURY,2.0,0.0,1.0,20,5,5,41.85162351,-87.71514403,"['05/25/2023', '08:20:00', 'PM']"
bd3c9695523ad27eea9e9b1956277f15a301f97c0716f1b98c8a19d9804ae91a628f737eeacc3224781188dab10f6af42582c43d0100953798ce26036749869b,2023-05-25 18:06:00,Thursday,30,NO CONTROLS,CLEAR,DAYLIGHT,PEDESTRIAN,DRY,INJURY AND / OR TOW DUE TO CRASH,"$501 - $1,500",FAILING TO YIELD RIGHT-OF-WAY,2,INCAPACITATING INJURY,1.0,0.0,1.0,18,5,5,41.94744639,-87.69473967,"['05/25/2023', '06:06:00', 'PM']"
ed348a240efab62568ed8acab7bcbad16c72faab06bf779598e3a5bea97b08c282894ab7a43eebeaa42a48e86da0d018f72c2ebdad62be6d18f6a1f5a887f8ec,2023-05-25 17:34:00,Thursday,30,TRAFFIC SIGNAL,CLEAR,DAYLIGHT,PEDALCYCLIST,DRY,INJURY AND / OR TOW DUE TO CRASH,"OVER $1,500",FOLLOWING TOO CLOSELY,2,INCAPACITATING INJURY,1.0,0.0,1.0,17,5,5,41.8671089,-87.6422588,"['05/25/2023', '05:34:00', 'PM']"
60e67f2be98688b6c2b9d1f0e6f5b8e42f42d017f9021311c4e2a29b1a2dadc6627c4548d9d10db25b18daaf01f8d07152d407808d2a1797305480a4ead59626,2023-05-25 13:12:00,Thursday,30,STOP SIGN/FLASHER,CLEAR,DAYLIGHT,PEDESTRIAN,DRY,INJURY AND / OR TOW DUE TO CRASH,$500 OR LESS,IMPROPER BACKING,2,INCAPACITATING INJURY,1.0,0.0,1.0,13,5,5,41.77518187,-87.59865915,"['05/25/2023', '01:12:00', 'PM']"
08b0e3b8c04b3854d1cad52a0fa345aa6d13f3fb788ee4cfaa45316938711493238ac6a2460183ab38d9c2e7aa1862e1f09e784edde6f8242d12f5b29ecfb748,2023-05-25 04:30:00,Thursday,30,TRAFFIC SIGNAL,CLEAR,"DARKNESS, LIGHTED ROAD",REAR END,DRY,INJURY AND / OR TOW DUE TO CRASH,"OVER $1,500",FOLLOWING TOO CLOSELY,2,INCAPACITATING INJURY,2.0,0.0,2.0,4,5,5,41.92793173,-87.72672317,"['05/25/2023', '04:30:00', 'AM']"
e682fa1beedb12d21719c2476020581ca2d00792a177bf147d23a1641ab9231cebdb6bb5bca92d3d9df7ae6ed081508ed79a6c79c1ee909fd78b88f4c09f08ea,2023-05-25 00:08:00,Thursday,30,NO CONTROLS,CLEAR,"DARKNESS, LIGHTED ROAD",FIXED OBJECT,DRY,INJURY AND / OR TOW DUE TO CRASH,"OVER $1,500",UNABLE TO DETERMINE,1,INCAPACITATING INJURY,1.0,0.0,1.0,0,5,5,41.99005646,-87.74413174,"['05/25/2023', '12:08:00', 'AM']"
6211e686de35baeaaf712c40da9c0b4bba31c8d4636cdcfb567d1b1f2c4da153c8d712994a273ca9464c45c8625940c63c2a20d36b5a767dbd79d876e5423e14,2023-05-24 21:58:00,Wednesday,35,TRAFFIC SIGNAL,CLEAR,"DARKNESS, LIGHTED ROAD",REAR END,DRY,INJURY AND / OR TOW DUE TO CRASH,"OVER $1,500",DISREGARDING TRAFFIC SIGNALS,2,INCAPACITATING INJURY,1.0,0.0,1.0,21,4,5,41.83016899,-87.62308826,"['05/24/2023', '09:58:00', 'PM']"
34c64f3702c5ee93c5c5a8a9047db3eb9f86bdf05f922f5a92dbc36d9fae610f0c3cf358b462f329bd4be412db913abeecf73e70a128ddae2395a5cd651136bd,2023-05-24 08:16:00,Wednesday,30,TRAFFIC SIGNAL,CLEAR,"DARKNESS, LIGHTED ROAD",TURNING,DRY,INJURY AND / OR TOW DUE TO CRASH,"OVER $1,500",IMPROPER TURNING/NO SIGNAL,2,INCAPACITATING INJURY,1.0,0.0,1.0,8,4,5,41.8870693,-87.63036787,"['05/24/2023', '08:16:00', 'AM']"
e42d184aa75647effddf656e73196f2d87c3748e851166ec3208417712c5e50ac1a81db11e5b3bc2b8b45204b8ea45fa72669c4468543e5405baa97c9ab16184,2023-05-23 23:58:00,Tuesday,30,PEDESTRIAN CROSSING SIGN,CLEAR,"DARKNESS, LIGHTED ROAD",TURNING,DRY,INJURY AND / OR TOW DUE TO CRASH,"OVER $1,500",UNABLE TO DETERMINE,2,INCAPACITATING INJURY,1.0,0.0,1.0,23,3,5,41.90595635,-87.67748622,"['05/23/2023', '11:58:00', 'PM']"
19def6e2a82858781219398fc6af0a6524c945d590c0f452c235da93157ecc97559a9853e25d2fe5cb863c43b13df28a46ec9358fc9cc2ea2b179f5b93b20263,2023-05-23 22:49:00,Tuesday,30,STOP SIGN/FLASHER,CLEAR,"DARKNESS, LIGHTED ROAD",ANGLE,DRY,INJURY AND / OR TOW DUE TO CRASH,"OVER $1,500",FAILING TO YIELD RIGHT-OF-WAY,2,INCAPACITATING INJURY,1.0,0.0,1.0,22,3,5,41.94230923,-87.83155759,"['05/23/2023', '10:49:00', 'PM']"
6e1f571ea88f2c16b88c90f5c3d3294171bb84f55c09267d80306db253d91dfa1e8b444e351da64d0b2667d7a8a0d0d2c9238bd90ca29ddac36685a170ea749e,2023-05-23 18:58:00,Tuesday,30,NO CONTROLS,CLEAR,DAYLIGHT,REAR END,DRY,INJURY AND / OR TOW DUE TO CRASH,"OVER $1,500",DISTRACTION - FROM OUTSIDE VEHICLE,2,INCAPACITATING INJURY,1.0,0.0,1.0,18,3,5,41.91501389,-87.70675209,"['05/23/2023', '06:58:00', 'PM']"
a1d46a7c4a60895d93e5335ee5371030eb1927a8929fc5d22233e4ae7cd6c360e48f37ec246791e740fd1782db92104743e2ff7f861b26be5845fd813a109312,2023-05-23 18:02:00,Tuesday,30,NO CONTROLS,CLEAR,DAYLIGHT,PEDALCYCLIST,DRY,INJURY AND / OR TOW DUE TO CRASH,"$501 - $1,500",UNABLE TO DETERMINE,2,INCAPACITATING INJURY,1.0,0.0,1.0,18,3,5,41.8318186,-87.64598442,"['05/23/2023', '06:02:00', 'PM']"
cc550edbafe5643e10c52c7722a5d07a9f1514280619c35b88e273d641b0b9d3c414aeff3e1e1b8f8edb07ae7b0bb76934ef30fc0363e5682b5bf07f7117f148,2023-05-23 15:00:00,Tuesday,40,STOP SIGN/FLASHER,CLEAR,DAYLIGHT,PEDESTRIAN,DRY,INJURY AND / OR TOW DUE TO CRASH,$500 OR LESS,UNABLE TO DETERMINE,2,INCAPACITATING INJURY,1.0,0.0,1.0,15,3,5,41.71765108,-87.53542786,"['05/23/2023', '03:00:00', 'PM']"
31d35adb1e1ade98f059aa859b61bf06e4877797af0401fbb0385ca506871f3ae5fc1f97125c492ce1755f9b78ca3ace79fbaeb413802018cc604679d22d68d6,2023-05-23 13:05:00,Tuesday,30,NO CONTROLS,CLEAR,DAYLIGHT,TURNING,UNKNOWN,INJURY AND / OR TOW DUE TO CRASH,"OVER $1,500",IMPROPER TURNING/NO SIGNAL,2,INCAPACITATING INJURY,2.0,0.0,2.0,13,3,5,41.6593685,-87.59754614,"['05/23/2023', '01:05:00', 'PM']"
a8d12aac32186658f708fef9f0321bee18dfc6dc1c02bd93b8b12e2a97823dbb238a380517fededeb4387251663a54de35648fc01165872da74dffb68455233b,2023-05-23 12:51:00,Tuesday,30,TRAFFIC SIGNAL,CLEAR,DAYLIGHT,ANGLE,DRY,INJURY AND / OR TOW DUE TO CRASH,"OVER $1,500",DISREGARDING TRAFFIC SIGNALS,2,INCAPACITATING INJURY,2.0,0.0,1.0,12,3,5,41.88843209,-87.62442469,"['05/23/2023', '12:51:00', 'PM']"
ef34f9001cd37fcd80ed6efdda289b300e6d66e8adddbe9dd6a1440a0f9a0571d1b4921d5c9547bb5e82a9ed7179c28a000616017318970b2a76268e50fe872e,2023-05-23 10:03:00,Tuesday,30,NO CONTROLS,CLEAR,DAYLIGHT,FIXED OBJECT,DRY,INJURY AND / OR TOW DUE TO CRASH,"OVER $1,500",UNABLE TO DETERMINE,1,INCAPACITATING INJURY,1.0,0.0,1.0,10,3,5,41.88052263,-87.76471962,"['05/23/2023', '10:03:00', 'AM']"
b2a44ffe2ac3bf423b421d27547a75860f0fd520d98b36d701dcdb9d1d340adb4247e62a24b596193dfc7516d4e5f2de7ec3fa30e1763efee78e449739be25be,2023-05-22 23:21:00,Monday,35,TRAFFIC SIGNAL,CLEAR,"DARKNESS, LIGHTED ROAD",TURNING,DRY,INJURY AND / OR TOW DUE TO CRASH,"OVER $1,500",IMPROPER TURNING/NO SIGNAL,2,INCAPACITATING INJURY,3.0,0.0,1.0,23,2,5,41.99801926,-87.67701946,"['05/22/2023', '11:21:00', 'PM']"
be65aa8ab925cc88b781b1f42b1df2d29b824997f90006a572e5bd0e6c9c6f0cbe5a9622216c2b2958eafbb27b48a64aad49aeb112be86030894e812fdbaa8b8,2023-05-22 22:31:00,Monday,20,NO CONTROLS,CLEAR,DUSK,REAR END,DRY,INJURY AND / OR TOW DUE TO CRASH,"OVER $1,500",FOLLOWING TOO CLOSELY,2,INCAPACITATING INJURY,1.0,0.0,1.0,22,2,5,41.75148314,-87.57857012,"['05/22/2023', '10:31:00', 'PM']"
aba4a4bb9d3188b87085a952ea6395038149dec7f20abd8491b169963f0d0a44ac795570e5b8fe9f31384993b75596df9a7317149afb3f422f180d3df5f0cc2f,2023-05-22 19:10:00,Monday,30,NO CONTROLS,CLEAR,DAYLIGHT,REAR END,DRY,INJURY AND / OR TOW DUE TO CRASH,"OVER $1,500",UNABLE TO DETERMINE,2,FATAL,1.0,1.0,0.0,19,2,5,41.79214112,-87.78662636,"['05/22/2023', '07:10:00', 'PM']"
39f2b3ac650a519ebe01f5e4e97ba32bb7c544adccb9ea6586a86bba34d1be9850755a8fca1e39392eb30b36a7e48908f194af77b1c8e5bc4ea5f3dfb875e289,2023-05-22 16:04:00,Monday,30,TRAFFIC SIGNAL,CLEAR,DAYLIGHT,PEDESTRIAN,DRY,INJURY AND / OR TOW DUE TO CRASH,$500 OR LESS,FAILING TO YIELD RIGHT-OF-WAY,2,INCAPACITATING INJURY,1.0,0.0,1.0,16,2,5,41.79411865,-87.66443844,"['05/22/2023', '04:04:00', 'PM']"
7a54aef42b878a7a032d6060ba4292b492f1a918c8e1e7f40beb96b74f83648bebdbbde04298c2a0ac18c5cabf22de5dee3b2739e4f33ac14a46b44ebd6ee4b8,2023-05-22 16:03:00,Monday,30,NO CONTROLS,CLEAR,DAYLIGHT,TURNING,DRY,INJURY AND / OR TOW DUE TO CRASH,"OVER $1,500",IMPROPER TURNING/NO SIGNAL,2,INCAPACITATING INJURY,2.0,0.0,2.0,16,2,5,41.75274564,-87.58752349,"['05/22/2023', '04:03:00', 'PM']"
c457b14ed175006fcf07bbe83b79d52ce96c1ab11f201e6caf1b05214eb5db91a67ea3f3441f7d402fe1d3b7744463914eeed460d7d6520dbf153d3aefa56b3f,2023-05-22 15:30:00,Monday,30,STOP SIGN/FLASHER,CLEAR,DAYLIGHT,ANGLE,DRY,INJURY AND / OR TOW DUE TO CRASH,"OVER $1,500",UNABLE TO DETERMINE,2,INCAPACITATING INJURY,1.0,0.0,1.0,15,2,5,41.90602169,-87.75110452,"['05/22/2023', '03:30:00', 'PM']"
5f11dd69d49c4de5159aa90fa3a5ff802a9ad03b3352e18032156fa303c62a08639deaff5139680526b6270f293348212287fbbebb20a475e53a671b2e43031c,2023-05-22 13:28:00,Monday,20,NO CONTROLS,CLEAR,DAYLIGHT,PEDESTRIAN,DRY,INJURY AND / OR TOW DUE TO CRASH,"OVER $1,500",EQUIPMENT - VEHICLE CONDITION,2,INCAPACITATING INJURY,2.0,0.0,2.0,13,2,5,41.91371576,-87.63608649,"['05/22/2023', '01:28:00', 'PM']"
18c12f5d9b150fa9b2aeff58b989e17887ef6bceb123c98110b3ffd90671fe853368c4064d3ae4cfb64231afc2f2f8d325d69d5f08e3a01badd4e4f2210c32df,2023-05-22 09:57:00,Monday,30,TRAFFIC SIGNAL,CLEAR,DAYLIGHT,REAR END,DRY,INJURY AND / OR TOW DUE TO CRASH,"OVER $1,500",FOLLOWING TOO CLOSELY,2,INCAPACITATING INJURY,3.0,0.0,3.0,9,2,5,41.9946871,-87.65567455,"['05/22/2023', '09:57:00', 'AM']"
93d8b9ca4cfe605f5b246cd21b07fc772cc64c0566e93d047b40a2b1f380c0c74f77c72b4c2cc4e6fd3122acd7e8819b2d8ee39dc1d63b8a7e1192e58d51a420,2023-05-22 08:55:00,Monday,25,NO CONTROLS,CLEAR,DAYLIGHT,REAR END,DRY,INJURY AND / OR TOW DUE TO CRASH,$500 OR LESS,CELL PHONE USE OTHER THAN TEXTING,2,INCAPACITATING INJURY,6.0,0.0,1.0,8,2,5,41.89970918,-87.67423172,"['05/22/2023', '08:55:00', 'AM']"
157ebeb9168799e7fa4b884e07ea8a09f9552f5d2a9136a793cd290f07ca16b444e4af8b9c3e9668727a6b7c2f8fcf24110b27968bab222d3c97a89cc474c5fd,2023-05-21 22:40:00,Sunday,30,TRAFFIC SIGNAL,CLEAR,"DARKNESS, LIGHTED ROAD",TURNING,DRY,INJURY AND / OR TOW DUE TO CRASH,"OVER $1,500",DISREGARDING OTHER TRAFFIC SIGNS,2,INCAPACITATING INJURY,1.0,0.0,1.0,22,1,5,41.86762343,-87.6203324,"['05/21/2023', '10:40:00', 'PM']"
672faf08adaf173261389309433718150718c7494147627e782df881388144d4b86cab9bb0e0a8265404311bb3999ee85e899c3c408bc832533a5d32e3354ec9,2023-05-21 18:55:00,Sunday,25,NO CONTROLS,CLEAR,DUSK,PEDALCYCLIST,UNKNOWN,INJURY AND / OR TOW DUE TO CRASH,"OVER $1,500",UNABLE TO DETERMINE,2,INCAPACITATING INJURY,1.0,0.0,1.0,18,1,5,41.93712937,-87.74569148,"['05/21/2023', '06:55:00', 'PM']"
6274b160565f489be3c6df3effaeac17b93754411fc625b42303f2bd857c2f80eb73ce3cb19a8ada551ae8e88c645fb10521dcf5acf7946c19fc3b00054ab825,2023-05-21 16:27:00,Sunday,30,NO CONTROLS,CLEAR,DAYLIGHT,FIXED OBJECT,DRY,INJURY AND / OR TOW DUE TO CRASH,"OVER $1,500",UNABLE TO DETERMINE,2,INCAPACITATING INJURY,1.0,0.0,1.0,16,1,5,41.85878329,-87.73833483,"['05/21/2023', '04:27:00', 'PM']"
fbc85df609a8c70e1228847939df7a9e8ce4c7f47b9247c644f611e586d5e1f6180b0dc42f5175b713c9a69aab18715326f8fb97e369b8431b7f8d16649f0df4,2023-05-21 13:27:00,Sunday,30,STOP SIGN/FLASHER,CLEAR,DAYLIGHT,TURNING,DRY,INJURY AND / OR TOW DUE TO CRASH,"OVER $1,500",FAILING TO YIELD RIGHT-OF-WAY,3,INCAPACITATING INJURY,4.0,0.0,4.0,13,1,5,41.71227985,-87.64311625,"['05/21/2023', '01:27:00', 'PM']"
5ff96205cd53c36d44ff23d7617b171786f2be28063e430e17490fd7af050825b30ff57dadd5f629da1f2f38e230d7079f08d0b9e3754c0e9ae5d08387bd4eca,2023-05-21 04:34:00,Sunday,30,NO CONTROLS,CLEAR,DARKNESS,REAR TO SIDE,DRY,INJURY AND / OR TOW DUE TO CRASH,"OVER $1,500",UNABLE TO DETERMINE,2,INCAPACITATING INJURY,1.0,0.0,1.0,4,1,5,41.851773,-87.71505994,"['05/21/2023', '04:34:00', 'AM']"
d8e7a163c5ad06637eff939216919f7e784429be975eee8916c56c9503c8bafe55eb9faf1af09933f46f16900e6e861890f314e98c4fc94448d381b0f188a30e,2023-05-21 01:00:00,Sunday,35,NO CONTROLS,CLEAR,"DARKNESS, LIGHTED ROAD",FIXED OBJECT,DRY,INJURY AND / OR TOW DUE TO CRASH,"OVER $1,500",UNABLE TO DETERMINE,1,INCAPACITATING INJURY,1.0,0.0,1.0,1,1,5,41.73353363,-87.56081918,"['05/21/2023', '01:00:00', 'AM']"
fc135ee6b673c13588c52141d237d7ea41c22a9aedbc09368b2b6145e432ea89cce015f2889d68fca145a1e787bcb022784ee44d327f777192f323c72326a2d3,2023-05-20 18:26:00,Saturday,35,NO CONTROLS,CLEAR,DAYLIGHT,PEDESTRIAN,DRY,INJURY AND / OR TOW DUE TO CRASH,"OVER $1,500",UNABLE TO DETERMINE,2,INCAPACITATING INJURY,1.0,0.0,1.0,18,7,5,41.7066732,-87.67061884,"['05/20/2023', '06:26:00', 'PM']"
a2650f77c7c8cc4ac68c3054f0ccd387907bd6b8327018d22d1a74108d986e5a324f89ecf6636a35beb3b1e814818d25e0f1126e47c22f2acefc739642fd2764,2023-05-20 14:18:00,Saturday,30,NO CONTROLS,CLEAR,DAYLIGHT,PEDALCYCLIST,DRY,INJURY AND / OR TOW DUE TO CRASH,"OVER $1,500",UNABLE TO DETERMINE,2,INCAPACITATING INJURY,1.0,0.0,1.0,14,7,5,41.92400129,-87.69890951,"['05/20/2023', '02:18:00', 'PM']"
f91bb0e0d166db59db419b6c9d0e4caa01c3bd75aa997b8c49b8435cb6fdcb34eb1e1f236f1ed3360a73e3ce4f9afb3298b558d52dbb6ce223725b11b11f2126,2023-05-20 12:30:00,Saturday,35,TRAFFIC SIGNAL,CLEAR,DAYLIGHT,REAR END,DRY,INJURY AND / OR TOW DUE TO CRASH,"$501 - $1,500",FOLLOWING TOO CLOSELY,2,INCAPACITATING INJURY,1.0,0.0,1.0,12,7,5,41.85165437,-87.72488298,"['05/20/2023', '12:30:00', 'PM']"
c20b941b47166447659bdc48f036d75f943ad7b7cbe50e9f5716799e27de2b4bea70f5b71862dff39c6585677caf04036368f23decdab8ea44287dca3da27904,2023-05-20 01:01:00,Saturday,30,NO CONTROLS,CLEAR,DARKNESS,PARKED MOTOR VEHICLE,DRY,INJURY AND / OR TOW DUE TO CRASH,"OVER $1,500",UNABLE TO DETERMINE,4,INCAPACITATING INJURY,1.0,0.0,1.0,1,7,5,41.77497614,-87.59437917,"['05/20/2023', '01:01:00', 'AM']"