CRASH_RECORD_ID,CRASH_DATE,Weekday,POSTED_SPEED_LIMIT,TRAFFIC_CONTROL_DEVICE,WEATHER_CONDITION,LIGHTING_CONDITION,FIRST_CRASH_TYPE,ROADWAY_SURFACE_COND,CRASH_TYPE,DAMAGE,PRIM_CONTRIBUTORY_CAUSE,NUM_UNITS,MOST_SEVERE_INJURY,INJURIES_TOTAL,INJURIES_FATAL,INJURIES_INCAPACITATING,CRASH_HOUR,CRASH_DAY_OF_WEEK,CRASH_MONTH,LATITUDE,LONGITUDE,CRASH_TIME
29b540eac4c898797a46bc3333eadb1301788c6131b85343c9b8225d861340e202a5a451c0638a1e605a396343adedd106dd9edc851e682e0f064bf80f13a761,2023-05-19 21:30:00,Friday,30,NO CONTROLS,CLEAR,DARKNESS,ANGLE,DRY,INJURY AND / OR TOW DUE TO CRASH,"OVER $1,500",UNABLE TO DETERMINE,2,INCAPACITATING INJURY,1.0,0.0,1.0,21,6,5,41.92444921,-87.72202664,"['05/19/2023', '09:30:00', 'PM']"
c79e226ff3a79cba3c3f85a69140816f35b711ab032a7da9798e5f8d4c1a7038dc65ee9af81a42a006b343cf199645ef6196dd7ed3fb3413298502564ea9f6f0,2023-05-19 16:31:00,Friday,30,NO CONTROLS,CLEAR,DAYLIGHT,TURNING,DRY,INJURY AND / OR TOW DUE TO CRASH,"OVER $1,500",NOT APPLICABLE,2,INCAPACITATING INJURY,3.0,0.0,3.0,16,6,5,41.83040813,-87.66571276,"['05/19/2023', '04:31:00', 'PM']"
d5c75ddb71f75a405e1099107d9f5f49d882008950b49c9c0dd54b4b2c743f75077c8918f9142d5ef1baa8c2c783c49d7e68501224596211402a96f05e0e5c71,2023-05-19 09:37:00,Friday,35,TRAFFIC SIGNAL,UNKNOWN,DAYLIGHT,PEDALCYCLIST,UNKNOWN,INJURY AND / OR TOW DUE TO CRASH,"OVER $1,500",IMPROPER TURNING/NO SIGNAL,2,INCAPACITATING INJURY,1.0,0.0,1.0,9,6,5,42.01903231,-87.708517,"['05/19/2023', '09:37:00', 'AM']"
2a1a865364df3cea88bdb74ee69d7b055c101f8d058649f57c2636979931af2ece8cf94a34fd79e37a720c215d290ff5910dc30ebce2984a503d65ccb8068321,2023-05-19 09:20:00,Friday,15,NO CONTROLS,RAIN,DAYLIGHT,PEDESTRIAN,WET,INJURY AND / OR TOW DUE TO CRASH,$500 OR LESS,UNABLE TO DETERMINE,2,INCAPACITATING INJURY,1.0,0.0,1.0,9,6,5,41.87398795,-87.67299741,"['05/19/2023', '09:20:00', 'AM']"
46217b0adf122b5edde61d05b399bcc0cf14f24dd8d65c77aadd0e79c18f69d03b4ef8b1b4eac4c078e6a308965b2479942b0592fe075bd20bc1587acf539e5f,2023-05-18 18:59:00,Thursday,30,NO CONTROLS,CLEAR,DAYLIGHT,FIXED OBJECT,DRY,INJURY AND / OR TOW DUE TO CRASH,"OVER $1,500","EVASIVE ACTION DUE TO ANIMAL, OBJECT, NONMOTORIST",1,INCAPACITATING INJURY,1.0,0.0,1.0,18,5,5,41.79766283,-87.63205256,"['05/18/2023', '06:59:00', 'PM']"
ee5977f4d8e0c20ce401c777f0d00b52d31122c091225560b36703d067ff29c85fbf74a1d145eda1d0cb93b408c4bc9f16b824a6cdcd5753fa373699221d1449,2023-05-18 18:00:00,Thursday,30,TRAFFIC SIGNAL,CLEAR,DAYLIGHT,REAR END,DRY,INJURY AND / OR TOW DUE TO CRASH,"OVER $1,500",UNABLE TO DETERMINE,2,INCAPACITATING INJURY,1.0,0.0,1.0,18,5,5,41.80299057,-87.60657241,"['05/18/2023', '06:00:00', 'PM']"
cd5d65949c87d3d1b22a01a31bf3078e267f04b89fcf8646781bcda452a6794f9c7a35ee91285a934f3b95cdb6bcf926655e97a60a993dc34df04255b9b44af9,2023-05-18 17:57:00,Thursday,30,TRAFFIC SIGNAL,CLEAR,DAYLIGHT,ANGLE,DRY,INJURY AND / OR TOW DUE TO CRASH,"OVER $1,500",NOT APPLICABLE,2,INCAPACITATING INJURY,1.0,0.0,1.0,17,5,5,41.79029497,-87.664635,"['05/18/2023', '05:57:00', 'PM']"
7bd7e25535ca21583361ed8152f938fb0b40594a546da70f971f605e93ecd2fe5b7bae6ac31a3cf8b29389505ef9ade75c5ae51d274a8bc0a0dbf6897c32b4e6,2023-05-18 16:45:00,Thursday,35,NO CONTROLS,CLEAR,DAYLIGHT,PEDALCYCLIST,DRY,INJURY AND / OR TOW DUE TO CRASH,"OVER $1,500",FAILING TO YIELD RIGHT-OF-WAY,2,INCAPACITATING INJURY,1.0,0.0,1.0,16,5,5,41.90435611,-87.64017098,"['05/18/2023', '04:45:00', 'PM']"
259b0bac31551a19276ea442068013bded0f8244e787fd98197016aa5923a8aa7fdc76bead6e1daaa67cf09ec55621691a857e41d871ce51dadd417b5ab5ed21,2023-05-18 16:15:00,Thursday,30,NO CONTROLS,CLEAR,DAYLIGHT,SIDESWIPE SAME DIRECTION,DRY,INJURY AND / OR TOW DUE TO CRASH,"OVER $1,500",UNABLE TO DETERMINE,2,INCAPACITATING INJURY,1.0,0.0,1.0,16,5,5,41.88700566,-87.75013096,"['05/18/2023', '04:15:00', 'PM']"
7d39d7ac95ed81b8ed62c9e490a8b2824df04c0e608e3e794e2a09d3f69a50a37a64a0d83c2fbf826484f461e25b13add10e4170162b166dc6e85d7d52fc5649,2023-05-18 15:57:00,Thursday,30,NO CONTROLS,CLEAR,DAYLIGHT,PEDESTRIAN,DRY,INJURY AND / OR TOW DUE TO CRASH,$500 OR LESS,NOT APPLICABLE,2,INCAPACITATING INJURY,1.0,0.0,1.0,15,5,5,42.00009546,-87.69986018,"['05/18/2023', '03:57:00', 'PM']"
057fe2a9160f67975e3905f0f43c70a387fd0b4d5733870f5c7c7ae8a70060c29505ce8ab23fa20d31de927ec8d68f484c954c1a247eac5eae9ecc25340445eb,2023-05-18 14:05:00,Thursday,30,TRAFFIC SIGNAL,CLEAR,DAYLIGHT,PEDESTRIAN,DRY,INJURY AND / OR TOW DUE TO CRASH,"OVER $1,500",UNABLE TO DETERMINE,2,INCAPACITATING INJURY,1.0,0.0,1.0,14,5,5,41.88460329,-87.62704445,"['05/18/2023', '02:05:00', 'PM']"
97e123c679d6a090b3047eb0cb52db8e6ab3b49e0d8c05e110e75c2df5ed3f8ece91bbdf426b4db91bc40f630589350e4671ddc3ff7bc8781a7fd4474a556dfe,2023-05-18 07:15:00,Thursday,35,NO CONTROLS,CLEAR,DAYLIGHT,TURNING,DRY,INJURY AND / OR TOW DUE TO CRASH,"OVER $1,500",FAILING TO YIELD RIGHT-OF-WAY,2,FATAL,3.0,1.0,0.0,7,5,5,41.73482621,-87.72831896,"['05/18/2023', '07:15:00', 'AM']"
f496f1cbb88d5ea37cd7d8ab3c9c4563a3568476c2eb4b34b1a85edd7607c47d789e83d871906bdbf2fdbd4497290f39c845e484b6cee992a6bb562035cac56e,2023-05-18 06:50:00,Thursday,30,TRAFFIC SIGNAL,CLEAR,DAYLIGHT,ANGLE,DRY,INJURY AND / OR TOW DUE TO CRASH,"OVER $1,500",UNABLE TO DETERMINE,2,INCAPACITATING INJURY,1.0,0.0,1.0,6,5,5,41.69976167,-87.62325169,"['05/18/2023', '06:50:00', 'AM']"
1dd21c544fd9aa268b8af9fcbab4236c715d0e91c468756489ab4b18ffc1898c1c02a820e54b10975438278912cb5a23c5c1f68ceb4f3141c296099604944c43,2023-05-18 03:05:00,Thursday,30,TRAFFIC SIGNAL,CLEAR,"DARKNESS, LIGHTED ROAD",REAR END,DRY,INJURY AND / OR TOW DUE TO CRASH,"OVER $1,500",UNABLE TO DETERMINE,3,INCAPACITATING INJURY,1.0,0.0,1.0,3,5,5,41.81579944,-87.74321746,"['05/18/2023', '03:05:00', 'AM']"
cdecaff91ebb465bae561615ac97adbd64866b355ebf429276e82cee854f2ef47c9935eb92d1d28c86f9875f825507079977500dd363f5cbf824da318be9ec20,2023-05-17 22:38:00,Wednesday,30,TRAFFIC SIGNAL,CLEAR,"DARKNESS, LIGHTED ROAD",TURNING,DRY,INJURY AND / OR TOW DUE TO CRASH,"OVER $1,500",UNABLE TO DETERMINE,2,INCAPACITATING INJURY,3.0,0.0,2.0,22,4,5,41.87717386,-87.72078414,"['05/17/2023', '10:38:00', 'PM']"
6a70dc309f510f3995096d987c5c72a2a16853117a0f1ee32f6d2024d6a5e509bdab447811f7e66d079a8b363ca47de23971314af6cf6a455893b72af332dbe3,2023-05-17 22:30:00,Wednesday,45,NO CONTROLS,CLEAR,"DARKNESS, LIGHTED ROAD",SIDESWIPE SAME DIRECTION,DRY,INJURY AND / OR TOW DUE TO CRASH,"OVER $1,500",UNABLE TO DETERMINE,2,INCAPACITATING INJURY,2.0,0.0,2.0,22,4,5,41.80591507,-87.58483902,"['05/17/2023', '10:30:00', 'PM']"
cbce9e89745c38cd46939c8f51fdd8fa86ea0c96e21d8c0246c39629538215cbe972865d6bb044cbb325be88102cc995dfb21bafe23517731c3a3415853bf999,2023-05-17 17:50:00,Wednesday,30,TRAFFIC SIGNAL,CLEAR,DUSK,PEDESTRIAN,DRY,INJURY AND / OR TOW DUE TO CRASH,"OVER $1,500",FAILING TO YIELD RIGHT-OF-WAY,2,INCAPACITATING INJURY,1.0,0.0,1.0,17,4,5,41.73635801,-87.62401506,"['05/17/2023', '05:50:00', 'PM']"
d09ce5c988dacfd5bbcac7f8873337ddf8334345a7227d3e5c621b18ac1daf26fd8ffb8108853ec079e99f0e8efb00b3d3d4173d7b9db8c971af1178477be70f,2023-05-17 02:55:00,Wednesday,30,NO CONTROLS,CLEAR,"DARKNESS, LIGHTED ROAD",PARKED MOTOR VEHICLE,DRY,INJURY AND / OR TOW DUE TO CRASH,"OVER $1,500",UNABLE TO DETERMINE,3,INCAPACITATING INJURY,1.0,0.0,1.0,2,4,5,41.74875381,-87.64106281,"['05/17/2023', '02:55:00', 'AM']"
506488cac83d748374d351fe1b23d5f6f9ac37b1bd77caa6e869d0aa4d4b29fa51bd5c032bb0d2e4257982a83ad9f37f2425a7a0ca8edad54d81ca5ffff449d5,2023-05-16 22:55:00,Tuesday,20,NO CONTROLS,CLEAR,"DARKNESS, LIGHTED ROAD",PARKED MOTOR VEHICLE,DRY,INJURY AND / OR TOW DUE TO CRASH,"$501 - $1,500",PHYSICAL CONDITION OF DRIVER,2,INCAPACITATING INJURY,1.0,0.0,1.0,22,3,5,41.88141888,-87.66248298,"['05/16/2023', '10:55:00', 'PM']"
f8b5145f8f8c95335d8dcc827aed6b2a20c81329cff52bb46b32c41fd2e93aed4d0fb5bd64b7ca43a76f3e64e6c13ef18ed76d5c76058bdd74a0999d87d0cc67,2023-05-16 17:53:00,Tuesday,30,TRAFFIC SIGNAL,CLEAR,DAYLIGHT,ANGLE,DRY,INJURY AND / OR TOW DUE TO CRASH,"OVER $1,500",FAILING TO YIELD RIGHT-OF-WAY,2,INCAPACITATING INJURY,5.0,0.0,5.0,17,3,5,41.87725104,-87.70615923,"['05/16/2023', '05:53:00', 'PM']"
c159b21af849d7f18ddcf7967cd5916d278de475f6ca23539fe8cf2174009bc431e2efc3702b864d5d16a9b41ad364ee839439e8732b0818e13cd83f35472989,2023-05-16 15:32:00,Tuesday,30,STOP SIGN/FLASHER,CLEAR,DAYLIGHT,ANGLE,DRY,INJURY AND / OR TOW DUE TO CRASH,"OVER $1,500",FAILING TO YIELD RIGHT-OF-WAY,2,INCAPACITATING INJURY,2.0,0.0,1.0,15,3,5,41.87628674,-87.7256402,"['05/16/2023', '03:32:00', 'PM']"
8bf9cbed5eadec3a1b9f69617650dc6c8f621249cb99de9d782bf0ff25fd12715f5d46924ac477d37115e2ea7a28338f08b707b99bdcc307793ba2719ce74ad7,2023-05-16 10:05:00,Tuesday,30,TRAFFIC SIGNAL,CLEAR,DAYLIGHT,TURNING,DRY,INJURY AND / OR TOW DUE TO CRASH,"OVER $1,500",UNABLE TO DETERMINE,2,INCAPACITATING INJURY,1.0,0.0,1.0,10,3,5,41.82451343,-87.72394124,"['05/16/2023', '10:05:00', 'AM']"
af8c1cfb7c4af946506fed4ab392a35b029d732e0bfbd26f4697bfbe687dc3dca9b5ff0dcbc9daff8f840073ab126c199e85aff6a3f31945ccfbed5b0501ceb4,2023-05-16 09:36:00,Tuesday,35,NO CONTROLS,CLEAR,DAYLIGHT,PARKED MOTOR VEHICLE,DRY,INJURY AND / OR TOW DUE TO CRASH,"OVER $1,500",DRIVING ON WRONG SIDE/WRONG WAY,3,INCAPACITATING INJURY,1.0,0.0,1.0,9,3,5,41.787299,-87.68399981,"['05/16/2023', '09:36:00', 'AM']"
911b35a64a35e2ac571bc1892fc7e78f8b28350902cab461435d111ef947d83929424356fe4c3eff4164b0a77cbc2c321275735ed16bab4a1e4e851d0333b733,2023-05-16 04:31:00,Tuesday,30,NO CONTROLS,CLEAR,"DARKNESS, LIGHTED ROAD",FIXED OBJECT,DRY,INJURY AND / OR TOW DUE TO CRASH,"OVER $1,500",DISTRACTION - FROM INSIDE VEHICLE,1,INCAPACITATING INJURY,1.0,0.0,1.0,4,3,5,41.96430694,-87.74776186,"['05/16/2023', '04:31:00', 'AM']"
69621fe0f32727b58687a445936a01bd24029e15b2f015344889b352957e24386875e51e53fd507649c56166d914183998bbc982832b16832302689693f8efa1,2023-05-16 00:17:00,Tuesday,30,NO CONTROLS,CLEAR,"DARKNESS, LIGHTED ROAD",FIXED OBJECT,DRY,INJURY AND / OR TOW DUE TO CRASH,"OVER $1,500",FAILING TO REDUCE SPEED TO AVOID CRASH,1,INCAPACITATING INJURY,1.0,0.0,1.0,0,3,5,41.86617098,-87.71696775,"['05/16/2023', '12:17:00', 'AM']"
a55adecdc84b9c9e5a05722cacf2cc33cfde8bf026c29542761ec4ff2cff0bc0427abf9f477d78e49a2bf03e7f2788196c780f67c451cae65ce9a01cb97f05d6,2023-05-15 10:35:00,Monday,30,TRAFFIC SIGNAL,CLEAR,DAYLIGHT,PEDESTRIAN,DRY,INJURY AND / OR TOW DUE TO CRASH,$500 OR LESS,UNABLE TO DETERMINE,2,INCAPACITATING INJURY,1.0,0.0,1.0,10,2,5,41.85179425,-87.69522311,"['05/15/2023', '10:35:00', 'AM']"
4419f0b39064a5d1afbe4c385fc6a8dd8ddbd1631a5ea7460cf11f22580764146a070202628bde5ef8d4562a73b0b7ae0d8dd15aa54a41de93209c5db0848574,2023-05-15 05:57:00,Monday,45,NO CONTROLS,CLEAR,DAYLIGHT,FIXED OBJECT,DRY,INJURY AND / OR TOW DUE TO CRASH,"OVER $1,500","OPERATING VEHICLE IN ERRATIC, RECKLESS, CARELESS, NEGLIGENT OR AGGRESSIVE MANNER",1,INCAPACITATING INJURY,1.0,0.0,1.0,5,2,5,41.91155454,-87.62666241,"['05/15/2023', '05:57:00', 'AM']"
68f442d929b0e2f6ba41729e08f7d1372fc0f74844d1dc21a197d934d075056a926fee7cb1aeeaa3d625e96fd807ac1e27b8a0f4217bab5004ebe95fa25a56b9,2023-05-14 18:41:00,Sunday,30,NO CONTROLS,RAIN,DUSK,PARKED MOTOR VEHICLE,WET,INJURY AND / OR TOW DUE TO CRASH,"OVER $1,500",WEATHER,2,INCAPACITATING INJURY,1.0,0.0,1.0,18,1,5,41.72299563,-87.54103944,"['05/14/2023', '06:41:00', 'PM']"
14c4f29af1980ba862717a22919aa8416f6fa7fcf02d4194c5cdbb6997133ff204c6920ef3a190408e342a34b0f3e3d810ed2dadc7d815e9f7cc6fd65763860f,2023-05-14 13:25:00,Sunday,30,TRAFFIC SIGNAL,CLEAR,DAYLIGHT,PEDESTRIAN,UNKNOWN,INJURY AND / OR TOW DUE TO CRASH,$500 OR LESS,UNABLE TO DETERMINE,2,INCAPACITATING INJURY,1.0,0.0,1.0,13,1,5,41.8946056,-87.7749093,"['05/14/2023', '01:25:00', 'PM']"
3a27148a82742944fb3cdbf44e4f97933cef690fa90b05802a2b1689b27a0429a7cb82897dc8299c429ce591c314366ea11f5790169a226912754b02ba950a04,2023-05-13 19:34:00,Saturday,30,NO CONTROLS,CLEAR,DAYLIGHT,PEDESTRIAN,DRY,INJURY AND / OR TOW DUE TO CRASH,"OVER $1,500","OPERATING VEHICLE IN ERRATIC, RECKLESS, CARELESS, NEGLIGENT OR AGGRESSIVE MANNER",2,INCAPACITATING INJURY,1.0,0.0,1.0,19,7,5,41.69162512,-87.65223732,"['05/13/2023', '07:34:00', 'PM']"
6ce62227277c3dfb35bd9937f2ffb96b59050683892bff78c6ec75b5bc40be0b95cde7017073924b639fa817e51ed2206964ae6fce7fbc1e52823e68d385301d,2023-05-13 18:32:00,Saturday,35,TRAFFIC SIGNAL,CLEAR,DAYLIGHT,TURNING,DRY,INJURY AND / OR TOW DUE TO CRASH,"$501 - $1,500",FAILING TO YIELD RIGHT-OF-WAY,2,INCAPACITATING INJURY,2.0,0.0,2.0,18,7,5,41.93124862,-87.77602861,"['05/13/2023', '06:32:00', 'PM']"
38f24af1a39994cb33b3a85c2f6c55fd5d8437815efaae80e965ec84f2e49f998ddcfeed343a41896c262fcb9c8c16af8e4ea924795d3f4badd7da90a8cfd3bb,2023-05-13 16:30:00,Saturday,30,NO CONTROLS,CLEAR,DAYLIGHT,HEAD ON,DRY,INJURY AND / OR TOW DUE TO CRASH,"OVER $1,500",DRIVING ON WRONG SIDE/WRONG WAY,4,FATAL,9.0,1.0,4.0,16,7,5,41.67425221,-87.55911156,"['05/13/2023', '04:30:00', 'PM']"
e1ab3be68b75eb073aa33c5550ae311021d5efaaeea82141bced8765fc020f787f9401c076ef3a1d7ce132b987bdcec10e5ba17910dfe0c0a3ddf2c3b750ed26,2023-05-13 12:13:00,Saturday,30,STOP SIGN/FLASHER,CLEAR,DAYLIGHT,ANGLE,DRY,INJURY AND / OR TOW DUE TO CRASH,"OVER $1,500",FAILING TO YIELD RIGHT-OF-WAY,2,INCAPACITATING INJURY,2.0,0.0,2.0,12,7,5,41.69590407,-87.64263571,"['05/13/2023', '12:13:00', 'PM']"
ca84a70faa38f9613888ff38be55a514898a80213b8dbe42dd11c7473f1b0beeb65dc8e948887b35f2d70e4a06258c5932c9b580eac4d661c2c335c871b7a7d5,2023-05-13 11:50:00,Saturday,30,TRAFFIC SIGNAL,CLEAR,DAYLIGHT,ANGLE,DRY,INJURY AND / OR TOW DUE TO CRASH,"OVER $1,500",FAILING TO YIELD RIGHT-OF-WAY,3,INCAPACITATING INJURY,1.0,0.0,1.0,11,7,5,41.79252438,-87.76752003,"['05/13/2023', '11:50:00', 'AM']"
ccd0c540347830e3a17e47ee673c43143cee1032710c65f4b7146fa27860a8d79fe92f5a96d97e644c40b261afefcc07d80b6ff7f4ea07a1e0adbb09315adcef,2023-05-13 08:31:00,Saturday,30,TRAFFIC SIGNAL,CLEAR,DAYLIGHT,ANGLE,DRY,INJURY AND / OR TOW DUE TO CRASH,"OVER $1,500",DISREGARDING TRAFFIC SIGNALS,2,INCAPACITATING INJURY,1.0,0.0,1.0,8,7,5,41.88233928,-87.76507801,"['05/13/2023', '08:31:00', 'AM']"
b8a22b11098e103852a23ae4d2545547a29162e4e86109a48e8753cfb5fbff15b6c25c69f1e21e45e848493457ae57818fe20866e7000d775a418dd74b12725b,2023-05-13 03:35:00,Saturday,30,TRAFFIC SIGNAL,CLEAR,"DARKNESS, LIGHTED ROAD",PARKED MOTOR VEHICLE,DRY,INJURY AND / OR TOW DUE TO CRASH,"$501 - $1,500",UNABLE TO DETERMINE,3,INCAPACITATING INJURY,2.0,0.0,1.0,3,7,5,41.83697598,-87.72420568,"['05/13/2023', '03:35:00', 'AM']"
50d99086396d7c76345474b65eefcb2e0c60696916b1cc13d4b9658daabebd5329bc6cc0e32d4a19152793a7e465acad5079610e91342412ead6ec48d9132030,2023-05-12 15:35:00,Friday,30,TRAFFIC SIGNAL,RAIN,DAWN,PEDESTRIAN,WET,INJURY AND / OR TOW DUE TO CRASH,"OVER $1,500",FAILING TO YIELD RIGHT-OF-WAY,2,INCAPACITATING INJURY,1.0,0.0,1.0,15,6,5,41.87750459,-87.6999423,"['05/12/2023', '03:35:00', 'PM']"
8bf1441a04c3589b581b64b017cda8ebfbf0a19e9a6f22120cef9362cdd75342a0701f774b620178f366309f518c64c44d6bfaafbb58c38a3263efd27fe7d341,2023-05-12 13:37:00,Friday,30,TRAFFIC SIGNAL,CLEAR,DAYLIGHT,PEDESTRIAN,UNKNOWN,INJURY AND / OR TOW DUE TO CRASH,"$501 - $1,500",UNABLE TO DETERMINE,2,INCAPACITATING INJURY,1.0,0.0,1.0,13,6,5,41.81360858,-87.70404468,"['05/12/2023', '01:37:00', 'PM']"
b56575bb3e15ab0faa57deda6c2c7fdae15900e647ed17a5210d1113e1623a9c1d578a5a2715f7ac92620fc708a19a38a7b0050cf1e1f32f4bf391f046339f45,2023-05-12 12:55:00,Friday,30,STOP SIGN/FLASHER,CLOUDY/OVERCAST,DAYLIGHT,PEDESTRIAN,WET,INJURY AND / OR TOW DUE TO CRASH,$500 OR LESS,UNABLE TO DETERMINE,2,INCAPACITATING INJURY,1.0,0.0,1.0,12,6,5,41.8577293,-87.66344316,"['05/12/2023', '12:55:00', 'PM']"
66ff8d83f388a17c569556142d9963e720ff473965fb163a787b74f9ff750debcd1d78e97230af848f0d26701b78d19f5d923f380d62bd02c577b5236dbe97f0,2023-05-12 12:09:00,Friday,30,STOP SIGN/FLASHER,RAIN,DAYLIGHT,PEDESTRIAN,WET,INJURY AND / OR TOW DUE TO CRASH,$500 OR LESS,FAILING TO YIELD RIGHT-OF-WAY,2,INCAPACITATING INJURY,1.0,0.0,1.0,12,6,5,42.00782304,-87.66148979,"['05/12/2023', '12:09:00', 'PM']"
65793a3e68898b85ca75df1b2e205f7626f3a0ec638c533a8ea37f4956734c933dc3da1282db4e1d4b96dc22779d0823861f444c5c990fcfca223b819be9e065,2023-05-12 11:39:00,Friday,30,TRAFFIC SIGNAL,CLEAR,DAYLIGHT,PEDESTRIAN,OTHER,INJURY AND / OR TOW DUE TO CRASH,$500 OR LESS,UNABLE TO DETERMINE,2,INCAPACITATING INJURY,1.0,0.0,1.0,11,6,5,41.89490343,-87.62410419,"['05/12/2023', '11:39:00', 'AM']"
804c250ed5fabd3fc3ed254e93e547be4c03591fb2812ab215998ccb7a8f9f546e72d3bfd1a1842a89cfa719eaa0e89c5c6c247f4ad25119e4e83ad74d694a4f,2023-05-12 07:59:00,Friday,30,TRAFFIC SIGNAL,CLOUDY/OVERCAST,DAYLIGHT,PEDESTRIAN,DRY,INJURY AND / OR TOW DUE TO CRASH,"OVER $1,500",DRIVING SKILLS/KNOWLEDGE/EXPERIENCE,2,INCAPACITATING INJURY,1.0,0.0,1.0,7,6,5,41.79369381,-87.68776282,"['05/12/2023', '07:59:00', 'AM']"
de0a497101e5537b28637ffdde577e4e69da403074f93ec05c3cd6fe7da0b68ad45ff508d783aeb3a40b9d5ded381fb30964345e528caadea7499f9bed00a60c,2023-05-12 00:20:00,Friday,30,NO CONTROLS,CLEAR,"DARKNESS, LIGHTED ROAD",OTHER OBJECT,DRY,INJURY AND / OR TOW DUE TO CRASH,"OVER $1,500",UNABLE TO DETERMINE,1,INCAPACITATING INJURY,1.0,0.0,1.0,0,6,5,42.01919291,-87.70058018,"['05/12/2023', '12:20:00', 'AM']"
0f35cd68c11645f59cc89b16ae886061daca7eee7d0c0f1e8ba38d8cea26a5706aeeb87a69fd146119bfa115bcb5f92fb251e9b1d1e2b969be371b63b569312b,2023-05-11 15:14:00,Thursday,30,TRAFFIC SIGNAL,CLEAR,DAYLIGHT,REAR END,DRY,INJURY AND / OR TOW DUE TO CRASH,"$501 - $1,500",DRIVING SKILLS/KNOWLEDGE/EXPERIENCE,2,INCAPACITATING INJURY,1.0,0.0,1.0,15,5,5,41.75018236,-87.67327886,"['05/11/2023', '03:14:00', 'PM']"
be6ae24b5af675a54a2f51b9b7b3ba8a4d2294dfc85beaaf6a158b8fd57ba5202b8ba1cd9803aead56e62188042ba43dd7d7496b07d7cb2eac43c3f9b4e4186d,2023-05-11 12:45:00,Thursday,25,NO CONTROLS,CLEAR,DAYLIGHT,PEDESTRIAN,DRY,INJURY AND / OR TOW DUE TO CRASH,"$501 - $1,500",FAILING TO YIELD RIGHT-OF-WAY,2,INCAPACITATING INJURY,1.0,0.0,1.0,12,5,5,41.8835571,-87.6484324,"['05/11/2023', '12:45:00', 'PM']"
a4b457a87463e1d134b6009ab3ba0ecfda762dfd6aeadb7c4d750cb3d2217db76538f5bd59c655d01d2f4684a0533b44b2d9fe45e614fde65ab72bf0779f2418,2023-05-11 12:25:00,Thursday,30,NO CONTROLS,CLEAR,DAYLIGHT,PEDALCYCLIST,DRY,INJURY AND / OR TOW DUE TO CRASH,"OVER $1,500",UNABLE TO DETERMINE,2,INCAPACITATING INJURY,1.0,0.0,1.0,12,5,5,41.90874979,-87.71172286,"['05/11/2023', '12:25:00', 'PM']"
d417c531290ef613ca7f31cd0eafffa6800ba660497d3938b58b713fa04f43b290e67a508feb852dc138647c734a51a53276e8ef9ed392033bba17ac44b40f27,2023-05-11 11:40:00,Thursday,35,TRAFFIC SIGNAL,CLEAR,DAYLIGHT,ANGLE,DRY,INJURY AND / OR TOW DUE TO CRASH,"OVER $1,500",FAILING TO YIELD RIGHT-OF-WAY,2,INCAPACITATING INJURY,2.0,0.0,1.0,11,5,5,41.95315034,-87.77663131,"['05/11/2023', '11:40:00', 'AM']"
f08cab2ecf56dc316d45da8fb0e7dd1f998da8095348e84665f0882ad181eb89675b7472630cc7218bf724bb8aa2df4df19a416db830465cc5a4544ce7b76d6c,2023-05-11 08:32:00,Thursday,30,TRAFFIC SIGNAL,CLEAR,DAYLIGHT,TURNING,DRY,INJURY AND / OR TOW DUE TO CRASH,"OVER $1,500",UNABLE TO DETERMINE,2,INCAPACITATING INJURY,3.0,0.0,1.0,8,5,5,41.70788493,-87.58568523,"['05/11/2023', '08:32:00', 'AM']"
9c2314bd7f65e0f9632f7603ec77a1385d9f15a30adc4c7d705c3eb0bf3a0388341ccb4a3cd933e5ff8a40c1f9afac4217f8e371c9eb9715a8f53492b404ad94,2023-05-10 23:00:00,Wednesday,35,NO CONTROLS,CLEAR,"DARKNESS, LIGHTED ROAD",FIXED OBJECT,DRY,INJURY AND / OR TOW DUE TO CRASH,"OVER $1,500",UNABLE TO DETERMINE,1,INCAPACITATING INJURY,1.0,0.0,1.0,23,4,5,41.91537052,-87.74999299,"['05/10/2023', '11:00:00', 'PM']"
3d29b3c5cde73b4f07a4eb97e05b1f9d32fe5b93b10db093bcde5e371c371857c7a68b1759a1dc3f31c7f8a7a410b85ea8389d85d02cf0ee300458913cc50ff6,2023-05-10 20:45:00,Wednesday,35,NO CONTROLS,CLEAR,"DARKNESS, LIGHTED ROAD",OTHER OBJECT,DRY,INJURY AND / OR TOW DUE TO CRASH,"$501 - $1,500",NOT APPLICABLE,2,INCAPACITATING INJURY,1.0,0.0,1.0,20,4,5,41.77365262,-87.72248445,"['05/10/2023', '08:45:00', 'PM']"
542fdcc170a0073387f9431bad82769f96e2f6c60be7c8b89d8d54608e6d63e70718b1512c3b69e732ae5c7728ec110ce503fe3aa67a6dd9c9ea936e070d2134,2023-05-10 19:22:00,Wednesday,30,STOP SIGN/FLASHER,CLEAR,DUSK,FIXED OBJECT,DRY,INJURY AND / OR TOW DUE TO CRASH,"OVER $1,500",NOT APPLICABLE,2,INCAPACITATING INJURY,3.0,0.0,1.0,19,4,5,41.68793228,-87.62084291,"['05/10/2023', '07:22:00', 'PM']"
7b0f01e161a3294fd1640ab6b783649380e416aca3e5dab988ef86a19ce521e6f0184c982bb4fc09d6d2bc2bf93e6420f3337b2c495bc20fec83e5fb86d3b7e7,2023-05-10 19:00:00,Wednesday,25,TRAFFIC SIGNAL,CLEAR,DAYLIGHT,PEDESTRIAN,DRY,INJURY AND / OR TOW DUE TO CRASH,$500 OR LESS,UNABLE TO DETERMINE,2,INCAPACITATING INJURY,1.0,0.0,1.0,19,4,5,41.79529508,-87.58759207,"['05/10/2023', '07:00:00', 'PM']"