CRASH_RECORD_ID,CRASH_DATE,Weekday,POSTED_SPEED_LIMIT,TRAFFIC_CONTROL_DEVICE,WEATHER_CONDITION,LIGHTING_CONDITION,FIRST_CRASH_TYPE,ROADWAY_SURFACE_COND,CRASH_TYPE,DAMAGE,PRIM_CONTRIBUTORY_CAUSE,NUM_UNITS,MOST_SEVERE_INJURY,INJURIES_TOTAL,INJURIES_FATAL,INJURIES_INCAPACITATING,CRASH_HOUR,CRASH_DAY_OF_WEEK,CRASH_MONTH,LATITUDE,LONGITUDE,CRASH_TIME
deae9f7af1cd7e1ddf88973f4dfbff8103a96ef923140f7c1ac1a6265c72e27b45bb0cebd1ecca11ddc9a8238db6488c49236c63a45928c9f7bd431ba18273a9,2023-04-30 04:15:00,Sunday,30,NO CONTROLS,CLEAR,"DARKNESS, LIGHTED ROAD",SIDESWIPE OPPOSITE DIRECTION,DRY,INJURY AND / OR TOW DUE TO CRASH,"OVER $1,500",FAILING TO REDUCE SPEED TO AVOID CRASH,2,INCAPACITATING INJURY,1.0,0.0,1.0,4,1,4,41.74301344,-87.65974105,"['04/30/2023', '04:15:00', 'AM']"
c3f4b482f4a7d4b61302cb3e771e58656cf9fbb27ccf33d20f567ee54a19a78930c198882136da265ac71265835f91d46935fd1b22ad6a19aaf5ac4c4a5b7266,2023-04-29 15:52:00,Saturday,30,TRAFFIC SIGNAL,CLEAR,DAYLIGHT,TURNING,DRY,INJURY AND / OR TOW DUE TO CRASH,"OVER $1,500",IMPROPER TURNING/NO SIGNAL,2,INCAPACITATING INJURY,1.0,0.0,1.0,15,7,4,41.88329092,-87.63978476,"['04/29/2023', '03:52:00', 'PM']"
6db3d3328d069393babcf3349cc71b7549a8ed5e8626baaf8b7c5e5a5e2542f9bc37bf4da8c15daa1fdfcf0e366dec15c133dd4d281de6ade920c615f1d0efce,2023-04-29 13:15:00,Saturday,15,NO CONTROLS,CLEAR,DAYLIGHT,OTHER OBJECT,"SAND, MUD, DIRT",INJURY AND / OR TOW DUE TO CRASH,"OVER $1,500",PHYSICAL CONDITION OF DRIVER,1,INCAPACITATING INJURY,2.0,0.0,2.0,13,7,4,41.79529011,-87.73532272,"['04/29/2023', '01:15:00', 'PM']"
57eacc951095bfddcdc118461bdb31dbb6bbb5c3399b860dcbba8733b5a3a001c4e3442df74293dfbd9273f6331a6cd4bd03c6ff74c1696bf55bc8dc6ecb41f1,2023-04-29 00:26:00,Saturday,30,STOP SIGN/FLASHER,CLEAR,"DARKNESS, LIGHTED ROAD",ANGLE,DRY,INJURY AND / OR TOW DUE TO CRASH,"OVER $1,500",FAILING TO YIELD RIGHT-OF-WAY,3,INCAPACITATING INJURY,2.0,0.0,2.0,0,7,4,41.8821799,-87.7614498,"['04/29/2023', '12:26:00', 'AM']"
ee34b8261a024a91ade3246bb14a628fb41ac3d5db79cf6c76677627611740c820e5fa19ed5d68728edbce6a820685bfc7fe2546e7e012a89da3fc00d7806a56,2023-04-28 16:00:00,Friday,30,TRAFFIC SIGNAL,CLEAR,DAYLIGHT,REAR END,DRY,INJURY AND / OR TOW DUE TO CRASH,"OVER $1,500",DISTRACTION - FROM INSIDE VEHICLE,2,INCAPACITATING INJURY,1.0,0.0,1.0,16,6,4,41.87622512,-87.68425622,"['04/28/2023', '04:00:00', 'PM']"
1b9f0367c7ace45f6ed1fba82138fdba0e80bfca7da9a1a2cc74dde520e5ca40a2c7888345d76e0fae6b3031f34779780582ede5bc48951386f425deab9b689c,2023-04-28 15:26:00,Friday,30,NO CONTROLS,CLEAR,DAYLIGHT,FIXED OBJECT,DRY,INJURY AND / OR TOW DUE TO CRASH,"OVER $1,500",UNABLE TO DETERMINE,1,INCAPACITATING INJURY,1.0,0.0,1.0,15,6,4,41.78015605,-87.62115439,"['04/28/2023', '03:26:00', 'PM']"
429320eb59ffb89b9d0acb89f113be3882714f03689d7ba6d871343fa75cbf5cbd8febf32adf9fabd10d17997d64153aa9d5ba65be815df8d43a26505170a2bb,2023-04-28 11:40:00,Friday,20,STOP SIGN/FLASHER,CLEAR,DAYLIGHT,TURNING,DRY,INJURY AND / OR TOW DUE TO CRASH,"OVER $1,500",IMPROPER TURNING/NO SIGNAL,2,INCAPACITATING INJURY,1.0,0.0,1.0,11,6,4,41.93342458,-87.65859347,"['04/28/2023', '11:40:00', 'AM']"
a66f9a2705e3201033c51d5a60860a6dbf5d038113e9dfb216473bf7fc72a63d0a3246aae0f9c20a496014c525bcf4d002cdefd497f893019a1ffc6694d3ec50,2023-04-28 11:30:00,Friday,30,NO CONTROLS,CLEAR,DAYLIGHT,PEDALCYCLIST,DRY,INJURY AND / OR TOW DUE TO CRASH,"$501 - $1,500",DRIVING SKILLS/KNOWLEDGE/EXPERIENCE,2,INCAPACITATING INJURY,1.0,0.0,1.0,11,6,4,41.90887113,-87.67533743,"['04/28/2023', '11:30:00', 'AM']"
3b29e2c3921c3e3a6e77dbeb73f6f3bab5ee328d4e395ac3fed4128b3c6682b7955ee0334abc368796db196391e0a4b99306bfe5dfcaedeff9f44646b7104a86,2023-04-28 10:51:00,Friday,30,TRAFFIC SIGNAL,CLEAR,DAYLIGHT,PEDESTRIAN,DRY,INJURY AND / OR TOW DUE TO CRASH,$500 OR LESS,DISREGARDING TRAFFIC SIGNALS,2,INCAPACITATING INJURY,1.0,0.0,1.0,10,6,4,41.89042416,-87.62396548,"['04/28/2023', '10:51:00', 'AM']"
de9163011dd5c68afff5b088277727cb95e52cc94f98f7381850cd9ffc07037e27e50da01d944420b24e12002cf5223965763480a609c5cc2c65bfe66af71ac8,2023-04-28 08:29:00,Friday,10,NO CONTROLS,CLEAR,DAYLIGHT,FIXED OBJECT,DRY,INJURY AND / OR TOW DUE TO CRASH,"OVER $1,500",UNABLE TO DETERMINE,1,INCAPACITATING INJURY,2.0,0.0,2.0,8,6,4,41.75074708,-87.62995399,"['04/28/2023', '08:29:00', 'AM']"
43afa979b25a33d7bbf5a14444e503dbd110b3a08c5f7762fc509891b4d6b5c5d87b56508830531070fac35948af2ef7f3f29d62e6c31b0a5dcaefe17d386b53,2023-04-27 17:35:00,Thursday,25,TRAFFIC SIGNAL,CLEAR,DAYLIGHT,PEDESTRIAN,DRY,INJURY AND / OR TOW DUE TO CRASH,"$501 - $1,500",UNABLE TO DETERMINE,2,INCAPACITATING INJURY,1.0,0.0,1.0,17,5,4,41.85182894,-87.69286659,"['04/27/2023', '05:35:00', 'PM']"
fcc4f4f51883e3b0eb230e16cfa5cc7c1f1c61a07b2806e46892a33ba6b2c27fb41838e0ce69d7b746fd2ed57a3971c668986cd132ef446ccf03deeb2a700818,2023-04-27 17:30:00,Thursday,25,STOP SIGN/FLASHER,CLEAR,DAYLIGHT,PEDESTRIAN,DRY,INJURY AND / OR TOW DUE TO CRASH,$500 OR LESS,FAILING TO YIELD RIGHT-OF-WAY,2,INCAPACITATING INJURY,1.0,0.0,1.0,17,5,4,41.98162189,-87.67441424,"['04/27/2023', '05:30:00', 'PM']"
a366cab74ff85c85834ae0887c9940dee1b7bc9771d7534258267f7301ebe447da2619f25fd4cf971e87e7d0c8c1f9424579e689d6dff61763263eacfbedab84,2023-04-26 23:35:00,Wednesday,30,NO CONTROLS,CLEAR,"DARKNESS, LIGHTED ROAD",PEDESTRIAN,DRY,INJURY AND / OR TOW DUE TO CRASH,"OVER $1,500",NOT APPLICABLE,2,INCAPACITATING INJURY,1.0,0.0,1.0,23,4,4,41.68546639,-87.67016751,"['04/26/2023', '11:35:00', 'PM']"
ad680152f9bd2d3c83ca05da4d742165fe6b5c3c137a3b5b74dd21d50ffbf934ee32191e623e798107c1458d760fc49ff5b23f055b1521a60950d8fe8514056d,2023-04-26 21:13:00,Wednesday,30,TRAFFIC SIGNAL,CLEAR,"DARKNESS, LIGHTED ROAD",PEDESTRIAN,DRY,INJURY AND / OR TOW DUE TO CRASH,"OVER $1,500",FAILING TO YIELD RIGHT-OF-WAY,2,INCAPACITATING INJURY,1.0,0.0,1.0,21,4,4,41.74736947,-87.61501478,"['04/26/2023', '09:13:00', 'PM']"
cea983da88d7d860895ea743a2fd1ce0ef489e4c9dd0963fa5e23f8b563b282dba9272fb3dac2fb29aabf8c620dec542c635e575ead9fb3b1b2c4bc9dc03f42c,2023-04-26 19:49:00,Wednesday,30,NO CONTROLS,CLEAR,"DARKNESS, LIGHTED ROAD",PARKED MOTOR VEHICLE,DRY,INJURY AND / OR TOW DUE TO CRASH,"OVER $1,500",PHYSICAL CONDITION OF DRIVER,4,INCAPACITATING INJURY,1.0,0.0,1.0,19,4,4,41.89033669,-87.74897838,"['04/26/2023', '07:49:00', 'PM']"
b629d5acf568adb4d97da35ccef1e118f5b096da99e696d2baa4adc603d939b4cbca63fcf94c62bcde200dd09bd56e351b9ef14ffed55993a41babd4dac263da,2023-04-26 12:48:00,Wednesday,30,TRAFFIC SIGNAL,CLEAR,DAYLIGHT,PEDESTRIAN,DRY,INJURY AND / OR TOW DUE TO CRASH,"OVER $1,500",FAILING TO YIELD RIGHT-OF-WAY,2,INCAPACITATING INJURY,1.0,0.0,1.0,12,4,4,41.75869138,-87.60533417,"['04/26/2023', '12:48:00', 'PM']"
ead6156a1b506dd96c63a116d9a7abcc666ded16ed46652a440478d894961c976d3b69f43a659be846f91b29fb236cd51d7db537d64369b185ed3a5d7f658341,2023-04-26 12:07:00,Wednesday,30,NO CONTROLS,CLEAR,DAYLIGHT,TURNING,DRY,INJURY AND / OR TOW DUE TO CRASH,"OVER $1,500",TURNING RIGHT ON RED,2,INCAPACITATING INJURY,2.0,0.0,2.0,12,4,4,41.87303601,-87.74486864,"['04/26/2023', '12:07:00', 'PM']"
8c8e289855ee37cd93aa36e77b9abf7612d0aae2c6851a7763ee4160292721b82e6dd72a3bed81d2025117c2b74697d8282d9b671ea8e5d7ff2ff38053624bd4,2023-04-26 11:30:00,Wednesday,35,TRAFFIC SIGNAL,CLEAR,DAYLIGHT,TURNING,DRY,INJURY AND / OR TOW DUE TO CRASH,"OVER $1,500",UNABLE TO DETERMINE,2,INCAPACITATING INJURY,2.0,0.0,2.0,11,4,4,41.99696342,-87.76407139,"['04/26/2023', '11:30:00', 'AM']"
238c067a7b4ed1390b71d6b9b57664835a3732ab49635fa843703c70052456751b9adc19577cb34e253b80ab6f5bd20a681dc9244d5cd22d669ae5f44f657afe,2023-04-26 08:30:00,Wednesday,35,NO CONTROLS,CLEAR,DAYLIGHT,REAR END,DRY,INJURY AND / OR TOW DUE TO CRASH,$500 OR LESS,FOLLOWING TOO CLOSELY,2,INCAPACITATING INJURY,2.0,0.0,1.0,8,4,4,41.81808975,-87.72408685,"['04/26/2023', '08:30:00', 'AM']"
f575eb36ba67f0ceb835a41d1ff45433a8b4ed6994a92711cd11db0b2849ad7b90816724959de14db410a94cbfb0374fe5732755d640e5c57af80c97cced6f28,2023-04-26 06:30:00,Wednesday,45,NO CONTROLS,CLEAR,DAYLIGHT,ANGLE,WET,INJURY AND / OR TOW DUE TO CRASH,"OVER $1,500",IMPROPER OVERTAKING/PASSING,2,INCAPACITATING INJURY,1.0,0.0,1.0,6,4,4,41.91185695,-87.62616952,"['04/26/2023', '06:30:00', 'AM']"
f4b5e46ec8f6ed8d21109903073fb160a07c1d4d8f353fbb92309369f3716b5a278db74f1200d0b41a9e33ed73feb9032a1cd86bb993fd7fe7cf1daab2706567,2023-04-25 11:20:00,Tuesday,35,TRAFFIC SIGNAL,CLEAR,DAYLIGHT,REAR END,DRY,INJURY AND / OR TOW DUE TO CRASH,"OVER $1,500",EQUIPMENT - VEHICLE CONDITION,2,INCAPACITATING INJURY,1.0,0.0,1.0,11,3,4,41.98978849,-87.74837384,"['04/25/2023', '11:20:00', 'AM']"
2ac61e2588ff77042563727bae9896ed496d35f0ace0fa0e5919fe917591ede8ad702444e0be8bae24e21fda3d65eb5fc45e79a60dcfe743b5393fc8119bca6b,2023-04-25 07:34:00,Tuesday,30,NO CONTROLS,RAIN,DAYLIGHT,PARKED MOTOR VEHICLE,WET,INJURY AND / OR TOW DUE TO CRASH,"OVER $1,500",PHYSICAL CONDITION OF DRIVER,4,INCAPACITATING INJURY,1.0,0.0,1.0,7,3,4,41.81745751,-87.60686691,"['04/25/2023', '07:34:00', 'AM']"
0425a99a3288bc6d47d7fab331eb5662ca984bcb24b0d0449e460143e872a91e09f5fec9bca32722d127a6ab77d7459d57a5c0a3f7493bbb6fb3df67ace748b6,2023-04-24 21:37:00,Monday,30,TRAFFIC SIGNAL,CLEAR,"DARKNESS, LIGHTED ROAD",REAR END,DRY,INJURY AND / OR TOW DUE TO CRASH,"OVER $1,500",FOLLOWING TOO CLOSELY,2,INCAPACITATING INJURY,2.0,0.0,1.0,21,2,4,41.88071896,-87.73560061,"['04/24/2023', '09:37:00', 'PM']"
fac9c60e6b98b42f3eb51232b6dad64e9411b029622701602bd2f09a0b5dad20f82a12eb7831274c29a528adfa6e67c2532c9b05c546d5ee2967e3abd8c701c7,2023-04-24 17:17:00,Monday,30,NO CONTROLS,CLEAR,DAYLIGHT,PEDESTRIAN,DRY,INJURY AND / OR TOW DUE TO CRASH,"OVER $1,500",UNABLE TO DETERMINE,2,INCAPACITATING INJURY,1.0,0.0,1.0,17,2,4,41.71753744,-87.64325162,"['04/24/2023', '05:17:00', 'PM']"
7f63371de6186456de55e65928338a89af7cdb297edb76c049084ab5b8a2b1ce6c854b5df75996bf9c0311ab681d0809ec0f2746722b7347f2a535a3c245a87d,2023-04-24 16:00:00,Monday,30,TRAFFIC SIGNAL,CLEAR,DAYLIGHT,TURNING,DRY,INJURY AND / OR TOW DUE TO CRASH,"OVER $1,500",FAILING TO YIELD RIGHT-OF-WAY,2,INCAPACITATING INJURY,1.0,0.0,1.0,16,2,4,41.9395042,-87.69748149,"['04/24/2023', '04:00:00', 'PM']"
c552273fc1494f1d94b955ad4baff84da7185ca4b5f9fa7205c9d0d34ce81628a3032eabdef84bf377e9e366c832f43aeca7d77099c139710e3648e42d7b5d00,2023-04-24 15:34:00,Monday,30,TRAFFIC SIGNAL,CLEAR,DAYLIGHT,TURNING,DRY,INJURY AND / OR TOW DUE TO CRASH,"OVER $1,500",FAILING TO YIELD RIGHT-OF-WAY,2,INCAPACITATING INJURY,1.0,0.0,1.0,15,2,4,41.7729591,-87.61076829,"['04/24/2023', '03:34:00', 'PM']"
7396feb2b78ef23e7d4050d44ed6df1b270047ee0ef2b981434a8071a68b516e552bd2b09b463f368fa883bad7130cd82586ae02a560d3d8b7ad16e77e2dbf09,2023-04-24 14:40:00,Monday,30,NO CONTROLS,CLEAR,DAYLIGHT,FIXED OBJECT,DRY,INJURY AND / OR TOW DUE TO CRASH,"OVER $1,500","OPERATING VEHICLE IN ERRATIC, RECKLESS, CARELESS, NEGLIGENT OR AGGRESSIVE MANNER",1,INCAPACITATING INJURY,3.0,0.0,2.0,14,2,4,41.70523995,-87.64292903,"['04/24/2023', '02:40:00', 'PM']"
f4111ff5f2eee7dbeb3dc598e926aee1612c181687b009c962ec462b3981dddf5030897816f9307b341161cef7fb1aa3da24db0847f9c0a4689244b8a1166077,2023-04-24 13:56:00,Monday,30,TRAFFIC SIGNAL,RAIN,DAYLIGHT,ANGLE,DRY,INJURY AND / OR TOW DUE TO CRASH,"OVER $1,500",FAILING TO YIELD RIGHT-OF-WAY,2,INCAPACITATING INJURY,3.0,0.0,1.0,13,2,4,41.77172918,-87.69334992,"['04/24/2023', '01:56:00', 'PM']"
74fa0a21cfce33b8fc29ed440d47d8a0163c11a5e5e9a87abcb4292861c8db47d1abbfb8bbf719c5b2b593f96850b052e8ab24c33207f6c3ea7ae8a70f6d9738,2023-04-24 08:25:00,Monday,15,NO CONTROLS,CLEAR,DAYLIGHT,HEAD ON,DRY,INJURY AND / OR TOW DUE TO CRASH,"OVER $1,500",UNABLE TO DETERMINE,2,INCAPACITATING INJURY,1.0,0.0,1.0,8,2,4,41.82298057,-87.67634352,"['04/24/2023', '08:25:00', 'AM']"
7f19e27f103f8cfadb2c7cb4c4ccfbe7a30a963a9df567e0173ece0c68ca899613fc64947f61acd5cbb0f58ecbf4afc3fbc958e0ee85196549da74e829151a72,2023-04-24 04:48:00,Monday,30,NO CONTROLS,CLEAR,"DARKNESS, LIGHTED ROAD",PARKED MOTOR VEHICLE,DRY,INJURY AND / OR TOW DUE TO CRASH,"OVER $1,500",PHYSICAL CONDITION OF DRIVER,2,FATAL,1.0,1.0,0.0,4,2,4,41.97840152,-87.74824191,"['04/24/2023', '04:48:00', 'AM']"
d079d7bdbd29681eabbd2f56ef8897806cc0f3741e756846bf6ea9ee294671282dc38b3153baba8d0b1026244316e473ff908240b77eb0d8e4caed47fac64ec7,2023-04-23 20:36:00,Sunday,30,NO CONTROLS,CLEAR,DARKNESS,ANGLE,DRY,INJURY AND / OR TOW DUE TO CRASH,"OVER $1,500",UNABLE TO DETERMINE,2,INCAPACITATING INJURY,1.0,0.0,1.0,20,1,4,41.90226409,-87.7583947,"['04/23/2023', '08:36:00', 'PM']"
afc189af3c46635c9a2ac2837f3d6af86b8436d43d695d6b659d7ec7c3629aa2cc74cc07a0a67da5df2199a4e186a8e5b054993ddc486a9f727cb68d42495eda,2023-04-23 11:23:00,Sunday,30,STOP SIGN/FLASHER,CLOUDY/OVERCAST,DAYLIGHT,TURNING,DRY,INJURY AND / OR TOW DUE TO CRASH,"OVER $1,500",FAILING TO YIELD RIGHT-OF-WAY,2,INCAPACITATING INJURY,1.0,0.0,1.0,11,1,4,41.74271665,-87.69557089,"['04/23/2023', '11:23:00', 'AM']"
fdb7b1aeae081bd8b39442e7acda85750b24b2779719ed412140b7a9771df8a76d2a58dfc55d6f1ad3553ac0be13c06c3b628e6181c9cd2126b1f1032e11f052,2023-04-23 09:40:00,Sunday,20,NO CONTROLS,CLEAR,DAYLIGHT,SIDESWIPE SAME DIRECTION,DRY,INJURY AND / OR TOW DUE TO CRASH,"OVER $1,500",UNABLE TO DETERMINE,2,INCAPACITATING INJURY,1.0,0.0,1.0,9,1,4,41.90405255,-87.76641945,"['04/23/2023', '09:40:00', 'AM']"
a92d04d7809328beccd61e1ee38dc13497f2c894b808d2bc1b5369e87972a7a7e82da5d9c6e9340a71d2c913f9418fd00dfd7c4594e838b43865d464a5d98982,2023-04-23 03:05:00,Sunday,30,TRAFFIC SIGNAL,CLEAR,"DARKNESS, LIGHTED ROAD",TURNING,DRY,INJURY AND / OR TOW DUE TO CRASH,"OVER $1,500",FAILING TO YIELD RIGHT-OF-WAY,2,INCAPACITATING INJURY,1.0,0.0,1.0,3,1,4,41.75151298,-87.57612577,"['04/23/2023', '03:05:00', 'AM']"
d29d2497685db9eb8a26d9188e92b4b4560ddeea112fc461e5c3da36935d8f86b1aeb891f61b3331844492937beb03f2d7dc7d1a8e6a14add7b09cd15c1db20d,2023-04-22 18:23:00,Saturday,35,NO CONTROLS,CLEAR,DAYLIGHT,ANGLE,DRY,INJURY AND / OR TOW DUE TO CRASH,"OVER $1,500",UNABLE TO DETERMINE,2,INCAPACITATING INJURY,1.0,0.0,1.0,18,7,4,41.69137144,-87.70706131,"['04/22/2023', '06:23:00', 'PM']"
cfd2cf548cb4a2cee706e70cd5476c55f6e24f30b5abf545db6481e79b6b6cdbf3958bc156c34f39dcaae25b3625669a2612cd04e187835d916dca9548e95e8c,2023-04-22 14:10:00,Saturday,30,TRAFFIC SIGNAL,CLOUDY/OVERCAST,DAYLIGHT,TURNING,DRY,INJURY AND / OR TOW DUE TO CRASH,"OVER $1,500",UNABLE TO DETERMINE,2,INCAPACITATING INJURY,1.0,0.0,1.0,14,7,4,41.85294039,-87.62694273,"['04/22/2023', '02:10:00', 'PM']"
233ed7d8e25b8c262c5aa6d7b7359b9ad213db3b11c535cb4a52a47ad89f997156ef927ae7ec5c254f63c49878a016a72dc6379caf3e2dace24185ddf3b9c74c,2023-04-22 13:40:00,Saturday,25,NO CONTROLS,CLEAR,DAYLIGHT,TURNING,DRY,INJURY AND / OR TOW DUE TO CRASH,"OVER $1,500",NOT APPLICABLE,2,INCAPACITATING INJURY,3.0,0.0,1.0,13,7,4,41.92946919,-87.65460557,"['04/22/2023', '01:40:00', 'PM']"
0ac9c9ceeb5b17cf42712be4720713b38ada7f8f205392ab2150c6c21f78c49fa2efc8871c43e3f752e2f4e6544062e4a94b202cfc53f2f371348e46e104ea57,2023-04-22 07:53:00,Saturday,30,NO CONTROLS,CLEAR,DAYLIGHT,PARKED MOTOR VEHICLE,DRY,INJURY AND / OR TOW DUE TO CRASH,"OVER $1,500",UNABLE TO DETERMINE,5,INCAPACITATING INJURY,1.0,0.0,1.0,7,7,4,41.94798984,-87.66873837,"['04/22/2023', '07:53:00', 'AM']"
c57040811bdd62f5f14db5452c77bb82a64cc39c07a84468eee77a54c38544c940e3a31710ddcabbd72882e6927271c657ec72900d77317b5e5945fe1fb47d3b,2023-04-22 00:06:00,Saturday,30,NO CONTROLS,CLEAR,"DARKNESS, LIGHTED ROAD",FIXED OBJECT,DRY,INJURY AND / OR TOW DUE TO CRASH,"OVER $1,500",NOT APPLICABLE,1,INCAPACITATING INJURY,1.0,0.0,1.0,0,7,4,41.66188846,-87.64122912,"['04/22/2023', '12:06:00', 'AM']"
75d383fad4244c1e6bd07b4202243e40db0d1a481b8befabf80113614b19bb194757476eadfa1e06dc5767be3357b7650178b7204828328987dd41c9b669e4c0,2023-04-21 17:34:00,Friday,40,TRAFFIC SIGNAL,CLEAR,DAYLIGHT,REAR END,DRY,INJURY AND / OR TOW DUE TO CRASH,"OVER $1,500",PHYSICAL CONDITION OF DRIVER,6,INCAPACITATING INJURY,6.0,0.0,1.0,17,6,4,41.87831014,-87.6175759,"['04/21/2023', '05:34:00', 'PM']"
cfd48b0b78c79520a6473ecc717383bcae6ad36e0270387751b36c74cdb736283f6bec7aba37a814a5a8385dd2284a7ca105cf2fad4b4f6cb727188aa9194c17,2023-04-21 16:46:00,Friday,30,TRAFFIC SIGNAL,CLEAR,DAYLIGHT,REAR END,DRY,INJURY AND / OR TOW DUE TO CRASH,"OVER $1,500",PHYSICAL CONDITION OF DRIVER,2,INCAPACITATING INJURY,1.0,0.0,1.0,16,6,4,41.70751437,-87.64299736,"['04/21/2023', '04:46:00', 'PM']"
ad3c62fffe271fac857ef9bc6b0500f2c5822e52114cf819901e7478d787601cdb755415111f73fb8675951c4080af3ef4336ab0bce98ba61d38c1e151b5732c,2023-04-21 14:55:00,Friday,30,TRAFFIC SIGNAL,UNKNOWN,UNKNOWN,SIDESWIPE SAME DIRECTION,UNKNOWN,INJURY AND / OR TOW DUE TO CRASH,"OVER $1,500",FAILING TO YIELD RIGHT-OF-WAY,2,INCAPACITATING INJURY,1.0,0.0,1.0,14,6,4,41.8664664,-87.72533922,"['04/21/2023', '02:55:00', 'PM']"
fdbf9a53bab00cd7c7ba44c473f678346c30bb9dc5f16d9f6cee0857d896182fd39159369ba113d9c63ea67d42cf703b19f5471b2a4d471dd68746132e6b598f,2023-04-21 14:03:00,Friday,30,NO CONTROLS,CLEAR,DAYLIGHT,PEDALCYCLIST,DRY,INJURY AND / OR TOW DUE TO CRASH,$500 OR LESS,FAILING TO YIELD RIGHT-OF-WAY,2,INCAPACITATING INJURY,1.0,0.0,1.0,14,6,4,41.71720326,-87.55031357,"['04/21/2023', '02:03:00', 'PM']"
7aa31dc874ec63b8646a43f3b44249a4c899210c40fbd8379d7f79b9b901d991d976abce005a508f42e5796e86dd7a68d1acc8064290f5b9bc6496b2e29ca115,2023-04-20 20:46:00,Thursday,25,TRAFFIC SIGNAL,CLEAR,"DARKNESS, LIGHTED ROAD",PEDALCYCLIST,DRY,INJURY AND / OR TOW DUE TO CRASH,$500 OR LESS,FAILING TO YIELD RIGHT-OF-WAY,2,INCAPACITATING INJURY,1.0,0.0,1.0,20,5,4,41.86597949,-87.74460988,"['04/20/2023', '08:46:00', 'PM']"
d6418d1ed4204decde84416ec2465463036a3384efb132b12daa197a2ce084f1c4e3fde0800809ae0f94571236999be580342e5430a501a14d37878bf9e7e691,2023-04-20 18:42:00,Thursday,30,NO CONTROLS,CLEAR,DAYLIGHT,PEDALCYCLIST,DRY,INJURY AND / OR TOW DUE TO CRASH,$500 OR LESS,FAILING TO REDUCE SPEED TO AVOID CRASH,2,INCAPACITATING INJURY,1.0,0.0,1.0,18,5,4,41.91762026,-87.72672292,"['04/20/2023', '06:42:00', 'PM']"
f1ff0a8c15f934e40958f69a7d3100365bce9d90c0937558e0bc40bfdcbf2341195d989cc3152a534fdac0b00dd13f9301a20faece2d9518a9f7ab80d005b7e2,2023-04-20 17:47:00,Thursday,30,NO CONTROLS,CLEAR,DAYLIGHT,ANGLE,DRY,INJURY AND / OR TOW DUE TO CRASH,"OVER $1,500",DISREGARDING STOP SIGN,2,INCAPACITATING INJURY,1.0,0.0,1.0,17,5,4,41.88243237,-87.75896758,"['04/20/2023', '05:47:00', 'PM']"
407298fab5d578d6ec3f4f1d32a27a93478fd6e5fa5c756c99b7609de5ad3478824a508dcf87b5f192dc22fa02ed0ce0e1daeb9c54a5cb595c9b7d688fe35c00,2023-04-20 17:45:00,Thursday,30,TRAFFIC SIGNAL,UNKNOWN,DAYLIGHT,ANGLE,UNKNOWN,INJURY AND / OR TOW DUE TO CRASH,"OVER $1,500",DISREGARDING TRAFFIC SIGNALS,2,INCAPACITATING INJURY,1.0,0.0,1.0,17,5,4,41.87069818,-87.71958663,"['04/20/2023', '05:45:00', 'PM']"
4ff508900e0e9871f8e5d4a0fbda9f54fe55aee690721ec79688ce96f3b9a7d5816747a6fb63c6213687f5bcbddec0f6ec1930eddfd3d74d8aab34af2b67896c,2023-04-20 16:55:00,Thursday,30,STOP SIGN/FLASHER,CLEAR,DAYLIGHT,PEDESTRIAN,DRY,INJURY AND / OR TOW DUE TO CRASH,"OVER $1,500",CELL PHONE USE OTHER THAN TEXTING,2,INCAPACITATING INJURY,1.0,0.0,1.0,16,5,4,41.94069878,-87.74677096,"['04/20/2023', '04:55:00', 'PM']"
a1408e5fdad66cd5822011ef9e10f536061f14485fc07fcd47716e902145f1d41890979d98820fcd905ea1383dfd2159d7ab7de70e8ea9be869541e03ba49082,2023-04-20 14:49:00,Thursday,30,STOP SIGN/FLASHER,CLOUDY/OVERCAST,DAYLIGHT,ANGLE,DRY,INJURY AND / OR TOW DUE TO CRASH,"OVER $1,500",FAILING TO YIELD RIGHT-OF-WAY,2,INCAPACITATING INJURY,1.0,0.0,1.0,14,5,4,41.93090829,-87.78453249,"['04/20/2023', '02:49:00', 'PM']"
4f9a1ba96cbb97aadcd95554423b49c42d902a932fd0e8a207f3a960763a6530a4d4b4b11507a64d516ad8989575372bc0c34f105406d1918c220e17599c71d2,2023-04-20 13:50:00,Thursday,30,STOP SIGN/FLASHER,CLEAR,DAYLIGHT,HEAD ON,DRY,INJURY AND / OR TOW DUE TO CRASH,"OVER $1,500",DISREGARDING OTHER TRAFFIC SIGNS,3,INCAPACITATING INJURY,3.0,0.0,2.0,13,5,4,41.73496838,-87.7215025,"['04/20/2023', '01:50:00', 'PM']"
cc32da232e9b84d6c1a2ba26235961c980aba407be3fae1d339d044133f68c77ad6d54613a33281ff8509d9165f4b80fd7cd1b41f7a96b701439182e9aaf4145,2023-04-20 12:59:00,Thursday,30,STOP SIGN/FLASHER,CLEAR,DAYLIGHT,PARKED MOTOR VEHICLE,DRY,INJURY AND / OR TOW DUE TO CRASH,"OVER $1,500",FAILING TO REDUCE SPEED TO AVOID CRASH,2,INCAPACITATING INJURY,1.0,0.0,1.0,12,5,4,41.74977333,-87.56857567,"['04/20/2023', '12:59:00', 'PM']"
762a9e5f64cfc43b4b4312d9d6c21f1924fcd16c6089a46f8fcf9153d8480c40ec2fd7a2d6dda799256a6c64b6e4088ae8f9fbbd88f240b153428b5b97c37ac9,2023-04-20 11:09:00,Thursday,40,DELINEATORS,RAIN,DAYLIGHT,TURNING,WET,INJURY AND / OR TOW DUE TO CRASH,"OVER $1,500",DISREGARDING TRAFFIC SIGNALS,2,INCAPACITATING INJURY,2.0,0.0,1.0,11,5,4,41.89680497,-87.61702742,"['04/20/2023', '11:09:00', 'AM']"