CRASH_RECORD_ID,CRASH_DATE,Weekday,POSTED_SPEED_LIMIT,TRAFFIC_CONTROL_DEVICE,WEATHER_CONDITION,LIGHTING_CONDITION,FIRST_CRASH_TYPE,ROADWAY_SURFACE_COND,CRASH_TYPE,DAMAGE,PRIM_CONTRIBUTORY_CAUSE,NUM_UNITS,MOST_SEVERE_INJURY,INJURIES_TOTAL,INJURIES_FATAL,INJURIES_INCAPACITATING,CRASH_HOUR,CRASH_DAY_OF_WEEK,CRASH_MONTH,LATITUDE,LONGITUDE,CRASH_TIME
7002db4b77d49ca183f287366e3b282eca5fab68493d0cbeed78eefa3b2fe99f850020e3e0ff639408e3623f09f690386d0ea5149a287da266fbfbf84e3e92f6,2023-04-01 14:37:00,Saturday,30,NO CONTROLS,CLEAR,DAYLIGHT,REAR END,DRY,INJURY AND / OR TOW DUE TO CRASH,"OVER $1,500",FAILING TO YIELD RIGHT-OF-WAY,2,INCAPACITATING INJURY,2.0,0.0,1.0,14,7,4,41.74078684,-87.58588163,"['04/01/2023', '02:37:00', 'PM']"
d50ee8118d382e32e5d680fae341d073e5e47181871cd13316cda2b3a7d5ea1b51dae1d9d6052eebe35a922b66d79e1b788651c0d284c2059e65b06662f671ed,2023-04-01 02:45:00,Saturday,30,NO CONTROLS,CLEAR,"DARKNESS, LIGHTED ROAD",SIDESWIPE SAME DIRECTION,DRY,INJURY AND / OR TOW DUE TO CRASH,"$501 - $1,500",IMPROPER OVERTAKING/PASSING,3,INCAPACITATING INJURY,1.0,0.0,1.0,2,7,4,41.73657012,-87.60245167,"['04/01/2023', '02:45:00', 'AM']"
d2bf1aeb12ef262839d82975bda88f62159c933e2c1967dd024280ebcbf7798df749fdade4874d01435edc6d0ca5931d8819b7e6c4ee19f6a6bd9edcc81c5704,2023-04-01 00:35:00,Saturday,30,NO CONTROLS,CLEAR,"DARKNESS, LIGHTED ROAD",OTHER OBJECT,DRY,INJURY AND / OR TOW DUE TO CRASH,"OVER $1,500",IMPROPER OVERTAKING/PASSING,1,INCAPACITATING INJURY,2.0,0.0,1.0,0,7,4,41.87622255,-87.76456855,"['04/01/2023', '12:35:00', 'AM']"
8989f51553dd529cbd608d2d87048b992ec89878fda384c843b3f007b1b73a90062cfc3142442017aa963d40d72139af50ec1e946408bf57d24c61ebf08f9b7b,2023-03-31 21:40:00,Friday,30,TRAFFIC SIGNAL,CLOUDY/OVERCAST,"DARKNESS, LIGHTED ROAD",PEDESTRIAN,WET,INJURY AND / OR TOW DUE TO CRASH,"OVER $1,500",UNABLE TO DETERMINE,2,INCAPACITATING INJURY,1.0,0.0,1.0,21,6,3,41.97818309,-87.68909189,"['03/31/2023', '09:40:00', 'PM']"
8df7cd452eea2ca135708ccbf3b1a20cd05cf790ef6488ae09b8d7dc82f2b6b4ee06a14574ab48bb6b83a814dde2251903544148b248a6e75a9de9419c3dab3f,2023-03-31 21:00:00,Friday,30,TRAFFIC SIGNAL,RAIN,DARKNESS,PEDESTRIAN,WET,INJURY AND / OR TOW DUE TO CRASH,"OVER $1,500",NOT APPLICABLE,2,INCAPACITATING INJURY,1.0,0.0,1.0,21,6,3,41.92434704,-87.74642764,"['03/31/2023', '09:00:00', 'PM']"
246bb0fc732658ae61e278c6bb8c08cf01722cd589199fc8e9f7bec8cbe04d54789607d748eed925b7db29c817cc24ab71a8ef372829f4134bd20b1c6794d038,2023-03-31 19:00:00,Friday,30,TRAFFIC SIGNAL,RAIN,DAYLIGHT,PEDESTRIAN,WET,INJURY AND / OR TOW DUE TO CRASH,$500 OR LESS,UNABLE TO DETERMINE,2,INCAPACITATING INJURY,1.0,0.0,1.0,19,6,3,41.97562556,-87.72808901,"['03/31/2023', '07:00:00', 'PM']"
4074c0c7f216828c828c58a57ca8b0d4b50455a4d7dc14a40402f8944f79a364cf7ad71e5adbf17ebf46b6b25829c7d517296cbedc794d4f96a9dac8e8ad6aca,2023-03-31 18:19:00,Friday,30,TRAFFIC SIGNAL,RAIN,DAYLIGHT,TURNING,WET,INJURY AND / OR TOW DUE TO CRASH,"OVER $1,500",FAILING TO YIELD RIGHT-OF-WAY,2,INCAPACITATING INJURY,3.0,0.0,2.0,18,6,3,41.85198384,-87.6857857,"['03/31/2023', '06:19:00', 'PM']"
91236d194779670ce88c1be77cfc8e93daea647cfabc549cafa7d03741d26d45d738c912453079c8a4c240bcaa134b00209f6b3f1cb1e06a1ce6edf8acec8219,2023-03-31 08:40:00,Friday,30,NO CONTROLS,RAIN,DAYLIGHT,PEDESTRIAN,WET,INJURY AND / OR TOW DUE TO CRASH,"OVER $1,500",RELATED TO BUS STOP,2,INCAPACITATING INJURY,1.0,0.0,1.0,8,6,3,41.83896285,-87.70501791,"['03/31/2023', '08:40:00', 'AM']"
eb1a45366edc4503e9466ecd02a56ea07dde44dd432a17f7d760f335e60518548b3e1feedf8a2bb68f2f1eb8ed420745dfe8b0f172e44009a66d80f12da44581,2023-03-31 07:25:00,Friday,30,STOP SIGN/FLASHER,RAIN,DAYLIGHT,ANGLE,WET,INJURY AND / OR TOW DUE TO CRASH,"OVER $1,500",DRIVING SKILLS/KNOWLEDGE/EXPERIENCE,2,INCAPACITATING INJURY,1.0,0.0,1.0,7,6,3,41.99365485,-87.78454109,"['03/31/2023', '07:25:00', 'AM']"
6b4774bda84ccba3add82b99ee62d1cd4dcf4360a480985bed9d7e25791e6bc2cfe8d95eae595d014917766ebcf1ca6cebdf17febb79abbb1c5b1075199667cd,2023-03-31 04:58:00,Friday,30,STOP SIGN/FLASHER,RAIN,"DARKNESS, LIGHTED ROAD",HEAD ON,WET,INJURY AND / OR TOW DUE TO CRASH,"OVER $1,500",IMPROPER LANE USAGE,2,INCAPACITATING INJURY,2.0,0.0,1.0,4,6,3,41.76854962,-87.60580966,"['03/31/2023', '04:58:00', 'AM']"
34b8fc736dd9ca3f89d531d66cd39db848a3f85a5c7573dc81ac73d937cad8d41b951b2efcc57c9025f46c0d9478773ab7f68e3fa9f4e84b615042b7f2759472,2023-03-30 15:30:00,Thursday,30,NO CONTROLS,CLEAR,DAYLIGHT,FIXED OBJECT,DRY,INJURY AND / OR TOW DUE TO CRASH,"OVER $1,500",PHYSICAL CONDITION OF DRIVER,1,INCAPACITATING INJURY,1.0,0.0,1.0,15,5,3,41.72119388,-87.65577682,"['03/30/2023', '03:30:00', 'PM']"
86a5277956cd47b8ca42c60400100ff2b0c3527c36601da8fa2d02c32356fe6fb3ec0a3fae2543a9c5043a8cbfb792882ad4bf15f1ad340dc95cd5128576c69b,2023-03-30 13:45:00,Thursday,30,TRAFFIC SIGNAL,CLEAR,DAYLIGHT,TURNING,DRY,INJURY AND / OR TOW DUE TO CRASH,"OVER $1,500",IMPROPER TURNING/NO SIGNAL,2,INCAPACITATING INJURY,1.0,0.0,1.0,13,5,3,41.87558418,-87.62565921,"['03/30/2023', '01:45:00', 'PM']"
2452fcc674f37b29b2e2bf170c2573ed44d69d17a46f064d3db373b888435c9b9b586b22a5cc898238b469650733d32cbf49fd52876306f58d62b815dcb85461,2023-03-30 13:30:00,Thursday,35,NO CONTROLS,CLEAR,DAYLIGHT,PEDESTRIAN,DRY,INJURY AND / OR TOW DUE TO CRASH,"$501 - $1,500",UNABLE TO DETERMINE,3,INCAPACITATING INJURY,2.0,0.0,2.0,13,5,3,41.68498417,-87.64133159,"['03/30/2023', '01:30:00', 'PM']"
88fe83148e4f361d4ec9da429600bdda722c908092c87913006fd95a02ee801c9750a33cec914089d8acafe01240e91753abca859a00c3fa28339ed0618807ee,2023-03-30 09:15:00,Thursday,30,NO CONTROLS,CLEAR,DAYLIGHT,PEDESTRIAN,DRY,INJURY AND / OR TOW DUE TO CRASH,$500 OR LESS,UNABLE TO DETERMINE,2,INCAPACITATING INJURY,1.0,0.0,1.0,9,5,3,41.77902177,-87.70688981,"['03/30/2023', '09:15:00', 'AM']"
48240a9aa22dae7fa2f3be3d60870b243b6a6f4d125e0d7e94955d930f7ca80777f443df6aaf3153f5b3a61c858bd2605412a16a12e77efb990837a6bb05a29c,2023-03-30 07:00:00,Thursday,30,STOP SIGN/FLASHER,CLEAR,DAYLIGHT,ANGLE,DRY,INJURY AND / OR TOW DUE TO CRASH,"OVER $1,500",UNABLE TO DETERMINE,2,INCAPACITATING INJURY,2.0,0.0,1.0,7,5,3,41.72602285,-87.57559028,"['03/30/2023', '07:00:00', 'AM']"
e0c25b6083d65820a9f2033f9c3b36f43504239d11139e870418626044a4ea8901d3eaeedf78ec4f84232e6fb80b562a4317aaecf338b13034a6e868efb117cf,2023-03-30 06:31:00,Thursday,30,NO CONTROLS,CLEAR,DAWN,PEDESTRIAN,DRY,INJURY AND / OR TOW DUE TO CRASH,$500 OR LESS,UNABLE TO DETERMINE,2,INCAPACITATING INJURY,1.0,0.0,1.0,6,5,3,41.88646241,-87.65903346,"['03/30/2023', '06:31:00', 'AM']"
2e8464da8ab51438d9174da9b648f184ed5e48ec6ac5a588cb1156d58d37cc8a469c87fe24c630cbdd08ee82095dcd7fc4842e47df4c1c5c8b5b94ddf030692b,2023-03-30 06:29:00,Thursday,30,STOP SIGN/FLASHER,CLEAR,DAYLIGHT,ANGLE,DRY,INJURY AND / OR TOW DUE TO CRASH,"OVER $1,500",FAILING TO YIELD RIGHT-OF-WAY,2,INCAPACITATING INJURY,1.0,0.0,1.0,6,5,3,41.87587602,-87.64085057,"['03/30/2023', '06:29:00', 'AM']"
5415eb8c06d531b3b4e0c34fa7f7a67d7502dec498dd9180bd34bf9c594dbed7a67a6f4d12f30ff238462d2ad529c648f2e2a9de5dd2d36a6c235def80dc3ec8,2023-03-29 21:15:00,Wednesday,35,NO CONTROLS,CLEAR,"DARKNESS, LIGHTED ROAD",HEAD ON,DRY,INJURY AND / OR TOW DUE TO CRASH,"OVER $1,500",DRIVING ON WRONG SIDE/WRONG WAY,4,FATAL,6.0,1.0,2.0,21,4,3,41.74261839,-87.71237009,"['03/29/2023', '09:15:00', 'PM']"
bd637f1af9758a68090c9c07b2df29cf73339fa48ad5e56db66e975982ae0b10785c95cb1d0c03e4979d1f973a83a292b05eab1d453d4af2d84362ed0ea877da,2023-03-29 19:40:00,Wednesday,30,TRAFFIC SIGNAL,CLEAR,"DARKNESS, LIGHTED ROAD",HEAD ON,DRY,INJURY AND / OR TOW DUE TO CRASH,"OVER $1,500",IMPROPER LANE USAGE,2,INCAPACITATING INJURY,2.0,0.0,1.0,19,4,3,41.83480798,-87.64634873,"['03/29/2023', '07:40:00', 'PM']"
b672028bbe088ef81271036f62d9e1ec4ed926dbd1f9034ba94a860964a80c3cb537672a32a8d865b037049c212e575c444bd1c46081f9b5b9960d37d43307e1,2023-03-29 16:48:00,Wednesday,30,TRAFFIC SIGNAL,CLEAR,DAYLIGHT,PEDESTRIAN,DRY,INJURY AND / OR TOW DUE TO CRASH,"OVER $1,500",UNABLE TO DETERMINE,2,INCAPACITATING INJURY,2.0,0.0,2.0,16,4,3,41.85368771,-87.69565175,"['03/29/2023', '04:48:00', 'PM']"
ad796560e29d71b72af0f92b6eff98c273b40f29b7d6e3184c1371c47cb2ce76ac0d510906b3864c77a167713725a8c35a9477d62a9cf17016e91377cf20d152,2023-03-29 15:10:00,Wednesday,30,TRAFFIC SIGNAL,CLEAR,DAYLIGHT,TURNING,DRY,INJURY AND / OR TOW DUE TO CRASH,"OVER $1,500",FAILING TO YIELD RIGHT-OF-WAY,2,INCAPACITATING INJURY,1.0,0.0,1.0,15,4,3,41.8690575,-87.63062288,"['03/29/2023', '03:10:00', 'PM']"
cfd870c952f4570240ecbc3e5ca2c64ac5356ea29012342256537d6e38a447d76f3c399500e3b24e3b34fbff52a1756c29586d8e249978df390d5e115b241019,2023-03-29 05:00:00,Wednesday,30,TRAFFIC SIGNAL,CLEAR,DARKNESS,PEDESTRIAN,DRY,INJURY AND / OR TOW DUE TO CRASH,"OVER $1,500",FAILING TO REDUCE SPEED TO AVOID CRASH,2,FATAL,1.0,1.0,0.0,5,4,3,41.91697333,-87.74626022,"['03/29/2023', '05:00:00', 'AM']"
9a52297c8c335c4bdadfa0115680abf9a1eeafcad56d92c76b1063e7382f2800b2d25bc9b03ba926c00f58cdf555583d607389ea7c7052eaac931a4a65ed39ca,2023-03-28 16:10:00,Tuesday,30,TRAFFIC SIGNAL,CLEAR,DAYLIGHT,REAR END,DRY,INJURY AND / OR TOW DUE TO CRASH,$500 OR LESS,FOLLOWING TOO CLOSELY,2,INCAPACITATING INJURY,1.0,0.0,1.0,16,3,3,41.86918854,-87.68088995,"['03/28/2023', '04:10:00', 'PM']"
d6086a49cd794973924d2c013baa205592e064236d0a841b71ec8eedda6e5e4895cd90759070e8f738060518711c21efd4216a8b6151cebc845039a30eb419a4,2023-03-28 13:10:00,Tuesday,30,NO CONTROLS,CLEAR,DAYLIGHT,SIDESWIPE SAME DIRECTION,DRY,INJURY AND / OR TOW DUE TO CRASH,"OVER $1,500",IMPROPER OVERTAKING/PASSING,2,INCAPACITATING INJURY,1.0,0.0,1.0,13,3,3,41.8806403,-87.74244642,"['03/28/2023', '01:10:00', 'PM']"
408643d3b2ff34539aca159887037620f5cc7bb0cb3af4ac45ed2ff7317b9323ec5b096fd0b5f0c17becfc926841227c5458cc838d1e1281eaae032908556577,2023-03-27 16:14:00,Monday,30,TRAFFIC SIGNAL,CLEAR,DAYLIGHT,PEDESTRIAN,DRY,INJURY AND / OR TOW DUE TO CRASH,"OVER $1,500",FAILING TO YIELD RIGHT-OF-WAY,2,INCAPACITATING INJURY,1.0,0.0,1.0,16,2,3,41.7624914,-87.57636752,"['03/27/2023', '04:14:00', 'PM']"
51843a07a863a7f10e55b0fc9e7c81284beb482f6fb28ad2598c072edb2444fca0872eb8366f6d1d23f554e113176295c7bdcedecd5900d0b3225ea5f4289c66,2023-03-27 16:10:00,Monday,35,TRAFFIC SIGNAL,CLEAR,DAYLIGHT,PEDESTRIAN,DRY,INJURY AND / OR TOW DUE TO CRASH,"OVER $1,500",UNABLE TO DETERMINE,2,INCAPACITATING INJURY,1.0,0.0,1.0,16,2,3,41.6953463,-87.68141536,"['03/27/2023', '04:10:00', 'PM']"
97587b4c24b0070f06eb71016d4b579edb5a2feddf09de7e3fa008f88a39b44baa53ef4daaa85cb82bae175956bbb403c9a35160ea394e584c6dceae8489ea8a,2023-03-27 16:00:00,Monday,30,NO CONTROLS,CLEAR,DAYLIGHT,REAR TO SIDE,DRY,INJURY AND / OR TOW DUE TO CRASH,"OVER $1,500",FAILING TO YIELD RIGHT-OF-WAY,3,INCAPACITATING INJURY,1.0,0.0,1.0,16,2,3,41.96826704,-87.73549835,"['03/27/2023', '04:00:00', 'PM']"
5ba29f5e4a27672bb21a39f4ac9983efa8201a3414c65d3f0d3255b34b4e91a492fbbd72d020cbc16d51d416aa0a268a0470a463b7764c38210dfa0e33bf2f76,2023-03-27 15:04:00,Monday,30,TRAFFIC SIGNAL,CLEAR,DAYLIGHT,ANGLE,DRY,INJURY AND / OR TOW DUE TO CRASH,"OVER $1,500","OPERATING VEHICLE IN ERRATIC, RECKLESS, CARELESS, NEGLIGENT OR AGGRESSIVE MANNER",3,INCAPACITATING INJURY,4.0,0.0,2.0,15,2,3,41.73616354,-87.64502277,"['03/27/2023', '03:04:00', 'PM']"
b77e0ac802400cbfbdbe1394cd33f05ef6c7a9df6b78a458661a3624d70d3303cc5f05ba3d86751a3ffe06e9a830d8aef1c8d3ff42cb57530901a9399692aae3,2023-03-26 21:16:00,Sunday,30,NO CONTROLS,CLEAR,"DARKNESS, LIGHTED ROAD",TURNING,DRY,INJURY AND / OR TOW DUE TO CRASH,"OVER $1,500",FAILING TO YIELD RIGHT-OF-WAY,2,FATAL,3.0,1.0,2.0,21,1,3,41.65912962,-87.6035523,"['03/26/2023', '09:16:00', 'PM']"
201a0f4bb2cbf1ceaa0bbb828fe7aa3429245c0784313db4408c7926c6635c7680c35b7ca9069ec14e9511a217d400b2f0dd58927dba2d914cc13bf2eda3764a,2023-03-25 21:09:00,Saturday,25,NO CONTROLS,CLEAR,"DARKNESS, LIGHTED ROAD",PARKED MOTOR VEHICLE,DRY,INJURY AND / OR TOW DUE TO CRASH,"OVER $1,500",DRIVING ON WRONG SIDE/WRONG WAY,2,INCAPACITATING INJURY,1.0,0.0,1.0,21,7,3,41.69350198,-87.71907199,"['03/25/2023', '09:09:00', 'PM']"
f55b5711522f846ba71c45a072ee87c92c3ba9bedf08e07b7a75a98deefd4c0ab61334f572fd46ef7d03cb7eadcc25dd4aaca6960b121c91769bb9dbed2ebe57,2023-03-25 20:11:00,Saturday,30,NO CONTROLS,CLEAR,DAYLIGHT,TURNING,DRY,INJURY AND / OR TOW DUE TO CRASH,"OVER $1,500",IMPROPER TURNING/NO SIGNAL,2,INCAPACITATING INJURY,1.0,0.0,1.0,20,7,3,41.90904012,-87.80262196,"['03/25/2023', '08:11:00', 'PM']"
1ac82cef9c6edeedd179414c82ab1cea71bafea373cfbbeae42790c3d45321438ee0e3d85af798b1348d4a2dcd18207e92e60f2ad952ee8c0905517fbc7f9d3e,2023-03-25 19:52:00,Saturday,30,TRAFFIC SIGNAL,CLEAR,"DARKNESS, LIGHTED ROAD",PEDESTRIAN,DRY,INJURY AND / OR TOW DUE TO CRASH,"OVER $1,500",UNABLE TO DETERMINE,2,INCAPACITATING INJURY,1.0,0.0,1.0,19,7,3,41.92039762,-87.77534136,"['03/25/2023', '07:52:00', 'PM']"
0da277fb5085f83ce55d9fd13a2dd5babc2e5f56b8969f64f2c7c505693ed102315a2954262a4ef0ab3f13ea589cecc339794a8faef3f192e7e60c969efa86ef,2023-03-25 18:45:00,Saturday,30,TRAFFIC SIGNAL,CLEAR,DAYLIGHT,TURNING,DRY,INJURY AND / OR TOW DUE TO CRASH,"$501 - $1,500",UNABLE TO DETERMINE,2,INCAPACITATING INJURY,2.0,0.0,1.0,18,7,3,41.93615701,-87.66865452,"['03/25/2023', '06:45:00', 'PM']"
2265da070473f144679362535bfcf79d6681243b8d7794c6a617b5fb72b7b849ed6915f0992e7bee1e8df73aae1af4798af655576f0692305b7808538d0309d6,2023-03-25 13:30:00,Saturday,35,NO CONTROLS,SNOW,DAYLIGHT,TURNING,WET,INJURY AND / OR TOW DUE TO CRASH,"OVER $1,500",IMPROPER TURNING/NO SIGNAL,2,INCAPACITATING INJURY,1.0,0.0,1.0,13,7,3,41.76278384,-87.68333691,"['03/25/2023', '01:30:00', 'PM']"
5903f611ea4fa01e759fbb7bda7ccd5ee3c46a683f3a18e73f4a0d5094cd1b350236e3ae1c850f4e588a4498fc71c207674bc33f8fa1acbe7c113f08eb706299,2023-03-25 12:17:00,Saturday,30,NO CONTROLS,RAIN,DAYLIGHT,FIXED OBJECT,WET,INJURY AND / OR TOW DUE TO CRASH,"OVER $1,500",UNABLE TO DETERMINE,1,INCAPACITATING INJURY,1.0,0.0,1.0,12,7,3,41.82685148,-87.68507784,"['03/25/2023', '12:17:00', 'PM']"
86cb68b64af024d34dfa82ee2bba5703cc0e62608bc68d5e4c85c708b97a3c998049b068946d2b44e8911859d096f3397d302818ad6fa28464ef73a4dd8549be,2023-03-25 07:13:00,Saturday,40,NO CONTROLS,RAIN,DAYLIGHT,REAR END,WET,INJURY AND / OR TOW DUE TO CRASH,"OVER $1,500",FAILING TO REDUCE SPEED TO AVOID CRASH,2,FATAL,1.0,1.0,0.0,7,7,3,41.96104836,-87.64649795,"['03/25/2023', '07:13:00', 'AM']"
f41c143dab303db4c4df339fb5271174a895285e7394d30950901adc1c82de4a498208ee6d56589c5e7e99b5a5779521037481b4288aa191445cafcd2d88e596,2023-03-25 05:29:00,Saturday,30,NO CONTROLS,RAIN,"DARKNESS, LIGHTED ROAD",PEDESTRIAN,WET,INJURY AND / OR TOW DUE TO CRASH,$500 OR LESS,UNABLE TO DETERMINE,2,INCAPACITATING INJURY,1.0,0.0,1.0,5,7,3,41.88018741,-87.76094182,"['03/25/2023', '05:29:00', 'AM']"
bf63a26061664ec8a6bc39a628250dc6952c3193d4fd0dda92aa8b8cef1327df153edc81cf2efad3bc19a4b750dd834bfa2da171158efeaf0d4e6530e0a1e5e9,2023-03-25 02:40:00,Saturday,25,NO CONTROLS,RAIN,"DARKNESS, LIGHTED ROAD",ANGLE,WET,INJURY AND / OR TOW DUE TO CRASH,"OVER $1,500",WEATHER,7,INCAPACITATING INJURY,1.0,0.0,1.0,2,7,3,41.79124163,-87.72937756,"['03/25/2023', '02:40:00', 'AM']"
7ddaf56bf4adcf6b499c5f97c8402b342e3e2b7e78ac66fedf96cc02063cebded0abc50091628f1586cd023b8c16d7772d0ae1511bcfd26e70e6fcc391f15939,2023-03-25 01:06:00,Saturday,30,STOP SIGN/FLASHER,RAIN,"DARKNESS, LIGHTED ROAD",PEDESTRIAN,WET,INJURY AND / OR TOW DUE TO CRASH,"OVER $1,500",DISREGARDING STOP SIGN,2,FATAL,1.0,1.0,0.0,1,7,3,41.88302231,-87.64818388,"['03/25/2023', '01:06:00', 'AM']"
6c367fe0cb9aecaf2199c06db3818c60d254292a0a2907c640ef985190c6f708a21e50fb7ca7b661aede766b6d8e3ac0c1ea7d9f31307cdf58c9a040586df0db,2023-03-24 21:25:00,Friday,35,TRAFFIC SIGNAL,CLEAR,"DARKNESS, LIGHTED ROAD",TURNING,DRY,INJURY AND / OR TOW DUE TO CRASH,"OVER $1,500",FAILING TO YIELD RIGHT-OF-WAY,2,INCAPACITATING INJURY,2.0,0.0,2.0,21,6,3,41.99072922,-87.68297945,"['03/24/2023', '09:25:00', 'PM']"
2e600980baf4663fb674cae1f5961687e9f5f0cd028a07dc22088d9921adac629bffad0baf06829e842d2799bf60a4a401de27b5539f92878ae723a95b287c48,2023-03-24 18:00:00,Friday,30,NO CONTROLS,CLEAR,DAYLIGHT,PARKED MOTOR VEHICLE,DRY,INJURY AND / OR TOW DUE TO CRASH,"OVER $1,500",UNABLE TO DETERMINE,2,INCAPACITATING INJURY,1.0,0.0,1.0,18,6,3,41.74284395,-87.68777044,"['03/24/2023', '06:00:00', 'PM']"
84e6811de48f2e9ab92ae2ac43c35e2731e1866ece74604fdd0ab4f474d9390dfa659b588300e6f10bd82390cfff0206a3798394a2b22d8b67883f9983e0aaa6,2023-03-24 17:12:00,Friday,30,TRAFFIC SIGNAL,CLEAR,DAYLIGHT,PEDESTRIAN,DRY,INJURY AND / OR TOW DUE TO CRASH,"OVER $1,500",UNABLE TO DETERMINE,2,INCAPACITATING INJURY,1.0,0.0,1.0,17,6,3,41.75599579,-87.64432824,"['03/24/2023', '05:12:00', 'PM']"
5e40986e3ff894b4c94e1d8ae224620e7a34695a506ed4f1a0360de02513860dc77fc78c8f4cdad953d824c15a29cdd2dce8dab7a00df9f09727e052f481f139,2023-03-24 17:12:00,Friday,30,NO CONTROLS,CLEAR,DAYLIGHT,PEDESTRIAN,DRY,INJURY AND / OR TOW DUE TO CRASH,$500 OR LESS,UNABLE TO DETERMINE,2,INCAPACITATING INJURY,1.0,0.0,1.0,17,6,3,41.78614646,-87.66452754,"['03/24/2023', '05:12:00', 'PM']"
d25f3d5636d5e3dd74135ffbd5caeb1eabccb228720e4ea3edf2e779e9f65a22b861295f9e0b5cc1436dd63f92dd7f76a1b8f220c7c6dfbaeab30a19c98112cb,2023-03-24 16:55:00,Friday,35,NO CONTROLS,CLEAR,DAYLIGHT,PARKED MOTOR VEHICLE,DRY,INJURY AND / OR TOW DUE TO CRASH,"OVER $1,500",IMPROPER OVERTAKING/PASSING,5,INCAPACITATING INJURY,2.0,0.0,1.0,16,6,3,41.7408042,-87.6055541,"['03/24/2023', '04:55:00', 'PM']"
132429cad427e457abeacc17cdaf30c413c5335d8b733a8603ba5bb5abd26ecb544d16eb0fb1f8223dcc1e7bf98cdbead27c2d77c0381682e8454648fef2a034,2023-03-23 19:00:00,Thursday,35,TRAFFIC SIGNAL,CLEAR,DUSK,PEDESTRIAN,DRY,INJURY AND / OR TOW DUE TO CRASH,"$501 - $1,500",UNABLE TO DETERMINE,2,INCAPACITATING INJURY,1.0,0.0,1.0,19,5,3,41.75121158,-87.61583019,"['03/23/2023', '07:00:00', 'PM']"
8599c4135ba8d6dd5d8c916569ef521abc72122410c8b277464e8a0b025c8bdb7b885cbf02b1502a05214d6c0b8e9c5b50e98171f26f983a07091ab42774864e,2023-03-23 16:43:00,Thursday,35,NO CONTROLS,CLEAR,DAYLIGHT,ANIMAL,DRY,INJURY AND / OR TOW DUE TO CRASH,"OVER $1,500",ANIMAL,2,INCAPACITATING INJURY,1.0,0.0,1.0,16,5,3,41.99754676,-87.77739895,"['03/23/2023', '04:43:00', 'PM']"
85879f3b41920263c08cf0d780b519900fbc200a804218526f145b4852a37e5e8e6c4ada42eaaf4891652ce1acd29bcbcf6475fb01352f432e4b78b75f7216b3,2023-03-23 06:09:00,Thursday,30,TRAFFIC SIGNAL,RAIN,DAWN,ANGLE,WET,INJURY AND / OR TOW DUE TO CRASH,"OVER $1,500",DISREGARDING OTHER TRAFFIC SIGNS,3,INCAPACITATING INJURY,1.0,0.0,1.0,6,5,3,41.92523453,-87.66923254,"['03/23/2023', '06:09:00', 'AM']"
91b40ff6ca1ae6e05192e598ca4a5cc9cb67e5625903a6f246efdf324230497b3709689ee89711a78a1335687f84df6de71f6da2e4a01d4a33a5ddfd9a4b91f0,2023-03-23 01:03:00,Thursday,30,TRAFFIC SIGNAL,RAIN,"DARKNESS, LIGHTED ROAD",TURNING,WET,INJURY AND / OR TOW DUE TO CRASH,"OVER $1,500",FAILING TO YIELD RIGHT-OF-WAY,2,INCAPACITATING INJURY,1.0,0.0,1.0,1,5,3,41.88194948,-87.7209688,"['03/23/2023', '01:03:00', 'AM']"
a3660ac5914c5b950914cc1ff1ae72b6abad827a289dba64b5de83de89002fb5944873075cb1666a5590f71be91da4d5c1d0e656e68a9a7f9d5b9af43410c66d,2023-03-22 22:15:00,Wednesday,30,TRAFFIC SIGNAL,RAIN,"DARKNESS, LIGHTED ROAD",PEDESTRIAN,WET,INJURY AND / OR TOW DUE TO CRASH,$500 OR LESS,IMPROPER TURNING/NO SIGNAL,2,INCAPACITATING INJURY,1.0,0.0,1.0,22,4,3,41.89823436,-87.62696614,"['03/22/2023', '10:15:00', 'PM']"
4fcd8449c18e006ab4670dfec2a347f1872eb0983a214cd5233b4636204f67f2bfc3f9549ba68c48cc39b86dd19a69569b9e019f57b9940f673ff2f0867a3ab2,2023-03-22 13:29:00,Wednesday,30,NO CONTROLS,CLEAR,DAYLIGHT,PARKED MOTOR VEHICLE,UNKNOWN,INJURY AND / OR TOW DUE TO CRASH,"OVER $1,500",UNABLE TO DETERMINE,4,FATAL,1.0,1.0,0.0,13,4,3,41.80902678,-87.60793678,"['03/22/2023', '01:29:00', 'PM']"
9094d7be51e8f4ceb118675736d2108cb41a3f43e6297e66e0f7aac3f21847501faf0cef883d765b7e0750572071ad3c9091fdddd17eee2ec180d64fec88e11e,2023-03-22 06:20:00,Wednesday,30,NO CONTROLS,CLEAR,DAWN,REAR END,DRY,INJURY AND / OR TOW DUE TO CRASH,"OVER $1,500",FOLLOWING TOO CLOSELY,2,INCAPACITATING INJURY,1.0,0.0,1.0,6,4,3,41.79099433,-87.76209692,"['03/22/2023', '06:20:00', 'AM']"
7e2271c9743144b2d674081b68e620ea5e1bde15cfc1010bf77ce89746d2ea41bad57a030385822d3f82822577d5bf222f40f726708f8b3d832fb80689a4fd43,2023-03-22 00:05:00,Wednesday,35,NO CONTROLS,CLEAR,"DARKNESS, LIGHTED ROAD",FIXED OBJECT,DRY,INJURY AND / OR TOW DUE TO CRASH,"OVER $1,500",UNABLE TO DETERMINE,1,INCAPACITATING INJURY,3.0,0.0,2.0,0,4,3,41.92498053,-87.76587956,"['03/22/2023', '12:05:00', 'AM']"