CRASH_RECORD_ID,CRASH_DATE,Weekday,POSTED_SPEED_LIMIT,TRAFFIC_CONTROL_DEVICE,WEATHER_CONDITION,LIGHTING_CONDITION,FIRST_CRASH_TYPE,ROADWAY_SURFACE_COND,CRASH_TYPE,DAMAGE,PRIM_CONTRIBUTORY_CAUSE,NUM_UNITS,MOST_SEVERE_INJURY,INJURIES_TOTAL,INJURIES_FATAL,INJURIES_INCAPACITATING,CRASH_HOUR,CRASH_DAY_OF_WEEK,CRASH_MONTH,LATITUDE,LONGITUDE,CRASH_TIME
30c853bad9d726c4463fe422e9c02f4e94a3e03e11847efcc58d142e10c26d50191ff11bec5b824dcf9909b8d5ac88063de4ead87481f8d10bf4a747ad9f0a41,2023-02-26 12:40:00,Sunday,30,TRAFFIC SIGNAL,CLEAR,DAYLIGHT,ANGLE,DRY,INJURY AND / OR TOW DUE TO CRASH,"OVER $1,500",UNABLE TO DETERMINE,2,INCAPACITATING INJURY,1.0,0.0,1.0,12,1,2,41.75481094,-87.589967,"['02/26/2023', '12:40:00', 'PM']"
9a498567f36edc9bed3f34d6bf74466a33ae5f27daa1cba80e211abff22c1ae444dac7078f7474e88d63b58cc3439bf94ee7ae02dccd3494ac1676c0dcd7fd3c,2023-02-25 23:54:00,Saturday,30,STOP SIGN/FLASHER,CLEAR,"DARKNESS, LIGHTED ROAD",PEDESTRIAN,DRY,INJURY AND / OR TOW DUE TO CRASH,"OVER $1,500",UNABLE TO DETERMINE,2,INCAPACITATING INJURY,1.0,0.0,1.0,23,7,2,41.70725776,-87.6114734,"['02/25/2023', '11:54:00', 'PM']"
8a5ace142b570e59f8e52f30fd7a0c345ed13cf650a2821e2651265302082b94cd86b9b952d29063b903a67fbb869706b6d1a092e3820fe35dfca0cfcfe2e495,2023-02-25 23:06:00,Saturday,30,TRAFFIC SIGNAL,CLEAR,"DARKNESS, LIGHTED ROAD",ANGLE,DRY,INJURY AND / OR TOW DUE TO CRASH,"OVER $1,500",DISREGARDING TRAFFIC SIGNALS,2,INCAPACITATING INJURY,1.0,0.0,1.0,23,7,2,41.88157203,-87.66600259,"['02/25/2023', '11:06:00', 'PM']"
9e5b2da7c8a4b74ebe0f01fdde598411238e8cc47154c22dfd7dcf90da1ef3fc79fc850fc5e9d07bc6539c2093d19a1b3d195229817dce1421e319a2278cddda,2023-02-25 22:05:00,Saturday,30,NO CONTROLS,CLEAR,"DARKNESS, LIGHTED ROAD",PARKED MOTOR VEHICLE,DRY,INJURY AND / OR TOW DUE TO CRASH,"OVER $1,500",UNABLE TO DETERMINE,3,INCAPACITATING INJURY,1.0,0.0,1.0,22,7,2,41.6552581,-87.61741167,"['02/25/2023', '10:05:00', 'PM']"
a21ebd8b78a04f56864a668f1f512f08bf296d9d3687e1147314e83bcaf923157458fb181eee648239879b9d8432dc66d1651cb9e6f79dbbdf9453affe759bc2,2023-02-25 19:10:00,Saturday,30,NO CONTROLS,CLEAR,DARKNESS,TURNING,DRY,INJURY AND / OR TOW DUE TO CRASH,"OVER $1,500",IMPROPER TURNING/NO SIGNAL,2,INCAPACITATING INJURY,1.0,0.0,1.0,19,7,2,41.78009149,-87.6305274,"['02/25/2023', '07:10:00', 'PM']"
510b25a5dd38c63896d07f4059b1543c98fc7ef09bda7a43950fd70304026db7dbc688398790752f87a2a358eb33a8036361d6610d1c367bdc83b9d29c493f60,2023-02-25 19:05:00,Saturday,30,NO CONTROLS,CLEAR,"DARKNESS, LIGHTED ROAD",PARKED MOTOR VEHICLE,DRY,INJURY AND / OR TOW DUE TO CRASH,"OVER $1,500",UNABLE TO DETERMINE,2,INCAPACITATING INJURY,1.0,0.0,1.0,19,7,2,41.94796901,-87.72729882,"['02/25/2023', '07:05:00', 'PM']"
b42ef13d416df51ed20183116a84eadfab3960b491277eb1a1bc6237e37ce0eab0816e79bc981cffbedda09e6d55b56217508438d1122a4c56d6c1b7fa1a651b,2023-02-25 15:35:00,Saturday,20,TRAFFIC SIGNAL,CLEAR,DAYLIGHT,TURNING,DRY,INJURY AND / OR TOW DUE TO CRASH,"OVER $1,500",UNABLE TO DETERMINE,2,INCAPACITATING INJURY,1.0,0.0,1.0,15,7,2,41.99727847,-87.70940736,"['02/25/2023', '03:35:00', 'PM']"
bb29bbe227bcdd3c353ce0a864b5e43ba308cbf307ce059acf95e9738ee8e5ffb96ace76ad1b35b127d622449cda8d4b6d236bf791f910af7929847ffee5e33f,2023-02-25 15:15:00,Saturday,20,STOP SIGN/FLASHER,CLEAR,DAYLIGHT,PEDESTRIAN,DRY,INJURY AND / OR TOW DUE TO CRASH,"OVER $1,500",FAILING TO YIELD RIGHT-OF-WAY,2,INCAPACITATING INJURY,1.0,0.0,1.0,15,7,2,41.96718655,-87.66716017,"['02/25/2023', '03:15:00', 'PM']"
5bc3d278ec09dde2c15055acd134b21ca15fca2fd8b7180bad5faeb12597de63beb2789ee0296b3cfda4a3476f45e15455158bfbe3ccddf432169cd6351887b4,2023-02-25 02:30:00,Saturday,30,NO CONTROLS,SNOW,"DARKNESS, LIGHTED ROAD",REAR END,SNOW OR SLUSH,INJURY AND / OR TOW DUE TO CRASH,"$501 - $1,500",WEATHER,2,INCAPACITATING INJURY,1.0,0.0,1.0,2,7,2,41.90773973,-87.70141191,"['02/25/2023', '02:30:00', 'AM']"
6d3067ed02edf8b0f610fb4200ab6d7fb10cb3ced47ab2366cb9ddcde269da7ab0a9ec51ce79e9ab4a99232ab4d05de3d1dcb838442512a690fc40fb068fc547,2023-02-24 22:00:00,Friday,30,NO CONTROLS,SNOW,DARKNESS,PARKED MOTOR VEHICLE,SNOW OR SLUSH,INJURY AND / OR TOW DUE TO CRASH,$500 OR LESS,"EVASIVE ACTION DUE TO ANIMAL, OBJECT, NONMOTORIST",2,INCAPACITATING INJURY,1.0,0.0,1.0,22,6,2,41.71817197,-87.64326909,"['02/24/2023', '10:00:00', 'PM']"
87427cb6947c3cefaffe6fe4aa56fc430a8490fc3e6f41866bdbb8f7b052fa72c89d4ea8368abe8b46b426c0c9bbdee2e7991e4fdc786e6a676f2bfeed84bb98,2023-02-24 21:30:00,Friday,30,TRAFFIC SIGNAL,SNOW,"DARKNESS, LIGHTED ROAD",SIDESWIPE SAME DIRECTION,SNOW OR SLUSH,INJURY AND / OR TOW DUE TO CRASH,"OVER $1,500",WEATHER,3,INCAPACITATING INJURY,3.0,0.0,1.0,21,6,2,41.73586727,-87.6327948,"['02/24/2023', '09:30:00', 'PM']"
c748f55f9b4a86849f7af40d7b8231e9f8e100de4866d23e699efaae434c2a011eefe57f87d2338027bcc789a4934be60802ff0859847dd91e0343eda60862ed,2023-02-24 15:35:00,Friday,35,NO CONTROLS,CLEAR,DAYLIGHT,FIXED OBJECT,DRY,INJURY AND / OR TOW DUE TO CRASH,"OVER $1,500",DRIVING SKILLS/KNOWLEDGE/EXPERIENCE,1,INCAPACITATING INJURY,1.0,0.0,1.0,15,6,2,41.70670835,-87.65317014,"['02/24/2023', '03:35:00', 'PM']"
c69354ad9c85615902b00c758993eacada87d9c9fbbbad4b83185a3c53d0045b7698441c879b5365acbea4b5e805d9e6a900b33ecd6b2ad52ab122fc65ab4e52,2023-02-24 04:50:00,Friday,30,NO CONTROLS,CLEAR,"DARKNESS, LIGHTED ROAD",HEAD ON,ICE,INJURY AND / OR TOW DUE TO CRASH,"OVER $1,500",WEATHER,2,INCAPACITATING INJURY,1.0,0.0,1.0,4,6,2,41.77931156,-87.74247093,"['02/24/2023', '04:50:00', 'AM']"
55b57a92937153421c6f5027fe5e07033871a9b0715f2daac7794d3b1a05791cee4ff50dac73ecc41ec003c7d77365476d0aac5f1d61d7af8f04b4ecb80419f9,2023-02-23 15:45:00,Thursday,30,STOP SIGN/FLASHER,CLEAR,DAYLIGHT,ANGLE,DRY,INJURY AND / OR TOW DUE TO CRASH,"OVER $1,500",FAILING TO YIELD RIGHT-OF-WAY,2,INCAPACITATING INJURY,1.0,0.0,1.0,15,5,2,41.84624121,-87.70379566,"['02/23/2023', '03:45:00', 'PM']"
412da410ba2f6846f31e800a831f7cf27a3751c70521294418582339a0a8b217a54f3eb4c157b018e15f4af3c0e0e5968ef39a297ed7cea25a96bfab3f2ea8c4,2023-02-23 01:45:00,Thursday,30,TRAFFIC SIGNAL,RAIN,"DARKNESS, LIGHTED ROAD",REAR END,WET,INJURY AND / OR TOW DUE TO CRASH,"OVER $1,500",FAILING TO REDUCE SPEED TO AVOID CRASH,2,INCAPACITATING INJURY,2.0,0.0,1.0,1,5,2,41.80793897,-87.7433045,"['02/23/2023', '01:45:00', 'AM']"
0a742298d787a5e886a37c0a56eff21b31420997883805f326850e69c9d27d24617a0a6dc1fd27c8bb1d1b78235ff558116e891fdfdadd472b2bd9d976c1f3c2,2023-02-22 19:18:00,Wednesday,30,STOP SIGN/FLASHER,RAIN,DARKNESS,PEDESTRIAN,WET,INJURY AND / OR TOW DUE TO CRASH,$500 OR LESS,FAILING TO YIELD RIGHT-OF-WAY,2,INCAPACITATING INJURY,1.0,0.0,1.0,19,4,2,41.93669546,-87.76223395,"['02/22/2023', '07:18:00', 'PM']"
85902a5f50c27d156fea327f0a771c71f2f930a062a54032889e505ac6000028a6c7e08f0f8fa67cdeb99a06c29531db961c484385a554de7009f7a6c35a4d7f,2023-02-22 16:14:00,Wednesday,35,TRAFFIC SIGNAL,RAIN,DAYLIGHT,REAR END,WET,INJURY AND / OR TOW DUE TO CRASH,"OVER $1,500",FAILING TO REDUCE SPEED TO AVOID CRASH,2,INCAPACITATING INJURY,1.0,0.0,1.0,16,4,2,41.87377444,-87.70116087,"['02/22/2023', '04:14:00', 'PM']"
00054eec131a32fb672ffd51c9318547c716447c2fef5e2e804d46683d38e12f075bca7bf161b2c16ef5bd7228de80c69a54da3b73a64eb8d33f06c27ef4d548,2023-02-22 15:43:00,Wednesday,30,STOP SIGN/FLASHER,RAIN,"DARKNESS, LIGHTED ROAD",PEDESTRIAN,WET,INJURY AND / OR TOW DUE TO CRASH,"OVER $1,500",FAILING TO YIELD RIGHT-OF-WAY,2,INCAPACITATING INJURY,1.0,0.0,1.0,15,4,2,41.85102354,-87.62361144,"['02/22/2023', '03:43:00', 'PM']"
be30c9fe2c338ad031d02c4aa5b5cb7010c606de6118d202d672c879462e49cbddf6d6b80360c949946ed0d31ee44278f95a6a61884e571021bb89ac2fbaed70,2023-02-22 06:50:00,Wednesday,30,NO CONTROLS,CLEAR,DAYLIGHT,TURNING,DRY,INJURY AND / OR TOW DUE TO CRASH,"OVER $1,500",FAILING TO YIELD RIGHT-OF-WAY,2,INCAPACITATING INJURY,3.0,0.0,2.0,6,4,2,41.75335698,-87.70264255,"['02/22/2023', '06:50:00', 'AM']"
1539167396181ccda06911713f31d42ae851e5fa6d27b6f964c171b7026b710c7abe36fd24115fa95c476e0b2d910d65bbd9cc26b73bf9698432c5d9e1921d29,2023-02-21 22:50:00,Tuesday,30,TRAFFIC SIGNAL,CLEAR,"DARKNESS, LIGHTED ROAD",TURNING,DRY,INJURY AND / OR TOW DUE TO CRASH,"OVER $1,500",FAILING TO YIELD RIGHT-OF-WAY,2,INCAPACITATING INJURY,1.0,0.0,1.0,22,3,2,41.75150394,-87.57532855,"['02/21/2023', '10:50:00', 'PM']"
9139e5adca900116489be2580c4dbc75bd9e7a76a212f3d6352a444dcffbfadf1250698f1f89c2fdbe11a6bd65b3c78a6b7bfd64651b5c0da2b29b0d4b360101,2023-02-21 19:40:00,Tuesday,40,NO CONTROLS,CLEAR,"DARKNESS, LIGHTED ROAD",REAR END,DRY,INJURY AND / OR TOW DUE TO CRASH,"OVER $1,500",UNABLE TO DETERMINE,3,INCAPACITATING INJURY,2.0,0.0,1.0,19,3,2,41.96389221,-87.64707953,"['02/21/2023', '07:40:00', 'PM']"
afe92b1264761c96fb4d217bf9dcd43f2eeaf4aa16f99319ea68cfe61c4baf2279d8de2cf9a7b8ad1f1e03eead0dbf91e9881b2dd50f9522428783825a32b3a5,2023-02-21 17:28:00,Tuesday,30,NO CONTROLS,CLEAR,DAYLIGHT,SIDESWIPE SAME DIRECTION,DRY,INJURY AND / OR TOW DUE TO CRASH,"$501 - $1,500",FAILING TO YIELD RIGHT-OF-WAY,2,INCAPACITATING INJURY,1.0,0.0,1.0,17,3,2,42.00067467,-87.67164548,"['02/21/2023', '05:28:00', 'PM']"
43c2b12e711cbf2b2511c986f84bb6d794043ac6c7c86febe108548e5a1e5cfcb32170f3df72bd77417ebbf82c8e4866284934a53a838bf1af6bfdd4c24e2d03,2023-02-21 12:07:00,Tuesday,30,NO CONTROLS,CLEAR,DAYLIGHT,FIXED OBJECT,DRY,INJURY AND / OR TOW DUE TO CRASH,$500 OR LESS,UNABLE TO DETERMINE,1,FATAL,1.0,1.0,0.0,12,3,2,41.76589214,-87.59422767,"['02/21/2023', '12:07:00', 'PM']"
e80805fe6febfc3b83e402a94df47792005cb62c8c52d58e0f5e5d69e040dfb4425ac3e4f63d5a24eb8b8f3d8f3014d15650294aab7d23e4a12f8db619d4ed77,2023-02-21 10:30:00,Tuesday,35,NO CONTROLS,CLEAR,DAYLIGHT,ANGLE,DRY,INJURY AND / OR TOW DUE TO CRASH,"$501 - $1,500",UNABLE TO DETERMINE,2,INCAPACITATING INJURY,2.0,0.0,2.0,10,3,2,41.90287112,-87.69078164,"['02/21/2023', '10:30:00', 'AM']"
b101d822a1bd13e48a7310ba464d97560777d2e3126a994cc324d87733c5e5278bf6338fc7657e3dc65a47b8866d5f9e66aa3d9f5c832628d564000b1f729df3,2023-02-21 10:23:00,Tuesday,40,NO CONTROLS,CLEAR,DAYLIGHT,FIXED OBJECT,DRY,INJURY AND / OR TOW DUE TO CRASH,"OVER $1,500",FAILING TO REDUCE SPEED TO AVOID CRASH,1,INCAPACITATING INJURY,1.0,0.0,1.0,10,3,2,41.97833081,-87.65088926,"['02/21/2023', '10:23:00', 'AM']"
e9d89d2163ca4a33f6fbcd1e1c270715df981df83198ac102368232a123e17255c7fb5105f78a30cfab29a1a7abdb5705de29f9d8ea8055bd3117146720fc12b,2023-02-21 08:30:00,Tuesday,40,TRAFFIC SIGNAL,CLEAR,DAYLIGHT,TURNING,DRY,INJURY AND / OR TOW DUE TO CRASH,"OVER $1,500",UNABLE TO DETERMINE,2,INCAPACITATING INJURY,1.0,0.0,1.0,8,3,2,41.7513924,-87.58566794,"['02/21/2023', '08:30:00', 'AM']"
d6f93c25c373c9a71468ebda110e84ff2a7ec143a9661ff33bb7d0086e16ea2ec109cb01a1c79ea35896a3ca15a4db04a5bb40a68046bac65f46acb4e9cfc3f6,2023-02-21 07:58:00,Tuesday,30,TRAFFIC SIGNAL,CLEAR,DAYLIGHT,PEDESTRIAN,DRY,INJURY AND / OR TOW DUE TO CRASH,"OVER $1,500",UNABLE TO DETERMINE,2,INCAPACITATING INJURY,1.0,0.0,1.0,7,3,2,41.88458627,-87.63101045,"['02/21/2023', '07:58:00', 'AM']"
ea94685e57cf1a3ecb867a46b7c01a184a41a8e8862339b178469c5e68d64fdd8ff47ae735f620f73eb3819cc3328f8fcf50a9fcf2342bac692ff82e5baaf4e1,2023-02-20 22:10:00,Monday,10,NO CONTROLS,CLEAR,DARKNESS,PEDALCYCLIST,DRY,INJURY AND / OR TOW DUE TO CRASH,"OVER $1,500",IMPROPER LANE USAGE,2,INCAPACITATING INJURY,1.0,0.0,1.0,22,2,2,41.93974462,-87.6685161,"['02/20/2023', '10:10:00', 'PM']"
028f5dc74a2a6a65d6dba8925cd8d66fe7048caeb8ff557ed64e9cf6fa5a34331031161ef7703857e14d7364527dc4b66827e6b3a37a44501dfdef2c76bfe6ea,2023-02-20 14:21:00,Monday,30,TRAFFIC SIGNAL,CLEAR,DAYLIGHT,PEDESTRIAN,DRY,INJURY AND / OR TOW DUE TO CRASH,"OVER $1,500",FAILING TO YIELD RIGHT-OF-WAY,2,FATAL,1.0,1.0,0.0,14,2,2,41.86752456,-87.62568383,"['02/20/2023', '02:21:00', 'PM']"
8c923e558b66eb607a8fcd65d7aa4f91cb97df3bb948dc3d7be75e81f4d97c15b6b0552d8beeea9d369b5fa576918e513804aa1389ddc0995bffdc042d6ec24b,2023-02-20 05:24:00,Monday,30,NO CONTROLS,CLEAR,"DARKNESS, LIGHTED ROAD",TURNING,DRY,INJURY AND / OR TOW DUE TO CRASH,"OVER $1,500",IMPROPER TURNING/NO SIGNAL,2,INCAPACITATING INJURY,2.0,0.0,1.0,5,2,2,41.95196186,-87.83651776,"['02/20/2023', '05:24:00', 'AM']"
1be317697a8e74fd05eef2a7a60053b8a4fd0ac9f19bcb71064206a6fb5e8176cc95bc6c43e1d048fcc42bff50492cab3bdface896668a0f4db94ce898749fd5,2023-02-20 02:58:00,Monday,30,TRAFFIC SIGNAL,CLEAR,"DARKNESS, LIGHTED ROAD",TURNING,DRY,INJURY AND / OR TOW DUE TO CRASH,"OVER $1,500",UNABLE TO DETERMINE,2,INCAPACITATING INJURY,2.0,0.0,1.0,2,2,2,41.77280932,-87.62981979,"['02/20/2023', '02:58:00', 'AM']"
8e63a5863d3617bbb34d2481f9d80bb624d24d4246e09d634fa034d94b28920f369c8fa3ed410e2fdd4e14f6ae592c03c20f867ad2f8d1bebb93c202c8e0096d,2023-02-19 22:30:00,Sunday,30,NO CONTROLS,CLEAR,"DARKNESS, LIGHTED ROAD",PEDESTRIAN,DRY,INJURY AND / OR TOW DUE TO CRASH,$500 OR LESS,UNABLE TO DETERMINE,2,INCAPACITATING INJURY,1.0,0.0,1.0,22,1,2,41.76313635,-87.6539186,"['02/19/2023', '10:30:00', 'PM']"
759ad90eb9636ae0c4d7719dcb61439a329a71a550087faadc8a146ce7cc29f0a045241573766d06c20dcc0ec5aae2fe05b98eb814089d0c590c5d17f7a5c7bb,2023-02-19 21:05:00,Sunday,30,NO CONTROLS,CLEAR,DARKNESS,FIXED OBJECT,DRY,INJURY AND / OR TOW DUE TO CRASH,"OVER $1,500",FAILING TO REDUCE SPEED TO AVOID CRASH,1,FATAL,1.0,1.0,0.0,21,1,2,41.98300623,-87.78666061,"['02/19/2023', '09:05:00', 'PM']"
694b6b83497a93f6babfcda7f6afac371556a33741584dd5d906f646b8d2f24ef694afbfd51c4bcd86f433150762681f0a083a3880ad7c28875cf48cf388cc88,2023-02-19 16:22:00,Sunday,40,TRAFFIC SIGNAL,CLEAR,DAYLIGHT,PEDESTRIAN,DRY,INJURY AND / OR TOW DUE TO CRASH,"$501 - $1,500",UNABLE TO DETERMINE,2,INCAPACITATING INJURY,1.0,0.0,1.0,16,1,2,41.80753037,-87.74329682,"['02/19/2023', '04:22:00', 'PM']"
a0593b15b0b5ed1474b065b862fa1a4c3aff3db8f876da374de31fd99216d9fa9da6e7c099f67f299f382719097a6bab050111fd4d9f6b5c9e8d3535eac6ae1e,2023-02-19 15:00:00,Sunday,30,TRAFFIC SIGNAL,CLEAR,DAYLIGHT,PEDESTRIAN,DRY,INJURY AND / OR TOW DUE TO CRASH,"OVER $1,500","OPERATING VEHICLE IN ERRATIC, RECKLESS, CARELESS, NEGLIGENT OR AGGRESSIVE MANNER",2,INCAPACITATING INJURY,1.0,0.0,1.0,15,1,2,41.84844272,-87.68568426,"['02/19/2023', '03:00:00', 'PM']"
49a8abc64b453b5f2230b3063edc7dcbf3b5356554d7911065b48f4060cd91c0f77bb00375095562022565497a4590be8974defbacde310fb0ad0af1488f4ba2,2023-02-19 08:13:00,Sunday,30,TRAFFIC SIGNAL,CLEAR,DAYLIGHT,ANGLE,DRY,INJURY AND / OR TOW DUE TO CRASH,"OVER $1,500",UNABLE TO DETERMINE,2,INCAPACITATING INJURY,2.0,0.0,1.0,8,1,2,41.79264234,-87.7624466,"['02/19/2023', '08:13:00', 'AM']"
498958cd5bd8969ac71928b01df1c0fde196ef99b3bef96f3c665af57f07d7ac15ea51b60933d5a20cc98fd9c9896bd1c875adc659cefe4e0427cfa2096d526e,2023-02-18 23:15:00,Saturday,30,TRAFFIC SIGNAL,CLEAR,"DARKNESS, LIGHTED ROAD",ANGLE,DRY,INJURY AND / OR TOW DUE TO CRASH,"OVER $1,500",FAILING TO YIELD RIGHT-OF-WAY,2,INCAPACITATING INJURY,1.0,0.0,1.0,23,7,2,41.85200916,-87.69571,"['02/18/2023', '11:15:00', 'PM']"
3e59c40186b8f815bd665ff329055c919f4c1d6b24f8e371546497916361218c549873b6fc2b303c1504445721d4643844aec75b5df23b84fdadfc9f9ad226c1,2023-02-18 23:14:00,Saturday,30,NO CONTROLS,CLEAR,"DARKNESS, LIGHTED ROAD",PEDALCYCLIST,DRY,INJURY AND / OR TOW DUE TO CRASH,"OVER $1,500",UNABLE TO DETERMINE,2,INCAPACITATING INJURY,1.0,0.0,1.0,23,7,2,41.96838972,-87.72452573,"['02/18/2023', '11:14:00', 'PM']"
2e5de187dc65de8a19c3320ddb7b2e2269d2856c3bbd77b50d3d495e83003af78ad460ffe31401106fe838370699b1f53d323070a15b150026c96006794387e9,2023-02-18 22:58:00,Saturday,30,NO CONTROLS,CLEAR,"DARKNESS, LIGHTED ROAD",FIXED OBJECT,DRY,INJURY AND / OR TOW DUE TO CRASH,"OVER $1,500","OPERATING VEHICLE IN ERRATIC, RECKLESS, CARELESS, NEGLIGENT OR AGGRESSIVE MANNER",1,FATAL,4.0,3.0,1.0,22,7,2,41.71171667,-87.64310095,"['02/18/2023', '10:58:00', 'PM']"
f770541ddca455f060b0a44c5a5dc6558892260a6ddc7f8130704956bb6ab6d49ce388e2f0252f1a08a8325d9dc83efd883bff8684b3443dba87d5a00ebca900,2023-02-18 18:25:00,Saturday,30,TRAFFIC SIGNAL,CLEAR,DARKNESS,PEDESTRIAN,DRY,INJURY AND / OR TOW DUE TO CRASH,$500 OR LESS,IMPROPER TURNING/NO SIGNAL,2,INCAPACITATING INJURY,1.0,0.0,1.0,18,7,2,41.91004942,-87.72145808,"['02/18/2023', '06:25:00', 'PM']"
93d4f5854fe7d063619f3620be5b6cedb8596035d9969fa8f4751f314422397947999723f67280bbdf1eb78bfd33573a65930e38891cc23c937f7d5df075a115,2023-02-18 08:32:00,Saturday,35,NO CONTROLS,CLEAR,DAYLIGHT,HEAD ON,WET,INJURY AND / OR TOW DUE TO CRASH,"OVER $1,500",UNABLE TO DETERMINE,2,FATAL,3.0,1.0,0.0,8,7,2,41.91676691,-87.7550745,"['02/18/2023', '08:32:00', 'AM']"
b690ae2271c3e4ee6e15aed9b7a3301d6356874c823de8d7e82f0daa304c0ad699a30e8ce4fc5cd729b402504440f5479019f334094f1de07df4c8456c20f11d,2023-02-17 21:10:00,Friday,25,NO CONTROLS,CLEAR,"DARKNESS, LIGHTED ROAD",HEAD ON,WET,INJURY AND / OR TOW DUE TO CRASH,"OVER $1,500",DRIVING ON WRONG SIDE/WRONG WAY,3,INCAPACITATING INJURY,4.0,0.0,1.0,21,6,2,41.89188849,-87.64776463,"['02/17/2023', '09:10:00', 'PM']"
429013e981cc38360e9791b597a89d2f768bbe80074518813a14d66b4e184db52818f4fe17d062014b38e2aed0cf7df3be938ba64e8a444c3a627f6716ca1be0,2023-02-17 16:45:00,Friday,30,NO CONTROLS,SNOW,DAWN,SIDESWIPE SAME DIRECTION,WET,INJURY AND / OR TOW DUE TO CRASH,"OVER $1,500",UNABLE TO DETERMINE,3,INCAPACITATING INJURY,2.0,0.0,1.0,16,6,2,41.95052273,-87.68599864,"['02/17/2023', '04:45:00', 'PM']"
b2f35a328fed84af4296e01ecdcde527fe93491afb4a8ee757ffcf4b33272a73fbe62931b2d3c1ff77cafbce8e785d90d92e40b80cd0b171dbea391afaf65652,2023-02-17 15:20:00,Friday,30,TRAFFIC SIGNAL,CLEAR,DAYLIGHT,PEDESTRIAN,DRY,INJURY AND / OR TOW DUE TO CRASH,"OVER $1,500",FAILING TO YIELD RIGHT-OF-WAY,2,INCAPACITATING INJURY,1.0,0.0,1.0,15,6,2,41.86904633,-87.62761085,"['02/17/2023', '03:20:00', 'PM']"
653c2b7add9393219193a7b7c5c0f346750112f1fda1c098205ca7b08c797449b3679e3b161343b89f1e11e55a4b7b436a3f7d479ac87f67d0ae59452bc1ef41,2023-02-16 23:34:00,Thursday,30,TRAFFIC SIGNAL,SNOW,DARKNESS,FIXED OBJECT,SNOW OR SLUSH,INJURY AND / OR TOW DUE TO CRASH,"OVER $1,500",NOT APPLICABLE,1,INCAPACITATING INJURY,1.0,0.0,1.0,23,5,2,41.82295429,-87.68501299,"['02/16/2023', '11:34:00', 'PM']"
8059a7f77da7cc4886d968001f5e0464622eb6269e4d3d72f2834f0c26a2854a5acb0ee483f42239bccc212d972f179f650662b8ece23af5b4ca30297dccc772,2023-02-16 18:54:00,Thursday,30,STOP SIGN/FLASHER,BLOWING SNOW,"DARKNESS, LIGHTED ROAD",PEDESTRIAN,SNOW OR SLUSH,INJURY AND / OR TOW DUE TO CRASH,"$501 - $1,500",WEATHER,2,INCAPACITATING INJURY,1.0,0.0,1.0,18,5,2,41.83112703,-87.61463065,"['02/16/2023', '06:54:00', 'PM']"
05609e495c4d25eb6f4112c0c33998b73ae78e6719d8e97eb5640123e6497bf3998b9faa1683c4deb1ed9a97b5810a73ca3f868c01980df652c2c9c1f38f76f2,2023-02-16 14:00:00,Thursday,35,NO CONTROLS,SNOW,DAYLIGHT,REAR END,ICE,INJURY AND / OR TOW DUE TO CRASH,"OVER $1,500",WEATHER,2,INCAPACITATING INJURY,1.0,0.0,1.0,14,5,2,41.97606106,-87.8466306,"['02/16/2023', '02:00:00', 'PM']"
5feed4d0d6bc4d9eb99a02d031f66e0a238a5a5b451f92ea7bf870abdf6105ca99dd05a8192f3a36d18dfcbcfac872be95ce6964401b94382cfaf059834bed70,2023-02-16 12:12:00,Thursday,30,NO CONTROLS,RAIN,DAYLIGHT,FIXED OBJECT,WET,INJURY AND / OR TOW DUE TO CRASH,"OVER $1,500",PHYSICAL CONDITION OF DRIVER,1,INCAPACITATING INJURY,1.0,0.0,1.0,12,5,2,41.70796152,-87.56659141,"['02/16/2023', '12:12:00', 'PM']"
1648b35c6d883601ac2c9d7f485ee845b6dcb879b23210ce105c7e23654d2db595ab9143c0ad7d3f2940c0dc8c8af87db857418290983ed9d528923333ac5e35,2023-02-15 16:54:00,Wednesday,30,TRAFFIC SIGNAL,CLEAR,DAYLIGHT,TURNING,DRY,INJURY AND / OR TOW DUE TO CRASH,"OVER $1,500",FAILING TO YIELD RIGHT-OF-WAY,2,INCAPACITATING INJURY,1.0,0.0,1.0,16,4,2,41.8058351,-87.61635215,"['02/15/2023', '04:54:00', 'PM']"
25f9e44d7496273b3ad65ea542f1ca6dfdbc19fe46a5413ce1df2d721422d3459342b89e4d6171cb340595b3b419292f762baffac1acf069e7b3b2c58b670e92,2023-02-15 15:45:00,Wednesday,30,TRAFFIC SIGNAL,UNKNOWN,UNKNOWN,PEDESTRIAN,UNKNOWN,INJURY AND / OR TOW DUE TO CRASH,"OVER $1,500",UNABLE TO DETERMINE,2,INCAPACITATING INJURY,1.0,0.0,1.0,15,4,2,41.72156629,-87.62516952,"['02/15/2023', '03:45:00', 'PM']"
b085bf26baf0e1aae1add1366cb404578e36c46a50cb717a9982c45bedaa98ebb7663b035d6520973b07c6805d6422c7054a07b3ec2253e172fb6d89672259eb,2023-02-15 08:00:00,Wednesday,30,TRAFFIC SIGNAL,CLOUDY/OVERCAST,DAYLIGHT,TURNING,DRY,INJURY AND / OR TOW DUE TO CRASH,"OVER $1,500",DRIVING ON WRONG SIDE/WRONG WAY,3,INCAPACITATING INJURY,1.0,0.0,1.0,8,4,2,41.7514606,-87.58597199,"['02/15/2023', '08:00:00', 'AM']"
fc26788bdbb3e4b4f85b9748dacec5e255341cd6913552e87e6ac13929ca76b108cb2cad80078cf8c7f5905790490015a2797564407877311493dde65c6c5647,2023-02-15 07:31:00,Wednesday,35,NO CONTROLS,CLEAR,DAYLIGHT,REAR END,DRY,INJURY AND / OR TOW DUE TO CRASH,"OVER $1,500",UNABLE TO DETERMINE,4,INCAPACITATING INJURY,1.0,0.0,1.0,7,4,2,41.96170715,-87.65171479,"['02/15/2023', '07:31:00', 'AM']"