CRASH_RECORD_ID,CRASH_DATE,Weekday,POSTED_SPEED_LIMIT,TRAFFIC_CONTROL_DEVICE,WEATHER_CONDITION,LIGHTING_CONDITION,FIRST_CRASH_TYPE,ROADWAY_SURFACE_COND,CRASH_TYPE,DAMAGE,PRIM_CONTRIBUTORY_CAUSE,NUM_UNITS,MOST_SEVERE_INJURY,INJURIES_TOTAL,INJURIES_FATAL,INJURIES_INCAPACITATING,CRASH_HOUR,CRASH_DAY_OF_WEEK,CRASH_MONTH,LATITUDE,LONGITUDE,CRASH_TIME
6e695f68b7b637681678317b288208c84461b8cc3931ef5cea10d386a2c9db21523d83a8df293e5b6df9f77827fe7ee95dc3981d6fb22bf954419e995e2bbd51,2023-02-14 20:00:00,Tuesday,30,TRAFFIC SIGNAL,RAIN,"DARKNESS, LIGHTED ROAD",TURNING,WET,INJURY AND / OR TOW DUE TO CRASH,"OVER $1,500",UNABLE TO DETERMINE,2,INCAPACITATING INJURY,4.0,0.0,4.0,20,3,2,41.88325493,-87.67681517,"['02/14/2023', '08:00:00', 'PM']"
212e74af7d9b7dacafddeceaac8ca94642f45f4f7ea78b9ffa8a69dfda4012e240db92fe882ed6d20c6e3bc66a7db57ff841c5a6d1aafe20b0810204983985db,2023-02-14 14:00:00,Tuesday,30,TRAFFIC SIGNAL,RAIN,DAYLIGHT,PEDESTRIAN,WET,INJURY AND / OR TOW DUE TO CRASH,"OVER $1,500",UNABLE TO DETERMINE,2,FATAL,2.0,1.0,0.0,14,3,2,41.8087122,-87.66511378,"['02/14/2023', '02:00:00', 'PM']"
70008896a367de542ac313f9c31fe935ef75242b648ce6e2eec096534de751460a8eadf606479f070544b64d6dd86fbc19d85c6e2dbb631b145203d89ccfdc8c,2023-02-14 11:35:00,Tuesday,30,NO CONTROLS,CLEAR,DAYLIGHT,TURNING,DRY,INJURY AND / OR TOW DUE TO CRASH,"OVER $1,500",UNABLE TO DETERMINE,2,INCAPACITATING INJURY,1.0,0.0,1.0,11,3,2,41.76823848,-87.68348696,"['02/14/2023', '11:35:00', 'AM']"
f97e8d3089025f9f26b70af97507277453e6e6e7cd9c72e63f424bcb8116b0faabbac2e12d005d5dfb8c74fbe91b99e49e3a1c9ffb342df965c544c88e398a62,2023-02-13 21:01:00,Monday,30,TRAFFIC SIGNAL,CLEAR,"DARKNESS, LIGHTED ROAD",PEDESTRIAN,DRY,INJURY AND / OR TOW DUE TO CRASH,"OVER $1,500",DISREGARDING TRAFFIC SIGNALS,2,INCAPACITATING INJURY,1.0,0.0,1.0,21,2,2,41.9091314,-87.79516677,"['02/13/2023', '09:01:00', 'PM']"
8e6877adbb2e325e9ea2386ca5e3aeb13e2d63afedfc04c0386b4b104f039e9cb7c50a6b3bda6fb1c3802af021f5298e9c808a5526cc4316b3e1e6984ce4ff68,2023-02-13 13:05:00,Monday,50,TRAFFIC SIGNAL,CLEAR,DAYLIGHT,TURNING,DRY,INJURY AND / OR TOW DUE TO CRASH,"OVER $1,500",FAILING TO YIELD RIGHT-OF-WAY,2,INCAPACITATING INJURY,1.0,0.0,1.0,13,2,2,41.95845314,-87.88809194,"['02/13/2023', '01:05:00', 'PM']"
f49265740623557a302430af898f07c35a0db55d9b57053f902d4d504411934fe29bf60cd851c7b7835adb6feb9089b26b8e2d515fba53b33c0d1a1e0232d30e,2023-02-13 09:00:00,Monday,20,NO CONTROLS,CLEAR,DAYLIGHT,PEDESTRIAN,DRY,INJURY AND / OR TOW DUE TO CRASH,"OVER $1,500","VISION OBSCURED (SIGNS, TREE LIMBS, BUILDINGS, ETC.)",3,INCAPACITATING INJURY,2.0,0.0,1.0,9,2,2,41.69048337,-87.66630027,"['02/13/2023', '09:00:00', 'AM']"
03fc6be664f96f3e2e3480cb58cf16147acd3ea19551bfde05dc55e94d7c9af1a2f902d46a1c99178128c9b16b91770087ebab43238c438ea4f94482a07ed302,2023-02-13 08:03:00,Monday,30,TRAFFIC SIGNAL,CLEAR,DAYLIGHT,ANGLE,DRY,INJURY AND / OR TOW DUE TO CRASH,"OVER $1,500",UNABLE TO DETERMINE,2,INCAPACITATING INJURY,2.0,0.0,1.0,8,2,2,41.85754775,-87.64392609,"['02/13/2023', '08:03:00', 'AM']"
1771181ac9b8de43a2c3d0bc4e298f40a2c83fa4bc81d40959aa5c77a3bf255794ddf7ccd6be3ddf88a7bc2b1fd752d3c68a8b29d5efc1d82c6a8c0735036318,2023-02-13 07:50:00,Monday,30,TRAFFIC SIGNAL,CLEAR,DAYLIGHT,TURNING,DRY,INJURY AND / OR TOW DUE TO CRASH,"OVER $1,500",FAILING TO YIELD RIGHT-OF-WAY,2,INCAPACITATING INJURY,1.0,0.0,1.0,7,2,2,41.8586482,-87.70279927,"['02/13/2023', '07:50:00', 'AM']"
a3de044fd2311a44f7a4b4b713b3e1258676720aa368bed4de1dd77df4dc3c6af353bf9078af11bd1ca8170bc21385ded1998e5f03a0a870af35d8821b989302,2023-02-12 22:30:00,Sunday,30,NO CONTROLS,CLEAR,"DARKNESS, LIGHTED ROAD",PEDALCYCLIST,DRY,INJURY AND / OR TOW DUE TO CRASH,"OVER $1,500",IMPROPER LANE USAGE,2,INCAPACITATING INJURY,1.0,0.0,1.0,22,1,2,42.00416375,-87.66068906,"['02/12/2023', '10:30:00', 'PM']"
0898b30406df4c4b9fccfd3faa66173424bdc69b3bf90297eb44dc96380e7ded22603681b0b06470df4eb7cd8b2a2c82005930cf7677ccb9be1aee0fb679c48e,2023-02-12 19:09:00,Sunday,30,TRAFFIC SIGNAL,CLEAR,"DARKNESS, LIGHTED ROAD",SIDESWIPE SAME DIRECTION,DRY,INJURY AND / OR TOW DUE TO CRASH,"$501 - $1,500",UNABLE TO DETERMINE,2,INCAPACITATING INJURY,1.0,0.0,1.0,19,1,2,41.82362189,-87.62627976,"['02/12/2023', '07:09:00', 'PM']"
ae5efe2007f0ebaaf6c9881a12b990b635f1c04ae67612bcdf2fc98bc1a39b58e52839dfc59bcc55886ddb9ae10d64336c133419a6738d1b261b8146fd7c4b8a,2023-02-12 18:54:00,Sunday,30,NO CONTROLS,CLEAR,"DARKNESS, LIGHTED ROAD",PEDESTRIAN,DRY,INJURY AND / OR TOW DUE TO CRASH,"OVER $1,500",FAILING TO REDUCE SPEED TO AVOID CRASH,3,INCAPACITATING INJURY,2.0,0.0,1.0,18,1,2,41.88020253,-87.759784,"['02/12/2023', '06:54:00', 'PM']"
84d3f974bfd630ceaa3ecaf1f4ed628e7cac49a50b02bb6d432c0773355c4abd9927c08498cd68d2c48f8ea4c91c869bf9a3bd68eea4d72973e1ce06c5d5b4fd,2023-02-12 17:37:00,Sunday,30,NO CONTROLS,CLEAR,"DARKNESS, LIGHTED ROAD",TURNING,DRY,INJURY AND / OR TOW DUE TO CRASH,"OVER $1,500",IMPROPER TURNING/NO SIGNAL,2,INCAPACITATING INJURY,2.0,0.0,2.0,17,1,2,41.69324718,-87.61934056,"['02/12/2023', '05:37:00', 'PM']"
653aabd55279c5333750d8bb354d5a8d409a920c46791981d5e4cc7e779426c29bfdb200040c162b9a4c5f5ea34e27481a74cb4ea4aff7d32fe60521c5874c40,2023-02-12 16:00:00,Sunday,30,NO CONTROLS,CLEAR,DAYLIGHT,SIDESWIPE SAME DIRECTION,DRY,INJURY AND / OR TOW DUE TO CRASH,"OVER $1,500",IMPROPER OVERTAKING/PASSING,2,INCAPACITATING INJURY,1.0,0.0,1.0,16,1,2,41.75366568,-87.56545464,"['02/12/2023', '04:00:00', 'PM']"
92d4a0d2bf38546cfdde9ab875ccb3a617bf14cb28c3ca99ce3f8ec745346b048a485317aee241edb717d23623066ed3d402ee27479a1dc988235e066f5bf18f,2023-02-11 23:17:00,Saturday,30,NO CONTROLS,CLEAR,"DARKNESS, LIGHTED ROAD",SIDESWIPE SAME DIRECTION,DRY,INJURY AND / OR TOW DUE TO CRASH,"OVER $1,500",UNABLE TO DETERMINE,2,INCAPACITATING INJURY,3.0,0.0,1.0,23,7,2,41.79463459,-87.63251977,"['02/11/2023', '11:17:00', 'PM']"
c0754e952f924383093cb4ee70c7f5003506980e0aebe4dd38dcb3f1f874804ec50ad695cabe4dd7ed87bebac48c4506dabebf59b9f2d1222f3cf23bdf2e7777,2023-02-11 23:05:00,Saturday,30,NO CONTROLS,CLEAR,"DARKNESS, LIGHTED ROAD",REAR END,DRY,INJURY AND / OR TOW DUE TO CRASH,"OVER $1,500",UNABLE TO DETERMINE,2,INCAPACITATING INJURY,1.0,0.0,1.0,23,7,2,41.77256377,-87.63241932,"['02/11/2023', '11:05:00', 'PM']"
5ab10ed051dbd759eb66fe5cd81ba6f025b8f04f816cd5c29b4cf41a75adf74b8827856224aa836a8c41db50b72dad9a6f01cfebdb9c0a918b6801c6724f78e8,2023-02-11 22:18:00,Saturday,30,NO CONTROLS,CLEAR,DARKNESS,PEDESTRIAN,DRY,INJURY AND / OR TOW DUE TO CRASH,"OVER $1,500",UNABLE TO DETERMINE,4,INCAPACITATING INJURY,2.0,0.0,1.0,22,7,2,41.86543205,-87.69323132,"['02/11/2023', '10:18:00', 'PM']"
58cdea6bcad2762488688092e7612067466a1fe51a306bbe83023e26528bee23645f33eab17581b810afa8ea48f4a9431e75ba2b083af4f6a811cb77abc70df3,2023-02-11 19:00:00,Saturday,30,NO CONTROLS,CLEAR,DUSK,TURNING,UNKNOWN,INJURY AND / OR TOW DUE TO CRASH,"OVER $1,500",NOT APPLICABLE,2,INCAPACITATING INJURY,1.0,0.0,1.0,19,7,2,41.76495845,-87.66949289,"['02/11/2023', '07:00:00', 'PM']"
8149d1f237b3a25f9d6afb8ef73204610c5a7f01f9e74550b0cce4ba765df746608bfcd68069a41e0dc04d276673788d0ff1fd544099b55738301e77730d8b93,2023-02-11 18:55:00,Saturday,30,TRAFFIC SIGNAL,CLEAR,"DARKNESS, LIGHTED ROAD",TURNING,DRY,INJURY AND / OR TOW DUE TO CRASH,"OVER $1,500",IMPROPER TURNING/NO SIGNAL,2,INCAPACITATING INJURY,2.0,0.0,1.0,18,7,2,41.84777752,-87.73450597,"['02/11/2023', '06:55:00', 'PM']"
2ec8e1d2d80ef22621edada33318b59dcb7a35c8409128b3b2a7ecad7dd837fa50fc954c755cc878719a2840e5a68e9276fec2d09ec379507e978f3272385121,2023-02-11 14:44:00,Saturday,30,TRAFFIC SIGNAL,CLEAR,DAYLIGHT,PEDESTRIAN,DRY,INJURY AND / OR TOW DUE TO CRASH,"OVER $1,500",UNABLE TO DETERMINE,2,INCAPACITATING INJURY,1.0,0.0,1.0,14,7,2,42.01201207,-87.70459858,"['02/11/2023', '02:44:00', 'PM']"
fc6fe89b244306c1704d48db22d68c3d03b7298af42991baec1bc388eb5f8c3649948fcf2bc64f062532c8384826a5dd836505c22e65685cd272c152f1a4fdc8,2023-02-10 20:20:00,Friday,30,TRAFFIC SIGNAL,CLEAR,"DARKNESS, LIGHTED ROAD",TURNING,DRY,INJURY AND / OR TOW DUE TO CRASH,"OVER $1,500",UNABLE TO DETERMINE,2,INCAPACITATING INJURY,2.0,0.0,2.0,20,6,2,41.81145154,-87.72357465,"['02/10/2023', '08:20:00', 'PM']"
f262c688929f31705bda3b6ae7a15906ff06a9359a1d20b6e40f69b39d6eda2e9a7812a4ea37ed66bd55fd1d4ca20cad63952855c0f7f988430cbb7d275bc9e6,2023-02-10 17:53:00,Friday,15,NO CONTROLS,CLEAR,"DARKNESS, LIGHTED ROAD",PARKED MOTOR VEHICLE,DRY,INJURY AND / OR TOW DUE TO CRASH,"OVER $1,500",PHYSICAL CONDITION OF DRIVER,3,INCAPACITATING INJURY,1.0,0.0,1.0,17,6,2,41.79561823,-87.67702766,"['02/10/2023', '05:53:00', 'PM']"
f495c1a01a09c370429c25c6c1d45590a3490c88d98d4e5b9a5e4046f4ffc09c7d94dac71935e86a8cd35d05f8d9b8e75f62ffe449e269c43620c93e399393da,2023-02-10 14:58:00,Friday,25,STOP SIGN/FLASHER,CLEAR,DAYLIGHT,PEDESTRIAN,DRY,INJURY AND / OR TOW DUE TO CRASH,$500 OR LESS,UNABLE TO DETERMINE,2,INCAPACITATING INJURY,1.0,0.0,1.0,14,6,2,41.95897362,-87.73821961,"['02/10/2023', '02:58:00', 'PM']"
17bf7cb1faaf4aefc9d99ca163f34c8e3d1a6b46db22a75f6555e2db27124638bf462ef94fb98dc67225261c0df4074a0578bcb167673a113606a1be962b2ce4,2023-02-10 14:09:00,Friday,30,NO CONTROLS,CLEAR,DAYLIGHT,SIDESWIPE SAME DIRECTION,DRY,INJURY AND / OR TOW DUE TO CRASH,"OVER $1,500",UNABLE TO DETERMINE,5,INCAPACITATING INJURY,1.0,0.0,1.0,14,6,2,41.8817427,-87.7080332,"['02/10/2023', '02:09:00', 'PM']"
8080861cdbc963c1a39d4f5a922db0cf436db130088ba4ae546ebb369aa172cbce0e433439de2d137a8dcfd50b8d34595048b81f979ab40d59daa89ced1823e1,2023-02-10 06:38:00,Friday,30,NO CONTROLS,CLEAR,DUSK,HEAD ON,DRY,INJURY AND / OR TOW DUE TO CRASH,"OVER $1,500",IMPROPER LANE USAGE,2,INCAPACITATING INJURY,2.0,0.0,2.0,6,6,2,41.80656984,-87.68422334,"['02/10/2023', '06:38:00', 'AM']"
9c4e3c616be232ae175fe0671d4f19927d98040cb72d9c6cae5872e198ace84592192c9ca8227226477ad52ba3b1b9546f4d862943a863c8d0b03b8e1e6d8009,2023-02-09 19:54:00,Thursday,30,NO CONTROLS,RAIN,"DARKNESS, LIGHTED ROAD",PEDESTRIAN,WET,INJURY AND / OR TOW DUE TO CRASH,"OVER $1,500",FAILING TO YIELD RIGHT-OF-WAY,2,INCAPACITATING INJURY,1.0,0.0,1.0,19,5,2,41.8650579,-87.62395087,"['02/09/2023', '07:54:00', 'PM']"
7a432d27059a076e023d613b59d100ca6edeaa31cf9cd0375ae59c72d613be04327b5a252181bd7a3f739857d1d6478f7137b67d3bdb0674d286f3a65eee2b6a,2023-02-09 18:50:00,Thursday,30,TRAFFIC SIGNAL,RAIN,"DARKNESS, LIGHTED ROAD",TURNING,WET,INJURY AND / OR TOW DUE TO CRASH,"OVER $1,500",UNABLE TO DETERMINE,2,INCAPACITATING INJURY,1.0,0.0,1.0,18,5,2,41.84565291,-87.61781639,"['02/09/2023', '06:50:00', 'PM']"
fd7bc2fdef88005ffe162aadffe89a283e8672cd21bcac00903a11211df70b46525b97e89984757f67c57d0db9a0e5cf2ee45d8dda3bddebc17486929e3ec1e2,2023-02-09 18:08:00,Thursday,30,STOP SIGN/FLASHER,RAIN,"DARKNESS, LIGHTED ROAD",PEDESTRIAN,WET,INJURY AND / OR TOW DUE TO CRASH,"OVER $1,500",UNABLE TO DETERMINE,2,INCAPACITATING INJURY,1.0,0.0,1.0,18,5,2,41.93794467,-87.65641174,"['02/09/2023', '06:08:00', 'PM']"
72fc43afa71ef9bf9a0f82e5ffb08bae1bc3a8ba8498a2dba7276efc17ee792529da04baaba8042ebcce11a9d9b7bc5d8e4299496f6837e8cf511e46515da30a,2023-02-09 16:40:00,Thursday,30,STOP SIGN/FLASHER,RAIN,"DARKNESS, LIGHTED ROAD",ANGLE,WET,INJURY AND / OR TOW DUE TO CRASH,$500 OR LESS,FAILING TO YIELD RIGHT-OF-WAY,2,INCAPACITATING INJURY,1.0,0.0,1.0,16,5,2,41.69986673,-87.61606355,"['02/09/2023', '04:40:00', 'PM']"
1a2c83285b45d3bd5c0e8414a0715a860221eabe585871cebd24d4c0bfbbc77a821b38fc16ce4026ef17b024d61ced18ca33c9ab887196553d24795dcd1bc67a,2023-02-09 16:25:00,Thursday,30,NO CONTROLS,RAIN,DAYLIGHT,FIXED OBJECT,WET,INJURY AND / OR TOW DUE TO CRASH,"OVER $1,500",UNABLE TO DETERMINE,1,FATAL,1.0,1.0,0.0,16,5,2,41.68704739,-87.65422975,"['02/09/2023', '04:25:00', 'PM']"
7ff2eae4f436c835af984217fef9d7a049d32990ddcadb3efaa8a2b40ebe0992c72d78b396275d4eb73027d74ebdac933f98f173572dfcb1092f36969f7b62f0,2023-02-09 16:00:00,Thursday,35,NO CONTROLS,CLOUDY/OVERCAST,DAYLIGHT,PEDESTRIAN,WET,INJURY AND / OR TOW DUE TO CRASH,$500 OR LESS,FAILING TO REDUCE SPEED TO AVOID CRASH,2,INCAPACITATING INJURY,1.0,0.0,1.0,16,5,2,41.95394592,-87.7143485,"['02/09/2023', '04:00:00', 'PM']"
5de1084d813515c80f566009c6be1ea3240bf856033ab882caf6220e97ff5feb69a193fec100ff0d04bb145b375e33661dba397bbfffab3d544c4d8651be8125,2023-02-09 05:43:00,Thursday,30,NO CONTROLS,RAIN,"DARKNESS, LIGHTED ROAD",PEDESTRIAN,WET,INJURY AND / OR TOW DUE TO CRASH,"OVER $1,500",FAILING TO YIELD RIGHT-OF-WAY,2,INCAPACITATING INJURY,1.0,0.0,1.0,5,5,2,41.9539642,-87.68861204,"['02/09/2023', '05:43:00', 'AM']"
7f425345219fd8a3394678ad561a8e838854cecdd7b740c62d14dfaccdbf3219ffaad90018baa5541d2b4e0ad0f0f00d645069fd31cc493645d5e45441b2868c,2023-02-08 21:25:00,Wednesday,30,TRAFFIC SIGNAL,CLEAR,"DARKNESS, LIGHTED ROAD",ANGLE,DRY,INJURY AND / OR TOW DUE TO CRASH,"OVER $1,500",DISREGARDING TRAFFIC SIGNALS,2,INCAPACITATING INJURY,2.0,0.0,1.0,21,4,2,41.76539361,-87.62505048,"['02/08/2023', '09:25:00', 'PM']"
0eb36c67e88397ff86e3469d47795beab0349068d8aff363aee10fd01bf912b244ccedef3d94aa91a4ad8cfe86b17799bc36381c3b4f9cfc169bc769358cf181,2023-02-08 18:40:00,Wednesday,30,STOP SIGN/FLASHER,CLEAR,DUSK,PEDESTRIAN,DRY,INJURY AND / OR TOW DUE TO CRASH,$500 OR LESS,UNABLE TO DETERMINE,2,INCAPACITATING INJURY,1.0,0.0,1.0,18,4,2,42.02106425,-87.67196481,"['02/08/2023', '06:40:00', 'PM']"
ceda2a9a49a0fd2dae9c0d0a511069abcc83eb3cafb2bcf88e44820b57d31017714ecf59c7b3d0fe490a3fe45c523591796de2a178c3343f2abaa7c8cacdd4b9,2023-02-08 16:11:00,Wednesday,30,NO CONTROLS,CLEAR,DAYLIGHT,REAR END,DRY,INJURY AND / OR TOW DUE TO CRASH,"OVER $1,500",FOLLOWING TOO CLOSELY,3,INCAPACITATING INJURY,1.0,0.0,1.0,16,4,2,41.93558976,-87.72693697,"['02/08/2023', '04:11:00', 'PM']"
677a4690a3a10a771c002083f99d7f13a244fa90d08109701fa713df5d933ba514f890746525aac623f3de75e7aa50b11c344b3b1e244240dcedefa727cb5ac7,2023-02-08 11:00:00,Wednesday,30,TRAFFIC SIGNAL,CLEAR,DAYLIGHT,PEDALCYCLIST,DRY,INJURY AND / OR TOW DUE TO CRASH,$500 OR LESS,NOT APPLICABLE,2,INCAPACITATING INJURY,1.0,0.0,1.0,11,4,2,41.72154741,-87.62889295,"['02/08/2023', '11:00:00', 'AM']"
0aef02ecad571b7a1a2d666b85e4bf20ee270943a60749a30ab593b4311f78868f0152e37363a0411eb488950d0c171ca934f8cf6a3ba6fcd9ae52b3a292d15d,2023-02-08 02:15:00,Wednesday,30,TRAFFIC SIGNAL,CLEAR,"DARKNESS, LIGHTED ROAD",ANGLE,DRY,INJURY AND / OR TOW DUE TO CRASH,"OVER $1,500",DISREGARDING TRAFFIC SIGNALS,2,INCAPACITATING INJURY,2.0,0.0,1.0,2,4,2,41.71411887,-87.64314541,"['02/08/2023', '02:15:00', 'AM']"
e836a2fea6750d38a6c0b7ead2ced6cbef6e6b09f984b48a4d78912fb579b0ae5ae8f4062faa1eb82d41352850c730ad833a2e0426138c054ee0a689a8851557,2023-02-08 01:33:00,Wednesday,30,TRAFFIC SIGNAL,CLEAR,"DARKNESS, LIGHTED ROAD",FIXED OBJECT,UNKNOWN,INJURY AND / OR TOW DUE TO CRASH,"OVER $1,500",DISREGARDING TRAFFIC SIGNALS,1,INCAPACITATING INJURY,1.0,0.0,1.0,1,4,2,41.87128905,-87.74500147,"['02/08/2023', '01:33:00', 'AM']"
6f3f27e952fc48d261fd45b780c1d86923e5e8df1229ff4f6521b7dd2936dbf9c047d9bfb293f9203f2f8fcac8480ceb3495ae1b6f4a1aca37869bbafeda3e21,2023-02-07 17:38:00,Tuesday,35,NO CONTROLS,CLEAR,"DARKNESS, LIGHTED ROAD",PEDESTRIAN,DRY,INJURY AND / OR TOW DUE TO CRASH,"OVER $1,500",UNABLE TO DETERMINE,2,INCAPACITATING INJURY,1.0,0.0,1.0,17,3,2,41.94503668,-87.81304718,"['02/07/2023', '05:38:00', 'PM']"
c7dd02923ca977606b7697c68746294a3b0cac9d7169a7a4efcc218b1081f28dadb1b5b3d163e1b29d5bcf50f07b5b1f1f7fdc6e574b9c29b0d8f6adf36aad12,2023-02-07 08:56:00,Tuesday,30,NO CONTROLS,CLEAR,DAYLIGHT,SIDESWIPE OPPOSITE DIRECTION,DRY,INJURY AND / OR TOW DUE TO CRASH,"OVER $1,500",DRIVING ON WRONG SIDE/WRONG WAY,4,INCAPACITATING INJURY,3.0,0.0,1.0,8,3,2,41.88820855,-87.62075575,"['02/07/2023', '08:56:00', 'AM']"
a0ac70bb554f3d764bc00b2271f9c22df68e6baa5d35b57240397cc0b9f4e2c82fd2f9db23f77e95cd25120512a66a45f5d9b33370f36caed1b59e2c2934de38,2023-02-07 02:48:00,Tuesday,30,NO CONTROLS,CLEAR,"DARKNESS, LIGHTED ROAD",PEDESTRIAN,DRY,INJURY AND / OR TOW DUE TO CRASH,"OVER $1,500",UNABLE TO DETERMINE,2,FATAL,1.0,1.0,0.0,2,3,2,41.7340391,-87.65221932,"['02/07/2023', '02:48:00', 'AM']"
ebee83ab134004ce70ea125b3e14672e7bc1b6464be5bc4e20e60b214593b9642adfe4312a053845b1fe64fdaab5d891f45babfbba9865bb3b2b8f329175f857,2023-02-06 17:56:00,Monday,30,NO CONTROLS,CLEAR,"DARKNESS, LIGHTED ROAD",PEDESTRIAN,DRY,INJURY AND / OR TOW DUE TO CRASH,"$501 - $1,500",NOT APPLICABLE,2,FATAL,1.0,1.0,0.0,17,2,2,41.79095583,-87.65464488,"['02/06/2023', '05:56:00', 'PM']"
a322435bbba11e5fcc1f82e98325d92f75af26bc0a46fa8bfd21958216cd150f521d86efed4196c99ec0e036387cf62fcbc0f57d6594f5c641448123431a8092,2023-02-06 16:24:00,Monday,20,STOP SIGN/FLASHER,CLEAR,DAYLIGHT,PEDESTRIAN,DRY,INJURY AND / OR TOW DUE TO CRASH,"$501 - $1,500",DISREGARDING STOP SIGN,2,INCAPACITATING INJURY,1.0,0.0,1.0,16,2,2,41.84630216,-87.71685618,"['02/06/2023', '04:24:00', 'PM']"
5fef37a14cd419ad5a5b8205a212b6d98b911862ce240a105198d355e4e4841178074cd21477e9ab414f744a35b177c923a1f2bbfe3fbab6047267fcb6125c17,2023-02-06 16:00:00,Monday,30,NO CONTROLS,CLEAR,DAYLIGHT,ANGLE,DRY,INJURY AND / OR TOW DUE TO CRASH,"OVER $1,500",UNABLE TO DETERMINE,2,INCAPACITATING INJURY,3.0,0.0,3.0,16,2,2,41.88573851,-87.75596403,"['02/06/2023', '04:00:00', 'PM']"
a61c9ef8f112a6a2f60dba15af8ee8e93c5d57d92a0ccd1c370f022622ee8a98a4f21b91f0c16f8342e34f652d073cbc06b8a6b18d4c3f412f1607e16d6f23fe,2023-02-06 15:43:00,Monday,25,TRAFFIC SIGNAL,CLEAR,DAYLIGHT,PEDESTRIAN,DRY,INJURY AND / OR TOW DUE TO CRASH,"OVER $1,500",FAILING TO REDUCE SPEED TO AVOID CRASH,2,INCAPACITATING INJURY,1.0,0.0,1.0,15,2,2,41.89585472,-87.62832671,"['02/06/2023', '03:43:00', 'PM']"
196c0927421a31c4f5470add73e7c09a78a017c49f63d39f4278871c2e6f2ab7dc016981f26940753f5e09f009cc08a09844fcbe4d6246943e97a76f2316eb86,2023-02-06 11:10:00,Monday,30,TRAFFIC SIGNAL,CLEAR,DAYLIGHT,PEDESTRIAN,DRY,INJURY AND / OR TOW DUE TO CRASH,"OVER $1,500",FAILING TO REDUCE SPEED TO AVOID CRASH,2,INCAPACITATING INJURY,1.0,0.0,1.0,11,2,2,41.96835084,-87.70801666,"['02/06/2023', '11:10:00', 'AM']"
9e16dcbf73046e85254fc883f82d355bc712695847842ab2a33b89541095f1760e414e790bdfe4751882bda4604db62252cac48fb82ee38d36f25c60cb30ef2e,2023-02-06 09:05:00,Monday,20,TRAFFIC SIGNAL,CLEAR,DAYLIGHT,REAR END,DRY,INJURY AND / OR TOW DUE TO CRASH,"OVER $1,500",EQUIPMENT - VEHICLE CONDITION,3,INCAPACITATING INJURY,2.0,0.0,1.0,9,2,2,41.80942473,-87.60645257,"['02/06/2023', '09:05:00', 'AM']"
6e797d7e165c0bd8fc82768c6fd0bdef3aaf8eccee227459f62437be9c22e3224f3e7299bee9d8b8595c97bd15d39363ddd2d7f56006d61ec858ba0d9d6918f9,2023-02-06 08:30:00,Monday,30,TRAFFIC SIGNAL,CLEAR,DAYLIGHT,PEDESTRIAN,DRY,INJURY AND / OR TOW DUE TO CRASH,$500 OR LESS,UNABLE TO DETERMINE,2,INCAPACITATING INJURY,1.0,0.0,1.0,8,2,2,41.99031353,-87.70297799,"['02/06/2023', '08:30:00', 'AM']"
5adf38a6a724a5a3c25c82f520726b525fbb5c6c2d9796ce1c848723657b94aec5ae5f58ae81c3c7b5545844a0e052a0c4a7ab8aedffc3f4e0fad485b68ca2d3,2023-02-06 08:20:00,Monday,25,STOP SIGN/FLASHER,CLEAR,DAYLIGHT,PEDESTRIAN,DRY,INJURY AND / OR TOW DUE TO CRASH,$500 OR LESS,DISTRACTION - FROM OUTSIDE VEHICLE,2,INCAPACITATING INJURY,1.0,0.0,1.0,8,2,2,41.75557979,-87.67556577,"['02/06/2023', '08:20:00', 'AM']"
7994366c6b9da0ef582a47d101db6c3fdbf981bf2241a51a6dc709035e29d6bb07878baea02e8d3522055c2f94616cfed307cbcd4b315cd6f76cb1fc4b767050,2023-02-06 07:48:00,Monday,30,NO CONTROLS,CLEAR,DAYLIGHT,PEDESTRIAN,DRY,INJURY AND / OR TOW DUE TO CRASH,$500 OR LESS,NOT APPLICABLE,2,INCAPACITATING INJURY,1.0,0.0,1.0,7,2,2,41.8411128,-87.64011567,"['02/06/2023', '07:48:00', 'AM']"
e66e675aa40a7084aa18d4b7fb64350e995326552dadfec17487af0890e15c58acdd761a3aa3c5b58e8f559023bea4a1b1589665966f8e262c2322269f62a5f8,2023-02-06 07:48:00,Monday,25,TRAFFIC SIGNAL,CLEAR,DAYLIGHT,PEDESTRIAN,DRY,INJURY AND / OR TOW DUE TO CRASH,"OVER $1,500",EQUIPMENT - VEHICLE CONDITION,2,INCAPACITATING INJURY,1.0,0.0,1.0,7,2,2,41.78594471,-87.73280911,"['02/06/2023', '07:48:00', 'AM']"
f1c4ba11ced7bd50315635b1594535bb4df93b43af62b39ed1f8ef8ce0392c7765302ddb193d8ac1ec4f0c9364d06068a4140c80b32a89c2188f6f055230ecd9,2023-02-05 03:58:00,Sunday,45,NO CONTROLS,CLEAR,"DARKNESS, LIGHTED ROAD",HEAD ON,DRY,INJURY AND / OR TOW DUE TO CRASH,"OVER $1,500",DRIVING ON WRONG SIDE/WRONG WAY,2,FATAL,2.0,1.0,0.0,3,1,2,41.83426196,-87.60744132,"['02/05/2023', '03:58:00', 'AM']"