CRASH_RECORD_ID,CRASH_DATE,Weekday,POSTED_SPEED_LIMIT,TRAFFIC_CONTROL_DEVICE,WEATHER_CONDITION,LIGHTING_CONDITION,FIRST_CRASH_TYPE,ROADWAY_SURFACE_COND,CRASH_TYPE,DAMAGE,PRIM_CONTRIBUTORY_CAUSE,NUM_UNITS,MOST_SEVERE_INJURY,INJURIES_TOTAL,INJURIES_FATAL,INJURIES_INCAPACITATING,CRASH_HOUR,CRASH_DAY_OF_WEEK,CRASH_MONTH,LATITUDE,LONGITUDE,CRASH_TIME
02a055ed4f3279d579fe196273a1e209fe9b2b579516fe56f401834599989366d6fda0b3a0a07eaa87b3148df0b50ec3f743978b2e83e67430d1454800406fb2,2023-02-05 03:28:00,Sunday,30,NO CONTROLS,CLEAR,"DARKNESS, LIGHTED ROAD",PARKED MOTOR VEHICLE,DRY,INJURY AND / OR TOW DUE TO CRASH,"OVER $1,500",FAILING TO REDUCE SPEED TO AVOID CRASH,3,INCAPACITATING INJURY,1.0,0.0,1.0,3,1,2,41.73057064,-87.59725938,"['02/05/2023', '03:28:00', 'AM']"
25c903710721440ce2508ec9108255034a02f5685f075b0f2dfb31fed25a11d0c8f06ca7d117381893aab18b851a08c72e2813c1aa035fb67bca3c1a4abacf12,2023-02-04 23:58:00,Saturday,30,NO CONTROLS,CLEAR,"DARKNESS, LIGHTED ROAD",PEDESTRIAN,DRY,INJURY AND / OR TOW DUE TO CRASH,"OVER $1,500",UNABLE TO DETERMINE,2,INCAPACITATING INJURY,1.0,0.0,1.0,23,7,2,41.79423506,-87.6235657,"['02/04/2023', '11:58:00', 'PM']"
d799e949dffc78394a21eaa4f9feb43e1e2f054d7ec8afdcf70239509c8764fc01969a70931e37f61317d3e510907d526015294718fc9d9c9c5383aa60298170,2023-02-04 17:10:00,Saturday,25,NO CONTROLS,CLEAR,"DARKNESS, LIGHTED ROAD",PEDESTRIAN,DRY,INJURY AND / OR TOW DUE TO CRASH,"OVER $1,500",FAILING TO REDUCE SPEED TO AVOID CRASH,2,INCAPACITATING INJURY,1.0,0.0,1.0,17,7,2,41.90068322,-87.62553847,"['02/04/2023', '05:10:00', 'PM']"
395fc2debc3188209eeac4424c732147be3fca4d342c227682983a50695f040c2d9705df60edc531dec6c3eb7d3b3f090cdd070019e525ad89df836f80c5d4c3,2023-02-04 10:00:00,Saturday,30,STOP SIGN/FLASHER,CLEAR,DAYLIGHT,TURNING,DRY,INJURY AND / OR TOW DUE TO CRASH,"OVER $1,500",FAILING TO YIELD RIGHT-OF-WAY,2,INCAPACITATING INJURY,1.0,0.0,1.0,10,7,2,41.96782599,-87.76762486,"['02/04/2023', '10:00:00', 'AM']"
ff37e7ed92a499f2ac21d96d90240ee7ec1391792485c9915ac2238a104eb4015ecab9886f67655ff054ae3c88978ebe0eaec0a879213c292e022f5e146c84f5,2023-02-04 09:12:00,Saturday,30,STOP SIGN/FLASHER,CLEAR,DAYLIGHT,ANGLE,DRY,INJURY AND / OR TOW DUE TO CRASH,"OVER $1,500",DISREGARDING STOP SIGN,2,INCAPACITATING INJURY,1.0,0.0,1.0,9,7,2,41.96304522,-87.71305358,"['02/04/2023', '09:12:00', 'AM']"
d4db93b10afe740e93fd9d6e54eae21b593175a3c0cd48e247a73d963622eacf50d4ee1f93637418274ed8e6de3791e03d92a3ee72365aa71d88ff9c609ed1fb,2023-02-04 02:05:00,Saturday,30,NO CONTROLS,CLEAR,"DARKNESS, LIGHTED ROAD",FIXED OBJECT,DRY,INJURY AND / OR TOW DUE TO CRASH,"OVER $1,500",UNABLE TO DETERMINE,1,INCAPACITATING INJURY,1.0,0.0,1.0,2,7,2,41.8119896,-87.74312825,"['02/04/2023', '02:05:00', 'AM']"
04a7a3d20934c56e08b45845ffec3e833cc18b1c8c43b419b845eefe282896d2ef9c812159f71c6fe22252f4b87a7d13c060030c050b7415a6579d9cf166a2cf,2023-02-03 18:49:00,Friday,30,TRAFFIC SIGNAL,CLEAR,"DARKNESS, LIGHTED ROAD",TURNING,DRY,INJURY AND / OR TOW DUE TO CRASH,"OVER $1,500",IMPROPER TURNING/NO SIGNAL,2,INCAPACITATING INJURY,2.0,0.0,2.0,18,6,2,41.73544437,-87.68236494,"['02/03/2023', '06:49:00', 'PM']"
19b3ec3af9479ba58290414e238118cf59c28c8087032570ec6cec6e48b6d689421ba4561659da9afdd05b412b96e83dc29a6042733ead9fefb4aa8f8eebf567,2023-02-03 18:20:00,Friday,30,NO CONTROLS,CLEAR,DAYLIGHT,PEDESTRIAN,DRY,INJURY AND / OR TOW DUE TO CRASH,$500 OR LESS,UNABLE TO DETERMINE,2,INCAPACITATING INJURY,1.0,0.0,1.0,18,6,2,41.73562693,-87.60494351,"['02/03/2023', '06:20:00', 'PM']"
c6da3e2ff06eeabe7f7dcf5b3b5474e266b801547546aa9c2e67b68c8276aeb01407c97b77547afbeecf5b18758111f51b0f46fc4a0f36eff916f21d97c1bd67,2023-02-03 14:00:00,Friday,30,TRAFFIC SIGNAL,CLEAR,DAYLIGHT,REAR END,DRY,INJURY AND / OR TOW DUE TO CRASH,"OVER $1,500",CELL PHONE USE OTHER THAN TEXTING,2,INCAPACITATING INJURY,2.0,0.0,1.0,14,6,2,41.7767164,-87.57875333,"['02/03/2023', '02:00:00', 'PM']"
99239f44613882d790e7f1c1b302c50782db0a14ead09e566950cb80170d3b6b049f9df7fa1594913d3fc18bb3565ca781c4520cf1530ce1ee46ca2ee8a8e2d8,2023-02-03 13:30:00,Friday,30,TRAFFIC SIGNAL,CLEAR,DAYLIGHT,FIXED OBJECT,DRY,INJURY AND / OR TOW DUE TO CRASH,"OVER $1,500",UNABLE TO DETERMINE,1,INCAPACITATING INJURY,2.0,0.0,1.0,13,6,2,41.75666358,-87.60548737,"['02/03/2023', '01:30:00', 'PM']"
8a37101d19a64db864af306b815fe261b5a0de2d8a2dd0be849387ed9f9c43773b1f883e23f6a3d68c9f6aee34f951e19385ab9a2bb660e9cd4095111eb44ccb,2023-02-03 12:27:00,Friday,30,STOP SIGN/FLASHER,CLEAR,DAYLIGHT,PEDESTRIAN,DRY,INJURY AND / OR TOW DUE TO CRASH,"OVER $1,500",FAILING TO REDUCE SPEED TO AVOID CRASH,2,INCAPACITATING INJURY,1.0,0.0,1.0,12,6,2,42.01948164,-87.67076915,"['02/03/2023', '12:27:00', 'PM']"
23e5ab5c54bd291599ce913141e3b04b090fe67a1fc98e72dec2154bc88ac38735b2d263af9a065331ce1ee74972b794884d5762bce3b0b25959572fe521e51b,2023-02-03 03:20:00,Friday,25,TRAFFIC SIGNAL,CLEAR,"DARKNESS, LIGHTED ROAD",FIXED OBJECT,DRY,INJURY AND / OR TOW DUE TO CRASH,"OVER $1,500","EVASIVE ACTION DUE TO ANIMAL, OBJECT, NONMOTORIST",1,INCAPACITATING INJURY,3.0,0.0,3.0,3,6,2,41.77992556,-87.62198298,"['02/03/2023', '03:20:00', 'AM']"
0ca99dedbb571601f9beb4721f807befe7a5b395e9e9d9744fb535c39284160c22efd55d2d1cfceed98f21589e1f0df68c2a0f9fba0fda9ade44c095d76aeef8,2023-02-03 02:30:00,Friday,25,NO CONTROLS,CLEAR,"DARKNESS, LIGHTED ROAD",PARKED MOTOR VEHICLE,DRY,INJURY AND / OR TOW DUE TO CRASH,"$501 - $1,500",NOT APPLICABLE,2,FATAL,1.0,1.0,0.0,2,6,2,41.8950137,-87.75056014,"['02/03/2023', '02:30:00', 'AM']"
d745076dc733ce06b3a6462b145b2711cbf9ad967e01209fd7fc38155822602bf9a34415a375506673b095b60b9ef00b4eeb7bc094983c443f02ddac10b078e4,2023-02-02 13:29:00,Thursday,30,TRAFFIC SIGNAL,CLEAR,DAYLIGHT,PEDESTRIAN,DRY,INJURY AND / OR TOW DUE TO CRASH,"OVER $1,500",FAILING TO YIELD RIGHT-OF-WAY,2,INCAPACITATING INJURY,1.0,0.0,1.0,13,5,2,41.93912145,-87.71754207,"['02/02/2023', '01:29:00', 'PM']"
ea88f2a136b0adde40111ccef290746d3661734a52bda7f270e95c0e8c920cd5c3e5ee435d6aa2acb1186ff014c63dc78fb2953a8561384b1e3b122192152533,2023-02-02 11:20:00,Thursday,30,NO CONTROLS,CLEAR,DAYLIGHT,PEDESTRIAN,DRY,INJURY AND / OR TOW DUE TO CRASH,$500 OR LESS,FAILING TO YIELD RIGHT-OF-WAY,2,INCAPACITATING INJURY,1.0,0.0,1.0,11,5,2,41.82381108,-87.69451434,"['02/02/2023', '11:20:00', 'AM']"
beaf458af4ec6172bc392be44c10c7fcf268cddae9bcad26306b5315047bf51b1e7935e6a12009c0211cbcb0c5b179a6cf8197283e32d93ed387264b2c53223e,2023-02-02 09:30:00,Thursday,30,NO CONTROLS,CLEAR,DAYLIGHT,TURNING,DRY,INJURY AND / OR TOW DUE TO CRASH,"OVER $1,500",IMPROPER TURNING/NO SIGNAL,2,INCAPACITATING INJURY,1.0,0.0,1.0,9,5,2,41.86310582,-87.67600291,"['02/02/2023', '09:30:00', 'AM']"
13e44a03ee49cea44755bbe97fe807544d26f2aace594499e69ffd95cd767fe572494a9b23f221926ff42d529ecdfb21c0eec11780a05f5f9b81a136643fa242,2023-02-02 05:40:00,Thursday,30,NO CONTROLS,CLEAR,DARKNESS,SIDESWIPE OPPOSITE DIRECTION,DRY,INJURY AND / OR TOW DUE TO CRASH,"OVER $1,500",UNABLE TO DETERMINE,2,FATAL,1.0,1.0,0.0,5,5,2,41.73668389,-87.59454835,"['02/02/2023', '05:40:00', 'AM']"
a4a2159575ed96e89a961c0cae5cf54f989913fb4adbae860ef23b75fdc5dda0b59dc82ab27d5734bf429b38a33ee7ae51fdb3af5350464186da10eabb9e7a8d,2023-02-01 13:00:00,Wednesday,30,TRAFFIC SIGNAL,CLEAR,DAYLIGHT,PEDESTRIAN,DRY,INJURY AND / OR TOW DUE TO CRASH,$500 OR LESS,IMPROPER TURNING/NO SIGNAL,2,INCAPACITATING INJURY,1.0,0.0,1.0,13,4,2,42.00081307,-87.66058052,"['02/01/2023', '01:00:00', 'PM']"
a575ee26b3063b31693ccd3e05cc0224b8491a13e39ce34e7c44bb1d243d7819b07a9a1b9c5258e216b908b8bd31f9897db45837eae9b87cc9fef03f43d649c3,2023-02-01 12:35:00,Wednesday,35,NO CONTROLS,CLEAR,DAYLIGHT,HEAD ON,DRY,INJURY AND / OR TOW DUE TO CRASH,"OVER $1,500",DRIVING ON WRONG SIDE/WRONG WAY,2,INCAPACITATING INJURY,1.0,0.0,1.0,12,4,2,41.9128972,-87.63019188,"['02/01/2023', '12:35:00', 'PM']"
a56b734080633deb877428f8f8bab1253142c2f3bbb776f082c06a9b958ab6c3f12a807d8324fd3a70a0624c277c1a3829ac1776498c06a9c9fab538ce41560d,2023-02-01 07:47:00,Wednesday,30,NO CONTROLS,CLEAR,DAYLIGHT,ANGLE,DRY,INJURY AND / OR TOW DUE TO CRASH,"OVER $1,500",UNABLE TO DETERMINE,3,INCAPACITATING INJURY,1.0,0.0,1.0,7,4,2,41.94298849,-87.74712488,"['02/01/2023', '07:47:00', 'AM']"
3b715bab1604ad61829a73a6255dc338ab74de3220ac7e20a154dd89ea2c11ffa864286abb55e4e5aca555020820d54110470bfa72fb4e9f8c8311e9b4df377b,2023-01-31 21:42:00,Tuesday,30,TRAFFIC SIGNAL,CLEAR,"DARKNESS, LIGHTED ROAD",ANGLE,DRY,INJURY AND / OR TOW DUE TO CRASH,"OVER $1,500",DISREGARDING TRAFFIC SIGNALS,2,INCAPACITATING INJURY,3.0,0.0,1.0,21,3,1,41.7750704,-87.60574988,"['01/31/2023', '09:42:00', 'PM']"
9c86331d25245890278c8b3522926ef4b70207cf0f628c5714a646cca68a9d87f6efe82e8da38091538c22d85ea756f7ec02896b91a98f25d2e30ab804514464,2023-01-31 19:00:00,Tuesday,30,TRAFFIC SIGNAL,UNKNOWN,UNKNOWN,REAR END,UNKNOWN,INJURY AND / OR TOW DUE TO CRASH,"OVER $1,500",UNABLE TO DETERMINE,2,INCAPACITATING INJURY,2.0,0.0,2.0,19,3,1,41.81662779,-87.62439387,"['01/31/2023', '07:00:00', 'PM']"
ab41dd0efdfca3691ecc9678e990eaec6f510854074758c702c10b41bc781421cf7e99eadbeac99349d7348723367ed4abc979efd988994be600fc419da9352e,2023-01-31 19:00:00,Tuesday,30,TRAFFIC SIGNAL,CLEAR,"DARKNESS, LIGHTED ROAD",PEDESTRIAN,DRY,INJURY AND / OR TOW DUE TO CRASH,"$501 - $1,500",FAILING TO YIELD RIGHT-OF-WAY,2,INCAPACITATING INJURY,1.0,0.0,1.0,19,3,1,41.90011437,-87.62422759,"['01/31/2023', '07:00:00', 'PM']"
8d64ef4c5094472a91c2d5fbff9a059fabfa3cdfebe2a840fe843a55179674aa43b4d176b02aa92b25e07b50e9b83e362e45fbfa4ee02bde3782e1f81d0cba60,2023-01-31 18:03:00,Tuesday,25,NO CONTROLS,CLEAR,"DARKNESS, LIGHTED ROAD",FIXED OBJECT,DRY,INJURY AND / OR TOW DUE TO CRASH,"OVER $1,500",PHYSICAL CONDITION OF DRIVER,1,FATAL,1.0,1.0,0.0,18,3,1,41.9308716,-87.80566334,"['01/31/2023', '06:03:00', 'PM']"
c420ffa130377dc2507dc8f13d316a06cbc31a1aae35426904156605c2c3ba6d7ccf9d67e629db6389af9f943614681fb2766f093f2671f2ef6a78d8928ecb60,2023-01-31 18:03:00,Tuesday,30,TRAFFIC SIGNAL,CLEAR,DUSK,REAR END,DRY,INJURY AND / OR TOW DUE TO CRASH,$500 OR LESS,FOLLOWING TOO CLOSELY,2,INCAPACITATING INJURY,2.0,0.0,2.0,18,3,1,41.95857486,-87.65327284,"['01/31/2023', '06:03:00', 'PM']"
a835471ed67e6e3f471f0c1af120ed9e6936fb2f151e1ae73bf4a22b90a91e1b0eea7fe4d29559b64794d23860011d4273ab05d3d045db51e3f1396014afec54,2023-01-31 09:00:00,Tuesday,15,NO CONTROLS,CLEAR,DAYLIGHT,ANGLE,ICE,INJURY AND / OR TOW DUE TO CRASH,$500 OR LESS,ROAD ENGINEERING/SURFACE/MARKING DEFECTS,2,INCAPACITATING INJURY,1.0,0.0,1.0,9,3,1,41.75109065,-87.61001848,"['01/31/2023', '09:00:00', 'AM']"
1b1739a573e7023e39703d67344f3a40e1e534b10fe99e78fb39ad619aac3b942df1e3bd0c1d35a1432b41cd4e02e9c8e0997c0f65416e3a66255094c1918c81,2023-01-30 22:10:00,Monday,30,NO CONTROLS,CLEAR,"DARKNESS, LIGHTED ROAD",SIDESWIPE OPPOSITE DIRECTION,WET,INJURY AND / OR TOW DUE TO CRASH,"$501 - $1,500",DRIVING ON WRONG SIDE/WRONG WAY,2,INCAPACITATING INJURY,1.0,0.0,1.0,22,2,1,41.98340176,-87.66119125,"['01/30/2023', '10:10:00', 'PM']"
77e21ed577b863badf0ccc0af5f5cb784c850cec274f09fb8cf7af2f478cc21f95f8eec95c9d7fe6f11ec02337f354dddd2afe43c3747549f60e539b79ba23e0,2023-01-30 18:56:00,Monday,30,TRAFFIC SIGNAL,CLEAR,DARKNESS,ANGLE,DRY,INJURY AND / OR TOW DUE TO CRASH,"OVER $1,500",DISREGARDING TRAFFIC SIGNALS,3,INCAPACITATING INJURY,4.0,0.0,2.0,18,2,1,41.75809218,-87.62490223,"['01/30/2023', '06:56:00', 'PM']"
a3a1f61705ed909a10a0be563365663c47328b399ca907c7b149ce53907fe4e3a4f0e722099e61d094bf1e9197e123f452c8a0e3e675430bd639007126d2478f,2023-01-30 13:14:00,Monday,30,TRAFFIC SIGNAL,CLEAR,DAYLIGHT,TURNING,DRY,INJURY AND / OR TOW DUE TO CRASH,"OVER $1,500",FAILING TO YIELD RIGHT-OF-WAY,2,INCAPACITATING INJURY,1.0,0.0,1.0,13,2,1,41.96079002,-87.74768936,"['01/30/2023', '01:14:00', 'PM']"
ba24fcfb76732bd7af774d86e8ab73ebf03a898f0c5eec26fa300a0db03d6306e8fcfe34d26811b4768233c91fe9cd0a8c74482ae8b07c81877860b5a57d04ef,2023-01-29 11:52:00,Sunday,30,NO CONTROLS,CLEAR,DAYLIGHT,TURNING,WET,INJURY AND / OR TOW DUE TO CRASH,"OVER $1,500",FAILING TO YIELD RIGHT-OF-WAY,2,INCAPACITATING INJURY,2.0,0.0,1.0,11,1,1,41.82229797,-87.60699697,"['01/29/2023', '11:52:00', 'AM']"
9e6b70f27b23712c514ea532c88b4960a48ceeecff130e3bb8bbf6566e68707333ba2048dbac258f307afc26ba7b5d07e4320113d1537bac1ecabaea5fde17eb,2023-01-29 11:39:00,Sunday,25,NO CONTROLS,CLEAR,DAYLIGHT,FIXED OBJECT,UNKNOWN,INJURY AND / OR TOW DUE TO CRASH,"OVER $1,500",PHYSICAL CONDITION OF DRIVER,1,INCAPACITATING INJURY,1.0,0.0,1.0,11,1,1,41.99092002,-87.66900248,"['01/29/2023', '11:39:00', 'AM']"
0f5f9c0f595b5cde8afa0da66bd6a60c5628e94b9710b47d091334bf03185bbadec5c5c388b330bd99197cae1d853cbd809bc57eb1eb3d6b0abbddefd340de15,2023-01-29 11:33:00,Sunday,15,NO CONTROLS,CLEAR,DAYLIGHT,PARKED MOTOR VEHICLE,WET,INJURY AND / OR TOW DUE TO CRASH,"OVER $1,500","OPERATING VEHICLE IN ERRATIC, RECKLESS, CARELESS, NEGLIGENT OR AGGRESSIVE MANNER",4,INCAPACITATING INJURY,1.0,0.0,1.0,11,1,1,41.86716649,-87.70310613,"['01/29/2023', '11:33:00', 'AM']"
2d1a0e2702e64d39110716a6febf45b5cf1565091ae92f4d1fcf161922f873b64c236b83fe9fc285bbcb14735254390cfd90288bba484c42ede0e3e796705b9d,2023-01-29 00:45:00,Sunday,30,STOP SIGN/FLASHER,SNOW,"DARKNESS, LIGHTED ROAD",ANGLE,SNOW OR SLUSH,INJURY AND / OR TOW DUE TO CRASH,"OVER $1,500",FAILING TO YIELD RIGHT-OF-WAY,4,INCAPACITATING INJURY,4.0,0.0,1.0,0,1,1,41.75651199,-87.61398687,"['01/29/2023', '12:45:00', 'AM']"
d3cdade8d6cb2e58400130a1382b9c513f7a4e42490d1ed8bb164a8d09102d3e8f10ada64189db6aadb1057ad88d96700c47c8db0eaa6a0dd9443818c38961ee,2023-01-28 23:09:00,Saturday,30,STOP SIGN/FLASHER,SNOW,"DARKNESS, LIGHTED ROAD",TURNING,WET,INJURY AND / OR TOW DUE TO CRASH,"OVER $1,500",FAILING TO YIELD RIGHT-OF-WAY,2,INCAPACITATING INJURY,3.0,0.0,2.0,23,7,1,41.71423223,-87.65200741,"['01/28/2023', '11:09:00', 'PM']"
e4361a2e98a270eca71ad2769e34f1483d2ce5a9d61893de53da7f1c8c3b0d9660e40c83ba678c7c761fdddc9f2f7f67c23914a772134b4dc349b3ebb418c2d3,2023-01-28 19:35:00,Saturday,30,TRAFFIC SIGNAL,SNOW,DARKNESS,ANGLE,SNOW OR SLUSH,INJURY AND / OR TOW DUE TO CRASH,"OVER $1,500",DISREGARDING TRAFFIC SIGNALS,2,INCAPACITATING INJURY,1.0,0.0,1.0,19,7,1,41.89502315,-87.75574978,"['01/28/2023', '07:35:00', 'PM']"
6590a4816ba8ef878a566cc166c53025cc403490eb58efcf77c8c1f2043b390410f9d57599ad6d20385968d168d5cbf34fa931acc05e35f29dd850c1a8b33b38,2023-01-28 05:41:00,Saturday,30,TRAFFIC SIGNAL,CLEAR,"DARKNESS, LIGHTED ROAD",ANGLE,WET,INJURY AND / OR TOW DUE TO CRASH,"OVER $1,500",UNABLE TO DETERMINE,2,INCAPACITATING INJURY,2.0,0.0,1.0,5,7,1,41.93880796,-87.75688985,"['01/28/2023', '05:41:00', 'AM']"
c2cfc96f1756153d838c4d0796eaffebf4a4e72ff4167f161b744d53419e3cd3a9422fcabf09dbc9cd3388f0a5b59dfa40f8f8f9716c6b8e3a4ba7b88244c051,2023-01-28 04:30:00,Saturday,30,STOP SIGN/FLASHER,SNOW,"DARKNESS, LIGHTED ROAD",TURNING,ICE,INJURY AND / OR TOW DUE TO CRASH,"OVER $1,500",UNABLE TO DETERMINE,2,INCAPACITATING INJURY,3.0,0.0,2.0,4,7,1,41.97761629,-87.71373742,"['01/28/2023', '04:30:00', 'AM']"
278d143058349ef135b7718ba44f93be73ed519a6d6a93f061e3b04987a8470cdab7d30314218eac7b096ddb13e0bb766b2d5ee1c180e4060a100b13a28ba895,2023-01-27 23:30:00,Friday,30,NO CONTROLS,CLEAR,"DARKNESS, LIGHTED ROAD",TURNING,DRY,INJURY AND / OR TOW DUE TO CRASH,"OVER $1,500",FAILING TO YIELD RIGHT-OF-WAY,2,INCAPACITATING INJURY,1.0,0.0,1.0,23,6,1,41.68476081,-87.65931463,"['01/27/2023', '11:30:00', 'PM']"
5132d943e28664603ae9d80711d2047fb17bec7be382c2c2df2df57eee1e94e4e57d245ef8ba4a8b41f50c22559c356fb122269155b2ef2013a9eacbb927c2a9,2023-01-27 18:31:00,Friday,30,TRAFFIC SIGNAL,CLEAR,"DARKNESS, LIGHTED ROAD",PEDESTRIAN,WET,INJURY AND / OR TOW DUE TO CRASH,"OVER $1,500",FAILING TO YIELD RIGHT-OF-WAY,2,INCAPACITATING INJURY,1.0,0.0,1.0,18,6,1,41.8755372,-87.63351022,"['01/27/2023', '06:31:00', 'PM']"
b324587757a91c95cd67eb46c72d9394c77327acd0cf9769de4b20f0b3f981a9be361b60361c9ea246ff18c91e9dee91e2d049b981c3e2d229cb1b98e08336bf,2023-01-27 17:46:00,Friday,30,NO CONTROLS,SNOW,DARKNESS,PEDESTRIAN,SNOW OR SLUSH,INJURY AND / OR TOW DUE TO CRASH,"OVER $1,500",FAILING TO REDUCE SPEED TO AVOID CRASH,3,FATAL,1.0,1.0,0.0,17,6,1,41.88161789,-87.75216366,"['01/27/2023', '05:46:00', 'PM']"
dbf7be2f1f4483706f92b5410f431fd8fa91ad3229056c82f81cd6e135edd23ab180b9b82886263bfeed37c658b8bd0eb9a8e35456f4b61ff623f982c97c0606,2023-01-27 14:36:00,Friday,30,OTHER RAILROAD CROSSING,SNOW,DAYLIGHT,OTHER OBJECT,WET,INJURY AND / OR TOW DUE TO CRASH,"OVER $1,500",UNABLE TO DETERMINE,2,INCAPACITATING INJURY,1.0,0.0,1.0,14,6,1,41.68461789,-87.68615309,"['01/27/2023', '02:36:00', 'PM']"
caf100245a4099052291c2c45a84e98b231e05d44310ba40e4fb14aedcd16b150b8780245ce261a252745203111935b39d22a9351559c3c4a9f025102b79d5b3,2023-01-27 10:19:00,Friday,30,TRAFFIC SIGNAL,SNOW,DAYLIGHT,FIXED OBJECT,WET,INJURY AND / OR TOW DUE TO CRASH,"OVER $1,500",NOT APPLICABLE,3,INCAPACITATING INJURY,2.0,0.0,1.0,10,6,1,41.8321338,-87.69472806,"['01/27/2023', '10:19:00', 'AM']"
8f2dc7ee858f5d821ddaa223ca9d9325ce15d7c04fa14301ebc7e38b4abd3ae7ddf7fe9b46299b432d2b77ca2b6739db394ae0f04fe8c5d8ad0722359cff910e,2023-01-27 07:37:00,Friday,30,TRAFFIC SIGNAL,CLOUDY/OVERCAST,DAYLIGHT,FIXED OBJECT,DRY,INJURY AND / OR TOW DUE TO CRASH,"OVER $1,500",PHYSICAL CONDITION OF DRIVER,1,INCAPACITATING INJURY,1.0,0.0,1.0,7,6,1,41.77208127,-87.6640795,"['01/27/2023', '07:37:00', 'AM']"
b746e5e743a3a0a52b6ecbfd7d1d0396db49e3bdddf253ffbc5c6d9ba46506d1b68d8020be0447d86254bd176a524bdcf317a18ade824eccac1bdb9801330c57,2023-01-27 06:54:00,Friday,30,TRAFFIC SIGNAL,CLEAR,DAWN,ANGLE,OTHER,INJURY AND / OR TOW DUE TO CRASH,"OVER $1,500",DISREGARDING TRAFFIC SIGNALS,2,INCAPACITATING INJURY,2.0,0.0,1.0,6,6,1,41.98323054,-87.69921851,"['01/27/2023', '06:54:00', 'AM']"
d7598131cb0ca736f7798c1e362630ae94cbd1b6f7c2639286ded7dc17a7c9e65a3e9e1ca8046580dc5cf6ffcff4e232a858d18aa8113e5c499b762be23c4e52,2023-01-27 05:00:00,Friday,30,TRAFFIC SIGNAL,CLEAR,DARKNESS,TURNING,DRY,INJURY AND / OR TOW DUE TO CRASH,"OVER $1,500",FAILING TO YIELD RIGHT-OF-WAY,2,INCAPACITATING INJURY,1.0,0.0,1.0,5,6,1,41.89180451,-87.61783918,"['01/27/2023', '05:00:00', 'AM']"
bce9bb76010b4eaa0105e5519284e15ce01cf12331fde1c46230f8b35d41254908eef19e3de7c6a56c1611df262932a349671f19aa7b2389883d441c5eec887d,2023-01-27 04:07:00,Friday,35,TRAFFIC SIGNAL,CLEAR,"DARKNESS, LIGHTED ROAD",ANGLE,DRY,INJURY AND / OR TOW DUE TO CRASH,"OVER $1,500",DISREGARDING TRAFFIC SIGNALS,3,INCAPACITATING INJURY,2.0,0.0,2.0,4,6,1,41.84416837,-87.72440057,"['01/27/2023', '04:07:00', 'AM']"
b44a97d6bfd3823326df22fd64175e801152586c5962d8365d19f5411d2d237f785cf138a55caaa4384076f3ceb51e3d2a86d029c340bf1ed291535fda5a43d0,2023-01-26 23:12:00,Thursday,30,TRAFFIC SIGNAL,CLEAR,"DARKNESS, LIGHTED ROAD",TURNING,DRY,INJURY AND / OR TOW DUE TO CRASH,"OVER $1,500",UNABLE TO DETERMINE,2,INCAPACITATING INJURY,2.0,0.0,1.0,23,5,1,41.7712227,-87.74191039,"['01/26/2023', '11:12:00', 'PM']"
727db5fcb7eb7f31d9d11149fb07043b96ac93b3d3f87da2ede132ee46d82ffd3193eb036e192edf88384d96e68782a1838f34ddbbfc7bfff15ba73a413dcbd6,2023-01-26 23:08:00,Thursday,30,TRAFFIC SIGNAL,CLEAR,"DARKNESS, LIGHTED ROAD",REAR END,DRY,INJURY AND / OR TOW DUE TO CRASH,"OVER $1,500",IMPROPER OVERTAKING/PASSING,6,INCAPACITATING INJURY,1.0,0.0,1.0,23,5,1,41.97377161,-87.8463554,"['01/26/2023', '11:08:00', 'PM']"
f398f3d2396b850e635b45f9e7ecffd9cf0754a2e88840437ca2d14e3db847680a023038b1fc7664d9631c11635f253cea6bbaa5fe868dc866889d52a4b5205d,2023-01-26 18:08:00,Thursday,30,TRAFFIC SIGNAL,SNOW,"DARKNESS, LIGHTED ROAD",PEDESTRIAN,WET,INJURY AND / OR TOW DUE TO CRASH,$500 OR LESS,DISREGARDING YIELD SIGN,2,INCAPACITATING INJURY,1.0,0.0,1.0,18,5,1,41.82363348,-87.64100407,"['01/26/2023', '06:08:00', 'PM']"
a1a1ebc21036c4f95ef84589fdf5e867fc67ff5e14cf55b233f214a9667481e42376ceced8db44f0cd881d7926513594d8d3693016b44bcae474fcb193dfa47f,2023-01-26 15:36:00,Thursday,30,NO CONTROLS,CLEAR,DAYLIGHT,PEDESTRIAN,WET,INJURY AND / OR TOW DUE TO CRASH,"OVER $1,500",UNABLE TO DETERMINE,2,INCAPACITATING INJURY,1.0,0.0,1.0,15,5,1,41.75070416,-87.68301166,"['01/26/2023', '03:36:00', 'PM']"
cf62e5122391ab180d702b36051dc20020d1d9d4a3317cbe613498c146291004197e21f6c806b9b04f85e47c874817589066b7a492b4513ef51de611a0f5a056,2023-01-26 12:23:00,Thursday,30,STOP SIGN/FLASHER,SNOW,DAYLIGHT,PEDESTRIAN,SNOW OR SLUSH,INJURY AND / OR TOW DUE TO CRASH,"OVER $1,500",DISREGARDING STOP SIGN,2,FATAL,1.0,1.0,0.0,12,5,1,41.87571235,-87.75474498,"['01/26/2023', '12:23:00', 'PM']"
45ef99d6739c22de4260bc091e70dd495a1fd4d57557f56b05e53eff8cceaf39b714407d49866e64569dab903013eed067c1b1e13dee641f6b2ebfda3f745dc3,2023-01-26 06:35:00,Thursday,45,NO CONTROLS,BLOWING SNOW,"DARKNESS, LIGHTED ROAD",SIDESWIPE SAME DIRECTION,ICE,INJURY AND / OR TOW DUE TO CRASH,"OVER $1,500",WEATHER,12,INCAPACITATING INJURY,10.0,0.0,1.0,6,5,1,41.95118942,-87.90078123,"['01/26/2023', '06:35:00', 'AM']"