CRASH_RECORD_ID,CRASH_DATE,Weekday,POSTED_SPEED_LIMIT,TRAFFIC_CONTROL_DEVICE,WEATHER_CONDITION,LIGHTING_CONDITION,FIRST_CRASH_TYPE,ROADWAY_SURFACE_COND,CRASH_TYPE,DAMAGE,PRIM_CONTRIBUTORY_CAUSE,NUM_UNITS,MOST_SEVERE_INJURY,INJURIES_TOTAL,INJURIES_FATAL,INJURIES_INCAPACITATING,CRASH_HOUR,CRASH_DAY_OF_WEEK,CRASH_MONTH,LATITUDE,LONGITUDE,CRASH_TIME
20d8b2f9ba998b7a635f871dfee27fae72354b11c70d7ef338c72206e0a997ad603012cbd061f55b78e7779e7496527acebc9f425af9e1db72a8f2a2b821b2e5,2023-01-25 20:52:00,Wednesday,30,TRAFFIC SIGNAL,RAIN,DARKNESS,PEDESTRIAN,WET,INJURY AND / OR TOW DUE TO CRASH,"OVER $1,500",UNABLE TO DETERMINE,2,FATAL,1.0,1.0,0.0,20,4,1,41.89545646,-87.72623054,"['01/25/2023', '08:52:00', 'PM']"
4269d0d24751291d2dc91e746329be26df7de9e99c034166c14176fc919939c381e9e8fc7a51656800b02812469294dcbe13ee218a6059a05dcc5f3962ec9bee,2023-01-25 19:16:00,Wednesday,30,NO CONTROLS,RAIN,"DARKNESS, LIGHTED ROAD",REAR END,WET,INJURY AND / OR TOW DUE TO CRASH,"OVER $1,500",FOLLOWING TOO CLOSELY,2,INCAPACITATING INJURY,2.0,0.0,2.0,19,4,1,41.92387852,-87.77949888,"['01/25/2023', '07:16:00', 'PM']"
31ebd193a205fff9b7e4d524fd9679f7f2c9207d7eb0100a8ade2ae681969d86d00d37429285fe63e879409c3a8be4f174dc9f983bbacfffddad0cecaa85218d,2023-01-25 17:59:00,Wednesday,30,TRAFFIC SIGNAL,SNOW,"DARKNESS, LIGHTED ROAD",PEDESTRIAN,WET,INJURY AND / OR TOW DUE TO CRASH,"OVER $1,500",DISREGARDING TRAFFIC SIGNALS,3,INCAPACITATING INJURY,2.0,0.0,1.0,17,4,1,41.87362949,-87.70115587,"['01/25/2023', '05:59:00', 'PM']"
4c78f383e1e43aeeb437f23c4f4d04cd9380cbc8fda3a255565047a64a44335e4d92aa0869de47f0fa99e0eaca88f5503f3f4cd0c741168500c58a90503ade78,2023-01-25 17:48:00,Wednesday,30,TRAFFIC SIGNAL,SNOW,"DARKNESS, LIGHTED ROAD",PEDESTRIAN,WET,INJURY AND / OR TOW DUE TO CRASH,"OVER $1,500",FAILING TO YIELD RIGHT-OF-WAY,2,INCAPACITATING INJURY,1.0,0.0,1.0,17,4,1,41.88172428,-87.65722603,"['01/25/2023', '05:48:00', 'PM']"
9581a9560bc4cdb20282519083ff7956f538f1dd73895e3116318a916108b69889d8f9e3c83eb124ec978fa6d1479ecfd5462232a3139f11703779a52e5d350f,2023-01-24 23:04:00,Tuesday,30,NO CONTROLS,CLEAR,"DARKNESS, LIGHTED ROAD",PEDALCYCLIST,DRY,INJURY AND / OR TOW DUE TO CRASH,"$501 - $1,500",FAILING TO YIELD RIGHT-OF-WAY,2,INCAPACITATING INJURY,1.0,0.0,1.0,23,3,1,41.92255726,-87.8060628,"['01/24/2023', '11:04:00', 'PM']"
897c940d2a8ad2cd295524cfaaf8d88a34916a13707c0f0e92a17750e3566882bf8b30cd9f1ed938b362f668c3680009592184e2ae0a9d3df87c66d385896d19,2023-01-24 19:23:00,Tuesday,30,TRAFFIC SIGNAL,CLEAR,"DARKNESS, LIGHTED ROAD",HEAD ON,DRY,INJURY AND / OR TOW DUE TO CRASH,"OVER $1,500",ROAD ENGINEERING/SURFACE/MARKING DEFECTS,4,INCAPACITATING INJURY,4.0,0.0,2.0,19,3,1,41.87367972,-87.6967558,"['01/24/2023', '07:23:00', 'PM']"
6118a09895d724ef4e545e3985b62bc61c0c262d56eda3f010de11b89fdb5445d46246bc8cbac4e0f1490c3385e970ea17c5492296d985449339d4067a696824,2023-01-24 10:18:00,Tuesday,30,TRAFFIC SIGNAL,CLEAR,DAYLIGHT,PEDESTRIAN,DRY,INJURY AND / OR TOW DUE TO CRASH,"OVER $1,500",FAILING TO YIELD RIGHT-OF-WAY,2,INCAPACITATING INJURY,1.0,0.0,1.0,10,3,1,41.84014456,-87.66133946,"['01/24/2023', '10:18:00', 'AM']"
c129535dd20dc93150a37bb3c4d9d7362470cf951e2c29d3d09be319d3bb1825201b295903bf8982f6d61abdf943e0787804b343068d551270deefe70db2a0d6,2023-01-24 04:40:00,Tuesday,25,NO CONTROLS,CLEAR,"DARKNESS, LIGHTED ROAD",FIXED OBJECT,DRY,INJURY AND / OR TOW DUE TO CRASH,"OVER $1,500",UNABLE TO DETERMINE,1,INCAPACITATING INJURY,1.0,0.0,1.0,4,3,1,41.77621148,-87.64515028,"['01/24/2023', '04:40:00', 'AM']"
17df84cbab8c432274f0d9ad64a58c4295ab1057ab7172a35c0b55625b76ee94d6047eedba08c0af8a29b57f985a21bb54738d630ef8df7f244aaa1420dd6ed3,2023-01-24 01:50:00,Tuesday,30,TRAFFIC SIGNAL,CLOUDY/OVERCAST,"DARKNESS, LIGHTED ROAD",ANGLE,DRY,INJURY AND / OR TOW DUE TO CRASH,"OVER $1,500",UNABLE TO DETERMINE,2,INCAPACITATING INJURY,3.0,0.0,1.0,1,3,1,41.89142875,-87.74553396,"['01/24/2023', '01:50:00', 'AM']"
c331686139b7533e3301e29875772ffce08475c4d78b1147a3161109d0340d7f0a5791c360cd81e6398b9e80f74743d12d2c7bbeea29ff467f7b564566644911,2023-01-23 19:17:00,Monday,30,TRAFFIC SIGNAL,CLEAR,"DARKNESS, LIGHTED ROAD",ANGLE,DRY,INJURY AND / OR TOW DUE TO CRASH,"OVER $1,500",DISREGARDING TRAFFIC SIGNALS,3,INCAPACITATING INJURY,1.0,0.0,1.0,19,2,1,41.86715377,-87.6509024,"['01/23/2023', '07:17:00', 'PM']"
a6e95b6fba749cf476283a7fcd5dd27c5280e7518d2cd25b9534ff9ea0431c01fee3237e09ee691cde935923fa0a75e97205268f86b4e0d122dd9a62fd73a66c,2023-01-23 13:02:00,Monday,35,TRAFFIC SIGNAL,CLEAR,DAYLIGHT,PEDESTRIAN,DRY,INJURY AND / OR TOW DUE TO CRASH,$500 OR LESS,DRIVING SKILLS/KNOWLEDGE/EXPERIENCE,2,INCAPACITATING INJURY,1.0,0.0,1.0,13,2,1,41.77862499,-87.73502936,"['01/23/2023', '01:02:00', 'PM']"
69e04debcfafead3d3c3e04fbf381d89ce91f33e6906845564b548593edceb9f41938cd15d59e47177f4464cc091fa35e577e93a029b25fc3d0f5f03667ef57e,2023-01-23 08:10:00,Monday,30,TRAFFIC SIGNAL,CLEAR,DAYLIGHT,TURNING,DRY,INJURY AND / OR TOW DUE TO CRASH,"OVER $1,500",FAILING TO YIELD RIGHT-OF-WAY,2,INCAPACITATING INJURY,1.0,0.0,1.0,8,2,1,41.93826695,-87.7957615,"['01/23/2023', '08:10:00', 'AM']"
2cf725fc4a89c150d620f470b2fa5a35536990d8e2c7890c2339b0ffe34bc0d7385c6a72b823b4e4585ac4f656ae82c698bd63b888bb72ce250afd6e7dd02f6e,2023-01-22 22:40:00,Sunday,15,NO CONTROLS,SNOW,"DARKNESS, LIGHTED ROAD",PEDESTRIAN,UNKNOWN,INJURY AND / OR TOW DUE TO CRASH,$500 OR LESS,UNABLE TO DETERMINE,2,INCAPACITATING INJURY,1.0,0.0,1.0,22,1,1,41.78584728,-87.622089,"['01/22/2023', '10:40:00', 'PM']"
c42601f9f6c2aeb4fab0f509441af0d0969a0d0cfc3b099c0acc5de04d0bd5976603c68b061101b86bf650c70aa521ba5dce1c57a3075aee6ee70256fa51f8e1,2023-01-22 21:36:00,Sunday,45,NO CONTROLS,CLEAR,DARKNESS,PEDESTRIAN,WET,INJURY AND / OR TOW DUE TO CRASH,"OVER $1,500",FAILING TO REDUCE SPEED TO AVOID CRASH,2,INCAPACITATING INJURY,1.0,0.0,1.0,21,1,1,41.9547127,-87.89283816,"['01/22/2023', '09:36:00', 'PM']"
612308a6d6d4c5572da3eda43261a7fcaffab31dc3a8cf9fe14577c6c6107db6e5371a44c0d030f0b6b32a720889660321357310a8144482e1edb606f0cb63e3,2023-01-22 09:55:00,Sunday,30,TRAFFIC SIGNAL,SNOW,DAYLIGHT,ANGLE,ICE,INJURY AND / OR TOW DUE TO CRASH,"OVER $1,500",WEATHER,2,INCAPACITATING INJURY,4.0,0.0,2.0,9,1,1,41.88667653,-87.63258037,"['01/22/2023', '09:55:00', 'AM']"
a5e680d292e1ebc2f5af07eb4f7bfd4004225626bf8db996554aed8f816429224046a5679939a4c2a7268aab55caaea5274c03bda94e149621d6bee75c94c79e,2023-01-22 00:05:00,Sunday,30,STOP SIGN/FLASHER,CLEAR,"DARKNESS, LIGHTED ROAD",PEDESTRIAN,DRY,INJURY AND / OR TOW DUE TO CRASH,$500 OR LESS,FAILING TO REDUCE SPEED TO AVOID CRASH,2,INCAPACITATING INJURY,1.0,0.0,1.0,0,1,1,41.89154058,-87.67951918,"['01/22/2023', '12:05:00', 'AM']"
d48968c89eac9d7e35252f5b7e2624b0a4fd782639ab263cbc0fc38e608ea9e47b8ec432ff123a210ca0a07873781291b9d134031d06d494aabdb3f543edc2b7,2023-01-21 21:09:00,Saturday,30,STOP SIGN/FLASHER,CLEAR,"DARKNESS, LIGHTED ROAD",ANGLE,DRY,INJURY AND / OR TOW DUE TO CRASH,"OVER $1,500",FAILING TO REDUCE SPEED TO AVOID CRASH,2,INCAPACITATING INJURY,1.0,0.0,1.0,21,7,1,41.75529927,-87.56402149,"['01/21/2023', '09:09:00', 'PM']"
6897d2a89621bb6e18e997e17f6f44765760601cb40c583ee7e28c316555d7b41f1f478249ff1a332af8f96a86791937f94f0da88b3d687b31fc1a58f2595945,2023-01-21 20:32:00,Saturday,30,NO CONTROLS,CLEAR,"DARKNESS, LIGHTED ROAD",PARKED MOTOR VEHICLE,DRY,INJURY AND / OR TOW DUE TO CRASH,"$501 - $1,500",PHYSICAL CONDITION OF DRIVER,2,FATAL,1.0,1.0,0.0,20,7,1,41.78141224,-87.78406324,"['01/21/2023', '08:32:00', 'PM']"
0e933879da76fdef59efdd15d4303a0627592c9b6495167281e32b3f2ff3223334678c42371eee2533946308964753880fb7fa198808766c103154d1d8e87e84,2023-01-21 19:57:00,Saturday,30,NO CONTROLS,CLEAR,DARKNESS,PARKED MOTOR VEHICLE,DRY,INJURY AND / OR TOW DUE TO CRASH,"OVER $1,500",UNABLE TO DETERMINE,3,INCAPACITATING INJURY,1.0,0.0,1.0,19,7,1,41.72266818,-87.54994087,"['01/21/2023', '07:57:00', 'PM']"
e1c856714967fb140e2942b9cdf672a0d37fc97ba9c71fe192acc2bd75f351ad1239a4bf5a045b36981f71e11477a2bff90c45f12e12bdbce39e71b91f46dfe2,2023-01-21 19:49:00,Saturday,30,TRAFFIC SIGNAL,CLEAR,"DARKNESS, LIGHTED ROAD",ANGLE,DRY,INJURY AND / OR TOW DUE TO CRASH,"OVER $1,500",DISREGARDING TRAFFIC SIGNALS,5,INCAPACITATING INJURY,5.0,0.0,1.0,19,7,1,41.89325598,-87.62661246,"['01/21/2023', '07:49:00', 'PM']"
27d34d76006e5d107d638aeb37ebc7c42d5159b38ba28a3f83a40d5083f35869fcf5be4355d280e5aff990732c920ec07bff532e191fc0cf85840c3368d2ecf8,2023-01-21 19:40:00,Saturday,30,NO CONTROLS,CLEAR,"DARKNESS, LIGHTED ROAD",FIXED OBJECT,DRY,INJURY AND / OR TOW DUE TO CRASH,"OVER $1,500","VISION OBSCURED (SIGNS, TREE LIMBS, BUILDINGS, ETC.)",1,INCAPACITATING INJURY,1.0,0.0,1.0,19,7,1,41.81643315,-87.637467,"['01/21/2023', '07:40:00', 'PM']"
e788848cb73f5381598d0fb81219a3fb0610df37571011a06054491eb5c3a9ec5bf63edbdc2f41ace6aeae7e0e7da039fb5364aad2d82ef47843778d8a102c80,2023-01-21 17:54:00,Saturday,30,STOP SIGN/FLASHER,CLEAR,"DARKNESS, LIGHTED ROAD",ANGLE,DRY,INJURY AND / OR TOW DUE TO CRASH,"OVER $1,500",UNABLE TO DETERMINE,2,INCAPACITATING INJURY,4.0,0.0,1.0,17,7,1,41.85885291,-87.71782129,"['01/21/2023', '05:54:00', 'PM']"
beadad9673dbf007401406859f57284e10598144a121e085c3da3cd6e3612eb6b28604027c437e260d438d34fcab1a58070141946a6407e48eac2b7b3f7a8aae,2023-01-20 22:10:00,Friday,30,TRAFFIC SIGNAL,CLEAR,"DARKNESS, LIGHTED ROAD",SIDESWIPE SAME DIRECTION,DRY,INJURY AND / OR TOW DUE TO CRASH,"OVER $1,500",DRIVING SKILLS/KNOWLEDGE/EXPERIENCE,2,FATAL,2.0,1.0,0.0,22,6,1,41.91614728,-87.66794735,"['01/20/2023', '10:10:00', 'PM']"
de9594788b9575ec5ddd231ecd414133ed98788359d9847d4b58f694b5278c36e551464c7423d7bab30e782ef56832ce06a6b6435a5af0987f8bd04742deb64c,2023-01-20 11:32:00,Friday,30,TRAFFIC SIGNAL,CLEAR,DAYLIGHT,PEDESTRIAN,DRY,INJURY AND / OR TOW DUE TO CRASH,"OVER $1,500",FAILING TO YIELD RIGHT-OF-WAY,2,INCAPACITATING INJURY,1.0,0.0,1.0,11,6,1,41.84231666,-87.72464504,"['01/20/2023', '11:32:00', 'AM']"
f6e4914aecce74521fec6d76410751dd9e3381bfd13084037c5e827f5393d4ca9fedcd239c69e8785646325d51492dc05729203d571d81f73241d52e789bbbcd,2023-01-20 01:45:00,Friday,30,TRAFFIC SIGNAL,CLEAR,"DARKNESS, LIGHTED ROAD",ANGLE,DRY,INJURY AND / OR TOW DUE TO CRASH,"OVER $1,500",UNABLE TO DETERMINE,3,INCAPACITATING INJURY,1.0,0.0,1.0,1,6,1,41.88558985,-87.64128413,"['01/20/2023', '01:45:00', 'AM']"
9506b7a5e720d882c84382ea4a774fe898acf5bd7c37697584c8c8904eb01a8e139bb0ba6f08f3bb3ce943e77f754e85515179247f975df27ed9ae6b82f5530b,2023-01-19 19:38:00,Thursday,30,NO CONTROLS,RAIN,DUSK,REAR END,WET,INJURY AND / OR TOW DUE TO CRASH,"OVER $1,500",UNABLE TO DETERMINE,3,INCAPACITATING INJURY,2.0,0.0,2.0,19,5,1,41.80809777,-87.71429136,"['01/19/2023', '07:38:00', 'PM']"
8fd79c25afd5c5085a3143ad3c36d4a16162bb1e6003b7915b5dc48b0ae5f160ee2e67b430a2418347078c0dc734c921b73577231e76985c96766679520efff5,2023-01-19 19:19:00,Thursday,30,TRAFFIC SIGNAL,CLEAR,"DARKNESS, LIGHTED ROAD",PEDALCYCLIST,WET,INJURY AND / OR TOW DUE TO CRASH,$500 OR LESS,IMPROPER TURNING/NO SIGNAL,2,INCAPACITATING INJURY,1.0,0.0,1.0,19,5,1,41.91683649,-87.74625205,"['01/19/2023', '07:19:00', 'PM']"
4fddc7e5a931c4f02a40f09fbea10d43e8d71f6659434f1db77d3062b25a07b864cc629e3e11c495e84fcfbbdec8802e9820c08e906c00d2b16c821e19230e34,2023-01-19 17:08:00,Thursday,25,NO CONTROLS,RAIN,"DARKNESS, LIGHTED ROAD",PEDESTRIAN,WET,INJURY AND / OR TOW DUE TO CRASH,"OVER $1,500",DISTRACTION - FROM INSIDE VEHICLE,2,INCAPACITATING INJURY,1.0,0.0,1.0,17,5,1,41.94191411,-87.77893037,"['01/19/2023', '05:08:00', 'PM']"
bbf30a242ce3b02ef7141ec51388665c41cf74a9f7d074055c11f7f1a96d284632167ae65492ce96d1f3adcb0d594b218acfd56ac352994755bb9f7eb1d65ca4,2023-01-19 15:52:00,Thursday,30,NO CONTROLS,RAIN,DAYLIGHT,ANGLE,WET,INJURY AND / OR TOW DUE TO CRASH,"OVER $1,500","OPERATING VEHICLE IN ERRATIC, RECKLESS, CARELESS, NEGLIGENT OR AGGRESSIVE MANNER",2,INCAPACITATING INJURY,1.0,0.0,1.0,15,5,1,41.7533229,-87.59902875,"['01/19/2023', '03:52:00', 'PM']"
b664e4a479ae3cb3dfba416496cf222c60804f7cf788a01b21b1b3e6ee3b8ce223c599c8f90d797897618ca01bed09ca4f956b6a62c810b9006a952865233ea5,2023-01-19 13:27:00,Thursday,30,NO CONTROLS,CLOUDY/OVERCAST,DAYLIGHT,REAR END,DRY,INJURY AND / OR TOW DUE TO CRASH,"OVER $1,500",FOLLOWING TOO CLOSELY,2,INCAPACITATING INJURY,1.0,0.0,1.0,13,5,1,41.96652597,-87.8368294,"['01/19/2023', '01:27:00', 'PM']"
4d4e1c102609f631b4bdbf8a651b20f0298f64226852f0106ca0015fe118c0f6eb1ce27108a21d9cf61cdf9276b7c336b5a59cb3b80eff894ec09b1cd59c008e,2023-01-19 08:28:00,Thursday,30,TRAFFIC SIGNAL,CLOUDY/OVERCAST,DAYLIGHT,PEDESTRIAN,WET,INJURY AND / OR TOW DUE TO CRASH,"OVER $1,500",FAILING TO YIELD RIGHT-OF-WAY,2,INCAPACITATING INJURY,1.0,0.0,1.0,8,5,1,41.98358665,-87.66976726,"['01/19/2023', '08:28:00', 'AM']"
690738a3f7682dca139eddf81e77c3333d93ebaaf5cbc1205f8b4be51f9b08dc7c67e0e5df93b551043838923a082fb2aa91e718a58d6efae52bfbfc36c804b7,2023-01-19 01:17:00,Thursday,30,STOP SIGN/FLASHER,RAIN,"DARKNESS, LIGHTED ROAD",ANGLE,WET,INJURY AND / OR TOW DUE TO CRASH,"OVER $1,500",DISREGARDING STOP SIGN,2,FATAL,1.0,1.0,0.0,1,5,1,41.70260703,-87.52832175,"['01/19/2023', '01:17:00', 'AM']"
0a4cf4a9670c94b6d6b0524275821bd915e28b5684eab6fc4131c9b5300ae865c85090502150377360ff8eba15d1afe0397a85596278e64a55c276b5c00ad92f,2023-01-18 09:05:00,Wednesday,30,NO CONTROLS,CLOUDY/OVERCAST,DAYLIGHT,OTHER NONCOLLISION,DRY,INJURY AND / OR TOW DUE TO CRASH,$500 OR LESS,DRIVING SKILLS/KNOWLEDGE/EXPERIENCE,2,INCAPACITATING INJURY,1.0,0.0,1.0,9,4,1,41.83915028,-87.64645204,"['01/18/2023', '09:05:00', 'AM']"
fc9b8cd1d9253879eeb316680d2a1b82418c61cd3ac5b935d3ca0f25c78c4ab2efb7738bc32a1d4a060eaf54fcedbac40524db81c91f6a161c592f92c6dbba74,2023-01-17 18:00:00,Tuesday,30,TRAFFIC SIGNAL,CLEAR,DUSK,PEDESTRIAN,DRY,INJURY AND / OR TOW DUE TO CRASH,$500 OR LESS,UNABLE TO DETERMINE,2,INCAPACITATING INJURY,2.0,0.0,1.0,18,3,1,41.86569055,-87.72025362,"['01/17/2023', '06:00:00', 'PM']"
f85c201acba1aa972bd247c5c49daa8f8b2d52c72e620fb03da4e225829ca86dcd632a57f5e0157d2cac4f7c55d326054496f92ba13dc3eaad08c0fd78890080,2023-01-17 18:00:00,Tuesday,35,TRAFFIC SIGNAL,CLEAR,"DARKNESS, LIGHTED ROAD",TURNING,DRY,INJURY AND / OR TOW DUE TO CRASH,"OVER $1,500",IMPROPER TURNING/NO SIGNAL,2,INCAPACITATING INJURY,2.0,0.0,1.0,18,3,1,41.7514606,-87.58597199,"['01/17/2023', '06:00:00', 'PM']"
06074ca39083ad59e8df0beaf9af2b60e1dadd4b29952fdab3f2284797933a316500d6c2882f6c00fb156a59bbfb0f59d62e739ae8228235105096e0b318dac5,2023-01-17 08:21:00,Tuesday,25,YIELD,CLEAR,DAYLIGHT,ANGLE,DRY,INJURY AND / OR TOW DUE TO CRASH,"OVER $1,500",IMPROPER LANE USAGE,2,INCAPACITATING INJURY,2.0,0.0,1.0,8,3,1,41.74924768,-87.64414929,"['01/17/2023', '08:21:00', 'AM']"
437b0549f7300bbb480d5ae5ca998a6dd00636ca064ede924c1abb807d0bae26df28b9e51623a7f2eecfa2e24d1e1cd17afed11c6d48743cfdaf8ad9b3891c38,2023-01-17 07:12:00,Tuesday,30,NO CONTROLS,CLEAR,DAYLIGHT,SIDESWIPE SAME DIRECTION,DRY,INJURY AND / OR TOW DUE TO CRASH,"$501 - $1,500",DRIVING SKILLS/KNOWLEDGE/EXPERIENCE,2,INCAPACITATING INJURY,1.0,0.0,1.0,7,3,1,41.97075873,-87.76314718,"['01/17/2023', '07:12:00', 'AM']"
c69e29f35861add042a4e5ab94137b28075afff496b62ea95933905f021a3b71e670c3cc90fc98793a0d6c099e0ce65caa39de714aaba7c436fbb86ddadba248,2023-01-16 18:55:00,Monday,35,TRAFFIC SIGNAL,RAIN,"DARKNESS, LIGHTED ROAD",PEDESTRIAN,WET,INJURY AND / OR TOW DUE TO CRASH,$500 OR LESS,UNABLE TO DETERMINE,2,INCAPACITATING INJURY,1.0,0.0,1.0,18,2,1,41.75075116,-87.64410779,"['01/16/2023', '06:55:00', 'PM']"
59a78f8185f8f355b8d2125adcd0455c948efdcc100e39306d842cd0ea8d557afc830757c9b1004566d636aafd843d5f9249acbb8553f6704b903eb64a6e54e2,2023-01-16 00:33:00,Monday,35,TRAFFIC SIGNAL,CLEAR,"DARKNESS, LIGHTED ROAD",FIXED OBJECT,DRY,INJURY AND / OR TOW DUE TO CRASH,"OVER $1,500",FAILING TO REDUCE SPEED TO AVOID CRASH,1,INCAPACITATING INJURY,3.0,0.0,2.0,0,2,1,41.92266285,-87.67794486,"['01/16/2023', '12:33:00', 'AM']"
dc40a77d5273ca5685e758b6499005599b3e76d8d4ede0a3f087476873672d8b676c4d88d5be034209cfb650907092429514b301d15dc753b549efc2f2c9d946,2023-01-15 19:55:00,Sunday,35,NO CONTROLS,CLEAR,"DARKNESS, LIGHTED ROAD",REAR END,DRY,INJURY AND / OR TOW DUE TO CRASH,"OVER $1,500",UNABLE TO DETERMINE,2,INCAPACITATING INJURY,1.0,0.0,1.0,19,1,1,41.85255389,-87.61336989,"['01/15/2023', '07:55:00', 'PM']"
c2022a5b69948e92253199b2d1dae8ea256f0e8c523e85baf4ba2baeccf9ae49351edfa41ed741b0ceaa34bad6d2563e3732f733d4b876237a1881d5f9d8be8e,2023-01-15 13:35:00,Sunday,30,NO CONTROLS,CLEAR,DAYLIGHT,TURNING,DRY,INJURY AND / OR TOW DUE TO CRASH,"OVER $1,500",FAILING TO YIELD RIGHT-OF-WAY,2,INCAPACITATING INJURY,2.0,0.0,1.0,13,1,1,41.70541513,-87.61133548,"['01/15/2023', '01:35:00', 'PM']"
fb7567767e2d2ea73e95ca3f7d46b4928d2ee1f635023efab15e1fde5149da58dab8481a54b8d79763466ccc6cc0e590582c7fc09074e59b7f4ebf5350a0b62d,2023-01-15 04:07:00,Sunday,30,NO CONTROLS,CLEAR,"DARKNESS, LIGHTED ROAD",SIDESWIPE SAME DIRECTION,DRY,INJURY AND / OR TOW DUE TO CRASH,"OVER $1,500",IMPROPER OVERTAKING/PASSING,2,INCAPACITATING INJURY,1.0,0.0,1.0,4,1,1,41.68399182,-87.72501728,"['01/15/2023', '04:07:00', 'AM']"
1af0eadc0bfdf327885861e95dcefcca4e685fa491e9a4e3d23ee3b4863b77eca33dae7ac9839261d47f6bedd2b6724f140237540607efbe057ff77b19aaf3d0,2023-01-14 23:54:00,Saturday,30,STOP SIGN/FLASHER,CLEAR,"DARKNESS, LIGHTED ROAD",TURNING,DRY,INJURY AND / OR TOW DUE TO CRASH,"OVER $1,500",FAILING TO YIELD RIGHT-OF-WAY,2,INCAPACITATING INJURY,1.0,0.0,1.0,23,7,1,41.85803908,-87.65788508,"['01/14/2023', '11:54:00', 'PM']"
95ac6905f294372adb5844ca6ab0411c716b1da6ad17e4bc28ceeaf16d82f3c8c37a7edac72bd7cdf84228ed7d5b9b61fd7b2c215b779490900dd003063d6a53,2023-01-14 19:04:00,Saturday,30,NO CONTROLS,CLEAR,"DARKNESS, LIGHTED ROAD",PARKED MOTOR VEHICLE,DRY,INJURY AND / OR TOW DUE TO CRASH,"OVER $1,500",UNABLE TO DETERMINE,3,INCAPACITATING INJURY,1.0,0.0,1.0,19,7,1,41.8151167,-87.67014556,"['01/14/2023', '07:04:00', 'PM']"
17f045398990042565a2665a67bf3db51791ae37cf586af9b36e4149c0916717173977f95145553efbf61de17f0bf885da6524dbf1dad13991bcda2da9e63bd1,2023-01-14 15:14:00,Saturday,30,TRAFFIC SIGNAL,CLEAR,DAYLIGHT,ANGLE,DRY,INJURY AND / OR TOW DUE TO CRASH,"OVER $1,500",DISREGARDING TRAFFIC SIGNALS,3,INCAPACITATING INJURY,3.0,0.0,1.0,15,7,1,41.82394884,-87.61667242,"['01/14/2023', '03:14:00', 'PM']"
d2173f851005c6c2581c1e049ab5e612e3696557eb8e60bc76decb319e140912146495b9c780ed4a3c23d15c412a38336484e5eda4f0fdec8244bddb61429b08,2023-01-14 11:00:00,Saturday,30,NO CONTROLS,CLEAR,DAYLIGHT,FIXED OBJECT,DRY,INJURY AND / OR TOW DUE TO CRASH,"OVER $1,500",UNABLE TO DETERMINE,1,INCAPACITATING INJURY,1.0,0.0,1.0,11,7,1,41.67538448,-87.5752379,"['01/14/2023', '11:00:00', 'AM']"
34be8449d36324b10972926920693669f1596601c176944b5f8f49222837cf9735877ebf866b9f3c556239cd87967149b5ec2e5806f08bb03ff3d86ea89e2626,2023-01-14 06:09:00,Saturday,40,NO CONTROLS,CLEAR,"DARKNESS, LIGHTED ROAD",HEAD ON,DRY,INJURY AND / OR TOW DUE TO CRASH,"OVER $1,500",UNABLE TO DETERMINE,3,INCAPACITATING INJURY,1.0,0.0,1.0,6,7,1,41.9975196,-87.77443004,"['01/14/2023', '06:09:00', 'AM']"
a3344d088ed70b878e9992b10b96570ef34548f746e0bbce2941403f12e238c29d97aa6f8b974ccc874517f30be2bea2533c9f18093a9d18882f454e4fd0b086,2023-01-14 03:08:00,Saturday,30,NO CONTROLS,CLEAR,"DARKNESS, LIGHTED ROAD",FIXED OBJECT,DRY,INJURY AND / OR TOW DUE TO CRASH,"OVER $1,500","OPERATING VEHICLE IN ERRATIC, RECKLESS, CARELESS, NEGLIGENT OR AGGRESSIVE MANNER",1,INCAPACITATING INJURY,1.0,0.0,1.0,3,7,1,41.88517472,-87.67442281,"['01/14/2023', '03:08:00', 'AM']"
cdb2d3def566d3681c211b566b57a549539ed299ffb6280be9856f860ce01f1bb79ab2c2f96d79f54f0be87bc46cc830576f335a0b84a831a1eb517f634baa70,2023-01-14 03:00:00,Saturday,30,NO CONTROLS,CLEAR,"DARKNESS, LIGHTED ROAD",OTHER OBJECT,DRY,INJURY AND / OR TOW DUE TO CRASH,"OVER $1,500",UNABLE TO DETERMINE,1,INCAPACITATING INJURY,1.0,0.0,1.0,3,7,1,41.80122255,-87.68674543,"['01/14/2023', '03:00:00', 'AM']"
e84dbab08474c843b316fb81c85357498f8c03bf057b4be728a086aa16fd8340b5b90a33e0cd20736dca39b655b7db5d90db5ec5a162d0246a69bcb0b1211ea7,2023-01-14 02:35:00,Saturday,30,NO CONTROLS,CLEAR,"DARKNESS, LIGHTED ROAD",FIXED OBJECT,DRY,INJURY AND / OR TOW DUE TO CRASH,"OVER $1,500",FAILING TO REDUCE SPEED TO AVOID CRASH,1,INCAPACITATING INJURY,2.0,0.0,2.0,2,7,1,41.91206735,-87.7047988,"['01/14/2023', '02:35:00', 'AM']"