CRASH_RECORD_ID,CRASH_DATE,Weekday,POSTED_SPEED_LIMIT,TRAFFIC_CONTROL_DEVICE,WEATHER_CONDITION,LIGHTING_CONDITION,FIRST_CRASH_TYPE,ROADWAY_SURFACE_COND,CRASH_TYPE,DAMAGE,PRIM_CONTRIBUTORY_CAUSE,NUM_UNITS,MOST_SEVERE_INJURY,INJURIES_TOTAL,INJURIES_FATAL,INJURIES_INCAPACITATING,CRASH_HOUR,CRASH_DAY_OF_WEEK,CRASH_MONTH,LATITUDE,LONGITUDE,CRASH_TIME
6757474fda97ae2d9df6fce9af1a775219776e13db641ead81d70864fd6dc0928e49980429a3b4f2c518d97203dc616f391fe722e9d38c89d91b9fcfbab746a7,2022-12-23 16:04:00,Friday,15,NO CONTROLS,BLOWING SNOW,DARKNESS,PEDESTRIAN,SNOW OR SLUSH,INJURY AND / OR TOW DUE TO CRASH,"OVER $1,500",UNABLE TO DETERMINE,2,INCAPACITATING INJURY,1.0,0.0,1.0,16,6,12,41.75851162,-87.60178461,"['12/23/2022', '04:04:00', 'PM']"
607c75839d6e14f28c3db4112326024fddd643655ddb188d22a9815305fdc921d3a101bd17b64866e99242892e1f1378ca945d7866133aa8905e6718e29289e4,2022-12-23 00:07:00,Friday,30,NO CONTROLS,SNOW,"DARKNESS, LIGHTED ROAD",FIXED OBJECT,SNOW OR SLUSH,INJURY AND / OR TOW DUE TO CRASH,$500 OR LESS,WEATHER,1,INCAPACITATING INJURY,1.0,0.0,1.0,0,6,12,41.86693125,-87.65395861,"['12/23/2022', '12:07:00', 'AM']"
e1a1cc43878283ff8146bc25a1e94057addc905403e085db90086de983f3638412c764dcac1dbc35f42e804a36a2e4fbc04810fa9cfb58ba4401cc4a7c42782b,2022-12-22 21:03:00,Thursday,30,NO CONTROLS,SNOW,"DARKNESS, LIGHTED ROAD",PARKED MOTOR VEHICLE,SNOW OR SLUSH,INJURY AND / OR TOW DUE TO CRASH,"OVER $1,500",NOT APPLICABLE,3,INCAPACITATING INJURY,1.0,0.0,1.0,21,5,12,41.84098735,-87.70487164,"['12/22/2022', '09:03:00', 'PM']"
f40753785e382d37118ad65acdd39d481d147d0beacdac48bca49578b000267508edf1e53080cc6c5b7540e2fb5c279f0dd761b825c650f3b003392618f4f2d0,2022-12-22 15:00:00,Thursday,35,NO CONTROLS,SNOW,DAYLIGHT,SIDESWIPE OPPOSITE DIRECTION,SNOW OR SLUSH,INJURY AND / OR TOW DUE TO CRASH,"OVER $1,500",NOT APPLICABLE,3,INCAPACITATING INJURY,1.0,0.0,1.0,15,5,12,41.99750974,-87.78291482,"['12/22/2022', '03:00:00', 'PM']"
5108d61230e11ee135b6eca391b1a827638bf7c81d794536973eaf312b9a49d149e34efef0864df882f1cf7e960f1921fcde49175f10fbc9426df4e3e6682e29,2022-12-21 23:40:00,Wednesday,30,NO CONTROLS,CLEAR,"DARKNESS, LIGHTED ROAD",SIDESWIPE SAME DIRECTION,DRY,INJURY AND / OR TOW DUE TO CRASH,"OVER $1,500",FOLLOWING TOO CLOSELY,2,FATAL,2.0,1.0,0.0,23,4,12,41.77137415,-87.71541856,"['12/21/2022', '11:40:00', 'PM']"
fa01ec1185b66a12b5f03e31db30f6258820c847689452b3becae4d0f0e7545dacb6afc7ce9659665f82e04962432561e5986203ab6d36fdae55519e863999b8,2022-12-21 20:57:00,Wednesday,30,NO CONTROLS,CLEAR,"DARKNESS, LIGHTED ROAD",REAR END,DRY,INJURY AND / OR TOW DUE TO CRASH,"OVER $1,500",UNABLE TO DETERMINE,2,INCAPACITATING INJURY,2.0,0.0,1.0,20,4,12,41.78693165,-87.64511245,"['12/21/2022', '08:57:00', 'PM']"
76cffbca5a096a48cec7466a26c1aa73471968b90ea7f2689602d2cf3029c274b1032e151db34f165ca91e68213de8c2da6a09d6c4228bb9a46e0e32b40308b8,2022-12-21 18:20:00,Wednesday,30,NO CONTROLS,CLEAR,DUSK,OTHER NONCOLLISION,DRY,INJURY AND / OR TOW DUE TO CRASH,$500 OR LESS,FAILING TO YIELD RIGHT-OF-WAY,2,INCAPACITATING INJURY,1.0,0.0,1.0,18,4,12,41.90908632,-87.67727938,"['12/21/2022', '06:20:00', 'PM']"
f0fdb62389d7777282c36b3a3394fee93164e2a0573ab88617901ca4684a09a2127235f75ef9180b45d744a6efa4932be9a57866e22521024968f7a27615f4b3,2022-12-21 18:10:00,Wednesday,30,TRAFFIC SIGNAL,CLEAR,"DARKNESS, LIGHTED ROAD",PEDALCYCLIST,DRY,INJURY AND / OR TOW DUE TO CRASH,"OVER $1,500",FAILING TO YIELD RIGHT-OF-WAY,2,INCAPACITATING INJURY,1.0,0.0,1.0,18,4,12,41.95351,-87.73026212,"['12/21/2022', '06:10:00', 'PM']"
411e91cb3fda73c8150bfd88840708118a19a1542eea940511802afd9118bd64782ff52b2fc3ee8d264e13c44e770f4072d506a89d21156d6af65bc0b94c9d39,2022-12-21 00:52:00,Wednesday,30,NO CONTROLS,CLEAR,"DARKNESS, LIGHTED ROAD",OVERTURNED,DRY,INJURY AND / OR TOW DUE TO CRASH,"OVER $1,500",UNABLE TO DETERMINE,1,INCAPACITATING INJURY,1.0,0.0,1.0,0,4,12,41.7428286,-87.57596725,"['12/21/2022', '12:52:00', 'AM']"
fb5e595aa73b5ab8c31e1de4b4b197be389d1acfb34ffc3078723d0c6432a1f8da6e79d9ded4d73eb37d4c968ab93fb256d185f93d44673f6397dc9311523f29,2022-12-20 17:49:00,Tuesday,30,TRAFFIC SIGNAL,CLEAR,"DARKNESS, LIGHTED ROAD",PEDESTRIAN,DRY,INJURY AND / OR TOW DUE TO CRASH,"OVER $1,500",FAILING TO YIELD RIGHT-OF-WAY,2,INCAPACITATING INJURY,1.0,0.0,1.0,17,3,12,41.82384964,-87.61278314,"['12/20/2022', '05:49:00', 'PM']"
4c6676e838105cd25a0301478b9742fb763111092a7c2086f74ff77c47b9cc53f0ef063c49a7d6227c399f704693450029ec7daf498fe413e67e5fb54ff16260,2022-12-20 15:00:00,Tuesday,30,TRAFFIC SIGNAL,CLOUDY/OVERCAST,DAYLIGHT,PEDESTRIAN,DRY,INJURY AND / OR TOW DUE TO CRASH,"OVER $1,500",FAILING TO YIELD RIGHT-OF-WAY,2,INCAPACITATING INJURY,1.0,0.0,1.0,15,3,12,41.8339635,-87.67552159,"['12/20/2022', '03:00:00', 'PM']"
a4f5a01e7fc73512c21839918b1bb72dc6cedafb12fc8d4381996a2920b2483b71a28a759116bfcc6662def705faa89020a12f7ea135f2156f8401f0e1a1d1e3,2022-12-20 14:00:00,Tuesday,30,TRAFFIC SIGNAL,CLOUDY/OVERCAST,DAYLIGHT,ANGLE,DRY,INJURY AND / OR TOW DUE TO CRASH,"OVER $1,500",PHYSICAL CONDITION OF DRIVER,2,INCAPACITATING INJURY,1.0,0.0,1.0,14,3,12,41.86695147,-87.6568268,"['12/20/2022', '02:00:00', 'PM']"
cb9dd86bee7311ce436cf58f9b46b2095bb2a753a290c6d99d9587fc23adedbe142aeefea1cf9c8c00b873037b36710559c41a1131a46f077bb463681546f09f,2022-12-20 09:45:00,Tuesday,30,TRAFFIC SIGNAL,UNKNOWN,DAYLIGHT,FIXED OBJECT,UNKNOWN,INJURY AND / OR TOW DUE TO CRASH,"OVER $1,500",UNABLE TO DETERMINE,1,INCAPACITATING INJURY,1.0,0.0,1.0,9,3,12,41.88843209,-87.62442469,"['12/20/2022', '09:45:00', 'AM']"
0f15974465ed1f212a29d2e43eedbf82e51c8d8332ed51ad812a9e5749e7e89cd95e981e913ea7b068906e6bd9ffd9cee0d1ccdf7a4b2a0ad09439786785a204,2022-12-20 08:00:00,Tuesday,35,TRAFFIC SIGNAL,CLEAR,DAYLIGHT,REAR END,DRY,INJURY AND / OR TOW DUE TO CRASH,"OVER $1,500",FOLLOWING TOO CLOSELY,3,INCAPACITATING INJURY,2.0,0.0,2.0,8,3,12,41.77006935,-87.61165199,"['12/20/2022', '08:00:00', 'AM']"
dabb486bf3297f2683707c86f85e75c45f423defb7cd9c79ac069a748e76a42916e534e12a335aae562d498bfc83a04d8db58fb3d38c4f2c8bc7b1fd9c6cb328,2022-12-20 06:40:00,Tuesday,30,NO CONTROLS,CLEAR,"DARKNESS, LIGHTED ROAD",PEDESTRIAN,DRY,INJURY AND / OR TOW DUE TO CRASH,$500 OR LESS,UNABLE TO DETERMINE,2,INCAPACITATING INJURY,1.0,0.0,1.0,6,3,12,41.96843111,-87.72076005,"['12/20/2022', '06:40:00', 'AM']"
be5164debb0c22898881dc94bd3875ef9b9d549eaefee6ed69a34d2c7057c37d345da3e82afe45a31f58626d48fb61f8d94acbe39a3a7e569b484f90014a9ba0,2022-12-20 05:50:00,Tuesday,30,NO CONTROLS,CLEAR,"DARKNESS, LIGHTED ROAD",TURNING,DRY,INJURY AND / OR TOW DUE TO CRASH,"OVER $1,500",FAILING TO YIELD RIGHT-OF-WAY,2,INCAPACITATING INJURY,2.0,0.0,1.0,5,3,12,41.86577745,-87.76011977,"['12/20/2022', '05:50:00', 'AM']"
eea8e7e72041030d82afb572ca602a4a5eec95007249245a49ca8782189513e2d2ff8031598cf555a84349b78dd9c8fb3b947d76358ef59aa58ef6e50c5b229c,2022-12-19 18:20:00,Monday,30,NO CONTROLS,CLEAR,"DARKNESS, LIGHTED ROAD",REAR END,DRY,INJURY AND / OR TOW DUE TO CRASH,"OVER $1,500",IMPROPER OVERTAKING/PASSING,2,INCAPACITATING INJURY,2.0,0.0,1.0,18,2,12,41.69296991,-87.72025563,"['12/19/2022', '06:20:00', 'PM']"
3e8ee58b184c8d4b970635993e9fb054308a3f6b4ed18190d3d67f5d069bd265d49586c7887c530baf91479404a3e7f025be0e726d3f5a755bc6b8afb0a62513,2022-12-19 01:15:00,Monday,30,NO CONTROLS,SNOW,"DARKNESS, LIGHTED ROAD",FIXED OBJECT,SNOW OR SLUSH,INJURY AND / OR TOW DUE TO CRASH,"OVER $1,500",UNABLE TO DETERMINE,1,FATAL,1.0,1.0,0.0,1,2,12,41.8016789,-87.63441151,"['12/19/2022', '01:15:00', 'AM']"
c358fe05a722aa7a99a1c50dfcaced960d11adf8f983b2b058a7694258e493a208a30cd2e0a3c707ffce37c22557f398a6098a4f8ac6a3f7ec224fe31c75b61d,2022-12-19 00:30:00,Monday,20,NO CONTROLS,CLEAR,"DARKNESS, LIGHTED ROAD",PARKED MOTOR VEHICLE,DRY,INJURY AND / OR TOW DUE TO CRASH,"OVER $1,500",UNABLE TO DETERMINE,3,INCAPACITATING INJURY,1.0,0.0,1.0,0,2,12,41.75254464,-87.72759542,"['12/19/2022', '12:30:00', 'AM']"
53e91af0fb9019c36e575bc9d56b4659b0e4a04a297d253d48c25e0bcafdb00a83addade1857cfc06e121256818bc4c105b6bd020fd2c3d380ce76fb7030df69,2022-12-18 19:50:00,Sunday,35,NO CONTROLS,CLEAR,DARKNESS,HEAD ON,DRY,INJURY AND / OR TOW DUE TO CRASH,"OVER $1,500",NOT APPLICABLE,2,INCAPACITATING INJURY,2.0,0.0,1.0,19,1,12,41.9827941,-87.7807934,"['12/18/2022', '07:50:00', 'PM']"
059ad758937807ccaf0028f28b768738a452f5b0b4ac8fd82c942eeedff9cb58d3497308f9e4a75e8e7864bbea5614b5d22d7ec76091b2493727c85ce8f539da,2022-12-18 06:40:00,Sunday,30,NO CONTROLS,CLEAR,DAWN,PARKED MOTOR VEHICLE,DRY,INJURY AND / OR TOW DUE TO CRASH,"OVER $1,500",FAILING TO REDUCE SPEED TO AVOID CRASH,3,FATAL,1.0,1.0,0.0,6,1,12,41.93859851,-87.7559564,"['12/18/2022', '06:40:00', 'AM']"
f2eaafcc4a0c4bff28751ff24173a24119ca4e02026b9a9b8c6a95d681ec1dba726f7228c975d47ed1aa5d22d449497572d4adc440896273712dc203081bc6fb,2022-12-18 05:52:00,Sunday,30,OTHER WARNING SIGN,CLEAR,"DARKNESS, LIGHTED ROAD",FIXED OBJECT,DRY,INJURY AND / OR TOW DUE TO CRASH,"OVER $1,500",UNABLE TO DETERMINE,1,INCAPACITATING INJURY,4.0,0.0,1.0,5,1,12,41.8514624,-87.73919487,"['12/18/2022', '05:52:00', 'AM']"
d9e366a312050beed35757501f792c6b6934e6b66bac767504afcd6bbe5742766743b913638717404fe9fab01241ffac356cbf11b8208750b45cee757fbbebf3,2022-12-18 03:01:00,Sunday,30,NO CONTROLS,CLEAR,"DARKNESS, LIGHTED ROAD",FIXED OBJECT,WET,INJURY AND / OR TOW DUE TO CRASH,"OVER $1,500",FAILING TO REDUCE SPEED TO AVOID CRASH,1,INCAPACITATING INJURY,1.0,0.0,1.0,3,1,12,41.73969729,-87.58512291,"['12/18/2022', '03:01:00', 'AM']"
441f73eb3cf869e53deb9a48f3ee14892f4c7a02de229162265b3592a14f5615da67b1b18d0a53d26bf0df44cfaa6b59eabf06ec075bf01a55568508824d8944,2022-12-18 02:38:00,Sunday,30,NO CONTROLS,CLEAR,"DARKNESS, LIGHTED ROAD",SIDESWIPE SAME DIRECTION,OTHER,INJURY AND / OR TOW DUE TO CRASH,"OVER $1,500",IMPROPER OVERTAKING/PASSING,2,FATAL,4.0,1.0,3.0,2,1,12,41.88712166,-87.7521484,"['12/18/2022', '02:38:00', 'AM']"
89ff6f04e75e8d6a422172c7bab6b216e98cb3743a9565286894fab70e32d5548bade21e20b448e9188748adadf124e8772ab98d00750ffc818b8a760417c1fb,2022-12-17 07:45:00,Saturday,30,NO CONTROLS,CLEAR,DAYLIGHT,HEAD ON,WET,INJURY AND / OR TOW DUE TO CRASH,"OVER $1,500",IMPROPER OVERTAKING/PASSING,2,INCAPACITATING INJURY,1.0,0.0,1.0,7,7,12,41.69924989,-87.55969614,"['12/17/2022', '07:45:00', 'AM']"
89c9a19bc211e926c2819882c98be314126d889f84de9d7966ba630271dad798e07fbfae770b39cd6ae4d66cf5b124416c907847039b0d714f74334004c8370b,2022-12-16 16:55:00,Friday,30,TRAFFIC SIGNAL,CLOUDY/OVERCAST,DARKNESS,PEDESTRIAN,WET,INJURY AND / OR TOW DUE TO CRASH,"OVER $1,500","VISION OBSCURED (SIGNS, TREE LIMBS, BUILDINGS, ETC.)",2,INCAPACITATING INJURY,1.0,0.0,1.0,16,6,12,41.93174236,-87.72712439,"['12/16/2022', '04:55:00', 'PM']"
a45ffb56911db61d1cfee41eb512f6c56b24bc082155bf6cdb1b5ed528536ce47452e06c876c9d059251797af18f016c87391d57534eecab5447d930d1338e3f,2022-12-16 14:00:00,Friday,30,STOP SIGN/FLASHER,SNOW,DAYLIGHT,ANGLE,WET,INJURY AND / OR TOW DUE TO CRASH,"OVER $1,500",FAILING TO YIELD RIGHT-OF-WAY,3,INCAPACITATING INJURY,3.0,0.0,3.0,14,6,12,41.86482834,-87.63931421,"['12/16/2022', '02:00:00', 'PM']"
92bfb5db579adde86535e84d374d4736f9132da886a6e7379a2473763af5b18639c692c1c1242de3e4b6f18997399fdc3583c6d36028708240e8d972450e516c,2022-12-16 13:40:00,Friday,20,STOP SIGN/FLASHER,SNOW,DAYLIGHT,PEDESTRIAN,SNOW OR SLUSH,INJURY AND / OR TOW DUE TO CRASH,"OVER $1,500",FAILING TO REDUCE SPEED TO AVOID CRASH,2,INCAPACITATING INJURY,1.0,0.0,1.0,13,6,12,41.86643601,-87.61399834,"['12/16/2022', '01:40:00', 'PM']"
ef17bde2222f1b33d639979d382a9cdaa6390959daf23d460fff7c2063b6656db7c060a60ed3129bdda98ff8c5b347e4d29d9dda541b014c4427fce2aa47311a,2022-12-16 12:55:00,Friday,30,STOP SIGN/FLASHER,SNOW,DAYLIGHT,PEDESTRIAN,SNOW OR SLUSH,INJURY AND / OR TOW DUE TO CRASH,"OVER $1,500",UNABLE TO DETERMINE,2,INCAPACITATING INJURY,1.0,0.0,1.0,12,6,12,41.75952113,-87.56025357,"['12/16/2022', '12:55:00', 'PM']"
57ad69b660f43e65f2b471a4b88a2b097a3a6b9f940dd72dcec4940775ef3e95fa5681b04d59824c11ed242b59f1b855f682e18974f10e714eb2243352a46c95,2022-12-16 12:21:00,Friday,25,NO CONTROLS,SNOW,DAYLIGHT,PEDESTRIAN,WET,INJURY AND / OR TOW DUE TO CRASH,$500 OR LESS,FAILING TO YIELD RIGHT-OF-WAY,2,INCAPACITATING INJURY,1.0,0.0,1.0,12,6,12,41.77410624,-87.66392648,"['12/16/2022', '12:21:00', 'PM']"
4cabf117e8971384d554f3057f0e4a6fea3acf48042f6b3b7556d67ed5228cc4c0c9aca5d96f874b8f264304dfad535193c59d6ef4029e5cdfa7010e73d1a0ff,2022-12-16 10:30:00,Friday,30,PEDESTRIAN CROSSING SIGN,UNKNOWN,DAYLIGHT,PEDESTRIAN,UNKNOWN,INJURY AND / OR TOW DUE TO CRASH,"OVER $1,500",UNABLE TO DETERMINE,2,INCAPACITATING INJURY,1.0,0.0,1.0,10,6,12,41.87941549,-87.63360576,"['12/16/2022', '10:30:00', 'AM']"
bc8e18d90738e23eef8ecba9c135422d82fa0be65ede64230fe1b65bd43605a3d4a381d7fad02a116bd0ddb76b280c2782cbcc6b4ce5868a0f6ae8b4037fec0c,2022-12-15 23:34:00,Thursday,30,NO CONTROLS,SNOW,"DARKNESS, LIGHTED ROAD",OTHER OBJECT,WET,INJURY AND / OR TOW DUE TO CRASH,"OVER $1,500",UNABLE TO DETERMINE,1,INCAPACITATING INJURY,2.0,0.0,2.0,23,5,12,41.91690057,-87.73931337,"['12/15/2022', '11:34:00', 'PM']"
d60b1302b6ea77b7d5eb4c84ed135d61b8e6b77327c8062a46d21bfa894b29918cac341388f1ab308554e667baf33ff679702852e7568fd62493bd3ff9c5ce6e,2022-12-15 17:10:00,Thursday,30,NO CONTROLS,SNOW,"DARKNESS, LIGHTED ROAD",PEDESTRIAN,WET,INJURY AND / OR TOW DUE TO CRASH,$500 OR LESS,FAILING TO YIELD RIGHT-OF-WAY,2,INCAPACITATING INJURY,1.0,0.0,1.0,17,5,12,41.75417935,-87.6442807,"['12/15/2022', '05:10:00', 'PM']"
4f587da1a50121698db6dc1306cb1b627f4944e4f84a6176276d852a3e037608f5d0def1570054d1684870f5f1a017dd4aa934dfd508cddcdcf12c6b04f4ec81,2022-12-15 14:20:00,Thursday,30,NO CONTROLS,CLEAR,DAYLIGHT,SIDESWIPE SAME DIRECTION,DRY,INJURY AND / OR TOW DUE TO CRASH,"$501 - $1,500",UNABLE TO DETERMINE,2,INCAPACITATING INJURY,1.0,0.0,1.0,14,5,12,41.93878815,-87.74163133,"['12/15/2022', '02:20:00', 'PM']"
8d449d9150c7de576d976e9970b9c8457b55aa566410ee7c9c75808a105ddaee9e49d894b676ad4f574377c9fce89cc134fe4a17dbbe783e86f47945db7e7c9c,2022-12-15 13:50:00,Thursday,35,TRAFFIC SIGNAL,RAIN,DAYLIGHT,HEAD ON,WET,INJURY AND / OR TOW DUE TO CRASH,"OVER $1,500",FAILING TO REDUCE SPEED TO AVOID CRASH,3,INCAPACITATING INJURY,1.0,0.0,1.0,13,5,12,41.80831505,-87.68541556,"['12/15/2022', '01:50:00', 'PM']"
ea3f94a84b1f7e97eabdc7ed314025c43050b3ff47ff2013163147e0f4452b889e1ea456d75999a40e328e3636bde934ff62b3af4465b17aeecbe4798eb8a27d,2022-12-15 12:54:00,Thursday,30,TRAFFIC SIGNAL,CLOUDY/OVERCAST,DAYLIGHT,ANGLE,DRY,INJURY AND / OR TOW DUE TO CRASH,"OVER $1,500","OPERATING VEHICLE IN ERRATIC, RECKLESS, CARELESS, NEGLIGENT OR AGGRESSIVE MANNER",4,INCAPACITATING INJURY,3.0,0.0,1.0,12,5,12,41.68473462,-87.66144687,"['12/15/2022', '12:54:00', 'PM']"
c70183839265f879aec6054d2a9d1fe2141f2c08609b668e5f7f11dc82ac4ebd08e172273e9e90cc7fd491fa1500e1d5de184b641e9bafe0fa1d26d32722135e,2022-12-15 05:50:00,Thursday,30,TRAFFIC SIGNAL,RAIN,"DARKNESS, LIGHTED ROAD",PEDESTRIAN,WET,INJURY AND / OR TOW DUE TO CRASH,$500 OR LESS,FAILING TO YIELD RIGHT-OF-WAY,2,FATAL,1.0,1.0,0.0,5,5,12,41.84370299,-87.72467961,"['12/15/2022', '05:50:00', 'AM']"
dae427015acb8e0d956104e2cecd9000ecc8315d41725e42d88904f39b7f3b84b520670eec9eb452e5d0f29822eb043aadf1368c5e7fe8582787ae48cf90c1d0,2022-12-15 00:50:00,Thursday,30,TRAFFIC SIGNAL,RAIN,"DARKNESS, LIGHTED ROAD",ANGLE,WET,INJURY AND / OR TOW DUE TO CRASH,"OVER $1,500",DISREGARDING TRAFFIC SIGNALS,2,INCAPACITATING INJURY,3.0,0.0,1.0,0,5,12,41.93044068,-87.68550709,"['12/15/2022', '12:50:00', 'AM']"
f7c94f33e9ffca9a7a06fb7adb1bd3e25418dd4f80e94419398f57c2d29a6335687adf3cd68337dc47707819e3fd2e2bbf357a66eaf65c38ace2d0a3a0cee555,2022-12-14 20:33:00,Wednesday,30,NO CONTROLS,RAIN,"DARKNESS, LIGHTED ROAD",PARKED MOTOR VEHICLE,WET,INJURY AND / OR TOW DUE TO CRASH,"OVER $1,500",FAILING TO REDUCE SPEED TO AVOID CRASH,3,INCAPACITATING INJURY,2.0,0.0,1.0,20,4,12,41.79583173,-87.63200659,"['12/14/2022', '08:33:00', 'PM']"
f4009564407f60653ca6de070e1e66a2d0b259b6f382704b80b477b131364f96f7b011d486540245d06c05f1171cbf7cb930284bbdba77c01da045816bf3470b,2022-12-14 20:07:00,Wednesday,30,TRAFFIC SIGNAL,RAIN,"DARKNESS, LIGHTED ROAD",PEDESTRIAN,WET,INJURY AND / OR TOW DUE TO CRASH,$500 OR LESS,WEATHER,2,INCAPACITATING INJURY,1.0,0.0,1.0,20,4,12,41.87466255,-87.62766344,"['12/14/2022', '08:07:00', 'PM']"
d970d03b526268ed915ee52f262078fd006bba06728aaf3e580d9b55c7b29ca7c3fe4af0b863697540b9644aa3656f4bb211bdd0407ba668c34f4c0c4709da61,2022-12-14 19:15:00,Wednesday,30,NO CONTROLS,FREEZING RAIN/DRIZZLE,"DARKNESS, LIGHTED ROAD",PEDESTRIAN,WET,INJURY AND / OR TOW DUE TO CRASH,"OVER $1,500",NOT APPLICABLE,2,FATAL,1.0,1.0,0.0,19,4,12,41.8659742,-87.74490349,"['12/14/2022', '07:15:00', 'PM']"
4958eeaf64a2041546ab297a3607a6604152c2070d29741146b16fd0c042a95d1aedb8e518615bcb76542f6ffa9ad95662e0c6eb26022566e1178fecec59b863,2022-12-14 18:00:00,Wednesday,35,NO CONTROLS,RAIN,"DARKNESS, LIGHTED ROAD",PEDESTRIAN,WET,INJURY AND / OR TOW DUE TO CRASH,$500 OR LESS,UNABLE TO DETERMINE,2,INCAPACITATING INJURY,1.0,0.0,1.0,18,4,12,41.99599967,-87.68997363,"['12/14/2022', '06:00:00', 'PM']"
1d679819dd8f87a53f919f0b61774d937ad994e74951cd3557811ca43110ffc77664538f4b082c39018133c86f35030bfcab227553597e6abc88b94f760228f7,2022-12-14 16:51:00,Wednesday,30,NO CONTROLS,RAIN,"DARKNESS, LIGHTED ROAD",PEDESTRIAN,WET,INJURY AND / OR TOW DUE TO CRASH,$500 OR LESS,NOT APPLICABLE,2,INCAPACITATING INJURY,1.0,0.0,1.0,16,4,12,42.01212966,-87.70197457,"['12/14/2022', '04:51:00', 'PM']"
e57f7f174a2c96dae0366cedf5e03c0dcef5402b30f4f8791636755138250578d98314229a690ddd97c12fa26c2325bf18e8abcbf9a28bb4ce6221ea1805f5e0,2022-12-14 15:15:00,Wednesday,30,TRAFFIC SIGNAL,RAIN,DAYLIGHT,ANGLE,WET,INJURY AND / OR TOW DUE TO CRASH,"OVER $1,500",DISREGARDING TRAFFIC SIGNALS,4,INCAPACITATING INJURY,4.0,0.0,2.0,15,4,12,41.94359816,-87.82888324,"['12/14/2022', '03:15:00', 'PM']"
d3ab3ee5e525c11351fc002a29d664aebc5805c5135e88fc927aebf8d29e6fbb1225703731cafdf4e14ac77efde80ee3b8cc85f1cd9bea69743168455e09bacd,2022-12-13 16:39:00,Tuesday,30,NO CONTROLS,CLEAR,DARKNESS,ANGLE,DRY,INJURY AND / OR TOW DUE TO CRASH,"OVER $1,500",DISREGARDING STOP SIGN,2,INCAPACITATING INJURY,1.0,0.0,1.0,16,3,12,41.77432364,-87.63893157,"['12/13/2022', '04:39:00', 'PM']"
d6d060eaf567d7db767623e7d42bf6d6cf54f63aeefbee9f06ac253a2f7aea2eb624ce5e7454c822df1a579b31dfa63bfcf15a9764da3b7080c77ff7ecb5172b,2022-12-13 12:50:00,Tuesday,30,NO CONTROLS,CLEAR,DAYLIGHT,PEDESTRIAN,DRY,INJURY AND / OR TOW DUE TO CRASH,$500 OR LESS,FAILING TO YIELD RIGHT-OF-WAY,2,INCAPACITATING INJURY,1.0,0.0,1.0,12,3,12,41.90590122,-87.6771905,"['12/13/2022', '12:50:00', 'PM']"
06ed1b4efefcea44c028a33dd59da3e89c54a416cadb7cb11da392f65dd3b862f5e8c1d66e15baa6ce84c7c2730465dd687466296ce238b589bdfb12060eb554,2022-12-12 21:20:00,Monday,30,STOP SIGN/FLASHER,CLEAR,DAYLIGHT,ANGLE,UNKNOWN,INJURY AND / OR TOW DUE TO CRASH,"OVER $1,500",FAILING TO YIELD RIGHT-OF-WAY,2,INCAPACITATING INJURY,1.0,0.0,1.0,21,2,12,41.95035435,-87.70929213,"['12/12/2022', '09:20:00', 'PM']"
b89fd07a86b9482a2b0106d10babb864544bdc8d06bae0c712d198315067bb69e6473c017b550709101c3f5afdd2240f34a3528c02546f164aa56948c39e6bd4,2022-12-12 20:35:00,Monday,30,TRAFFIC SIGNAL,CLEAR,"DARKNESS, LIGHTED ROAD",REAR END,UNKNOWN,INJURY AND / OR TOW DUE TO CRASH,"OVER $1,500",FOLLOWING TOO CLOSELY,2,INCAPACITATING INJURY,2.0,0.0,1.0,20,2,12,41.87200214,-87.75491749,"['12/12/2022', '08:35:00', 'PM']"
cb277c08b879609bb76d679716c63bf3662e38db688942694bb220acd12e78d67105b8e71ddcb0da663c5d98bdae77e22e4d411c213d87ba95496431678395d0,2022-12-12 14:06:00,Monday,30,TRAFFIC SIGNAL,CLEAR,DAYLIGHT,TURNING,DRY,INJURY AND / OR TOW DUE TO CRASH,"OVER $1,500",UNABLE TO DETERMINE,2,INCAPACITATING INJURY,1.0,0.0,1.0,14,2,12,41.81700662,-87.69925984,"['12/12/2022', '02:06:00', 'PM']"
c4cbcdea789b72dbce45c13d29d38b12130dc934e7275381154bc91a0284863381974173e6cc4d9bff3b3f58386e697724bcd840e7e28190e0682c8fc7670048,2022-12-12 10:10:00,Monday,30,NO CONTROLS,CLEAR,DAYLIGHT,TURNING,DRY,INJURY AND / OR TOW DUE TO CRASH,"OVER $1,500",DRIVING SKILLS/KNOWLEDGE/EXPERIENCE,2,INCAPACITATING INJURY,1.0,0.0,1.0,10,2,12,41.8660353,-87.66622297,"['12/12/2022', '10:10:00', 'AM']"