CRASH_RECORD_ID,CRASH_DATE,Weekday,POSTED_SPEED_LIMIT,TRAFFIC_CONTROL_DEVICE,WEATHER_CONDITION,LIGHTING_CONDITION,FIRST_CRASH_TYPE,ROADWAY_SURFACE_COND,CRASH_TYPE,DAMAGE,PRIM_CONTRIBUTORY_CAUSE,NUM_UNITS,MOST_SEVERE_INJURY,INJURIES_TOTAL,INJURIES_FATAL,INJURIES_INCAPACITATING,CRASH_HOUR,CRASH_DAY_OF_WEEK,CRASH_MONTH,LATITUDE,LONGITUDE,CRASH_TIME
a088c5623a2265f61cc4f613cd98fbb064b4add12b4239a04642f381ee80fbc37299e4247ece3833809555bc023444571d7a371ab52c6f8dec1d21a2de9855de,2022-12-12 02:08:00,Monday,30,TRAFFIC SIGNAL,CLEAR,DARKNESS,REAR END,DRY,INJURY AND / OR TOW DUE TO CRASH,"OVER $1,500",FOLLOWING TOO CLOSELY,3,INCAPACITATING INJURY,1.0,0.0,1.0,2,2,12,41.95274518,-87.78640479,"['12/12/2022', '02:08:00', 'AM']"
bd5d21d37d5ecdb1aee29e4518b1a6c5e853ab3bf78fb25701d53532c94e818c74119b89c8d99b52524e0ab718d4afdfef0b4e1aee44aadf2a81d74687df913e,2022-12-11 21:32:00,Sunday,30,STOP SIGN/FLASHER,CLOUDY/OVERCAST,"DARKNESS, LIGHTED ROAD",TURNING,DRY,INJURY AND / OR TOW DUE TO CRASH,"OVER $1,500",UNABLE TO DETERMINE,4,INCAPACITATING INJURY,2.0,0.0,1.0,21,1,12,41.65358801,-87.61739612,"['12/11/2022', '09:32:00', 'PM']"
bf6ac2a4171e4bf3b813b0f143915b442dba540de39dabd1834a90602af9983d35ea0ccb11b38b094161ce507514a207350275d92400a66628a2be141db27a38,2022-12-11 18:45:00,Sunday,45,NO CONTROLS,CLEAR,DUSK,FIXED OBJECT,DRY,INJURY AND / OR TOW DUE TO CRASH,"OVER $1,500",UNABLE TO DETERMINE,1,INCAPACITATING INJURY,1.0,0.0,1.0,18,1,12,41.79796105,-87.58091488,"['12/11/2022', '06:45:00', 'PM']"
42d59cf0ea301459ad730ca1fc92b4b2127c40a68e4cdfb2cfaf74919073357e347ed1f839788ec27cb3ad905dfbea665797996259456544a35e2b701770026a,2022-12-11 14:45:00,Sunday,30,STOP SIGN/FLASHER,UNKNOWN,UNKNOWN,PEDESTRIAN,UNKNOWN,INJURY AND / OR TOW DUE TO CRASH,"OVER $1,500",UNABLE TO DETERMINE,2,INCAPACITATING INJURY,1.0,0.0,1.0,14,1,12,41.96627491,-87.70855457,"['12/11/2022', '02:45:00', 'PM']"
9019f4fcdb642fb27b7a9f5edca1842c6b00c3699882c94118a97b1a9de66201033073de4069b8a454f22c233cdd3a47c8cb258a83b3a1aea0bec17f83a4c2c4,2022-12-11 08:01:00,Sunday,35,TRAFFIC SIGNAL,CLEAR,DAYLIGHT,REAR END,DRY,INJURY AND / OR TOW DUE TO CRASH,"OVER $1,500",PHYSICAL CONDITION OF DRIVER,2,INCAPACITATING INJURY,4.0,0.0,1.0,8,1,12,41.88045118,-87.74512888,"['12/11/2022', '08:01:00', 'AM']"
d6e48388ecb393c0821fd63f20be04b7ec57dd2d4e520d10ed1995daa6ee3c6c85fa4773b0a3ac4ee5693145b08f98da0cc129273e42501e8527085dcbd7513d,2022-12-11 05:30:00,Sunday,30,NO CONTROLS,CLOUDY/OVERCAST,DARKNESS,PEDESTRIAN,WET,INJURY AND / OR TOW DUE TO CRASH,$500 OR LESS,PHYSICAL CONDITION OF DRIVER,3,INCAPACITATING INJURY,1.0,0.0,1.0,5,1,12,41.6761886,-87.62031031,"['12/11/2022', '05:30:00', 'AM']"
79d0b55672fdd2cd8b5fe0711d5f58632a9f752463c4bdc3b34235edc0d06333f1c61f468eedb570c3d5cd329b9a5536e369910f5aacdbe13a95cb8f26fd4212,2022-12-10 22:15:00,Saturday,30,STOP SIGN/FLASHER,CLEAR,"DARKNESS, LIGHTED ROAD",ANGLE,DRY,INJURY AND / OR TOW DUE TO CRASH,"OVER $1,500",DISREGARDING STOP SIGN,2,INCAPACITATING INJURY,1.0,0.0,1.0,22,7,12,41.77345339,-87.70315684,"['12/10/2022', '10:15:00', 'PM']"
46d2f84c0b44509bef1ca0985e99e52be852f7b97101e3072cc89b67e3433507320916668992ca724bb4746d293b68ac42f5b362be81f1ad822befcc304490b7,2022-12-10 21:34:00,Saturday,30,NO CONTROLS,FREEZING RAIN/DRIZZLE,"DARKNESS, LIGHTED ROAD",FIXED OBJECT,WET,INJURY AND / OR TOW DUE TO CRASH,"OVER $1,500",UNABLE TO DETERMINE,1,INCAPACITATING INJURY,1.0,0.0,1.0,21,7,12,41.923335,-87.6877428,"['12/10/2022', '09:34:00', 'PM']"
bc158f38aa6a7c6ec70ba66439c6757811eb0fc42b1bb495e9360eab3ea78efbf6ec657c3279baa512e79bc384ed4d3f7fa2a12a4deca929844aaca47db8896f,2022-12-10 18:15:00,Saturday,30,TRAFFIC SIGNAL,RAIN,"DARKNESS, LIGHTED ROAD",ANGLE,WET,INJURY AND / OR TOW DUE TO CRASH,"$501 - $1,500",UNABLE TO DETERMINE,2,INCAPACITATING INJURY,2.0,0.0,2.0,18,7,12,41.77909355,-87.68866809,"['12/10/2022', '06:15:00', 'PM']"
9ac8b7313f9b38f4c1b0549386d902aec8965bea0f8c528888d45d0940c6abcdd0b965eedbaf989fc70c90652532d2c286489d7e36bb632e715eb502c19b1582,2022-12-10 06:55:00,Saturday,30,TRAFFIC SIGNAL,CLOUDY/OVERCAST,DAYLIGHT,ANGLE,DRY,INJURY AND / OR TOW DUE TO CRASH,"OVER $1,500",DISREGARDING TRAFFIC SIGNALS,2,INCAPACITATING INJURY,1.0,0.0,1.0,6,7,12,41.77067874,-87.61250068,"['12/10/2022', '06:55:00', 'AM']"
015df9cd5cff1f1a129c8845c5273934ead9f95cc6890b1122eefee383ee4fbd9ed6de88e583d59b202d72dd2d5f4df699f80d55e24f56537f76db9b21b45eb1,2022-12-10 01:12:00,Saturday,30,NO CONTROLS,CLEAR,"DARKNESS, LIGHTED ROAD",OTHER OBJECT,WET,INJURY AND / OR TOW DUE TO CRASH,"OVER $1,500",UNABLE TO DETERMINE,1,FATAL,1.0,1.0,0.0,1,7,12,41.93121325,-87.72710906,"['12/10/2022', '01:12:00', 'AM']"
18d6ba4d0f058861d695bc1ac46a72a4beb3fec7060ff44f32e4a8a8c5d719d4375db0f7ffcad133df33c82c76ea15cc4200dd59c8d81bf85bdda9f672dbc8b5,2022-12-09 23:50:00,Friday,35,STOP SIGN/FLASHER,RAIN,DARKNESS,ANGLE,WET,INJURY AND / OR TOW DUE TO CRASH,"OVER $1,500",FAILING TO YIELD RIGHT-OF-WAY,2,INCAPACITATING INJURY,1.0,0.0,1.0,23,6,12,42.00335424,-87.81729036,"['12/09/2022', '11:50:00', 'PM']"
05ca90937c8f199ddd8556876730ff13758de1a6de9cb856a72665837f4756de71ae1d79235b8099fe64c10c110f53cfd0b7ca66fd1d3af8add81a383ae78fcb,2022-12-09 23:00:00,Friday,40,NO CONTROLS,RAIN,"DARKNESS, LIGHTED ROAD",FIXED OBJECT,WET,INJURY AND / OR TOW DUE TO CRASH,"OVER $1,500",WEATHER,1,INCAPACITATING INJURY,1.0,0.0,1.0,23,6,12,41.90075297,-87.624235,"['12/09/2022', '11:00:00', 'PM']"
d3a946a97ae7c1406caabaca57c2631a2701121a76cdbcde74dfad980d9dfbe97c3ce08dfb4c5392b32ef41c057e40aa0de6d7667f9ada41e20461e024eb3ef4,2022-12-09 22:45:00,Friday,30,STOP SIGN/FLASHER,RAIN,"DARKNESS, LIGHTED ROAD",ANGLE,WET,INJURY AND / OR TOW DUE TO CRASH,"OVER $1,500",DISREGARDING STOP SIGN,2,INCAPACITATING INJURY,1.0,0.0,1.0,22,6,12,41.88406597,-87.6719416,"['12/09/2022', '10:45:00', 'PM']"
67622e2c495360904589c8318143d6a4c547952cf58c175c0ca13ba876ffab9d7f6322ecc7ad54e94d279f6f67c993f3d9fd9f2983278214f635592b9a98a7e9,2022-12-09 20:39:00,Friday,30,TRAFFIC SIGNAL,RAIN,"DARKNESS, LIGHTED ROAD",HEAD ON,WET,INJURY AND / OR TOW DUE TO CRASH,"OVER $1,500",IMPROPER OVERTAKING/PASSING,2,INCAPACITATING INJURY,2.0,0.0,1.0,20,6,12,41.84525018,-87.64397862,"['12/09/2022', '08:39:00', 'PM']"
422a6696138d4f4f0725999301bf301331ab01f8e2d4db171882ec77af16988037d0a382ae4c5a40a619fe718cd054bfd8a66af1b121f2580be786f6c29cd78d,2022-12-09 19:25:00,Friday,30,TRAFFIC SIGNAL,RAIN,DARKNESS,HEAD ON,WET,INJURY AND / OR TOW DUE TO CRASH,"OVER $1,500",UNABLE TO DETERMINE,2,INCAPACITATING INJURY,1.0,0.0,1.0,19,6,12,41.86977272,-87.725161,"['12/09/2022', '07:25:00', 'PM']"
76564152e251a16936894bb5fc7d54146945b10e75321159ef3a381563df85c712c9d52828bb21c8bff3b828e5695fb0646a7f18053083421b19a18ad6762036,2022-12-09 09:40:00,Friday,30,NO CONTROLS,RAIN,DAYLIGHT,REAR TO FRONT,WET,INJURY AND / OR TOW DUE TO CRASH,"OVER $1,500",UNABLE TO DETERMINE,2,INCAPACITATING INJURY,1.0,0.0,1.0,9,6,12,41.93160795,-87.69775578,"['12/09/2022', '09:40:00', 'AM']"
cf3fbd33d01a7e3694a249c977bdd81c099ec54ab64afce9a043624c216ff44e41837f924f886008d2fa969c2b950d5e1e9442881325ae7d3d696f49f556bdc1,2022-12-09 07:40:00,Friday,30,STOP SIGN/FLASHER,RAIN,DAYLIGHT,PEDESTRIAN,SNOW OR SLUSH,INJURY AND / OR TOW DUE TO CRASH,"$501 - $1,500",UNABLE TO DETERMINE,2,INCAPACITATING INJURY,1.0,0.0,1.0,7,6,12,41.96928547,-87.75980631,"['12/09/2022', '07:40:00', 'AM']"
3b6ad4b0d447ad5620866fe637d0e358a07886ee35c6c9b69a9caeb872826dace06fe6a40ec497c91c32ed0097ee4e437c8325e36e1f2d94c7853956ea28ddbf,2022-12-09 05:47:00,Friday,30,TRAFFIC SIGNAL,SLEET/HAIL,"DARKNESS, LIGHTED ROAD",TURNING,WET,INJURY AND / OR TOW DUE TO CRASH,"OVER $1,500",FAILING TO YIELD RIGHT-OF-WAY,2,INCAPACITATING INJURY,2.0,0.0,2.0,5,6,12,41.94617573,-87.74692156,"['12/09/2022', '05:47:00', 'AM']"
84952ae235a0c760f520c20e7f36d79422288e5936e65ba1097fa4073a80d88d0630b8625fcd3d951f3478c928bf58fb3ec180c832b2a4580b918c65dbfbed10,2022-12-09 00:25:00,Friday,30,NO CONTROLS,CLEAR,"DARKNESS, LIGHTED ROAD",OVERTURNED,DRY,INJURY AND / OR TOW DUE TO CRASH,"OVER $1,500",UNABLE TO DETERMINE,1,INCAPACITATING INJURY,1.0,0.0,1.0,0,6,12,41.96178,-87.74742527,"['12/09/2022', '12:25:00', 'AM']"
c286acc39184684eee7739189d25e0eb70182492cd05b5b974180ec510d0db7f65d7e4fd724f9babcd27cb64f550aa18c49dd8d359c9801e87a725d7c8e667b1,2022-12-08 21:55:00,Thursday,30,NO CONTROLS,CLEAR,"DARKNESS, LIGHTED ROAD",PEDALCYCLIST,DRY,INJURY AND / OR TOW DUE TO CRASH,$500 OR LESS,UNABLE TO DETERMINE,2,INCAPACITATING INJURY,1.0,0.0,1.0,21,5,12,41.8871706,-87.66188297,"['12/08/2022', '09:55:00', 'PM']"
7a8b021e4adda86419f8e8a6fe12d3e6568ebfed2ecc92f07d7fd59aedcc937d91152592c8b7107544f2a8ea9b2acd81611d52b9e1159bb586e04abf9e2c0cbe,2022-12-08 17:25:00,Thursday,30,TRAFFIC SIGNAL,CLEAR,"DARKNESS, LIGHTED ROAD",TURNING,DRY,INJURY AND / OR TOW DUE TO CRASH,"OVER $1,500",UNABLE TO DETERMINE,2,INCAPACITATING INJURY,1.0,0.0,1.0,17,5,12,41.92801719,-87.74657166,"['12/08/2022', '05:25:00', 'PM']"
fd16cc43ed943f93333ccad9b086b5266be513eaa4a9af6c9458496b0e5cec86a42e2a714ca9a10d672da0c2e45051ad288659b28cccb9ccb3c69307b786d065,2022-12-08 11:15:00,Thursday,25,TRAFFIC SIGNAL,CLEAR,DAYLIGHT,REAR END,DRY,INJURY AND / OR TOW DUE TO CRASH,"OVER $1,500",FOLLOWING TOO CLOSELY,3,INCAPACITATING INJURY,1.0,0.0,1.0,11,5,12,41.96877857,-87.66814745,"['12/08/2022', '11:15:00', 'AM']"
7159e436003e7ed0e59200065efbb13bf4d3641d1784e4b20bdc751fbfede36b061dea647776d42a67f1b06540a3b48abf61472f1cb3124ae0364933cda86e0c,2022-12-08 10:44:00,Thursday,30,NO CONTROLS,CLEAR,DAYLIGHT,PARKED MOTOR VEHICLE,DRY,INJURY AND / OR TOW DUE TO CRASH,"OVER $1,500",IMPROPER OVERTAKING/PASSING,2,INCAPACITATING INJURY,2.0,0.0,2.0,10,5,12,41.96076194,-87.73462558,"['12/08/2022', '10:44:00', 'AM']"
8f68212b3b7019d507a375715411f9b470fb22c569ec6eb50d4bd41f59aace19c284d2ed8aa7343998a72ff1395d670e82f23a42928dbb8422c913782be97070,2022-12-08 06:00:00,Thursday,30,NO CONTROLS,CLEAR,DAWN,REAR END,DRY,INJURY AND / OR TOW DUE TO CRASH,"OVER $1,500",FOLLOWING TOO CLOSELY,3,INCAPACITATING INJURY,1.0,0.0,1.0,6,5,12,41.66042281,-87.58639179,"['12/08/2022', '06:00:00', 'AM']"
6c47e775a25504f346c434295912e8ce1b7927a680fde0d3e530841128d510fe511b63fb8e49312a6bf03e1ab09d690759283828ff1a4f2aa937d4a578016c75,2022-12-08 00:55:00,Thursday,30,TRAFFIC SIGNAL,CLEAR,"DARKNESS, LIGHTED ROAD",PARKED MOTOR VEHICLE,DRY,INJURY AND / OR TOW DUE TO CRASH,"OVER $1,500",UNABLE TO DETERMINE,2,INCAPACITATING INJURY,1.0,0.0,1.0,0,5,12,41.88049675,-87.73582424,"['12/08/2022', '12:55:00', 'AM']"
262120b4fec99f6cd21cb764adbcef59784f2086772605e80332b88aa7753cb8c0c227e92748ea14afeb2ac241c3916f99ffe2abfc5493034b41057ab14f75e4,2022-12-07 23:05:00,Wednesday,30,TRAFFIC SIGNAL,CLEAR,"DARKNESS, LIGHTED ROAD",PEDESTRIAN,DRY,INJURY AND / OR TOW DUE TO CRASH,"$501 - $1,500",DISREGARDING TRAFFIC SIGNALS,2,INCAPACITATING INJURY,1.0,0.0,1.0,23,4,12,41.74685012,-87.64407521,"['12/07/2022', '11:05:00', 'PM']"
49e239c3b771de3295a321ccf31b0d77f86b73ec079913f24fb520dfcd32b6620edb70965947b88a6959c10835c30ee841bd0b9876ae219e0a84ac31b3c683fc,2022-12-07 20:11:00,Wednesday,30,NO CONTROLS,CLEAR,"DARKNESS, LIGHTED ROAD",FIXED OBJECT,DRY,INJURY AND / OR TOW DUE TO CRASH,"OVER $1,500",UNABLE TO DETERMINE,1,FATAL,1.0,1.0,0.0,20,4,12,41.97578974,-87.77123511,"['12/07/2022', '08:11:00', 'PM']"
9ae354146227569655330543ca231f7161ee3f3060f7d05aead025fa3c1a5618a84ffa25d1c379c10acd820567dedbd97e943fd60c3ead2874e84869921984c2,2022-12-07 16:36:00,Wednesday,30,NO CONTROLS,CLEAR,"DARKNESS, LIGHTED ROAD",FIXED OBJECT,DRY,INJURY AND / OR TOW DUE TO CRASH,"OVER $1,500",UNABLE TO DETERMINE,1,INCAPACITATING INJURY,1.0,0.0,1.0,16,4,12,41.87614519,-87.69131957,"['12/07/2022', '04:36:00', 'PM']"
b44847579ba59b0505275a18c8a20bbe7bbbd5b585ff10596cbee11e75230b3ba136706e86039743f6015a6002f9e896bd20c42aaa101945ac77d7922f0e3a2c,2022-12-06 11:16:00,Tuesday,30,NO CONTROLS,RAIN,DAYLIGHT,TURNING,WET,INJURY AND / OR TOW DUE TO CRASH,"OVER $1,500",FAILING TO YIELD RIGHT-OF-WAY,2,INCAPACITATING INJURY,1.0,0.0,1.0,11,3,12,41.70219806,-87.53634477,"['12/06/2022', '11:16:00', 'AM']"
08c067a63ffbcb357e2a32240ece4910ab4285d6f32d1259da32fe0730368053ed84918e85fd145affdd18a5981a621bac2eb9e044478e8e0aebe5d59198d286,2022-12-05 22:46:00,Monday,40,NO CONTROLS,RAIN,"DARKNESS, LIGHTED ROAD",REAR END,WET,INJURY AND / OR TOW DUE TO CRASH,"OVER $1,500",UNABLE TO DETERMINE,2,INCAPACITATING INJURY,1.0,0.0,1.0,22,2,12,41.89115238,-87.61374793,"['12/05/2022', '10:46:00', 'PM']"
1d7b8dd091029db05dd1d7347ac49f0c182c3c46b54e809a07506ad2ed3ab4757b516567f7ef13429157a261dbf716a5539fb3b4513bedeb638f08e4e911092e,2022-12-05 18:05:00,Monday,30,TRAFFIC SIGNAL,CLEAR,"DARKNESS, LIGHTED ROAD",TURNING,DRY,INJURY AND / OR TOW DUE TO CRASH,"OVER $1,500",FOLLOWING TOO CLOSELY,3,INCAPACITATING INJURY,2.0,0.0,1.0,18,2,12,41.89673656,-87.62699713,"['12/05/2022', '06:05:00', 'PM']"
294508bd2335d881fde50edd514c25ad482c90e7cc3ec8ea0035b20fa041b327ae5fd1601a6407a67aab4a4bf2d156487dd6372b2e0f2baecb4262fdc77740f3,2022-12-05 17:00:00,Monday,30,TRAFFIC SIGNAL,CLEAR,"DARKNESS, LIGHTED ROAD",REAR END,DRY,INJURY AND / OR TOW DUE TO CRASH,"OVER $1,500",FOLLOWING TOO CLOSELY,2,INCAPACITATING INJURY,1.0,0.0,1.0,17,2,12,41.91066083,-87.65411567,"['12/05/2022', '05:00:00', 'PM']"
7f000e68a6cedef284947cab1ede966a47d0ec8a9d307f6240c3d08723ddb0f1a9cfb0ce4d3861361ee432218a0dbb302bccce77a9c8e551f884ffdd8ac14a84,2022-12-05 15:30:00,Monday,30,NO CONTROLS,CLEAR,DAYLIGHT,SIDESWIPE SAME DIRECTION,DRY,INJURY AND / OR TOW DUE TO CRASH,"OVER $1,500",UNABLE TO DETERMINE,4,INCAPACITATING INJURY,1.0,0.0,1.0,15,2,12,41.73518805,-87.70946191,"['12/05/2022', '03:30:00', 'PM']"
792edb100269b06307b8c7cfb2c547b2dbf4438d5758517dd8b73e2e56e02253f3475a0f67a23400c43c1aeddaadca895d992674184afeb72e528c0c040beed7,2022-12-05 09:49:00,Monday,30,NO CONTROLS,CLEAR,DAYLIGHT,PARKED MOTOR VEHICLE,DRY,INJURY AND / OR TOW DUE TO CRASH,"OVER $1,500",NOT APPLICABLE,3,INCAPACITATING INJURY,1.0,0.0,1.0,9,2,12,41.89949815,-87.75931027,"['12/05/2022', '09:49:00', 'AM']"
3320537e85d76495a21916f093380b58ec3d6d837af43266df8aa91457e1686892bd1dd4544ec8abe4b89924a6999af9555d8ebfef70793aa458d4b2e70ee620,2022-12-05 09:20:00,Monday,30,NO CONTROLS,CLEAR,DAYLIGHT,FIXED OBJECT,DRY,INJURY AND / OR TOW DUE TO CRASH,"OVER $1,500",UNABLE TO DETERMINE,1,INCAPACITATING INJURY,2.0,0.0,1.0,9,2,12,41.95405943,-87.67780237,"['12/05/2022', '09:20:00', 'AM']"
c7e9857be14af26889b5c4fa9b092b47ae354e6e11f68a609a046f248b76cdefe094cfc20b02a21eadfad492fbd59c2c2c782bb764cb899cfe598c418575c931,2022-12-05 05:50:00,Monday,15,NO CONTROLS,CLEAR,DAWN,FIXED OBJECT,DRY,INJURY AND / OR TOW DUE TO CRASH,"OVER $1,500",FAILING TO REDUCE SPEED TO AVOID CRASH,1,INCAPACITATING INJURY,2.0,0.0,1.0,5,2,12,41.86967087,-87.74361616,"['12/05/2022', '05:50:00', 'AM']"
a3893c8f1b4b6ac955b43fdc445cbbaf6a78f9910fc8ea7f34e3e58e2ddd06fb9419c841fb1a8c0bb29a1673b692f6aded316f5340c03f1ddd418578809925fe,2022-12-05 00:12:00,Monday,30,NO CONTROLS,CLEAR,"DARKNESS, LIGHTED ROAD",HEAD ON,DRY,INJURY AND / OR TOW DUE TO CRASH,"OVER $1,500",DRIVING ON WRONG SIDE/WRONG WAY,2,INCAPACITATING INJURY,3.0,0.0,1.0,0,2,12,41.72232541,-87.57914614,"['12/05/2022', '12:12:00', 'AM']"
bfd4fbf400c9e8f7337ba0b43288048d1e1ea9220ab648616eb91c31e2d3e3ce82325369f24bcca717af359d0abf74bcc27a6862aa46c02454f97072f174c544,2022-12-04 21:39:00,Sunday,30,NO CONTROLS,CLEAR,DARKNESS,PARKED MOTOR VEHICLE,DRY,INJURY AND / OR TOW DUE TO CRASH,"OVER $1,500",UNABLE TO DETERMINE,3,INCAPACITATING INJURY,2.0,0.0,2.0,21,1,12,41.89882634,-87.70763403,"['12/04/2022', '09:39:00', 'PM']"
7178e2179aec7bae3b5cb4ed391c1c043c7ec48fbd05d7cc8a84adfccd6b298ae7775d10aafec9221df1996225ca4e84061f52bbf9bc1628c93ec311b950119a,2022-12-04 17:59:00,Sunday,30,TRAFFIC SIGNAL,CLEAR,"DARKNESS, LIGHTED ROAD",PEDESTRIAN,DRY,INJURY AND / OR TOW DUE TO CRASH,"OVER $1,500",DISREGARDING TRAFFIC SIGNALS,2,INCAPACITATING INJURY,1.0,0.0,1.0,17,1,12,41.89099213,-87.61491067,"['12/04/2022', '05:59:00', 'PM']"
45f48d41ba1ea037b6ea66c3f8f5ae66a7fbf7f2e60e80259380a14041744115bfaf7a85c9ae38ad9c5d5389c1ad5b241ab4b27c42c606baef1009ffdb1d9a63,2022-12-04 17:30:00,Sunday,20,STOP SIGN/FLASHER,CLEAR,DUSK,PEDALCYCLIST,UNKNOWN,INJURY AND / OR TOW DUE TO CRASH,"OVER $1,500",DISREGARDING STOP SIGN,2,INCAPACITATING INJURY,1.0,0.0,1.0,17,1,12,41.90490547,-87.69193643,"['12/04/2022', '05:30:00', 'PM']"
1da14c9a93b666ed72d48f918fc1a20ec2d2778caa36f78d82c82cf6ac3e2fd793b7376b9d6dc9679d221b5e72d563f95a302850a2d11a4357be392f3f301b20,2022-12-04 10:25:00,Sunday,30,NO CONTROLS,CLEAR,DAYLIGHT,ANGLE,DRY,INJURY AND / OR TOW DUE TO CRASH,"OVER $1,500",FAILING TO YIELD RIGHT-OF-WAY,2,INCAPACITATING INJURY,2.0,0.0,1.0,10,1,12,41.75070587,-87.66965379,"['12/04/2022', '10:25:00', 'AM']"
f0f2a66490890a05d8a873860f126b5eea9fb1f18050276ff322b13863c567c36520fdc114d20fb975f759078f9dfebe507061de8f15ba9285f1c67fa13f83e9,2022-12-04 08:08:00,Sunday,35,NO CONTROLS,CLEAR,DAYLIGHT,FIXED OBJECT,DRY,INJURY AND / OR TOW DUE TO CRASH,"OVER $1,500",ROAD ENGINEERING/SURFACE/MARKING DEFECTS,1,FATAL,1.0,1.0,0.0,8,1,12,41.80182977,-87.74314245,"['12/04/2022', '08:08:00', 'AM']"
1492fdd4f225356546c7f5317f1c9bc2b699c432db2d8b592ed1867acb8cc4795d4d53aa3f4b323ce6fc141481c7f4247dfe984157ea92033a575be438d89d76,2022-12-04 07:45:00,Sunday,35,NO CONTROLS,CLEAR,DAYLIGHT,TURNING,DRY,INJURY AND / OR TOW DUE TO CRASH,"$501 - $1,500",UNABLE TO DETERMINE,2,INCAPACITATING INJURY,1.0,0.0,1.0,7,1,12,41.9607182,-87.73849302,"['12/04/2022', '07:45:00', 'AM']"
3b025508d23727affee27fa1c802fbf6bfd55c57b0f01c554cb8c1319a6afa275ab5c1c8e2d1244dbc48a4e6ddeff619c52a602186518dc5233a5123db24713c,2022-12-04 05:07:00,Sunday,30,NO CONTROLS,CLEAR,"DARKNESS, LIGHTED ROAD",FIXED OBJECT,DRY,INJURY AND / OR TOW DUE TO CRASH,"OVER $1,500",DRIVING SKILLS/KNOWLEDGE/EXPERIENCE,1,INCAPACITATING INJURY,1.0,0.0,1.0,5,1,12,41.76937233,-87.61939589,"['12/04/2022', '05:07:00', 'AM']"
39ae9847254fbce5cf7e13e88059c2fbae6f9751857033b4760e5858bc2925c3738255760914c92d4a685be3336a10eb6e76699cc5790abd0eb17454fca63ddc,2022-12-04 01:52:00,Sunday,30,TRAFFIC SIGNAL,CLEAR,"DARKNESS, LIGHTED ROAD",ANGLE,DRY,INJURY AND / OR TOW DUE TO CRASH,"OVER $1,500",DRIVING ON WRONG SIDE/WRONG WAY,2,INCAPACITATING INJURY,1.0,0.0,1.0,1,1,12,41.88449949,-87.63523358,"['12/04/2022', '01:52:00', 'AM']"
d1138a846e01af1a3085d74e48cef62cb339917abbb0481a1d498afd4878679756682f1a2ba24136d7de2691b54f7b420636325a2820c43ba5d760160c31e31f,2022-12-03 23:00:00,Saturday,25,NO CONTROLS,CLEAR,"DARKNESS, LIGHTED ROAD",PEDESTRIAN,DRY,INJURY AND / OR TOW DUE TO CRASH,"OVER $1,500",UNABLE TO DETERMINE,2,FATAL,1.0,1.0,0.0,23,7,12,41.68874712,-87.67989866,"['12/03/2022', '11:00:00', 'PM']"
26dc5eb980965d15a313acde032eac338e0addc1f0d5c868df24313411c70f1334668e57d11394426ac6459dcf8be02c8e08c85355cdc7699b4a2a1d8e93ac2e,2022-12-03 21:40:00,Saturday,35,YIELD,CLEAR,"DARKNESS, LIGHTED ROAD",PEDALCYCLIST,DRY,INJURY AND / OR TOW DUE TO CRASH,"OVER $1,500",FAILING TO YIELD RIGHT-OF-WAY,2,INCAPACITATING INJURY,1.0,0.0,1.0,21,7,12,41.87174062,-87.62767068,"['12/03/2022', '09:40:00', 'PM']"
9b0bd9b795d10cbcd2c06b946aa02a5c9059309a875921810285faf3055bcf24da9b49695ce00cee8c43566fc49d1989b684c1b12470492df8d48e2c876014b8,2022-12-03 19:55:00,Saturday,30,NO CONTROLS,UNKNOWN,UNKNOWN,PEDESTRIAN,UNKNOWN,INJURY AND / OR TOW DUE TO CRASH,"OVER $1,500",UNABLE TO DETERMINE,2,FATAL,1.0,1.0,0.0,19,7,12,41.76779762,-87.58581992,"['12/03/2022', '07:55:00', 'PM']"
8192a5bc90b4ff2e3862476c64a148f965a3b3a4d24f5a4d7dd73589ab074973493038d42baee40a4a2e8bab4df0f07c1bb41662528c96024dd4863d5062b4e7,2022-12-03 11:50:00,Saturday,30,TRAFFIC SIGNAL,CLEAR,DAYLIGHT,ANGLE,DRY,INJURY AND / OR TOW DUE TO CRASH,"OVER $1,500",UNABLE TO DETERMINE,2,INCAPACITATING INJURY,2.0,0.0,2.0,11,7,12,41.98276175,-87.80679487,"['12/03/2022', '11:50:00', 'AM']"
deb474d384a2cf64b780739f15aa4c5f3b8c9774d0be6ca4456187504b064cc14d1ee16563ee115215407241ae2e81d5f96e4ef3801cbbf5d8c8d342e54d1ada,2022-12-03 11:32:00,Saturday,30,TRAFFIC SIGNAL,CLEAR,DAYLIGHT,TURNING,DRY,INJURY AND / OR TOW DUE TO CRASH,"OVER $1,500",DISREGARDING TRAFFIC SIGNALS,2,INCAPACITATING INJURY,1.0,0.0,1.0,11,7,12,41.99078621,-87.67976037,"['12/03/2022', '11:32:00', 'AM']"
9bdac008fceb0cb3db45b714cda033bae9cf2323a94809a24652ea9c4d9857a79714ddae8eca5201d8ec2ce3343bc860bd57f7295aa2770352ce4f680342c05d,2022-12-03 10:20:00,Saturday,20,TRAFFIC SIGNAL,CLEAR,DAYLIGHT,PEDESTRIAN,DRY,INJURY AND / OR TOW DUE TO CRASH,"OVER $1,500",DISREGARDING TRAFFIC SIGNALS,2,INCAPACITATING INJURY,1.0,0.0,1.0,10,7,12,41.83124311,-87.61694054,"['12/03/2022', '10:20:00', 'AM']"