CRASH_RECORD_ID,CRASH_DATE,Weekday,POSTED_SPEED_LIMIT,TRAFFIC_CONTROL_DEVICE,WEATHER_CONDITION,LIGHTING_CONDITION,FIRST_CRASH_TYPE,ROADWAY_SURFACE_COND,CRASH_TYPE,DAMAGE,PRIM_CONTRIBUTORY_CAUSE,NUM_UNITS,MOST_SEVERE_INJURY,INJURIES_TOTAL,INJURIES_FATAL,INJURIES_INCAPACITATING,CRASH_HOUR,CRASH_DAY_OF_WEEK,CRASH_MONTH,LATITUDE,LONGITUDE,CRASH_TIME
ad0f06db2246b4436dcdef84297feb2d0af0ded627e04d533343190ff9d8cc63ecce94ac0ff806370839c2781132b7e1ab4b29da023cded64d26951a820906ee,2022-11-23 10:50:00,Wednesday,45,NO CONTROLS,CLEAR,DAYLIGHT,REAR END,DRY,INJURY AND / OR TOW DUE TO CRASH,"OVER $1,500",UNABLE TO DETERMINE,4,INCAPACITATING INJURY,1.0,0.0,1.0,10,4,11,41.87575626,-87.61751568,"['11/23/2022', '10:50:00', 'AM']"
b4d148dbd7787af24f646d48e3b3d79506510c3e5cd299e29d303a896b412303e180242147b9d345bb77125a4254e6c8edc3bb2c69b84cfcba058ff7557d4dcc,2022-11-23 07:30:00,Wednesday,35,NO CONTROLS,CLEAR,DAYLIGHT,PARKED MOTOR VEHICLE,DRY,INJURY AND / OR TOW DUE TO CRASH,"OVER $1,500",IMPROPER TURNING/NO SIGNAL,2,INCAPACITATING INJURY,1.0,0.0,1.0,7,4,11,41.76362817,-87.62269488,"['11/23/2022', '07:30:00', 'AM']"
2aa8ad74e6418b94ab94d7e5b376395897f2686f1b812e3c92352b1d3276280c5857bfd69b4d7c755abdfe1d0eea4670e014d86d8d36b3086099412dd807270e,2022-11-23 06:55:00,Wednesday,30,TRAFFIC SIGNAL,CLEAR,DAYLIGHT,TURNING,DRY,INJURY AND / OR TOW DUE TO CRASH,"OVER $1,500",UNABLE TO DETERMINE,3,INCAPACITATING INJURY,3.0,0.0,2.0,6,4,11,41.75335698,-87.70264255,"['11/23/2022', '06:55:00', 'AM']"
5b5c225fcf97b7f99e51febc1f4db6bb42a244524eb58a93f3a6120e1c32db0a0de4904d56ac4b7c3de4a1cfcea59de8fd8cea8e0ca0fbc6a462353fb25e0417,2022-11-23 06:41:00,Wednesday,30,NO CONTROLS,CLEAR,DAYLIGHT,PEDESTRIAN,DRY,INJURY AND / OR TOW DUE TO CRASH,"OVER $1,500",UNABLE TO DETERMINE,2,FATAL,1.0,1.0,0.0,6,4,11,41.8090956,-87.69437934,"['11/23/2022', '06:41:00', 'AM']"
8324bdb7d7efcbb8a6e41c00b0bdd9d98a2a2e190bdbb5695634d350c6cafb3badc80ee946cff2cefac3b5db8889ad321ac241eacf50729868312fe1b109b75b,2022-11-23 05:47:00,Wednesday,35,TRAFFIC SIGNAL,CLEAR,DAYLIGHT,TURNING,DRY,INJURY AND / OR TOW DUE TO CRASH,"$501 - $1,500",DISREGARDING TRAFFIC SIGNALS,3,INCAPACITATING INJURY,3.0,0.0,1.0,5,4,11,41.87931428,-87.63713818,"['11/23/2022', '05:47:00', 'AM']"
40d747db900633814c55a3740c4f75b16c7292336042a57d379fe9962251eef06b8f26b81fc88bdc4fb34d2d96214ab1710f7d9c04279bece9c77ce87724707b,2022-11-22 20:40:00,Tuesday,30,NO CONTROLS,CLEAR,"DARKNESS, LIGHTED ROAD",TURNING,DRY,INJURY AND / OR TOW DUE TO CRASH,"OVER $1,500",FAILING TO YIELD RIGHT-OF-WAY,2,INCAPACITATING INJURY,1.0,0.0,1.0,20,3,11,41.9420431,-87.78606518,"['11/22/2022', '08:40:00', 'PM']"
fb93e6e60f71d51d61e2ccfee4d7840dec21fb83b6f2aad83504da945455f3878601fc1d923ce1e8277bcfe31e9a3b7051121495ea028c381a3813e12cfe8c54,2022-11-22 16:30:00,Tuesday,35,STOP SIGN/FLASHER,CLEAR,UNKNOWN,PEDESTRIAN,DRY,INJURY AND / OR TOW DUE TO CRASH,"OVER $1,500",UNABLE TO DETERMINE,2,INCAPACITATING INJURY,1.0,0.0,1.0,16,3,11,41.76938508,-87.72876871,"['11/22/2022', '04:30:00', 'PM']"
2c0036ada03cbe40244af1faf4462b4c2910865116a1671f7297d9ffd8298700e0eb9d67586e278ac9a229a91d7c72579cb8c3d6e8b4aa005ffa843c1b9e6789,2022-11-22 13:00:00,Tuesday,35,YIELD,CLEAR,DAYLIGHT,PEDESTRIAN,DRY,INJURY AND / OR TOW DUE TO CRASH,$500 OR LESS,UNABLE TO DETERMINE,2,INCAPACITATING INJURY,1.0,0.0,1.0,13,3,11,41.7996599,-87.58834206,"['11/22/2022', '01:00:00', 'PM']"
59b7d89965e3919ff7e1d8c46bcaa424a5dedae89f2fd45099069aef897f248ef4fb7044a427275f56897a125c1dc9ae241f0f85f517c4d837e03b287162b6c3,2022-11-22 12:20:00,Tuesday,35,NO CONTROLS,CLEAR,DAYLIGHT,ANGLE,DRY,INJURY AND / OR TOW DUE TO CRASH,"OVER $1,500",DISREGARDING STOP SIGN,2,INCAPACITATING INJURY,3.0,0.0,3.0,12,3,11,41.77051697,-87.6155337,"['11/22/2022', '12:20:00', 'PM']"
2a010c64cda64c0150b5eb4d48b651673242940a0f1ac0dbcab099b706edd260f329881a6041ceb836b6a26f20099cf5f3296575e36732e8df2374389feb10b2,2022-11-21 20:45:00,Monday,45,TRAFFIC SIGNAL,CLEAR,"DARKNESS, LIGHTED ROAD",ANGLE,DRY,INJURY AND / OR TOW DUE TO CRASH,"OVER $1,500",DISREGARDING TRAFFIC SIGNALS,3,INCAPACITATING INJURY,1.0,0.0,1.0,20,2,11,41.95517597,-87.89307885,"['11/21/2022', '08:45:00', 'PM']"
31cad77237879e178750acd934e6931f59d98eebe695653c7333e857db0ad5b87f99ad9c3665f53367191a5f5dcbdbade670a49c7c1f9aabf6287d2f86c09fce,2022-11-21 20:33:00,Monday,30,TRAFFIC SIGNAL,CLEAR,"DARKNESS, LIGHTED ROAD",PEDESTRIAN,DRY,INJURY AND / OR TOW DUE TO CRASH,"OVER $1,500",UNABLE TO DETERMINE,2,FATAL,1.0,1.0,0.0,20,2,11,41.87001124,-87.72546431,"['11/21/2022', '08:33:00', 'PM']"
6009d308666aa0f877ef22802a90ce6abf279c78d3d28944261da7cb7de8026b757b4ce364115d4a9bbad57627ae6b02c9a7416cca9444c8e8487f976a2a7d60,2022-11-21 19:38:00,Monday,30,NO CONTROLS,CLEAR,"DARKNESS, LIGHTED ROAD",PARKED MOTOR VEHICLE,DRY,INJURY AND / OR TOW DUE TO CRASH,"OVER $1,500",PHYSICAL CONDITION OF DRIVER,3,INCAPACITATING INJURY,1.0,0.0,1.0,19,2,11,41.83523472,-87.64119349,"['11/21/2022', '07:38:00', 'PM']"
a9c99d93980ca2ed218b1b359c47db156c3eafbefa5afc7f17bb907365e9bd1b1f9915fc065aba06190d2881b1a292aaa09bc53d476b8e3443cf4a6f6fe8c8bc,2022-11-21 17:35:00,Monday,30,NO CONTROLS,CLEAR,"DARKNESS, LIGHTED ROAD",SIDESWIPE SAME DIRECTION,DRY,INJURY AND / OR TOW DUE TO CRASH,"OVER $1,500",PHYSICAL CONDITION OF DRIVER,2,INCAPACITATING INJURY,1.0,0.0,1.0,17,2,11,41.74396968,-87.72158935,"['11/21/2022', '05:35:00', 'PM']"
7011cfd22f637f37ceeb558e3f9499d659ae79c5da2630ff6be5fbb50e689fff33f2f0fe79acfe32548f45632fc649d27cf5f8793fc9440a55900878e757df13,2022-11-21 16:31:00,Monday,30,TRAFFIC SIGNAL,CLEAR,DUSK,PEDESTRIAN,UNKNOWN,INJURY AND / OR TOW DUE TO CRASH,$500 OR LESS,IMPROPER TURNING/NO SIGNAL,2,INCAPACITATING INJURY,1.0,0.0,1.0,16,2,11,41.89305843,-87.63553769,"['11/21/2022', '04:31:00', 'PM']"
7be3db11faa09a4d85691909e2128b2f62ebf755adc9169eaf2c94a2b69a7698c4e4b7877f261d8e423f951df12af182d52c6b06ca325a7e17c1f5c61e851440,2022-11-21 14:55:00,Monday,30,NO CONTROLS,CLEAR,DAYLIGHT,PEDALCYCLIST,DRY,INJURY AND / OR TOW DUE TO CRASH,"OVER $1,500",UNABLE TO DETERMINE,2,INCAPACITATING INJURY,1.0,0.0,1.0,14,2,11,41.76437901,-87.5824635,"['11/21/2022', '02:55:00', 'PM']"
dbce124a84ffccdfbdec62c238f2e8f711673edbabe6fbb6e9ee8b826079ca5ae7f9ec77959751f89dca5163ea93bbac8b2eb468267ad5ef1896412581e5d02e,2022-11-21 13:30:00,Monday,30,TRAFFIC SIGNAL,CLEAR,DAYLIGHT,PEDESTRIAN,DRY,INJURY AND / OR TOW DUE TO CRASH,$500 OR LESS,NOT APPLICABLE,2,INCAPACITATING INJURY,1.0,0.0,1.0,13,2,11,41.75839281,-87.61040025,"['11/21/2022', '01:30:00', 'PM']"
6a1ca339b7eaff9ab6f9368488b84517b1bfce3071da7256e22c7a1cc73723b6ada149f55aa50886585a8b90f3e960007ed965abf9041b11bf8d5cb9ac14dbc6,2022-11-21 06:26:00,Monday,30,STOP SIGN/FLASHER,CLEAR,DAWN,REAR END,DRY,INJURY AND / OR TOW DUE TO CRASH,"OVER $1,500",FAILING TO REDUCE SPEED TO AVOID CRASH,3,INCAPACITATING INJURY,1.0,0.0,1.0,6,2,11,41.71797083,-87.64063112,"['11/21/2022', '06:26:00', 'AM']"
1be7320a682352ddf763942a514f10189d4ee0cd224c2032d93d0de22fa23756538e6caae69805ac06d86643cac1dc94cfd91bcd1fbc77aa87dbd04fcfbc90d9,2022-11-20 20:20:00,Sunday,30,NO CONTROLS,CLEAR,"DARKNESS, LIGHTED ROAD",PEDESTRIAN,DRY,INJURY AND / OR TOW DUE TO CRASH,$500 OR LESS,FAILING TO YIELD RIGHT-OF-WAY,2,INCAPACITATING INJURY,1.0,0.0,1.0,20,1,11,41.84449369,-87.71342325,"['11/20/2022', '08:20:00', 'PM']"
3d166072bc076eb857eb03faa3f47fff58a73c70bd2f981dd2978fae21a0e479ecaf605a164e5f1b8c4d3a936382662c0ba8087dcdb4a8f7d62023ba693cffbc,2022-11-20 19:55:00,Sunday,30,NO CONTROLS,CLEAR,"DARKNESS, LIGHTED ROAD",TURNING,DRY,INJURY AND / OR TOW DUE TO CRASH,"OVER $1,500","OPERATING VEHICLE IN ERRATIC, RECKLESS, CARELESS, NEGLIGENT OR AGGRESSIVE MANNER",4,FATAL,7.0,1.0,0.0,19,1,11,41.8636335,-87.62392247,"['11/20/2022', '07:55:00', 'PM']"
6c0c1ff97787d9559fff309d7bc1310d6096116573217e96c07b7eb99c63657e3718783ec2d6b3acaa5850644e8b9347235f8c882214989b927e612d9325805e,2022-11-20 17:35:00,Sunday,25,STOP SIGN/FLASHER,CLEAR,DARKNESS,PEDESTRIAN,DRY,INJURY AND / OR TOW DUE TO CRASH,"OVER $1,500",UNABLE TO DETERMINE,2,INCAPACITATING INJURY,1.0,0.0,1.0,17,1,11,41.70467577,-87.53593057,"['11/20/2022', '05:35:00', 'PM']"
9f88d6735e45b9fde8f7e19e50186dc311c8877b00ae6de604677c176c7dc102a42526e15fce3b1568bfe52de36828000b7ca537b9924099c9a85a34b102241a,2022-11-20 17:15:00,Sunday,30,NO CONTROLS,UNKNOWN,UNKNOWN,REAR TO REAR,UNKNOWN,INJURY AND / OR TOW DUE TO CRASH,"OVER $1,500",UNABLE TO DETERMINE,3,INCAPACITATING INJURY,1.0,0.0,1.0,17,1,11,41.76125684,-87.58858017,"['11/20/2022', '05:15:00', 'PM']"
7ec82b224ddbcaf597b8d3f57ff2f10cafb8daaa9ee8aabbfe5b5e9ccffd89d34439a21297ed4b468e96cf099598a530e87775fe40fc794c1b34a0669a1a54b6,2022-11-20 16:22:00,Sunday,30,TRAFFIC SIGNAL,CLEAR,DUSK,TURNING,DRY,INJURY AND / OR TOW DUE TO CRASH,"OVER $1,500",FAILING TO YIELD RIGHT-OF-WAY,2,INCAPACITATING INJURY,3.0,0.0,2.0,16,1,11,42.00505924,-87.69480419,"['11/20/2022', '04:22:00', 'PM']"
d37426c7ef2572bcaa76268b9a6de1c2bf46d812977a4837901c1885bb198bd7d0ceae9a0cdc0dc6b12e74ae330d5fb53bfe6eddd99f270eabdc3be9cfcbb531,2022-11-20 04:55:00,Sunday,30,TRAFFIC SIGNAL,CLEAR,"DARKNESS, LIGHTED ROAD",FIXED OBJECT,DRY,INJURY AND / OR TOW DUE TO CRASH,"$501 - $1,500",HAD BEEN DRINKING (USE WHEN ARREST IS NOT MADE),1,INCAPACITATING INJURY,1.0,0.0,1.0,4,1,11,41.85799258,-87.66092208,"['11/20/2022', '04:55:00', 'AM']"
b6425d456fac0a4998f68cddb4eea46e7ab7ebd7cddc3aeb2928a10fa740aa572cb4c61d21d54344d156fa4a11922adcb2e2a9aa08a48e426040e28e4bb581db,2022-11-20 01:08:00,Sunday,30,NO CONTROLS,CLEAR,"DARKNESS, LIGHTED ROAD",PARKED MOTOR VEHICLE,DRY,INJURY AND / OR TOW DUE TO CRASH,$500 OR LESS,PHYSICAL CONDITION OF DRIVER,2,INCAPACITATING INJURY,2.0,0.0,2.0,1,1,11,41.77464074,-87.68855094,"['11/20/2022', '01:08:00', 'AM']"
ee57b03a8ebd4405fe79fa02e5cebd16310c8ed4eb84686612435319ff9f7f194c851d71b8d5f1db3450b42217d82c7d9e4f9db5262cd1437f6190477ae69066,2022-11-19 23:48:00,Saturday,30,TRAFFIC SIGNAL,CLEAR,"DARKNESS, LIGHTED ROAD",ANGLE,DRY,INJURY AND / OR TOW DUE TO CRASH,"OVER $1,500",DISREGARDING TRAFFIC SIGNALS,4,INCAPACITATING INJURY,4.0,0.0,2.0,23,7,11,41.76768773,-87.72263085,"['11/19/2022', '11:48:00', 'PM']"
c7ab48a89af8781221252fd16633b69b78db47a712936ecc05c95604ee569d021fc841492a45bb90aa0385df2a71a059e8bf029a6d7ec77f5e9ccf32f78c362b,2022-11-19 21:43:00,Saturday,35,NO CONTROLS,CLEAR,"DARKNESS, LIGHTED ROAD",SIDESWIPE SAME DIRECTION,UNKNOWN,INJURY AND / OR TOW DUE TO CRASH,"OVER $1,500",IMPROPER OVERTAKING/PASSING,2,INCAPACITATING INJURY,1.0,0.0,1.0,21,7,11,41.75815986,-87.62275837,"['11/19/2022', '09:43:00', 'PM']"
3f330ff7e49b3405d5eab5e8415eb346d7f167ec08e939d7692ab65debcec08a84266ebe63a5f89657d63f8dc52f399fd6b5e23469ac4290ee84d96856acb241,2022-11-19 21:20:00,Saturday,25,NO CONTROLS,CLEAR,"DARKNESS, LIGHTED ROAD",ANGLE,DRY,INJURY AND / OR TOW DUE TO CRASH,"OVER $1,500",FAILING TO REDUCE SPEED TO AVOID CRASH,4,INCAPACITATING INJURY,3.0,0.0,3.0,21,7,11,41.92818194,-87.73900823,"['11/19/2022', '09:20:00', 'PM']"
4367d1d848f3e80114f57b671c4d621a51306b073871856e58721b585d4a03977b7abcbc0af05301ed1d0d04eb5bb669b2ca89987ed99f568c9261c4f4c4d5a6,2022-11-19 15:05:00,Saturday,5,NO CONTROLS,CLOUDY/OVERCAST,DAYLIGHT,PEDESTRIAN,DRY,INJURY AND / OR TOW DUE TO CRASH,"OVER $1,500",UNABLE TO DETERMINE,2,INCAPACITATING INJURY,1.0,0.0,1.0,15,7,11,41.66611299,-87.55900308,"['11/19/2022', '03:05:00', 'PM']"
94a95e4068b2e938b0e7359065d97cda10fd5855450ca6ac31dc0451863875fae78ccb90277f649f6a25ebdffd381f8fb539d4761a75974ed35db3a7ca0e664f,2022-11-19 14:50:00,Saturday,30,TRAFFIC SIGNAL,CLOUDY/OVERCAST,DAYLIGHT,PEDESTRIAN,WET,INJURY AND / OR TOW DUE TO CRASH,"OVER $1,500",UNABLE TO DETERMINE,2,INCAPACITATING INJURY,1.0,0.0,1.0,14,7,11,41.99015371,-87.70673224,"['11/19/2022', '02:50:00', 'PM']"
ee8b0406f6d2123a1352d47d46970939ec76e5988fa2df5a2d5c825486a115cfb72b876ea706735c8b0ef6187fb2998b32dcbee606558edf130fb512357cf9a0,2022-11-19 14:00:00,Saturday,30,NO CONTROLS,UNKNOWN,DAYLIGHT,PARKED MOTOR VEHICLE,UNKNOWN,INJURY AND / OR TOW DUE TO CRASH,"OVER $1,500",IMPROPER BACKING,2,INCAPACITATING INJURY,1.0,0.0,1.0,14,7,11,41.89750249,-87.63856422,"['11/19/2022', '02:00:00', 'PM']"
ffd33414e89718e4ebb7037d653f92b925c337a867e45aac065bf08efb241c05bb052c8dcba13e75b717638e41f598ee653c38933c54d537fea670036adbcb65,2022-11-18 19:50:00,Friday,30,TRAFFIC SIGNAL,CLEAR,"DARKNESS, LIGHTED ROAD",PEDESTRIAN,DRY,INJURY AND / OR TOW DUE TO CRASH,"OVER $1,500",UNABLE TO DETERMINE,2,INCAPACITATING INJURY,1.0,0.0,1.0,19,6,11,41.89488568,-87.62531144,"['11/18/2022', '07:50:00', 'PM']"
534c534ee2f758e6ab838c7dfb5bb8210300367bb91b85e0745d2d5651f6dcbfb3400651ed59b4883f4335ab322ee9d59550e8b84e74eed7f7e2a0814e264d8f,2022-11-18 19:50:00,Friday,30,STOP SIGN/FLASHER,CLEAR,"DARKNESS, LIGHTED ROAD",PEDESTRIAN,DRY,INJURY AND / OR TOW DUE TO CRASH,$500 OR LESS,UNABLE TO DETERMINE,2,INCAPACITATING INJURY,1.0,0.0,1.0,19,6,11,41.91542972,-87.71200273,"['11/18/2022', '07:50:00', 'PM']"
dd47a8b0ad878524621f6e576edc53134881dfadb6f54aef79ff06e1c0742ea0cc86cdc2807b99cfe7ba63131a0e008a9fbf1532913418195c8422d229b8013b,2022-11-18 19:37:00,Friday,30,TRAFFIC SIGNAL,SNOW,"DARKNESS, LIGHTED ROAD",PEDESTRIAN,SNOW OR SLUSH,INJURY AND / OR TOW DUE TO CRASH,$500 OR LESS,NOT APPLICABLE,2,INCAPACITATING INJURY,1.0,0.0,1.0,19,6,11,41.76611595,-87.59084959,"['11/18/2022', '07:37:00', 'PM']"
905c51f2cca96847bd1b92af1a7e7daca26e0659725cde4fe7936d5cc7b7b2e14125415c644a6f43ff28c1c9713928abc4ca438c02eabc2fb132f2dd17c657c3,2022-11-18 18:23:00,Friday,30,TRAFFIC SIGNAL,CLEAR,"DARKNESS, LIGHTED ROAD",TURNING,DRY,INJURY AND / OR TOW DUE TO CRASH,"OVER $1,500",IMPROPER TURNING/NO SIGNAL,2,INCAPACITATING INJURY,2.0,0.0,2.0,18,6,11,41.92401471,-87.75494988,"['11/18/2022', '06:23:00', 'PM']"
8eafaf517c77a22dad51375a403fecda908dfe07fee967271358ab3940b45e84f72b09e61439b474816313453fc9ec0c478487e2551cfb00e1c67e4f3b384153,2022-11-18 15:25:00,Friday,25,TRAFFIC SIGNAL,CLEAR,DAYLIGHT,ANGLE,DRY,INJURY AND / OR TOW DUE TO CRASH,"OVER $1,500",PHYSICAL CONDITION OF DRIVER,5,INCAPACITATING INJURY,2.0,0.0,1.0,15,6,11,41.79469311,-87.62951511,"['11/18/2022', '03:25:00', 'PM']"
cc2301b1cf1d124b533b72cdb24baa14cff26d8ee9e2e4cf873898132137f1f24f7bbbc65ceb9af1fce8310dd74fb8cf13e859e3cb48f5474762f2152c7fd3cf,2022-11-18 13:15:00,Friday,30,NO CONTROLS,CLEAR,DAYLIGHT,OTHER OBJECT,DRY,INJURY AND / OR TOW DUE TO CRASH,"$501 - $1,500",PHYSICAL CONDITION OF DRIVER,1,INCAPACITATING INJURY,1.0,0.0,1.0,13,6,11,41.89005312,-87.68652772,"['11/18/2022', '01:15:00', 'PM']"
248eaf174095d6bf06f2e5b9f322d5b66618b2455a0c1d465a81533685375a7617f1f3504770f3d36dde35931cfa6df16ce3fd0513c4be3f0eae99faf23744b5,2022-11-18 08:15:00,Friday,35,NO CONTROLS,CLEAR,DAYLIGHT,REAR END,DRY,INJURY AND / OR TOW DUE TO CRASH,"OVER $1,500",PHYSICAL CONDITION OF DRIVER,2,INCAPACITATING INJURY,2.0,0.0,1.0,8,6,11,41.69805485,-87.72046805,"['11/18/2022', '08:15:00', 'AM']"
ddc33dd94670abfaf686f7a7e0ea9e3cbc05b7a22e47193ef2e9af38021f6e3aa1b966f266203ef86f3198c72497f88f8f8944caac20009d46ad1fe59f7c2e1f,2022-11-17 16:22:00,Thursday,15,STOP SIGN/FLASHER,SNOW,DARKNESS,PEDESTRIAN,WET,INJURY AND / OR TOW DUE TO CRASH,"OVER $1,500",FAILING TO YIELD RIGHT-OF-WAY,2,INCAPACITATING INJURY,1.0,0.0,1.0,16,5,11,41.79226946,-87.65375695,"['11/17/2022', '04:22:00', 'PM']"
699e58b1677235de115682fee6e48a516cbb00c463dd385433254f7e661cd52fc9f3848f8835be943cf9ec8a1dea8f253489d6fb8325cbd7a7cdca923a25058c,2022-11-17 12:45:00,Thursday,30,STOP SIGN/FLASHER,CLEAR,DAYLIGHT,TURNING,DRY,INJURY AND / OR TOW DUE TO CRASH,"OVER $1,500",IMPROPER OVERTAKING/PASSING,2,INCAPACITATING INJURY,1.0,0.0,1.0,12,5,11,41.88659242,-87.69658054,"['11/17/2022', '12:45:00', 'PM']"
8648329c57283cc2be944bfe426d13f1eff98acd396fa3b21c1e41fb89093622e12309ec0cb912b214f1049c201d3074fee91f3639f0f242a2a5e9eb65bc12a2,2022-11-17 12:35:00,Thursday,30,NO CONTROLS,CLEAR,DAYLIGHT,SIDESWIPE SAME DIRECTION,DRY,INJURY AND / OR TOW DUE TO CRASH,"OVER $1,500",FAILING TO YIELD RIGHT-OF-WAY,2,INCAPACITATING INJURY,1.0,0.0,1.0,12,5,11,41.90306402,-87.6782099,"['11/17/2022', '12:35:00', 'PM']"
050c13b5bd18f2c8708ad1ca279abd82f9771a4776b205d5e147289e9a11dfb00793754366864b8d35be90bcf39e4dcc7926316a3fc78d7f55143d92faad8f42,2022-11-17 00:47:00,Thursday,30,NO CONTROLS,CLEAR,"DARKNESS, LIGHTED ROAD",FIXED OBJECT,DRY,INJURY AND / OR TOW DUE TO CRASH,"OVER $1,500",UNABLE TO DETERMINE,1,FATAL,2.0,2.0,0.0,0,5,11,41.74662894,-87.58527272,"['11/17/2022', '12:47:00', 'AM']"
cd9755d51352ee464e6a6e5d563d72088bc824a1521f4503d4e8afdf5939a98477f48d4c6ce9968361b9845fdf3fa49d5b29ee2b0182660adbdc26bd8a404256,2022-11-16 18:50:00,Wednesday,25,NO CONTROLS,FREEZING RAIN/DRIZZLE,"DARKNESS, LIGHTED ROAD",SIDESWIPE SAME DIRECTION,WET,INJURY AND / OR TOW DUE TO CRASH,"OVER $1,500",IMPROPER OVERTAKING/PASSING,2,INCAPACITATING INJURY,1.0,0.0,1.0,18,4,11,41.93830776,-87.77852012,"['11/16/2022', '06:50:00', 'PM']"
f5dde1d10ac2778aa364d436c3bff52a985aa5b5e2443c21c3d245b6f037f5dc897b64144b67c87c342fa1fb1995f07e1feada51224b15078310f7c44d5fc87c,2022-11-16 12:30:00,Wednesday,30,TRAFFIC SIGNAL,SNOW,DAYLIGHT,PEDESTRIAN,WET,INJURY AND / OR TOW DUE TO CRASH,"$501 - $1,500",UNABLE TO DETERMINE,2,INCAPACITATING INJURY,1.0,0.0,1.0,12,4,11,41.79196959,-87.79660024,"['11/16/2022', '12:30:00', 'PM']"
c3abbd282263457cb3079011ee60c24d965c4a0613ed70c274ffd40509a1eff9c922497f464b45f401a0bc7d378602ddb5e2ad31ac60c7b8e4b09ad77be907a4,2022-11-16 09:44:00,Wednesday,3,TRAFFIC SIGNAL,RAIN,DAYLIGHT,PEDESTRIAN,WET,INJURY AND / OR TOW DUE TO CRASH,"$501 - $1,500",UNABLE TO DETERMINE,2,INCAPACITATING INJURY,1.0,0.0,1.0,9,4,11,41.8444671,-87.70218434,"['11/16/2022', '09:44:00', 'AM']"
a521c4ae1ff9a9e9de036e524dd7be4c9bc6e569099a356863cf88f9b81cb933315c34758242faf9548db7cf3c1651013d984e0c6c1d1d09bd4539f09723bf39,2022-11-15 14:45:00,Tuesday,30,NO CONTROLS,CLEAR,DAYLIGHT,REAR END,DRY,INJURY AND / OR TOW DUE TO CRASH,"OVER $1,500",FAILING TO REDUCE SPEED TO AVOID CRASH,2,INCAPACITATING INJURY,1.0,0.0,1.0,14,3,11,41.81349085,-87.70403979,"['11/15/2022', '02:45:00', 'PM']"
180608699cea61fb36fa6bc24bc7bb0787683d0402e8fe550ccd02930e7c78347c718a739243f41b9174f184e797090c20e03a56b1ca89a11aba805da77f7f72,2022-11-15 14:00:00,Tuesday,30,NO CONTROLS,UNKNOWN,DAYLIGHT,PEDESTRIAN,UNKNOWN,INJURY AND / OR TOW DUE TO CRASH,$500 OR LESS,IMPROPER BACKING,2,INCAPACITATING INJURY,1.0,0.0,1.0,14,3,11,41.89056443,-87.70654945,"['11/15/2022', '02:00:00', 'PM']"
c3912d05ac09c23b3f11fcdf1344a2440201e554c4b3b82ee5a9504a9e310c325f0349f29be2d8270a4baec4d040149c84e73c7e70c81804a2f2a8f816ffcdde,2022-11-14 05:40:00,Monday,30,TRAFFIC SIGNAL,CLEAR,DARKNESS,PEDESTRIAN,DRY,INJURY AND / OR TOW DUE TO CRASH,$500 OR LESS,UNABLE TO DETERMINE,2,INCAPACITATING INJURY,1.0,0.0,1.0,5,2,11,41.80464125,-87.68451691,"['11/14/2022', '05:40:00', 'AM']"
a32f7217ebb0101ed89e80fb85fbfff6e945a58b857537f739eec06461ca1b93da97bd634bd6b3d0ecbcec03a64ca3953298a9f0a695b4065dbf59a0c21d9505,2022-11-14 01:30:00,Monday,30,TRAFFIC SIGNAL,CLEAR,"DARKNESS, LIGHTED ROAD",ANGLE,DRY,INJURY AND / OR TOW DUE TO CRASH,"OVER $1,500",FAILING TO YIELD RIGHT-OF-WAY,2,INCAPACITATING INJURY,1.0,0.0,1.0,1,2,11,41.76581938,-87.61534677,"['11/14/2022', '01:30:00', 'AM']"
b0c058946d4cc28246f1672238de3d94f70a6c3afb3c13ecae7674168c5e9bc1cead314f0092f4aa5d040256cf77fd607a8c715e1d7a726c618d3df6867a07c8,2022-11-13 22:47:00,Sunday,30,TRAFFIC SIGNAL,CLEAR,"DARKNESS, LIGHTED ROAD",PARKED MOTOR VEHICLE,DRY,INJURY AND / OR TOW DUE TO CRASH,"OVER $1,500",PHYSICAL CONDITION OF DRIVER,2,INCAPACITATING INJURY,2.0,0.0,1.0,22,1,11,41.88688241,-87.67694188,"['11/13/2022', '10:47:00', 'PM']"
7d5a4e24979e9e53d4d6845a5fe93dfe25576ea58ade466c0dcd7519e9bf6a28fb0ef1044ed259584d81d3452ed8bf21ac1d6fe56ae2db0335c795d34392b21b,2022-11-13 12:30:00,Sunday,20,TRAFFIC SIGNAL,CLEAR,DAYLIGHT,ANGLE,DRY,INJURY AND / OR TOW DUE TO CRASH,"OVER $1,500",FAILING TO YIELD RIGHT-OF-WAY,4,INCAPACITATING INJURY,2.0,0.0,1.0,12,1,11,41.88355039,-87.67655457,"['11/13/2022', '12:30:00', 'PM']"
37fc5e17a1ca35f74263c1e351c080076652fedd9026c3381664f74e8327a8c58f5fdafa8ac14f755ddcb28dbe9234c896d901d7817992383ae20586fe3c6bb7,2022-11-13 08:01:00,Sunday,20,NO CONTROLS,CLEAR,DAYLIGHT,FIXED OBJECT,DRY,INJURY AND / OR TOW DUE TO CRASH,"OVER $1,500",PHYSICAL CONDITION OF DRIVER,1,INCAPACITATING INJURY,1.0,0.0,1.0,8,1,11,41.6820394,-87.6627203,"['11/13/2022', '08:01:00', 'AM']"