CRASH_RECORD_ID,CRASH_DATE,Weekday,POSTED_SPEED_LIMIT,TRAFFIC_CONTROL_DEVICE,WEATHER_CONDITION,LIGHTING_CONDITION,FIRST_CRASH_TYPE,ROADWAY_SURFACE_COND,CRASH_TYPE,DAMAGE,PRIM_CONTRIBUTORY_CAUSE,NUM_UNITS,MOST_SEVERE_INJURY,INJURIES_TOTAL,INJURIES_FATAL,INJURIES_INCAPACITATING,CRASH_HOUR,CRASH_DAY_OF_WEEK,CRASH_MONTH,LATITUDE,LONGITUDE,CRASH_TIME
874483c016dddb85d45fe93200ebe686128eaba5a30c1022fa6a3120297aa3f401c2adc3c7dd9889f867edc143e022862b3e210343d7ba3b7cba4a37c24dd50d,2022-11-13 02:44:00,Sunday,30,TRAFFIC SIGNAL,CLEAR,"DARKNESS, LIGHTED ROAD",ANGLE,DRY,INJURY AND / OR TOW DUE TO CRASH,"OVER $1,500",DISREGARDING TRAFFIC SIGNALS,2,INCAPACITATING INJURY,3.0,0.0,1.0,2,1,11,41.87811121,-87.62782208,"['11/13/2022', '02:44:00', 'AM']"
e8dcfd8b245c8138a2660db4d5f47ae9a1210728afecdddf58b12d53d72d571934c3a3286063af90e55c16576a09976c6ea774cb19a22c5f1bb9d4508df4792c,2022-11-12 21:15:00,Saturday,35,NO CONTROLS,CLEAR,"DARKNESS, LIGHTED ROAD",SIDESWIPE SAME DIRECTION,DRY,INJURY AND / OR TOW DUE TO CRASH,"OVER $1,500",IMPROPER LANE USAGE,2,INCAPACITATING INJURY,2.0,0.0,2.0,21,7,11,41.88868124,-87.64742285,"['11/12/2022', '09:15:00', 'PM']"
47cfe6d1091e826051d7a82680cdc099aa5bcf2c245f84b10752bfab5d3bef351897fd6b88788e7d18e5b53ed33745c15dd954102434f0a197b2db858855a20f,2022-11-12 17:30:00,Saturday,30,TRAFFIC SIGNAL,CLEAR,"DARKNESS, LIGHTED ROAD",ANIMAL,DRY,INJURY AND / OR TOW DUE TO CRASH,"OVER $1,500",UNABLE TO DETERMINE,2,INCAPACITATING INJURY,1.0,0.0,1.0,17,7,11,41.88019686,-87.76471639,"['11/12/2022', '05:30:00', 'PM']"
d26baa1bd325c9322448b9da1a56d48289bba141f2d0a93eb87d328a59c7167354d04c69ad2e8595e6da95f69b6373632b265eade76c3bad18c55983eb460855,2022-11-12 16:01:00,Saturday,30,NO CONTROLS,CLEAR,DUSK,ANGLE,DRY,INJURY AND / OR TOW DUE TO CRASH,"OVER $1,500",NOT APPLICABLE,2,INCAPACITATING INJURY,2.0,0.0,1.0,16,7,11,41.76586693,-87.62788534,"['11/12/2022', '04:01:00', 'PM']"
27fefdec796b61b199c2ce851ecda66e6fecb8367c8188610a37fa142f2bac7e162d3ddb8aba4d28b00fe306d187edd4a914fce74f8ad4119a5ad06a28d61850,2022-11-12 13:10:00,Saturday,30,NO CONTROLS,CLEAR,DAYLIGHT,SIDESWIPE SAME DIRECTION,DRY,INJURY AND / OR TOW DUE TO CRASH,"$501 - $1,500",FAILING TO YIELD RIGHT-OF-WAY,2,INCAPACITATING INJURY,1.0,0.0,1.0,13,7,11,41.93299943,-87.64041338,"['11/12/2022', '01:10:00', 'PM']"
de9dc900fde752336935f56dd7aa852b2d8692ca01c69ecc425787921afdc9753ec374f1b35d2d3e50d1774aec987a0414f7e65bb540b03f460335c5195a2d1f,2022-11-11 22:15:00,Friday,30,STOP SIGN/FLASHER,CLEAR,"DARKNESS, LIGHTED ROAD",ANGLE,DRY,INJURY AND / OR TOW DUE TO CRASH,"OVER $1,500",DISREGARDING STOP SIGN,2,INCAPACITATING INJURY,1.0,0.0,1.0,22,6,11,41.76150878,-87.64202597,"['11/11/2022', '10:15:00', 'PM']"
98015e5743783011be3016e406ae8960f97f9db12613c3f18b1e861cd722f20f23054338034fb09e8eeba70eeb04548c10c9bd53b0c39947ed3faddee814de27,2022-11-11 17:24:00,Friday,30,NO CONTROLS,CLEAR,"DARKNESS, LIGHTED ROAD",PEDESTRIAN,DRY,INJURY AND / OR TOW DUE TO CRASH,"OVER $1,500",FAILING TO YIELD RIGHT-OF-WAY,2,INCAPACITATING INJURY,1.0,0.0,1.0,17,6,11,41.9196406,-87.68733036,"['11/11/2022', '05:24:00', 'PM']"
c0e277453ea74afdc11664eb96256d722896969a895cdb97cc9529da8b2dc7cedce51ea692d4b40229deb55ec899e534f017323badf2dd37886ff1b0d3a59a54,2022-11-11 16:54:00,Friday,20,NO CONTROLS,CLEAR,"DARKNESS, LIGHTED ROAD",PARKED MOTOR VEHICLE,DRY,INJURY AND / OR TOW DUE TO CRASH,"OVER $1,500",FAILING TO REDUCE SPEED TO AVOID CRASH,2,INCAPACITATING INJURY,2.0,0.0,1.0,16,6,11,41.79993279,-87.62082905,"['11/11/2022', '04:54:00', 'PM']"
e16213fe93c8251c2ccc1cbf109ab02f5d9b1441c278afb627f9585ea8554deac43baf1d6113160152a227a6e1511f8385761689e8675ba79d5768bac10503d8,2022-11-11 15:30:00,Friday,45,NO CONTROLS,CLEAR,DAYLIGHT,FIXED OBJECT,DRY,INJURY AND / OR TOW DUE TO CRASH,"OVER $1,500",UNABLE TO DETERMINE,1,INCAPACITATING INJURY,1.0,0.0,1.0,15,6,11,41.90095892,-87.61992817,"['11/11/2022', '03:30:00', 'PM']"
451d14e0fd32c8a292286dcb0b166b5af42d13b6bfb4c053819c0fcc0af887b367e938afe0f166a3cbe1ed5f08d3769a105456de9194983d0c846a9805f7ddc1,2022-11-10 20:21:00,Thursday,30,NO CONTROLS,CLEAR,"DARKNESS, LIGHTED ROAD",ANGLE,DRY,INJURY AND / OR TOW DUE TO CRASH,"OVER $1,500",DRIVING SKILLS/KNOWLEDGE/EXPERIENCE,2,INCAPACITATING INJURY,1.0,0.0,1.0,20,5,11,41.9754151,-87.72885501,"['11/10/2022', '08:21:00', 'PM']"
0b013ae30e2cb2740703e9bbff30f9cee2968da14b7cb2f030994daf3c9dbac9a23c848b2429b2e09ae756eb99a400a367e02f1ee1138f6dbdab9a158c3a96b3,2022-11-10 13:11:00,Thursday,30,TRAFFIC SIGNAL,CLEAR,DAYLIGHT,PEDALCYCLIST,DRY,INJURY AND / OR TOW DUE TO CRASH,"OVER $1,500",FAILING TO YIELD RIGHT-OF-WAY,2,INCAPACITATING INJURY,1.0,0.0,1.0,13,5,11,41.95969469,-87.78665066,"['11/10/2022', '01:11:00', 'PM']"
034aea0fd429cb9a379d9b89550a02e32c8358485276888d1ed84a5b01237543301322c95da44e79344ef50efd53f805bbc8e156577c4f16110c7eee6c55b45f,2022-11-10 11:25:00,Thursday,30,NO CONTROLS,CLEAR,DAYLIGHT,TURNING,DRY,INJURY AND / OR TOW DUE TO CRASH,"OVER $1,500",FAILING TO REDUCE SPEED TO AVOID CRASH,2,INCAPACITATING INJURY,1.0,0.0,1.0,11,5,11,41.79498286,-87.76787524,"['11/10/2022', '11:25:00', 'AM']"
10d6cf1b079199b6b5f9202e7f3685a0cff3ce4fd254ba95c78452fb818c45204779f7ab70b3b28af8c291ddaf8a1c79d425344b305f3ad639ae0e7abb51a490,2022-11-10 09:37:00,Thursday,30,NO CONTROLS,CLEAR,DAYLIGHT,PEDESTRIAN,DRY,INJURY AND / OR TOW DUE TO CRASH,"OVER $1,500","OPERATING VEHICLE IN ERRATIC, RECKLESS, CARELESS, NEGLIGENT OR AGGRESSIVE MANNER",2,INCAPACITATING INJURY,1.0,0.0,1.0,9,5,11,41.80160187,-87.61788339,"['11/10/2022', '09:37:00', 'AM']"
e9dd9e957bd99f84cf584bc4f98158b8d9d21d6b3ec1fe1141ee76b8a4c88936ed3854efcf08b6a38ebfe78935ef6e673f2e700e9069f62a18ebd39e3e2bf165,2022-11-10 02:35:00,Thursday,35,NO CONTROLS,CLEAR,"DARKNESS, LIGHTED ROAD",TURNING,DRY,INJURY AND / OR TOW DUE TO CRASH,"OVER $1,500",IMPROPER TURNING/NO SIGNAL,2,FATAL,1.0,1.0,0.0,2,5,11,41.81144347,-87.60675334,"['11/10/2022', '02:35:00', 'AM']"
4f4744673ab4da0f24a945d487aa70fbe4499cfe7b195d9924c2e292a4b284c053f875f87fa9530f27729efae5b911f2a5833ee478530d29fae98812f4fde6e5,2022-11-09 15:40:00,Wednesday,30,NO CONTROLS,CLEAR,DAYLIGHT,TURNING,DRY,INJURY AND / OR TOW DUE TO CRASH,"OVER $1,500",FAILING TO YIELD RIGHT-OF-WAY,2,INCAPACITATING INJURY,1.0,0.0,1.0,15,4,11,41.88166887,-87.64731407,"['11/09/2022', '03:40:00', 'PM']"
d9177132dc971a1238864d3983987fa02bff95f5ee090f3ce508f4e952645243fc2c6fc97ad53fafd6bd4cfc09aefaaeace71d1833a01f97858d3481ce0e0f04,2022-11-09 12:34:00,Wednesday,30,TRAFFIC SIGNAL,UNKNOWN,DAYLIGHT,PEDESTRIAN,UNKNOWN,INJURY AND / OR TOW DUE TO CRASH,"OVER $1,500",UNABLE TO DETERMINE,2,INCAPACITATING INJURY,1.0,0.0,1.0,12,4,11,41.8812705,-87.68653594,"['11/09/2022', '12:34:00', 'PM']"
f748fca93950a9ac8d153df2ab0f2ca5f9aa5b402b984d5eb88dcad9212cfc6fba4cd71b4bbdbfb619a70220689dea990cf4c96e07b57b90ea7792b533099ebc,2022-11-09 09:10:00,Wednesday,25,TRAFFIC SIGNAL,CLEAR,DAYLIGHT,ANGLE,DRY,INJURY AND / OR TOW DUE TO CRASH,"OVER $1,500",EQUIPMENT - VEHICLE CONDITION,2,INCAPACITATING INJURY,1.0,0.0,1.0,9,4,11,41.88731419,-87.75536944,"['11/09/2022', '09:10:00', 'AM']"
3a8233fd5a96bc7edeb57fbe5ad2f9b815a4e47a35469207a8c18d73f8dcd79425f2c1564c97e99fac4390374066ea2ce567f909db5bd292ea8d8c368d8e3b77,2022-11-09 08:00:00,Wednesday,30,NO CONTROLS,CLEAR,DAYLIGHT,PEDESTRIAN,DRY,INJURY AND / OR TOW DUE TO CRASH,"OVER $1,500",UNABLE TO DETERMINE,2,INCAPACITATING INJURY,1.0,0.0,1.0,8,4,11,41.77898329,-87.66406107,"['11/09/2022', '08:00:00', 'AM']"
e47b772b7c0a2e7ab6676213c5cf76675d58606479d0d10befcbd9b123f5cd42723ff65850825cce422bf30502cd953867806be2e48ea544bfd2ac825b6fc5c1,2022-11-08 22:20:00,Tuesday,30,TRAFFIC SIGNAL,CLEAR,"DARKNESS, LIGHTED ROAD",ANGLE,DRY,INJURY AND / OR TOW DUE TO CRASH,"OVER $1,500",DISREGARDING TRAFFIC SIGNALS,2,INCAPACITATING INJURY,4.0,0.0,3.0,22,3,11,41.80193189,-87.62117126,"['11/08/2022', '10:20:00', 'PM']"
01c740c2fe8c4f0d6f5087d39465822a661c34759793ea393b1cf2a4d942aac2b97e6b43a18562c799c3c7dd9f9b2a58568795358c30392aed3b86057dc1f33a,2022-11-08 20:48:00,Tuesday,30,TRAFFIC SIGNAL,CLEAR,"DARKNESS, LIGHTED ROAD",TURNING,DRY,INJURY AND / OR TOW DUE TO CRASH,"OVER $1,500",DISREGARDING TRAFFIC SIGNALS,2,INCAPACITATING INJURY,4.0,0.0,1.0,20,3,11,41.87683881,-87.74949109,"['11/08/2022', '08:48:00', 'PM']"
2a433965a489c07b00fe35db6945031218a682580d835262f84ab7ac77c05377e07736f364287e4a82c52fae1e92373f995e89ab0d9ec2c23e20759fb2033447,2022-11-08 15:30:00,Tuesday,30,NO CONTROLS,CLEAR,DAYLIGHT,REAR TO SIDE,DRY,INJURY AND / OR TOW DUE TO CRASH,"OVER $1,500",DRIVING SKILLS/KNOWLEDGE/EXPERIENCE,2,INCAPACITATING INJURY,1.0,0.0,1.0,15,3,11,41.76539361,-87.62505048,"['11/08/2022', '03:30:00', 'PM']"
a1e597ca232633b81eb3ced03861c4c0a0dbc3eddc94e5e8220149b3b3651e356d964c0905180b548ece9850768d97830d26fdb3d5c9b5aee458486ee035113a,2022-11-08 15:25:00,Tuesday,30,TRAFFIC SIGNAL,CLEAR,DAYLIGHT,PEDESTRIAN,DRY,INJURY AND / OR TOW DUE TO CRASH,"$501 - $1,500",FAILING TO YIELD RIGHT-OF-WAY,2,INCAPACITATING INJURY,1.0,0.0,1.0,15,3,11,41.84427444,-87.71484461,"['11/08/2022', '03:25:00', 'PM']"
f8d4dd843769bac65c943008afa971e9d0bdce27b6784cf5596cc0e55bc252b33e3e94fdb07a92375b562a4535575719fe88542f0f89c2dd9dc33914ae7b19b6,2022-11-08 12:05:00,Tuesday,30,TRAFFIC SIGNAL,CLEAR,DAYLIGHT,ANGLE,DRY,INJURY AND / OR TOW DUE TO CRASH,"OVER $1,500",FAILING TO YIELD RIGHT-OF-WAY,2,INCAPACITATING INJURY,1.0,0.0,1.0,12,3,11,41.74415164,-87.58594507,"['11/08/2022', '12:05:00', 'PM']"
e2cb6d459a6e44849a05f959f9cb828528b2b3269f72ae35b6137b5436e6af5d65f90dcd091d6dff34cf402900e474d6977cc592ec5e55a23accd1b6bc4c725b,2022-11-08 11:20:00,Tuesday,30,TRAFFIC SIGNAL,CLEAR,DAYLIGHT,ANGLE,DRY,INJURY AND / OR TOW DUE TO CRASH,"OVER $1,500",UNABLE TO DETERMINE,2,INCAPACITATING INJURY,3.0,0.0,1.0,11,3,11,41.80304684,-87.66496864,"['11/08/2022', '11:20:00', 'AM']"
41c405482f094532a0af6f1e9cee25dfdd2e3fe66d40f2a18e2d989e1c352b387efc62f3f8dfdcd1ad87eb9e0fa231225578fad4b0350d749857b976de18f99d,2022-11-07 21:13:00,Monday,30,NO CONTROLS,CLEAR,"DARKNESS, LIGHTED ROAD",REAR TO SIDE,DRY,INJURY AND / OR TOW DUE TO CRASH,"OVER $1,500",FAILING TO YIELD RIGHT-OF-WAY,2,INCAPACITATING INJURY,1.0,0.0,1.0,21,2,11,41.93132565,-87.75383505,"['11/07/2022', '09:13:00', 'PM']"
5b916866b2fcb3cd1e8555f2360b5a945a5e520bc3fe384360fca0e489e8ed860856816df6e3f12f0c3f6648110c17e9514b1031ef5201824fe6ab5be803fa3e,2022-11-07 19:14:00,Monday,30,NO CONTROLS,CLEAR,"DARKNESS, LIGHTED ROAD",PEDALCYCLIST,DRY,INJURY AND / OR TOW DUE TO CRASH,"OVER $1,500",UNABLE TO DETERMINE,2,INCAPACITATING INJURY,1.0,0.0,1.0,19,2,11,41.9169782,-87.73260544,"['11/07/2022', '07:14:00', 'PM']"
6c08de5d2ca70e203b8669ad9d7c640b8b5fd4fbcf4b17a29e254bb492354ec36ab9d3dc99db2b0b1f232491986232884474c6bde7afd35660d6249cd404b4a3,2022-11-07 17:02:00,Monday,30,NO CONTROLS,CLEAR,DUSK,PEDESTRIAN,DRY,INJURY AND / OR TOW DUE TO CRASH,$500 OR LESS,UNABLE TO DETERMINE,2,INCAPACITATING INJURY,1.0,0.0,1.0,17,2,11,41.9013635,-87.75560686,"['11/07/2022', '05:02:00', 'PM']"
ab77c60eeb32dcdb29168b49087edfbc10c3391c29a46487d82534948b249d23d6e8e8442e28204343c14af1b8029a9782707e03fcdb071284b436ca2606d23e,2022-11-07 14:50:00,Monday,30,NO CONTROLS,CLEAR,DAYLIGHT,PARKED MOTOR VEHICLE,UNKNOWN,INJURY AND / OR TOW DUE TO CRASH,"OVER $1,500",UNABLE TO DETERMINE,2,INCAPACITATING INJURY,1.0,0.0,1.0,14,2,11,41.9755282,-87.78964754,"['11/07/2022', '02:50:00', 'PM']"
a682d11657da12dc4b7c0ee97651b76099f927114455eb4eeac9eed54f7fe854ee7182a532f7461a015c410155e347bcca6c1d5d6a8723583ff0d120366972bb,2022-11-07 11:55:00,Monday,30,STOP SIGN/FLASHER,CLEAR,DAYLIGHT,REAR END,DRY,INJURY AND / OR TOW DUE TO CRASH,"$501 - $1,500",FOLLOWING TOO CLOSELY,2,INCAPACITATING INJURY,1.0,0.0,1.0,11,2,11,41.99721337,-87.76211752,"['11/07/2022', '11:55:00', 'AM']"
628c8f4d30d4b82ca7f872009a5e97b7bc45d5b0ef2a6f8818c3b811d01a59a8571699b7e6a34763a59c6153dcc81bc98bf288185567e559ccae879b0ba1d30a,2022-11-07 01:35:00,Monday,30,STOP SIGN/FLASHER,CLEAR,"DARKNESS, LIGHTED ROAD",ANGLE,DRY,INJURY AND / OR TOW DUE TO CRASH,"OVER $1,500",NOT APPLICABLE,2,INCAPACITATING INJURY,1.0,0.0,1.0,1,2,11,41.75612372,-87.63701569,"['11/07/2022', '01:35:00', 'AM']"
0cda5b007b581fe58555f135ec473232e87837a53514b3c82698ac44fb736febdfd07942e0afd36241da324159309d8ac69c7de211e0d9a9c9c49f0e10ef539e,2022-11-06 18:30:00,Sunday,30,NO CONTROLS,CLEAR,DAYLIGHT,TURNING,DRY,INJURY AND / OR TOW DUE TO CRASH,"OVER $1,500",FOLLOWING TOO CLOSELY,2,INCAPACITATING INJURY,1.0,0.0,1.0,18,1,11,41.80072726,-87.70391022,"['11/06/2022', '06:30:00', 'PM']"
4eb52f0689d14fff7bf2938acb7f4a2cbb248510f2bb00e821ada26e60a0578141208f482ee900ccf3165d72dfc4937e8ed2cd7e5dfe4997e8a5c039df9fc679,2022-11-06 16:00:00,Sunday,30,NO CONTROLS,CLEAR,DAYLIGHT,TURNING,DRY,INJURY AND / OR TOW DUE TO CRASH,"OVER $1,500",FAILING TO YIELD RIGHT-OF-WAY,2,INCAPACITATING INJURY,1.0,0.0,1.0,16,1,11,41.75797987,-87.74150654,"['11/06/2022', '04:00:00', 'PM']"
5e014bcb236356749b1d0dac0602ae9857a77184c881d03797422746a2c1c204944fe33f85e9a06b29fcebda638403537e68d000efc3ad4858ae7279c49877e3,2022-11-06 12:57:00,Sunday,30,NO CONTROLS,CLEAR,DAYLIGHT,PEDALCYCLIST,DRY,INJURY AND / OR TOW DUE TO CRASH,$500 OR LESS,UNABLE TO DETERMINE,3,INCAPACITATING INJURY,1.0,0.0,1.0,12,1,11,41.93984335,-87.65125514,"['11/06/2022', '12:57:00', 'PM']"
2971af95ecced34cdd75fb38b5362978fcfa5f883fcc57166176f4d7803f36dde53d4048e851c7028a69443f73ce33b7bacbf5abf0bbc863dce1b5c39bc43bc5,2022-11-06 11:12:00,Sunday,30,TRAFFIC SIGNAL,CLEAR,DAYLIGHT,REAR END,DRY,INJURY AND / OR TOW DUE TO CRASH,"OVER $1,500",FOLLOWING TOO CLOSELY,2,INCAPACITATING INJURY,1.0,0.0,1.0,11,1,11,41.85293397,-87.63021424,"['11/06/2022', '11:12:00', 'AM']"
e1cde280c5ca1605ff6ad39a40e3ffb9adfd8b7775740de127e5a35598c2771e79ac03ff96397b283ccff07d08c506a64fa28f83462bed7bfc2807eb8fee95e4,2022-11-06 03:12:00,Sunday,30,NO CONTROLS,CLEAR,"DARKNESS, LIGHTED ROAD",TURNING,DRY,INJURY AND / OR TOW DUE TO CRASH,"OVER $1,500",FAILING TO YIELD RIGHT-OF-WAY,2,INCAPACITATING INJURY,3.0,0.0,2.0,3,1,11,41.82481677,-87.68654958,"['11/06/2022', '03:12:00', 'AM']"
f101cb12570b40f1f88943bdb2a8fbbd70322d183af383e15bbbc1670e3c7ca3ae5be91858a6f0920ac0f1fcd45bf1ffd35c56e59b830afb951e1a1b9539c1a1,2022-11-06 02:55:00,Sunday,30,STOP SIGN/FLASHER,CLEAR,"DARKNESS, LIGHTED ROAD",FIXED OBJECT,DRY,INJURY AND / OR TOW DUE TO CRASH,"OVER $1,500",UNABLE TO DETERMINE,1,INCAPACITATING INJURY,4.0,0.0,1.0,2,1,11,41.91585688,-87.67772562,"['11/06/2022', '02:55:00', 'AM']"
3dcc350b30a4bd413a755619eb936d2ff3a2f417b30e0378415c9f3029922ac2bc18c61502eef90ffd40d1f66e280b6cdb35ce6f4d11367d97086e0175fd4bb2,2022-11-06 00:13:00,Sunday,30,NO CONTROLS,CLEAR,"DARKNESS, LIGHTED ROAD",PARKED MOTOR VEHICLE,DRY,INJURY AND / OR TOW DUE TO CRASH,"OVER $1,500",UNABLE TO DETERMINE,2,INCAPACITATING INJURY,1.0,0.0,1.0,0,1,11,41.95861434,-87.74761379,"['11/06/2022', '12:13:00', 'AM']"
b5048c3699cefee63837eb79433e6b377c7dd1f904219040f6cae686dfb28be01c3458c0c945552e7acbeca99a8846310f2a50f6b939b49ce85b9a77feb938ec,2022-11-05 20:00:00,Saturday,30,STOP SIGN/FLASHER,CLEAR,DUSK,PEDESTRIAN,DRY,INJURY AND / OR TOW DUE TO CRASH,$500 OR LESS,UNABLE TO DETERMINE,2,INCAPACITATING INJURY,1.0,0.0,1.0,20,7,11,41.90913144,-87.63859257,"['11/05/2022', '08:00:00', 'PM']"
7d83e4a5b1a4f15fec067ccd235761595a220c99ac0b9e8704eb3586c1a9abfa9edfc1b29615b798f19191cb2895927295f3da0c5922a7753f2227ecb8ec56f1,2022-11-05 17:28:00,Saturday,30,NO CONTROLS,CLOUDY/OVERCAST,DAYLIGHT,REAR END,WET,INJURY AND / OR TOW DUE TO CRASH,"OVER $1,500",DRIVING SKILLS/KNOWLEDGE/EXPERIENCE,2,INCAPACITATING INJURY,1.0,0.0,1.0,17,7,11,41.70815708,-87.5680768,"['11/05/2022', '05:28:00', 'PM']"
6ecbd89bef186fc651f5b2ccfba072407d42f0cd54f9dde050d735c087c0a573b79df906d4f9a3f2a5882200f87a2e6032b2a1114727bb410e6c920e00d334ed,2022-11-05 02:40:00,Saturday,30,NO CONTROLS,RAIN,"DARKNESS, LIGHTED ROAD",SIDESWIPE SAME DIRECTION,WET,INJURY AND / OR TOW DUE TO CRASH,"OVER $1,500",IMPROPER LANE USAGE,2,INCAPACITATING INJURY,1.0,0.0,1.0,2,7,11,41.77803305,-87.75713054,"['11/05/2022', '02:40:00', 'AM']"
b9768ee1c3f097b244ee1dc0ac6ac3f42509b7753b598a0148f7f0f8adac8d4d063b885a2e7f729daba1d8cb17a9a6f7a3f90647ea38de2384df9bd7d6f42328,2022-11-03 18:40:00,Thursday,30,TRAFFIC SIGNAL,CLEAR,"DARKNESS, LIGHTED ROAD",PEDESTRIAN,DRY,INJURY AND / OR TOW DUE TO CRASH,$500 OR LESS,UNABLE TO DETERMINE,2,INCAPACITATING INJURY,1.0,0.0,1.0,18,5,11,41.70604297,-87.71854993,"['11/03/2022', '06:40:00', 'PM']"
87a5295caaceb17d2a5037d89cd3e37b55f06a42264336cd7288c6314bb705022ed8d1c763f5744d1045bf854f41adaf99ab6e39e47f428626ad6159a1f07ac6,2022-11-03 17:09:00,Thursday,30,NO CONTROLS,CLEAR,DAYLIGHT,PEDESTRIAN,DRY,INJURY AND / OR TOW DUE TO CRASH,"OVER $1,500",UNABLE TO DETERMINE,2,INCAPACITATING INJURY,1.0,0.0,1.0,17,5,11,41.87085297,-87.71953108,"['11/03/2022', '05:09:00', 'PM']"
4d8e47268c86e73e9f9fabf4e76277952128853537ff7f3cfb95af8c20a081d3f567ae664ad9c69b0134faf431be6c4441155309780033a6a7be6d066966b050,2022-11-03 15:57:00,Thursday,30,NO CONTROLS,CLEAR,DAYLIGHT,PEDESTRIAN,DRY,INJURY AND / OR TOW DUE TO CRASH,$500 OR LESS,NOT APPLICABLE,2,INCAPACITATING INJURY,1.0,0.0,1.0,15,5,11,41.86557113,-87.77390653,"['11/03/2022', '03:57:00', 'PM']"
f2f98a5f0c87510240bf07c8b3e83371a13ef1642dced4372a6c071ed64471724aec579f8236039d5fa955b104d235bede690fbbc46e45a5b37969b389e62653,2022-11-03 15:50:00,Thursday,30,NO CONTROLS,CLEAR,DAYLIGHT,PEDALCYCLIST,DRY,INJURY AND / OR TOW DUE TO CRASH,"OVER $1,500",UNABLE TO DETERMINE,2,INCAPACITATING INJURY,1.0,0.0,1.0,15,5,11,41.95002941,-87.71836238,"['11/03/2022', '03:50:00', 'PM']"
5a8cba0659fe9c19baac748abe519a81ea20fdd827a194065b75880ca88f12323b0116b447291b94e67ef97358d11593295864e07ad33861b0b71e8760b1f150,2022-11-03 15:15:00,Thursday,30,NO CONTROLS,CLEAR,DAYLIGHT,TURNING,DRY,INJURY AND / OR TOW DUE TO CRASH,"OVER $1,500",FAILING TO YIELD RIGHT-OF-WAY,2,INCAPACITATING INJURY,2.0,0.0,1.0,15,5,11,41.82287737,-87.64119411,"['11/03/2022', '03:15:00', 'PM']"
e433040106638e25abcbf701b65713c1782168a8f11fc9b6da2cd77e623968e8ca5034f8ae75991761046e5980b44b28bacce03ebadca28b1cb6e4ef2a65e5d4,2022-11-03 13:31:00,Thursday,30,TRAFFIC SIGNAL,CLEAR,DAYLIGHT,TURNING,DRY,INJURY AND / OR TOW DUE TO CRASH,"OVER $1,500",DRIVING SKILLS/KNOWLEDGE/EXPERIENCE,2,INCAPACITATING INJURY,1.0,0.0,1.0,13,5,11,41.90927313,-87.76532518,"['11/03/2022', '01:31:00', 'PM']"
ee0ce4b43e5c40637147ea30554b7c71718dc5f9a4aa29e532b1adcceae382b98618f0d3d0b845d80df86e4b1e3ba4726233f640f6c7d23b06081622872faa35,2022-11-03 11:28:00,Thursday,30,TRAFFIC SIGNAL,CLEAR,DAYLIGHT,REAR END,DRY,INJURY AND / OR TOW DUE TO CRASH,"OVER $1,500",FOLLOWING TOO CLOSELY,2,INCAPACITATING INJURY,1.0,0.0,1.0,11,5,11,41.73562295,-87.68237035,"['11/03/2022', '11:28:00', 'AM']"
b4d978677db7e39e77749b846d7670196166b7e7b3b9c2af4a48df3211bb063782b2c56ca0329b8a12c91a10a9e94840f17997231c24c4b71127592333896b0c,2022-11-02 19:55:00,Wednesday,35,NO CONTROLS,CLEAR,"DARKNESS, LIGHTED ROAD",OTHER OBJECT,DRY,INJURY AND / OR TOW DUE TO CRASH,"OVER $1,500",UNABLE TO DETERMINE,1,INCAPACITATING INJURY,1.0,0.0,1.0,19,4,11,41.69685522,-87.64237302,"['11/02/2022', '07:55:00', 'PM']"
9f4e6991908965bdda81b6891c1890cbb025fa3f003b7baa915a006ab4e4eaffba79694bc2111cfc4509720f5b3066cac51d819be533a4cfa21248de9e856c39,2022-11-02 19:04:00,Wednesday,30,TRAFFIC SIGNAL,CLEAR,"DARKNESS, LIGHTED ROAD",TURNING,DRY,INJURY AND / OR TOW DUE TO CRASH,"OVER $1,500",DISREGARDING TRAFFIC SIGNALS,2,INCAPACITATING INJURY,3.0,0.0,1.0,19,4,11,41.75669384,-87.61502407,"['11/02/2022', '07:04:00', 'PM']"
83591a60b10e6545b686b698c480d2b6d568da8be2c682be74688bdde78a4c094b70f5c2fdf39381ef3a4e97397753214a60fde3eb4b10b27ebbc601da12c4b3,2022-11-02 09:59:00,Wednesday,30,NO CONTROLS,CLEAR,DAYLIGHT,PEDALCYCLIST,DRY,INJURY AND / OR TOW DUE TO CRASH,"OVER $1,500",UNABLE TO DETERMINE,2,INCAPACITATING INJURY,1.0,0.0,1.0,9,4,11,41.91012979,-87.63482528,"['11/02/2022', '09:59:00', 'AM']"
ceab94acb8cd77612356f55f35bff07ecd2b4c99df19205728a1ebdb4e6afdc1c5d492fa44c5e670ec26b2303766642b62f1ee4d1d97a89f2269a2879b2ef332,2022-11-02 09:45:00,Wednesday,30,STOP SIGN/FLASHER,CLEAR,DAYLIGHT,ANGLE,DRY,INJURY AND / OR TOW DUE TO CRASH,"$501 - $1,500",UNABLE TO DETERMINE,2,INCAPACITATING INJURY,2.0,0.0,2.0,9,4,11,41.98276175,-87.80679487,"['11/02/2022', '09:45:00', 'AM']"
5ff89cc6a6f08e40f9ed37fed08446b9afb61e2c43ded1588ab2b615b5501a4347af01573a2e6979a87dcb6cc587ffa6f346df9c72263a540d727d257798945b,2022-11-02 09:41:00,Wednesday,30,TRAFFIC SIGNAL,CLEAR,DAYLIGHT,PEDESTRIAN,DRY,INJURY AND / OR TOW DUE TO CRASH,"OVER $1,500",UNABLE TO DETERMINE,2,INCAPACITATING INJURY,1.0,0.0,1.0,9,4,11,41.79316149,-87.72301053,"['11/02/2022', '09:41:00', 'AM']"