CRASH_RECORD_ID,CRASH_DATE,Weekday,POSTED_SPEED_LIMIT,TRAFFIC_CONTROL_DEVICE,WEATHER_CONDITION,LIGHTING_CONDITION,FIRST_CRASH_TYPE,ROADWAY_SURFACE_COND,CRASH_TYPE,DAMAGE,PRIM_CONTRIBUTORY_CAUSE,NUM_UNITS,MOST_SEVERE_INJURY,INJURIES_TOTAL,INJURIES_FATAL,INJURIES_INCAPACITATING,CRASH_HOUR,CRASH_DAY_OF_WEEK,CRASH_MONTH,LATITUDE,LONGITUDE,CRASH_TIME
17a27a2694a4e2084dfab42c4c530b6cdbb04d23ebece70779f08f9cc0272d6ed599205c49a0243c1671a1d15a8907b72b997fd9a3b4e32997ac558b00b84008,2022-10-26 12:17:00,Wednesday,30,NO CONTROLS,CLEAR,DAYLIGHT,PARKED MOTOR VEHICLE,DRY,INJURY AND / OR TOW DUE TO CRASH,"OVER $1,500",PHYSICAL CONDITION OF DRIVER,2,INCAPACITATING INJURY,1.0,0.0,1.0,12,4,10,41.98726385,-87.65544679,"['10/26/2022', '12:17:00', 'PM']"
5b011054ed4b0455b549da308f8722c827559e3bd5b6b7236299fe11d15ecfa26b8ff1a262b476508aa4ff79d58307f46a9c8ca3a51cc8aa59a7d1292539fd17,2022-10-26 11:30:00,Wednesday,30,STOP SIGN/FLASHER,CLEAR,DAYLIGHT,PEDESTRIAN,DRY,INJURY AND / OR TOW DUE TO CRASH,"$501 - $1,500",FAILING TO YIELD RIGHT-OF-WAY,2,INCAPACITATING INJURY,1.0,0.0,1.0,11,4,10,41.89097397,-87.65705112,"['10/26/2022', '11:30:00', 'AM']"
85d1f0201be5060109074abbef0fb8df44ce25455c4538061c4c362e653737988c6beb5975491f522394c197305547fdb3c3f5da6b5a2ee383b1b650b20a8748,2022-10-25 23:05:00,Tuesday,30,TRAFFIC SIGNAL,RAIN,"DARKNESS, LIGHTED ROAD",OTHER OBJECT,WET,INJURY AND / OR TOW DUE TO CRASH,"$501 - $1,500",UNABLE TO DETERMINE,2,INCAPACITATING INJURY,1.0,0.0,1.0,23,3,10,41.89169611,-87.63414591,"['10/25/2022', '11:05:00', 'PM']"
3e078c3b287921afd1a60b7ee1cdb52c8a2366a48fa88f3e10aeae628a642f3cb1bb3ae7d5784ce3cd2ee2012a440432cc1b86085ed8fceeaf2426e627c88fe3,2022-10-25 17:06:00,Tuesday,30,TRAFFIC SIGNAL,RAIN,DAYLIGHT,ANGLE,WET,INJURY AND / OR TOW DUE TO CRASH,"OVER $1,500",UNABLE TO DETERMINE,2,INCAPACITATING INJURY,1.0,0.0,1.0,17,3,10,41.82295429,-87.68501299,"['10/25/2022', '05:06:00', 'PM']"
3bc7279686c65f0efcdf4497f2036b1e6b2865ffdef512388d463f20e66d95695ccaefce36e52f55316087762743a7e6c2d5ead7274668cce08b4da3195eb8ca,2022-10-25 16:28:00,Tuesday,30,TRAFFIC SIGNAL,RAIN,DAYLIGHT,PEDESTRIAN,WET,INJURY AND / OR TOW DUE TO CRASH,"OVER $1,500",UNABLE TO DETERMINE,2,INCAPACITATING INJURY,1.0,0.0,1.0,16,3,10,41.78379147,-87.61585767,"['10/25/2022', '04:28:00', 'PM']"
eaec0217b57a34e9a9c17241b500f9fb154466b39a655fc20c5faf1838de65fa63c0e010e062547757093ac19822a292fb643504d84ee807d3b315dd48989ba1,2022-10-25 15:00:00,Tuesday,30,NO CONTROLS,RAIN,DAYLIGHT,PEDESTRIAN,WET,INJURY AND / OR TOW DUE TO CRASH,$500 OR LESS,FAILING TO YIELD RIGHT-OF-WAY,2,INCAPACITATING INJURY,1.0,0.0,1.0,15,3,10,42.01395636,-87.69008659,"['10/25/2022', '03:00:00', 'PM']"
737cde57f3eb90f557bd9cebb054ebb525f33e00efcc445c021f344a1378bf169160fe6968d05169606d69648241e0a30a1c33a1fe30f1a0a806f0ab0f876c3f,2022-10-25 14:00:00,Tuesday,30,NO CONTROLS,RAIN,DAYLIGHT,PARKED MOTOR VEHICLE,WET,INJURY AND / OR TOW DUE TO CRASH,"OVER $1,500",UNABLE TO DETERMINE,2,INCAPACITATING INJURY,1.0,0.0,1.0,14,3,10,41.95175526,-87.79069849,"['10/25/2022', '02:00:00', 'PM']"
2b4a04282d7404c4f82055c593c51b793d18c91ae939b1cd9776241cc26d174e1dc741814d810e832dc3068c11097730ba762ffe8acc6f6b29739757e99f0db9,2022-10-25 09:40:00,Tuesday,25,STOP SIGN/FLASHER,RAIN,DAYLIGHT,ANGLE,WET,INJURY AND / OR TOW DUE TO CRASH,"OVER $1,500",FAILING TO YIELD RIGHT-OF-WAY,2,INCAPACITATING INJURY,1.0,0.0,1.0,9,3,10,41.889996,-87.66716037,"['10/25/2022', '09:40:00', 'AM']"
d8944e7a1733a2bed760d77320ecff863e8a2bf29a52f9c1a19406d3876a4e433a7b5abe70b8b7b79ebfb7fb17ae22f955db7231cdc16ff929b433c928a65476,2022-10-25 07:58:00,Tuesday,30,STOP SIGN/FLASHER,RAIN,DAYLIGHT,PEDALCYCLIST,WET,INJURY AND / OR TOW DUE TO CRASH,"OVER $1,500",DRIVING SKILLS/KNOWLEDGE/EXPERIENCE,2,INCAPACITATING INJURY,1.0,0.0,1.0,7,3,10,41.9172718,-87.66048168,"['10/25/2022', '07:58:00', 'AM']"
e6325374403f721b74c9fbb16a89319171f578e91ee270d27ff9e82a4b021e2eb86adfdfffbb52358bce819fe0a01962e25172e68c824061af8c0bcb9d4db7ef,2022-10-24 22:02:00,Monday,30,TRAFFIC SIGNAL,CLEAR,"DARKNESS, LIGHTED ROAD",PARKED MOTOR VEHICLE,DRY,INJURY AND / OR TOW DUE TO CRASH,"OVER $1,500",UNABLE TO DETERMINE,5,INCAPACITATING INJURY,1.0,0.0,1.0,22,2,10,41.80913184,-87.66483734,"['10/24/2022', '10:02:00', 'PM']"
302dad7fddad32ce6e177b65ef9f35609e9c28310ed5219a22c75a1a596cd661f490f428d58e88acb2a982b438642a6d58575d0b69a7dfb8cc14d45f92cf8ed0,2022-10-24 20:44:00,Monday,30,TRAFFIC SIGNAL,CLEAR,"DARKNESS, LIGHTED ROAD",ANGLE,DRY,INJURY AND / OR TOW DUE TO CRASH,"OVER $1,500",DISREGARDING TRAFFIC SIGNALS,2,INCAPACITATING INJURY,1.0,0.0,1.0,20,2,10,41.8813083,-87.6840867,"['10/24/2022', '08:44:00', 'PM']"
1881ddbe9db87cd84792fa6e5b38ece97b751a038cadf86f71b96e5f9cae7ae683ba3d830d091cb32b6dd617e5526bc096f49f547c98d26faf1a4afcf5c8350e,2022-10-24 19:00:00,Monday,30,NO CONTROLS,CLEAR,DARKNESS,PEDALCYCLIST,DRY,INJURY AND / OR TOW DUE TO CRASH,"$501 - $1,500",UNABLE TO DETERMINE,2,INCAPACITATING INJURY,1.0,0.0,1.0,19,2,10,41.92184059,-87.69290786,"['10/24/2022', '07:00:00', 'PM']"
de5540e261e0c585f1b59bd1891586e628b8e585e69fd75bb68dbd96128ba9d5d9d415c99480660e9380e2b9670b683fc84bb9336cd7a131997ff661e27ef3a7,2022-10-24 17:52:00,Monday,30,NO CONTROLS,CLEAR,DUSK,SIDESWIPE SAME DIRECTION,DRY,INJURY AND / OR TOW DUE TO CRASH,"OVER $1,500",UNABLE TO DETERMINE,2,INCAPACITATING INJURY,1.0,0.0,1.0,17,2,10,41.78905191,-87.69381571,"['10/24/2022', '05:52:00', 'PM']"
853c57f6b03d17153fc068f6b7f48000a17684205923ce321d27e6b1d8d6201af6585bbdc66ac6f3547cab9a092cd90c9c0604dae74e8d132ae11f46be7c44b8,2022-10-24 15:45:00,Monday,30,NO CONTROLS,CLEAR,DAYLIGHT,PEDESTRIAN,DRY,INJURY AND / OR TOW DUE TO CRASH,"$501 - $1,500",FAILING TO REDUCE SPEED TO AVOID CRASH,2,INCAPACITATING INJURY,1.0,0.0,1.0,15,2,10,41.88183547,-87.63389739,"['10/24/2022', '03:45:00', 'PM']"
8f9217cd0bba54a9c970e43c27f58e11007c77f43ddaea2dfe47c9a8e185c237ebea737b1a46510dfeddc68f8239f78297f0cd0cb2775d39bafb980d47da0af2,2022-10-24 01:01:00,Monday,30,TRAFFIC SIGNAL,CLEAR,"DARKNESS, LIGHTED ROAD",HEAD ON,WET,INJURY AND / OR TOW DUE TO CRASH,"OVER $1,500",FAILING TO YIELD RIGHT-OF-WAY,2,INCAPACITATING INJURY,2.0,0.0,1.0,1,2,10,41.87494149,-87.68640616,"['10/24/2022', '01:01:00', 'AM']"
41416bc1d31970a4a578f9259c69b2735a2cce9c4bd9d9f49f0fd3f0b0c3d12cd687da48e93be3b169044ad8b20db01d5a3b8d7d67c94f393db9b65bdb6c3f7f,2022-10-24 00:00:00,Monday,30,NO CONTROLS,CLEAR,"DARKNESS, LIGHTED ROAD",PEDESTRIAN,UNKNOWN,INJURY AND / OR TOW DUE TO CRASH,$500 OR LESS,UNABLE TO DETERMINE,2,INCAPACITATING INJURY,2.0,0.0,2.0,0,2,10,41.76024977,-87.56152876,"['10/24/2022', '12:00:00', 'AM']"
9be79d25a8e3391d0da8e77878572313d2a5e3ee92d8cd4b298bdfcf1bfbf5ef2ca38c02421a1b068090a589c18db9b007718e4e20df10c62f6f07e51e0cf42b,2022-10-23 20:24:00,Sunday,30,NO CONTROLS,CLEAR,"DARKNESS, LIGHTED ROAD",FIXED OBJECT,DRY,INJURY AND / OR TOW DUE TO CRASH,"OVER $1,500",EQUIPMENT - VEHICLE CONDITION,1,INCAPACITATING INJURY,1.0,0.0,1.0,20,1,10,41.9113056,-87.62620943,"['10/23/2022', '08:24:00', 'PM']"
fa779f44ef3ff916c090c63b832672d5f863913d522c2026c4499e04590764740cc8a7b1027b28a61c6895e74428d268d849b4012844e1ec56e3f561ce0deaf0,2022-10-23 18:36:00,Sunday,30,TRAFFIC SIGNAL,CLEAR,"DARKNESS, LIGHTED ROAD",REAR END,DRY,INJURY AND / OR TOW DUE TO CRASH,"OVER $1,500",DISREGARDING TRAFFIC SIGNALS,4,INCAPACITATING INJURY,2.0,0.0,2.0,18,1,10,41.6912007,-87.72101407,"['10/23/2022', '06:36:00', 'PM']"
9b34e348addf6ca16e84c2b40fd514023de9cfe40f82a142cf059c193e42318349f9b983229390230c2bf2e4ac967a2cd8c59a4521c5f20a5c142fb092fe28d2,2022-10-23 15:57:00,Sunday,30,STOP SIGN/FLASHER,CLEAR,DAYLIGHT,ANGLE,DRY,INJURY AND / OR TOW DUE TO CRASH,"OVER $1,500",DISREGARDING STOP SIGN,2,INCAPACITATING INJURY,1.0,0.0,1.0,15,1,10,41.77391901,-87.66421393,"['10/23/2022', '03:57:00', 'PM']"
df9474f880430ecc69803c236bfd61ab5657fcf32102a470531d4327a7ffad4aae8e10679d6886be3a0ecd51a142b365a1bfe034f48b3f787fd9a47e0091fd4a,2022-10-23 11:16:00,Sunday,30,TRAFFIC SIGNAL,CLEAR,DAYLIGHT,PEDESTRIAN,DRY,INJURY AND / OR TOW DUE TO CRASH,"OVER $1,500",UNABLE TO DETERMINE,5,FATAL,5.0,1.0,3.0,11,1,10,41.75120779,-87.61481455,"['10/23/2022', '11:16:00', 'AM']"
69a2b33204eba62a16389f4a3fdfc3f291fc7e17cf1efe5067c05f7ea47c45aa808d3ec89b2efe45e87dac3063416ea62c844fbf7069b42e18e07609850a33fc,2022-10-23 02:27:00,Sunday,30,TRAFFIC SIGNAL,CLEAR,"DARKNESS, LIGHTED ROAD",PEDESTRIAN,DRY,INJURY AND / OR TOW DUE TO CRASH,$500 OR LESS,"OPERATING VEHICLE IN ERRATIC, RECKLESS, CARELESS, NEGLIGENT OR AGGRESSIVE MANNER",2,INCAPACITATING INJURY,1.0,0.0,1.0,2,1,10,41.67772083,-87.64205185,"['10/23/2022', '02:27:00', 'AM']"
43afa10babd28a6be6b71ad0e82d34f40c6b230ebfa1991b2ef1112943c18e308a15322ab4ad68a1135821843ed0ea0c3571e425d1005853b8312e0ca29c5c4d,2022-10-22 22:46:00,Saturday,30,STOP SIGN/FLASHER,CLEAR,"DARKNESS, LIGHTED ROAD",ANGLE,DRY,INJURY AND / OR TOW DUE TO CRASH,"OVER $1,500",FAILING TO YIELD RIGHT-OF-WAY,4,INCAPACITATING INJURY,4.0,0.0,2.0,22,7,10,41.88724845,-87.7720942,"['10/22/2022', '10:46:00', 'PM']"
46dcc9fb286ad224eade9537449a39fa7296f006ce35969ee8b9b6f6bc40fc470808a7edf8bb0d0f2cf398b3d64f337b1969f961bb0392259441361f249f0155,2022-10-22 18:13:00,Saturday,30,NO CONTROLS,CLEAR,DAYLIGHT,PEDESTRIAN,DRY,INJURY AND / OR TOW DUE TO CRASH,"OVER $1,500",NOT APPLICABLE,2,INCAPACITATING INJURY,1.0,0.0,1.0,18,7,10,41.76840122,-87.66741371,"['10/22/2022', '06:13:00', 'PM']"
0a3f1331d2949cc0b0fa9c735b929baf977a20fc30931e6932bf3d399e1a6c683b87865f4eec9378854c4e446c4f4a014fc5d00674eb4c312b1badd8ccb17ebe,2022-10-22 12:10:00,Saturday,35,NO CONTROLS,CLEAR,DAYLIGHT,PEDALCYCLIST,DRY,INJURY AND / OR TOW DUE TO CRASH,$500 OR LESS,UNABLE TO DETERMINE,2,INCAPACITATING INJURY,1.0,0.0,1.0,12,7,10,41.85283629,-87.64185516,"['10/22/2022', '12:10:00', 'PM']"
8eb0bff7c472b53ed5a75d7813ebb2a0123a255f9d427660af9bdeda4c2a5d2a88c1ba49fb10d31eb7647c3e1971751fccba94c50439622a2861bbbed6c786ae,2022-10-22 04:16:00,Saturday,30,TRAFFIC SIGNAL,CLEAR,"DARKNESS, LIGHTED ROAD",PEDESTRIAN,DRY,INJURY AND / OR TOW DUE TO CRASH,"OVER $1,500",UNDER THE INFLUENCE OF ALCOHOL/DRUGS (USE WHEN ARREST IS EFFECTED),4,FATAL,2.0,1.0,0.0,4,7,10,41.8009286,-87.70390822,"['10/22/2022', '04:16:00', 'AM']"
1e42f8d560f795edfec8dd0b0794caba0fda0cac02a641ec6a6e20989986e8b4e0d6cf9bc8b561f9283747bc08a59ab1dc2a86f3d9b0c176257b337eae7b38db,2022-10-22 04:00:00,Saturday,40,NO CONTROLS,CLEAR,"DARKNESS, LIGHTED ROAD",REAR END,DRY,INJURY AND / OR TOW DUE TO CRASH,"OVER $1,500",UNABLE TO DETERMINE,2,INCAPACITATING INJURY,1.0,0.0,1.0,4,7,10,41.95898695,-87.93399393,"['10/22/2022', '04:00:00', 'AM']"
bf0f1e7ead0f1d3a207e7a1caa4f94e4854bf80c28f11cb4bd0a46e1ef5ebd16cc66772c87dd1261b90cd17f9a2288b776869dc7d2eccf5913949f57a3b9f31c,2022-10-22 03:30:00,Saturday,30,TRAFFIC SIGNAL,CLEAR,"DARKNESS, LIGHTED ROAD",FIXED OBJECT,DRY,INJURY AND / OR TOW DUE TO CRASH,"OVER $1,500",UNABLE TO DETERMINE,1,INCAPACITATING INJURY,1.0,0.0,1.0,3,7,10,41.89828555,-87.70649868,"['10/22/2022', '03:30:00', 'AM']"
4e0746a41d52ed2a4867c481c8f9686e346b418877183f107ba48d00d7e6d7b9c72444d29c3f2490f0424f0142f370bf3aef515e1adb7018498c357fa5b0ca6f,2022-10-21 22:00:00,Friday,40,TRAFFIC SIGNAL,CLEAR,"DARKNESS, LIGHTED ROAD",REAR END,DRY,INJURY AND / OR TOW DUE TO CRASH,$500 OR LESS,FAILING TO REDUCE SPEED TO AVOID CRASH,2,INCAPACITATING INJURY,2.0,0.0,1.0,22,6,10,41.89648475,-87.61627092,"['10/21/2022', '10:00:00', 'PM']"
e39cdab021cb2b932e5450d24f5022c0b162e921e7689743a8d5f989c0f8ea8b3f76041afd36703270a941dc203c4baf8d5b51a363d63fe0ef94fd3bead80b4e,2022-10-21 21:20:00,Friday,30,STOP SIGN/FLASHER,CLEAR,"DARKNESS, LIGHTED ROAD",PARKED MOTOR VEHICLE,DRY,INJURY AND / OR TOW DUE TO CRASH,"OVER $1,500",UNABLE TO DETERMINE,3,INCAPACITATING INJURY,1.0,0.0,1.0,21,6,10,41.76776331,-87.7174383,"['10/21/2022', '09:20:00', 'PM']"
ffe55b20d11c3beaaf58463ab4a176924012841a98c3de828595ed617fabef72f30006bea3c886bd1020072005d4bd635ba6fa45d59d02c5305f9335cbb69e8d,2022-10-21 20:21:00,Friday,30,NO CONTROLS,CLEAR,"DARKNESS, LIGHTED ROAD",PEDESTRIAN,DRY,INJURY AND / OR TOW DUE TO CRASH,"OVER $1,500",UNABLE TO DETERMINE,2,INCAPACITATING INJURY,1.0,0.0,1.0,20,6,10,41.87127212,-87.73663497,"['10/21/2022', '08:21:00', 'PM']"
f748f19dbd7b9e56383acfa2bce6a0be16b125af2fae5b73c57a6f29d7a66efe54adee4971ba7dcc832dba7ff35c5f25d73b22791a159906452a4f884bbfacf5,2022-10-21 20:18:00,Friday,30,TRAFFIC SIGNAL,CLEAR,DUSK,PEDESTRIAN,DRY,INJURY AND / OR TOW DUE TO CRASH,"OVER $1,500",UNABLE TO DETERMINE,2,INCAPACITATING INJURY,1.0,0.0,1.0,20,6,10,41.89544308,-87.7066155,"['10/21/2022', '08:18:00', 'PM']"
6ab59609a8a528dce8f5fc9cda4691a2cece7a9e3bac6540716a6617e77ccca00589de44f2e32f300ea9feb2a5c9c2d0f8db0f03d5418cc7d0bdbfba82bf6d97,2022-10-21 18:53:00,Friday,30,NO CONTROLS,CLEAR,DARKNESS,PEDESTRIAN,DRY,INJURY AND / OR TOW DUE TO CRASH,"OVER $1,500",FAILING TO REDUCE SPEED TO AVOID CRASH,3,INCAPACITATING INJURY,2.0,0.0,2.0,18,6,10,41.8867387,-87.72109174,"['10/21/2022', '06:53:00', 'PM']"
25bea360c73d633d0fa42802cdb191d619d050579e94dc0035bfd146e10534b634c1345639b4d11b6e1d642fef5fb4971c8df0aa1dfc457ae7c893cd4f4c5146,2022-10-21 18:50:00,Friday,30,NO CONTROLS,CLEAR,"DARKNESS, LIGHTED ROAD",PEDESTRIAN,DRY,INJURY AND / OR TOW DUE TO CRASH,"OVER $1,500",UNABLE TO DETERMINE,2,INCAPACITATING INJURY,1.0,0.0,1.0,18,6,10,41.8188441,-87.64388144,"['10/21/2022', '06:50:00', 'PM']"
4cf07628a6a9def2a27b655246468a08fb7b6ad547c0bb8cf27dbeaa4a92b49effea776c5f14fb474fc560713c551dadac3edbe0cd40c77bdd05df147532df24,2022-10-21 18:10:00,Friday,30,STOP SIGN/FLASHER,CLEAR,"DARKNESS, LIGHTED ROAD",TURNING,DRY,INJURY AND / OR TOW DUE TO CRASH,"OVER $1,500",DISREGARDING STOP SIGN,2,INCAPACITATING INJURY,1.0,0.0,1.0,18,6,10,41.98290716,-87.80220473,"['10/21/2022', '06:10:00', 'PM']"
c7304abcedf3eb352fe17e6098395068ab801118c93591ec1690e13f6d6a25aa4046967ee9dd35e961e1b6ce293e508eb9ec4c3cc25b34795987f8152c3804c0,2022-10-21 17:10:00,Friday,30,NO CONTROLS,CLEAR,DAYLIGHT,PEDESTRIAN,DRY,INJURY AND / OR TOW DUE TO CRASH,"OVER $1,500",IMPROPER TURNING/NO SIGNAL,2,INCAPACITATING INJURY,1.0,0.0,1.0,17,6,10,41.83756183,-87.66571009,"['10/21/2022', '05:10:00', 'PM']"
0352873aae47cde9fc18855421e389cb5a98c0cda5406871445242ea78ea115b7b4e846f0a9ee82f7a77e78cbace9fec571e64096b731f5a990572fb99602879,2022-10-21 14:38:00,Friday,35,STOP SIGN/FLASHER,CLEAR,DAYLIGHT,PEDALCYCLIST,DRY,INJURY AND / OR TOW DUE TO CRASH,"$501 - $1,500",UNABLE TO DETERMINE,2,INCAPACITATING INJURY,1.0,0.0,1.0,14,6,10,41.94520391,-87.8044748,"['10/21/2022', '02:38:00', 'PM']"
959365da0d7dd6f3017311bfb48762f4fa881df21cac53c8207b22169a8f51e0305dc7281fe3503d1ef480a638a0296fb48f3ac1b154b55d74ed747f64a82c3f,2022-10-21 14:33:00,Friday,30,NO CONTROLS,CLEAR,DAYLIGHT,SIDESWIPE OPPOSITE DIRECTION,DRY,INJURY AND / OR TOW DUE TO CRASH,"OVER $1,500",DRIVING ON WRONG SIDE/WRONG WAY,2,INCAPACITATING INJURY,1.0,0.0,1.0,14,6,10,41.92445621,-87.73839568,"['10/21/2022', '02:33:00', 'PM']"
d9e284c73d778132ddfa0d892125123ebd729297336c0877d099a70a15174e17fcaba2e07e1b7325d3ade802044730da44e34d8ec2771fba69adde71dff18177,2022-10-21 14:31:00,Friday,30,NO CONTROLS,CLEAR,DAYLIGHT,PEDESTRIAN,DRY,INJURY AND / OR TOW DUE TO CRASH,$500 OR LESS,FAILING TO YIELD RIGHT-OF-WAY,2,INCAPACITATING INJURY,1.0,0.0,1.0,14,6,10,41.78052209,-87.60445635,"['10/21/2022', '02:31:00', 'PM']"
dd58cab9db9981b2c0369a24de50f61fad79b195540819e5bd6260dfcef99cb3449b2d4390da3f8caee90bf4b382d6864eac14729bbc7e7f75bbfd0feac080cb,2022-10-21 13:11:00,Friday,30,TRAFFIC SIGNAL,CLEAR,DAYLIGHT,TURNING,DRY,INJURY AND / OR TOW DUE TO CRASH,"OVER $1,500",UNABLE TO DETERMINE,2,INCAPACITATING INJURY,1.0,0.0,1.0,13,6,10,41.68408489,-87.71956326,"['10/21/2022', '01:11:00', 'PM']"
1290a6f3197bc5cfdf4443f32c01d4af7d23dd7fefd430ac4d586bb6e688fa55f6f9864a3d56aab4a0194f673067ad9d2b22f6e3ff49afaf8a45b2efa700e58e,2022-10-21 13:03:00,Friday,25,NO CONTROLS,CLEAR,DAYLIGHT,PARKED MOTOR VEHICLE,DRY,INJURY AND / OR TOW DUE TO CRASH,"OVER $1,500",NOT APPLICABLE,3,INCAPACITATING INJURY,1.0,0.0,1.0,13,6,10,42.01444396,-87.81650851,"['10/21/2022', '01:03:00', 'PM']"
6d05374d7460cb26a456c7f9c74d1f1651562ca53afedf37d09df38268f09c8b80fdc2a6b8e50a3dddac35d499025cc66c13b010d628f4d9727cacf00f4abef7,2022-10-20 21:40:00,Thursday,30,STOP SIGN/FLASHER,CLEAR,"DARKNESS, LIGHTED ROAD",REAR END,DRY,INJURY AND / OR TOW DUE TO CRASH,"OVER $1,500",FAILING TO REDUCE SPEED TO AVOID CRASH,2,INCAPACITATING INJURY,1.0,0.0,1.0,21,5,10,41.86687982,-87.65713055,"['10/20/2022', '09:40:00', 'PM']"
2c12c7ead6c1a63f6d894b3a96ce7bfb07a3f9dffc7bd3fcdeca8ce5badbc02c1ef8efb2f0e0f133fef10700ddfbe0dd2e0bac205af008e81d3a7c331ddb3727,2022-10-20 18:28:00,Thursday,30,TRAFFIC SIGNAL,CLEAR,"DARKNESS, LIGHTED ROAD",PEDESTRIAN,DRY,INJURY AND / OR TOW DUE TO CRASH,"$501 - $1,500","OPERATING VEHICLE IN ERRATIC, RECKLESS, CARELESS, NEGLIGENT OR AGGRESSIVE MANNER",2,INCAPACITATING INJURY,1.0,0.0,1.0,18,5,10,41.75915851,-87.68323252,"['10/20/2022', '06:28:00', 'PM']"
3a041669a017d32b8acb8d3032987198fb860414c9d785a76c8c9a1858fce9dc1f000f048c551c9e380bb144f88fb34e2184cf7f64b5f7cba529b7221172e810,2022-10-20 15:03:00,Thursday,30,STOP SIGN/FLASHER,CLEAR,DAYLIGHT,PEDESTRIAN,DRY,INJURY AND / OR TOW DUE TO CRASH,$500 OR LESS,FAILING TO YIELD RIGHT-OF-WAY,2,INCAPACITATING INJURY,1.0,0.0,1.0,15,5,10,41.75043466,-87.66592493,"['10/20/2022', '03:03:00', 'PM']"
6a73e961a40188b7f4911d7fca2491bcd33c86e6394b94409d3389ac8a41f6c930900c42787744f2256ab6a3798de63f91be5e610c2c023a46e17bac6189716d,2022-10-20 11:30:00,Thursday,30,NO CONTROLS,CLEAR,DAYLIGHT,HEAD ON,DRY,INJURY AND / OR TOW DUE TO CRASH,"OVER $1,500",PHYSICAL CONDITION OF DRIVER,3,INCAPACITATING INJURY,2.0,0.0,2.0,11,5,10,41.97556479,-87.77389872,"['10/20/2022', '11:30:00', 'AM']"
7186957371e64d048db167a798b3db6abe6e148caf4b99a11f6f8d85a25bb5e338d8541a6a0c96619c222296d09cbdc97bb2209a31159b28c6319414145f2d2b,2022-10-20 11:00:00,Thursday,30,NO CONTROLS,CLEAR,DAYLIGHT,REAR END,DRY,INJURY AND / OR TOW DUE TO CRASH,"$501 - $1,500",FOLLOWING TOO CLOSELY,2,INCAPACITATING INJURY,2.0,0.0,2.0,11,5,10,41.87771859,-87.66767162,"['10/20/2022', '11:00:00', 'AM']"
a41a47098014bfecee0421122dd20a9131b9cb3b7fe32d677980df715eae3f344e75b0d8f2c854d2798d45d6c3a1576c53806bb170fe1b20738e95ee9b128b0f,2022-10-20 08:34:00,Thursday,30,TRAFFIC SIGNAL,CLEAR,DAYLIGHT,TURNING,DRY,INJURY AND / OR TOW DUE TO CRASH,"OVER $1,500",DISREGARDING TRAFFIC SIGNALS,3,INCAPACITATING INJURY,2.0,0.0,2.0,8,5,10,41.91548147,-87.70188333,"['10/20/2022', '08:34:00', 'AM']"
6250239fe49b3d3c95d78a0f3b11e561a29ebbc4049e6761b59a45291ef1437dc74116fd21583d4981ca25e391a1d77e5a1bbce42f063ac11ed4bd3c086bf0cd,2022-10-19 19:21:00,Wednesday,30,TRAFFIC SIGNAL,CLEAR,"DARKNESS, LIGHTED ROAD",PEDESTRIAN,DRY,INJURY AND / OR TOW DUE TO CRASH,"OVER $1,500",FAILING TO REDUCE SPEED TO AVOID CRASH,2,INCAPACITATING INJURY,1.0,0.0,1.0,19,4,10,41.8085116,-87.66511729,"['10/19/2022', '07:21:00', 'PM']"
aae14c6f4d7b648c5a9bb5631d66337dc7ae8b8b944e4baabe243a31a57334a0ddbf9b3cf48588dbe835a5f8d5cccbdc821a9ae18ec657851153527eae9387f8,2022-10-19 16:42:00,Wednesday,30,TRAFFIC SIGNAL,CLEAR,DAYLIGHT,PEDESTRIAN,DRY,INJURY AND / OR TOW DUE TO CRASH,$500 OR LESS,UNABLE TO DETERMINE,2,INCAPACITATING INJURY,1.0,0.0,1.0,16,4,10,41.69938874,-87.65891336,"['10/19/2022', '04:42:00', 'PM']"
c918c4390dfe0c53b212d3a8f276c82dab22ef75bad2ea1d06d2f4daef2a31e95f280f55b12653124181c03533e03d5abbacbfd315c1279d38bb63fd6bc5b734,2022-10-19 16:30:00,Wednesday,30,TRAFFIC SIGNAL,CLEAR,DAYLIGHT,PEDESTRIAN,DRY,INJURY AND / OR TOW DUE TO CRASH,"OVER $1,500",FAILING TO YIELD RIGHT-OF-WAY,2,INCAPACITATING INJURY,1.0,0.0,1.0,16,4,10,41.88780462,-87.7652685,"['10/19/2022', '04:30:00', 'PM']"
938b7087106742fbeb790fc4e3b6e19b580d2d835e37b02d024a5653d98fc042d10adf1ac840a0c9c0846717da2fb37b3f099e67f8bc6b722278f446ad76bbdb,2022-10-19 08:50:00,Wednesday,30,STOP SIGN/FLASHER,CLEAR,DAYLIGHT,ANGLE,DRY,INJURY AND / OR TOW DUE TO CRASH,"OVER $1,500",FAILING TO YIELD RIGHT-OF-WAY,2,INCAPACITATING INJURY,2.0,0.0,1.0,8,4,10,41.88121275,-87.67893871,"['10/19/2022', '08:50:00', 'AM']"
65fe434a6b389e06afc3a91d840c35c71d3f2a6f535ba4da822db3695771bd6df4c5ff0458ae7dc5fc9f3ece6f99febdb06979b41bc7b06fdbffc26e388684e6,2022-10-19 08:00:00,Wednesday,30,TRAFFIC SIGNAL,CLEAR,DAYLIGHT,TURNING,DRY,INJURY AND / OR TOW DUE TO CRASH,"OVER $1,500",FAILING TO YIELD RIGHT-OF-WAY,2,INCAPACITATING INJURY,2.0,0.0,1.0,8,4,10,41.85635054,-87.71037525,"['10/19/2022', '08:00:00', 'AM']"