CRASH_RECORD_ID,CRASH_DATE,Weekday,POSTED_SPEED_LIMIT,TRAFFIC_CONTROL_DEVICE,WEATHER_CONDITION,LIGHTING_CONDITION,FIRST_CRASH_TYPE,ROADWAY_SURFACE_COND,CRASH_TYPE,DAMAGE,PRIM_CONTRIBUTORY_CAUSE,NUM_UNITS,MOST_SEVERE_INJURY,INJURIES_TOTAL,INJURIES_FATAL,INJURIES_INCAPACITATING,CRASH_HOUR,CRASH_DAY_OF_WEEK,CRASH_MONTH,LATITUDE,LONGITUDE,CRASH_TIME
11c200b7fd68fb68474de812271f1133d32975f55b943420fbf01e176b1fc64d5004985ee909e8359848e58db4352e0b60edf5179b16e9831fa1ec29452147b2,2022-10-08 16:00:00,Saturday,30,STOP SIGN/FLASHER,CLEAR,UNKNOWN,PEDESTRIAN,DRY,INJURY AND / OR TOW DUE TO CRASH,"$501 - $1,500",FAILING TO YIELD RIGHT-OF-WAY,2,INCAPACITATING INJURY,2.0,0.0,1.0,16,7,10,41.79963612,-87.59050761,"['10/08/2022', '04:00:00', 'PM']"
d473291ca76afc372785eca2ef02c292b924783e600f5913772210b4c77c26d3f3e3b7ca52f3f0687fe411cd305d7019f0faa24969c995cf08252c4274c1a29b,2022-10-08 14:38:00,Saturday,30,TRAFFIC SIGNAL,CLEAR,DAYLIGHT,PEDALCYCLIST,DRY,INJURY AND / OR TOW DUE TO CRASH,"OVER $1,500",FAILING TO YIELD RIGHT-OF-WAY,2,INCAPACITATING INJURY,1.0,0.0,1.0,14,7,10,41.87430456,-87.64936523,"['10/08/2022', '02:38:00', 'PM']"
6e867a558241d70fbcd40a82f4b455ad7cb843ffb537647f80b6e96012fca7f7b41e87bd0ad060d0143640d69046a251eb08ef7b55896f58cf918d4949c9c20a,2022-10-08 13:16:00,Saturday,30,TRAFFIC SIGNAL,CLEAR,DAYLIGHT,PEDALCYCLIST,DRY,INJURY AND / OR TOW DUE TO CRASH,"OVER $1,500",UNDER THE INFLUENCE OF ALCOHOL/DRUGS (USE WHEN ARREST IS EFFECTED),2,INCAPACITATING INJURY,2.0,0.0,1.0,13,7,10,41.93957088,-87.68826214,"['10/08/2022', '01:16:00', 'PM']"
f1fad044b1c24595e52f1a0abf9683a02a492e871997d07abea44579ff385aaf629cbf20c84c6a652ac8a1a12f6482beec71a153fb2cbdfa6b28b3fb240174b4,2022-10-08 12:30:00,Saturday,30,TRAFFIC SIGNAL,CLEAR,DAYLIGHT,TURNING,DRY,INJURY AND / OR TOW DUE TO CRASH,"$501 - $1,500",UNABLE TO DETERMINE,2,INCAPACITATING INJURY,1.0,0.0,1.0,12,7,10,41.80908244,-87.63103087,"['10/08/2022', '12:30:00', 'PM']"
3867e6a6d5a9ada3647517ff2a7afb29ed938e0a023084e89a6dbe02cf9af9e653430dde4796a7ce13ee9705f62a4e9de3c7240929ef3a475eddd914bc6f2b5a,2022-10-08 09:06:00,Saturday,55,TRAFFIC SIGNAL,CLEAR,DAYLIGHT,ANGLE,DRY,INJURY AND / OR TOW DUE TO CRASH,"OVER $1,500",DISREGARDING TRAFFIC SIGNALS,3,INCAPACITATING INJURY,5.0,0.0,3.0,9,7,10,41.95517597,-87.89307885,"['10/08/2022', '09:06:00', 'AM']"
7e65275d86182bf2e55390e9734feba69317a8ab56aed47ca5a905e608c9ba27ac85a227e7eed742883bcd044a922a74221bb53dfa8c37d2ef67597b6ab754a2,2022-10-08 03:41:00,Saturday,30,NO CONTROLS,CLEAR,"DARKNESS, LIGHTED ROAD",FIXED OBJECT,DRY,INJURY AND / OR TOW DUE TO CRASH,"OVER $1,500",IMPROPER TURNING/NO SIGNAL,1,INCAPACITATING INJURY,2.0,0.0,2.0,3,7,10,41.85708593,-87.68591718,"['10/08/2022', '03:41:00', 'AM']"
588976190cbde080adfc0770ae7e945f69b7e22260f7ba6b5c280eaf10c0a01fddb4f20e415c611a5ad3c0d3e58c4ef5f4f9f13ce0b983468478fb4ad8cf762d,2022-10-08 01:55:00,Saturday,30,NO CONTROLS,CLEAR,"DARKNESS, LIGHTED ROAD",REAR TO FRONT,DRY,INJURY AND / OR TOW DUE TO CRASH,"OVER $1,500",UNABLE TO DETERMINE,2,INCAPACITATING INJURY,3.0,0.0,1.0,1,7,10,41.76598118,-87.59821281,"['10/08/2022', '01:55:00', 'AM']"
93a81614e3b5816e4dc428d9f6ca7233cf883a4542b365ec13eaed1e9bf664afbcdcbd39ff616ae83fcf163401b0e202779457fe3ba71340e6c9f87924ac1d26,2022-10-07 21:55:00,Friday,30,NO CONTROLS,CLEAR,DUSK,REAR END,DRY,INJURY AND / OR TOW DUE TO CRASH,"OVER $1,500",IMPROPER LANE USAGE,2,INCAPACITATING INJURY,1.0,0.0,1.0,21,6,10,41.92853326,-87.70248316,"['10/07/2022', '09:55:00', 'PM']"
f65f26f7df456463943d4158b08229aee807c24596f2721a142e9a7af5f1cb3c161e2fc2bc0029b3388ec0efb1d4ae245c028056b6b68a17fb9b4794d6a099f8,2022-10-07 11:15:00,Friday,30,NO CONTROLS,CLEAR,DAYLIGHT,SIDESWIPE SAME DIRECTION,DRY,INJURY AND / OR TOW DUE TO CRASH,"OVER $1,500",PHYSICAL CONDITION OF DRIVER,5,INCAPACITATING INJURY,1.0,0.0,1.0,11,6,10,41.80051898,-87.73180109,"['10/07/2022', '11:15:00', 'AM']"
c388e3722da077d835b48af999b1fc303e868439acf4d2b9b2cea833c44b6319baa1c65a518c5a06ac3dfeefa600eb8cd904a37237205a9aefa64c65e09a9e82,2022-10-07 08:00:00,Friday,30,STOP SIGN/FLASHER,RAIN,DAYLIGHT,PEDALCYCLIST,WET,INJURY AND / OR TOW DUE TO CRASH,"$501 - $1,500",FAILING TO YIELD RIGHT-OF-WAY,2,INCAPACITATING INJURY,1.0,0.0,1.0,8,6,10,41.93658599,-87.69445098,"['10/07/2022', '08:00:00', 'AM']"
ff2f5f8a2b01b9b7534b8c3672f7211394351e53596b4d7be1a78747dcd4aa10ba8d6ac41e8da2ef1446295b3e22c494e0d101b839fe3060e813464076df75e7,2022-10-07 07:56:00,Friday,30,NO CONTROLS,RAIN,DAYLIGHT,PEDALCYCLIST,WET,INJURY AND / OR TOW DUE TO CRASH,$500 OR LESS,WEATHER,2,INCAPACITATING INJURY,1.0,0.0,1.0,7,6,10,41.79659579,-87.61617311,"['10/07/2022', '07:56:00', 'AM']"
6f42d1c764544a3638a68252565a756d3e58c5d305bf146167a9556bd2c8e817ec1c80db82543b12f7239e3156c7d24e64042233161f48b051e5ba4e1aa776f9,2022-10-07 06:00:00,Friday,30,TRAFFIC SIGNAL,RAIN,"DARKNESS, LIGHTED ROAD",TURNING,WET,INJURY AND / OR TOW DUE TO CRASH,"OVER $1,500",FAILING TO YIELD RIGHT-OF-WAY,3,INCAPACITATING INJURY,7.0,0.0,2.0,6,6,10,41.8085116,-87.66511729,"['10/07/2022', '06:00:00', 'AM']"
1ad526d0dd8ea5156cfc7e92f9151a97f05eec7b86b73d88463438c2ba3b1ec4822eb25a7fa9db423cd1637f39426bb355b4edd5dea511813432fc526408b329,2022-10-06 21:30:00,Thursday,30,TRAFFIC SIGNAL,CLEAR,DARKNESS,PEDESTRIAN,DRY,INJURY AND / OR TOW DUE TO CRASH,"OVER $1,500",NOT APPLICABLE,2,INCAPACITATING INJURY,1.0,0.0,1.0,21,5,10,41.99786835,-87.67695177,"['10/06/2022', '09:30:00', 'PM']"
a98e6c99c83c3d7331f6b81be46dd2ed16027d10c2ad978561adfbc5323a49ed05fba33f2fdee424e597000a34d92452c902d48009fe9ca865db03670ab40a8a,2022-10-06 17:28:00,Thursday,30,STOP SIGN/FLASHER,RAIN,DAYLIGHT,ANGLE,WET,INJURY AND / OR TOW DUE TO CRASH,"OVER $1,500",FAILING TO YIELD RIGHT-OF-WAY,2,INCAPACITATING INJURY,3.0,0.0,1.0,17,5,10,41.88983392,-87.67699972,"['10/06/2022', '05:28:00', 'PM']"
2900c40bf4bab0960403875057de7579274b2d70b531065c6bbaa99bf32a017a6dcb88ee8fa195c1de63f960f219643b60461972089425a580d6e5e40978c007,2022-10-06 15:55:00,Thursday,35,TRAFFIC SIGNAL,CLEAR,DAYLIGHT,PEDESTRIAN,DRY,INJURY AND / OR TOW DUE TO CRASH,"OVER $1,500",UNABLE TO DETERMINE,2,INCAPACITATING INJURY,1.0,0.0,1.0,15,5,10,41.75504428,-87.72231551,"['10/06/2022', '03:55:00', 'PM']"
deceebf363f867395c56fb72052c093aac874c5b3f1068aab84f44a23c08ce1da4e7730417887d089f9e84b6f5dd3395e6cfac4108f1ca2bf6240733f852ffd2,2022-10-06 10:35:00,Thursday,30,TRAFFIC SIGNAL,CLEAR,DAYLIGHT,PEDESTRIAN,DRY,INJURY AND / OR TOW DUE TO CRASH,$500 OR LESS,FAILING TO YIELD RIGHT-OF-WAY,2,INCAPACITATING INJURY,1.0,0.0,1.0,10,5,10,41.87362412,-87.72040656,"['10/06/2022', '10:35:00', 'AM']"
5328340fdaa946058ed1b5579b48edf53311eca3cd736fc680142d96163a1e04edc3f691b41a6e25e135c44ff8adeafe059fe047eec498737012ad04eff3a02a,2022-10-05 17:15:00,Wednesday,30,NO CONTROLS,CLEAR,DAYLIGHT,PEDESTRIAN,DRY,INJURY AND / OR TOW DUE TO CRASH,"OVER $1,500",UNABLE TO DETERMINE,2,INCAPACITATING INJURY,1.0,0.0,1.0,17,4,10,41.9242158,-87.75621076,"['10/05/2022', '05:15:00', 'PM']"
6c521baaf6682207c9697fe924e1e76baf639720b38149046a9e6df78bb1ccd7ae2711b2e140e6fdcd27855f03efa4d5410c4e0d6ed4e6635cb4e22567934320,2022-10-05 14:20:00,Wednesday,3,NO CONTROLS,CLEAR,DAYLIGHT,PARKED MOTOR VEHICLE,DRY,INJURY AND / OR TOW DUE TO CRASH,"$501 - $1,500","OPERATING VEHICLE IN ERRATIC, RECKLESS, CARELESS, NEGLIGENT OR AGGRESSIVE MANNER",2,INCAPACITATING INJURY,1.0,0.0,1.0,14,4,10,41.69396835,-87.61326218,"['10/05/2022', '02:20:00', 'PM']"
3b9d67ff3b231ee096cf552551536ac8ca6e596c4d15ccb5c0ece292cd51f8cebf1539a223ab0f7c456e07c775f9534610153a8a153c50d5ed61f949df30ab41,2022-10-05 11:45:00,Wednesday,30,NO CONTROLS,CLEAR,DAYLIGHT,FIXED OBJECT,DRY,INJURY AND / OR TOW DUE TO CRASH,"OVER $1,500",IMPROPER BACKING,1,INCAPACITATING INJURY,2.0,0.0,1.0,11,4,10,41.89347666,-87.69422144,"['10/05/2022', '11:45:00', 'AM']"
e612b787e4e0d22a12c170b4bb4b79988b84f3fd12b27c2bd28dd5b7c992d7217cb52ab7db9a74efe464dae677f339e36061841c8fff46d27743c177246e3560,2022-10-05 08:59:00,Wednesday,30,TRAFFIC SIGNAL,CLEAR,DAYLIGHT,ANGLE,DRY,INJURY AND / OR TOW DUE TO CRASH,"OVER $1,500",FAILING TO YIELD RIGHT-OF-WAY,2,INCAPACITATING INJURY,5.0,0.0,4.0,8,4,10,41.87725847,-87.72075614,"['10/05/2022', '08:59:00', 'AM']"
585f8b9044d8cf49efb4c425caa47059b1155d9762544b5de96477b71cb433209879a2c5a4c7cd01a23ee87717a687fc9b947be40d9f4c4c0fd0e02db0672af4,2022-10-05 07:45:00,Wednesday,30,TRAFFIC SIGNAL,CLEAR,DAYLIGHT,ANGLE,DRY,INJURY AND / OR TOW DUE TO CRASH,"OVER $1,500",DISREGARDING TRAFFIC SIGNALS,2,INCAPACITATING INJURY,3.0,0.0,1.0,7,4,10,41.82392271,-87.61714589,"['10/05/2022', '07:45:00', 'AM']"
1be5a392d8d9f12359ac3c647bb688a3d965c9574df81ad8f5df0551ef46fcfa664291302e47c706a3a574403f80badd8f8d4eb1111617db8a741b9f41d86645,2022-10-05 05:40:00,Wednesday,30,NO CONTROLS,CLEAR,"DARKNESS, LIGHTED ROAD",PEDESTRIAN,DRY,INJURY AND / OR TOW DUE TO CRASH,$500 OR LESS,DRIVING SKILLS/KNOWLEDGE/EXPERIENCE,2,INCAPACITATING INJURY,1.0,0.0,1.0,5,4,10,41.89641174,-87.62991777,"['10/05/2022', '05:40:00', 'AM']"
19d4c64ceea0432c609992abbe5c34fd7a0ebe4de1b431c3fb6cffa7925df42a070c2fca0e87c8c0fcff1198d83631bb58934923e8115c93116aaaf597f57dd4,2022-10-04 22:35:00,Tuesday,30,NO CONTROLS,CLEAR,DAYLIGHT,FIXED OBJECT,DRY,INJURY AND / OR TOW DUE TO CRASH,"OVER $1,500",FAILING TO REDUCE SPEED TO AVOID CRASH,1,INCAPACITATING INJURY,2.0,0.0,1.0,22,3,10,41.7514606,-87.58597199,"['10/04/2022', '10:35:00', 'PM']"
44ec20799dec5c2c1491a0ec47f8864a6ca583f4bf6b185843cf6f56c447ef6a36aada3920a3ead7ba37dde0e1b0cd47741c85e379d7c4776dff49ae45c0cc6e,2022-10-04 14:50:00,Tuesday,30,TRAFFIC SIGNAL,CLEAR,DAYLIGHT,TURNING,DRY,INJURY AND / OR TOW DUE TO CRASH,$500 OR LESS,IMPROPER TURNING/NO SIGNAL,2,INCAPACITATING INJURY,1.0,0.0,1.0,14,3,10,41.99246907,-87.6556066,"['10/04/2022', '02:50:00', 'PM']"
d5ef1a1e0f50333163b41231fa738d85eea04ea92dc01874722078d44ee5bf36b7c1fa3dfdb3d7161fae43fba05f7640f6ea39b5633e61093faef075324d42ac,2022-10-04 14:30:00,Tuesday,30,NO CONTROLS,CLEAR,DAYLIGHT,FIXED OBJECT,UNKNOWN,INJURY AND / OR TOW DUE TO CRASH,"OVER $1,500",ROAD ENGINEERING/SURFACE/MARKING DEFECTS,1,INCAPACITATING INJURY,1.0,0.0,1.0,14,3,10,41.97391378,-87.7663403,"['10/04/2022', '02:30:00', 'PM']"
a306818c6c0dbba05b4c394a671fb10bb72fb546fd833925d5bb34d7f179706ba0601e9a2754ba93812bf174fc6693570985bcbc66bea73b113df13bd980eca8,2022-10-04 06:14:00,Tuesday,30,TRAFFIC SIGNAL,CLEAR,"DARKNESS, LIGHTED ROAD",PEDESTRIAN,DRY,INJURY AND / OR TOW DUE TO CRASH,$500 OR LESS,UNABLE TO DETERMINE,2,INCAPACITATING INJURY,1.0,0.0,1.0,6,3,10,41.71431828,-87.64349333,"['10/04/2022', '06:14:00', 'AM']"
dd20477b1c6cb59d6ce27b53c389f571569d922ddb0527126075306b7e03523d243ac87eda3b1392fe7803baf91a59442d97bb6af8587c85420c59fce604ad9f,2022-10-03 17:30:00,Monday,25,NO CONTROLS,CLEAR,"DARKNESS, LIGHTED ROAD",PEDESTRIAN,DRY,INJURY AND / OR TOW DUE TO CRASH,$500 OR LESS,DISREGARDING ROAD MARKINGS,2,INCAPACITATING INJURY,1.0,0.0,1.0,17,2,10,41.997886,-87.68724323,"['10/03/2022', '05:30:00', 'PM']"
f67d994585614901414e2c66ee4b6d2de15cc4555f5f7b1362a246c2e585de342d39262e0673188c78525a7bc7920698dc80e5023944c6f4ab4151e3fa73f4fb,2022-10-03 15:07:00,Monday,20,TRAFFIC SIGNAL,CLEAR,DAYLIGHT,PEDESTRIAN,DRY,INJURY AND / OR TOW DUE TO CRASH,$500 OR LESS,DISREGARDING TRAFFIC SIGNALS,2,INCAPACITATING INJURY,1.0,0.0,1.0,15,2,10,41.97624134,-87.65791552,"['10/03/2022', '03:07:00', 'PM']"
fda2569a0e4204c2e6a68a5a0b72446491a1c68c8440f13a9d10d465245679d60593c8f277c40181e02a7d21c6ac002b4b2350ada804fbb7d9020beaebc82244,2022-10-03 13:35:00,Monday,20,TRAFFIC SIGNAL,CLEAR,DAYLIGHT,ANGLE,DRY,INJURY AND / OR TOW DUE TO CRASH,"OVER $1,500",DISREGARDING TRAFFIC SIGNALS,2,INCAPACITATING INJURY,2.0,0.0,1.0,13,2,10,41.87732085,-87.71581167,"['10/03/2022', '01:35:00', 'PM']"
6336ef1ede52bcdc258f89e646fc3735801ef3ed6163767d63a0a183e130c1b2373a25faf85791d82a1326f0db2de6b4647df30295746851c2714daea7d559dd,2022-10-03 13:33:00,Monday,30,TRAFFIC SIGNAL,CLEAR,DAYLIGHT,PEDESTRIAN,DRY,INJURY AND / OR TOW DUE TO CRASH,"OVER $1,500",UNABLE TO DETERMINE,2,FATAL,1.0,1.0,0.0,13,2,10,41.96402748,-87.72776604,"['10/03/2022', '01:33:00', 'PM']"
8ae0a3e6c0181d6e8dc925fd87d7106ef77e71981757bc5219323c9556eb1d183be84f55d74d94d51ad2b132380bc5d47f299932d0f703117b6d46b2d8e89e97,2022-10-03 11:31:00,Monday,30,TRAFFIC SIGNAL,CLEAR,DAYLIGHT,PEDESTRIAN,DRY,INJURY AND / OR TOW DUE TO CRASH,$500 OR LESS,FAILING TO YIELD RIGHT-OF-WAY,2,INCAPACITATING INJURY,1.0,0.0,1.0,11,2,10,41.82368535,-87.6217466,"['10/03/2022', '11:31:00', 'AM']"
6d99652571c63b85ebc57892b05cff6984dadbdfa1c8fea93884e0fe1ac2310c8d3964d22bc74b28ee3bd67e0c8dc9003bb79233ae327f63fc7893cbcd6c7dcc,2022-10-03 04:00:00,Monday,40,NO CONTROLS,CLEAR,"DARKNESS, LIGHTED ROAD",HEAD ON,DRY,INJURY AND / OR TOW DUE TO CRASH,"OVER $1,500",DRIVING ON WRONG SIDE/WRONG WAY,2,INCAPACITATING INJURY,2.0,0.0,2.0,4,2,10,41.90246193,-87.6246606,"['10/03/2022', '04:00:00', 'AM']"
1a5cb36b46884c07761b3b631b92969eebaaf521a4b80caba390bc428dd6791d003735238f5bcfba35d6bafe3b0b777bb419dabe74d9402b0cce1f959261c21f,2022-10-02 18:10:00,Sunday,30,TRAFFIC SIGNAL,CLEAR,DAYLIGHT,REAR END,DRY,INJURY AND / OR TOW DUE TO CRASH,"OVER $1,500",FAILING TO REDUCE SPEED TO AVOID CRASH,3,INCAPACITATING INJURY,1.0,0.0,1.0,18,1,10,41.80866641,-87.66989052,"['10/02/2022', '06:10:00', 'PM']"
5e77729abf4f1209fdac6d7b9abed39f0ba0d0c01f3f08d7c803c2ceebb0f4e7bfb13f10824d5b8344ad456901709c783b578308ebbd6a15c64fa5dcbd3d50a2,2022-10-02 18:08:00,Sunday,35,TRAFFIC SIGNAL,CLEAR,DAYLIGHT,TURNING,WET,INJURY AND / OR TOW DUE TO CRASH,"OVER $1,500",FAILING TO YIELD RIGHT-OF-WAY,4,INCAPACITATING INJURY,1.0,0.0,1.0,18,1,10,41.74217811,-87.74096691,"['10/02/2022', '06:08:00', 'PM']"
c8bbecc13d066678a16f4095ed82295691063df856f16baf388f126465c2e056f035853d606d205ecc9426ee73c8fe1220fb2ca60285e0e0244863971907bfb7,2022-10-02 15:25:00,Sunday,30,NO CONTROLS,CLEAR,DAYLIGHT,FIXED OBJECT,DRY,INJURY AND / OR TOW DUE TO CRASH,"OVER $1,500",UNABLE TO DETERMINE,1,INCAPACITATING INJURY,1.0,0.0,1.0,15,1,10,41.74268357,-87.55622822,"['10/02/2022', '03:25:00', 'PM']"
c1958a5cb87552b03c0bbf2f8d8b78707cad5237bd31cc1e054b1d359f8017973737d33f8f0ca9ba56b6193307f6b30a69b9e224494a582f56dece04face66b2,2022-10-02 04:43:00,Sunday,15,NO CONTROLS,UNKNOWN,UNKNOWN,PEDESTRIAN,UNKNOWN,INJURY AND / OR TOW DUE TO CRASH,"OVER $1,500",NOT APPLICABLE,2,INCAPACITATING INJURY,1.0,0.0,1.0,4,1,10,41.7680962,-87.68563209,"['10/02/2022', '04:43:00', 'AM']"
e848636ffe9862a6d298a2c3f9c3192bd0cc7903c17bc6ed0b5b088a0b645caed5e6c6509e6a872cd7d2465d9d6962450fa8b0bd828f2bec6c1bf24213e45e97,2022-10-02 00:11:00,Sunday,30,NO CONTROLS,CLEAR,"DARKNESS, LIGHTED ROAD",SIDESWIPE SAME DIRECTION,DRY,INJURY AND / OR TOW DUE TO CRASH,"OVER $1,500",DRIVING SKILLS/KNOWLEDGE/EXPERIENCE,2,INCAPACITATING INJURY,1.0,0.0,1.0,0,1,10,41.9247621,-87.69066098,"['10/02/2022', '12:11:00', 'AM']"
6644e7536cfb91d21ae3b78559d257c06a9f6006e4c92600f4a3b9b494a0698b289515aea4d9b5bb2324e5030976dedebab7e2e3025a3d0a19e93b5800c28e25,2022-10-01 21:56:00,Saturday,30,NO CONTROLS,CLEAR,"DARKNESS, LIGHTED ROAD",PEDALCYCLIST,DRY,INJURY AND / OR TOW DUE TO CRASH,"OVER $1,500",UNABLE TO DETERMINE,2,INCAPACITATING INJURY,1.0,0.0,1.0,21,7,10,41.957342,-87.75145657,"['10/01/2022', '09:56:00', 'PM']"
f5caa4614a356f2f795a7d32178e0b9850128f4bfadf53685939f43a85e6005b8aeba5b903f47cdd6ce7a37376ec30ea278b65a328e7f64f86321a3e2bcffe34,2022-10-01 21:46:00,Saturday,30,NO CONTROLS,CLEAR,DUSK,PARKED MOTOR VEHICLE,DRY,INJURY AND / OR TOW DUE TO CRASH,"OVER $1,500",UNABLE TO DETERMINE,2,INCAPACITATING INJURY,1.0,0.0,1.0,21,7,10,41.87933392,-87.75488088,"['10/01/2022', '09:46:00', 'PM']"
b463e77434592ec07a92c97bcd77656ccddd75882a374edd5cba45cc5a2f2a1e9429d4f4ec63c53a98708ea4c3601de7abb6da1d9ddb22aa61ffee0bca2ecbdc,2022-10-01 18:15:00,Saturday,30,TRAFFIC SIGNAL,CLEAR,DUSK,REAR END,DRY,INJURY AND / OR TOW DUE TO CRASH,"OVER $1,500",FOLLOWING TOO CLOSELY,2,INCAPACITATING INJURY,2.0,0.0,1.0,18,7,10,42.00482454,-87.6902129,"['10/01/2022', '06:15:00', 'PM']"
fafe50c2de365d4ab1ee1e894ca94b14483482629eb373d2cb0e80c83f65f7df95dfb0a40df680046579a0b13489d28ce8518ab3bac3a5a1cf42a4e0aa01fc8c,2022-10-01 18:09:00,Saturday,30,STOP SIGN/FLASHER,CLEAR,DAYLIGHT,PEDALCYCLIST,DRY,INJURY AND / OR TOW DUE TO CRASH,"OVER $1,500",FAILING TO YIELD RIGHT-OF-WAY,2,INCAPACITATING INJURY,1.0,0.0,1.0,18,7,10,41.93951493,-87.69540111,"['10/01/2022', '06:09:00', 'PM']"
81775b0a43b129ac8663f17eb3c9fe74f2e62bfc49e567df3e7c38a6deb65f3a945b93cfbd559dfc33748eb7f6dad140fe96802b0880c66d227b00709a08f11d,2022-10-01 17:05:00,Saturday,30,TRAFFIC SIGNAL,CLEAR,DAYLIGHT,PEDALCYCLIST,DRY,INJURY AND / OR TOW DUE TO CRASH,$500 OR LESS,FAILING TO YIELD RIGHT-OF-WAY,2,INCAPACITATING INJURY,1.0,0.0,1.0,17,7,10,41.92428359,-87.74645019,"['10/01/2022', '05:05:00', 'PM']"
4892c5f28622054aa1677f81f94ef44f144dc51d82a90b8c96ecdc2f8b333e84edee93a1df82b66b017c447e4707f035abe48b44d92e275e31b13701d5d02b02,2022-10-01 15:15:00,Saturday,30,NO CONTROLS,CLEAR,DAYLIGHT,ANGLE,DRY,INJURY AND / OR TOW DUE TO CRASH,"OVER $1,500",DRIVING ON WRONG SIDE/WRONG WAY,4,INCAPACITATING INJURY,2.0,0.0,2.0,15,7,10,41.89738322,-87.74571563,"['10/01/2022', '03:15:00', 'PM']"
75ac74c044edc482d57627523be9fd176a799a76843de1e569b3bd88d84f457d7320ef46959c6b8f80ce58d711ca88d938399bf70f80b0ef9bc1a0de75a52d81,2022-10-01 12:30:00,Saturday,30,TRAFFIC SIGNAL,CLEAR,DAYLIGHT,PEDALCYCLIST,DRY,INJURY AND / OR TOW DUE TO CRASH,"OVER $1,500",DRIVING ON WRONG SIDE/WRONG WAY,2,INCAPACITATING INJURY,1.0,0.0,1.0,12,7,10,41.93824719,-87.79584666,"['10/01/2022', '12:30:00', 'PM']"
58960beae1d9d2be564451def5d80b60333cf31c5edfda714276c8f87d62ad976ccf256f3fd88e211b891bd09412115b94f26a6101a1c9a75b284696a4aaf61f,2022-10-01 11:45:00,Saturday,30,TRAFFIC SIGNAL,CLEAR,DAYLIGHT,ANGLE,DRY,INJURY AND / OR TOW DUE TO CRASH,"OVER $1,500",DISREGARDING TRAFFIC SIGNALS,6,FATAL,3.0,1.0,1.0,11,7,10,41.88089727,-87.72088123,"['10/01/2022', '11:45:00', 'AM']"
046f4f5df24f409ffaf15d302f9310d065887f15e87c364b713e70ca7f9b8daa9cafd94eaa810e673363ed902bf6789b79de9d8a6154c221e32d2d7a3b8f3034,2022-10-01 11:43:00,Saturday,30,NO CONTROLS,CLEAR,DAYLIGHT,PARKED MOTOR VEHICLE,DRY,INJURY AND / OR TOW DUE TO CRASH,"OVER $1,500",DRIVING ON WRONG SIDE/WRONG WAY,2,INCAPACITATING INJURY,1.0,0.0,1.0,11,7,10,41.7013712,-87.64084234,"['10/01/2022', '11:43:00', 'AM']"
9facb30495f757e0f577db9350fd7c660e3018b7dd0f2524fc5106535142a4e1208d3120cdd250982ac16eb86ee92182a70adb959f167ad11b3b63f34dbe49b6,2022-10-01 10:00:00,Saturday,25,NO CONTROLS,CLEAR,DAYLIGHT,FIXED OBJECT,DRY,INJURY AND / OR TOW DUE TO CRASH,"OVER $1,500",UNABLE TO DETERMINE,1,INCAPACITATING INJURY,3.0,0.0,1.0,10,7,10,41.84960132,-87.72485421,"['10/01/2022', '10:00:00', 'AM']"
ce8783d84d150d906fdcb8cd3630d667a5dbc1293a684ce2cd43a97b92dc928c74772402d950c1d0d94bc12132c3ab727b0e2e1c20ac44230ba2e7b47a30519e,2022-10-01 09:50:00,Saturday,30,NO CONTROLS,CLEAR,DAYLIGHT,PEDESTRIAN,DRY,INJURY AND / OR TOW DUE TO CRASH,$500 OR LESS,UNABLE TO DETERMINE,2,INCAPACITATING INJURY,1.0,0.0,1.0,9,7,10,41.67692306,-87.63238792,"['10/01/2022', '09:50:00', 'AM']"
c5949ffc87c18455d9cf63d0c27c40daec5b214bfa84b450891be90262c7a93dc24647a74965c2c0c11f350a527ed712dff5bf1415ae7640afabf668fe163a94,2022-10-01 04:15:00,Saturday,35,TRAFFIC SIGNAL,CLEAR,"DARKNESS, LIGHTED ROAD",ANGLE,DRY,INJURY AND / OR TOW DUE TO CRASH,"OVER $1,500",DISREGARDING TRAFFIC SIGNALS,2,INCAPACITATING INJURY,2.0,0.0,1.0,4,7,10,41.80072726,-87.70391022,"['10/01/2022', '04:15:00', 'AM']"
e42e433d4aa59a7002e33ac597d866de2c445765c084446f76409ba1672b7ff9ad7cc3ac5d40b17dbf421f2d7632bc796095d3cfa7d5327413870ef4286257c3,2022-10-01 03:55:00,Saturday,20,NO CONTROLS,CLEAR,"DARKNESS, LIGHTED ROAD",PEDESTRIAN,DRY,INJURY AND / OR TOW DUE TO CRASH,"OVER $1,500",FAILING TO REDUCE SPEED TO AVOID CRASH,2,INCAPACITATING INJURY,1.0,0.0,1.0,3,7,10,41.92648863,-87.75608641,"['10/01/2022', '03:55:00', 'AM']"
9c4ffc411dc4008288a0865c91e102acede8924bb9093bc6c5e41672d92fae3a1153548be9375bc2b4afba98f181b6b36daa18601ad3c1f8f78db16a22eb9c2d,2022-10-01 02:44:00,Saturday,30,NO CONTROLS,CLEAR,"DARKNESS, LIGHTED ROAD",ANGLE,DRY,INJURY AND / OR TOW DUE TO CRASH,"OVER $1,500",UNABLE TO DETERMINE,2,INCAPACITATING INJURY,2.0,0.0,2.0,2,7,10,41.92366307,-87.80083021,"['10/01/2022', '02:44:00', 'AM']"
cc40cad22fcce23df8038bb96e3b598e8a8fbcbf978de62c6147f5951e73e8691770c94b63196684adcb0c22f11403cf7a118860a34fb7da697c448cf1bc0394,2022-10-01 01:25:00,Saturday,30,NO CONTROLS,CLEAR,"DARKNESS, LIGHTED ROAD",PARKED MOTOR VEHICLE,DRY,INJURY AND / OR TOW DUE TO CRASH,"OVER $1,500",FAILING TO REDUCE SPEED TO AVOID CRASH,2,INCAPACITATING INJURY,1.0,0.0,1.0,1,7,10,41.93488551,-87.78567084,"['10/01/2022', '01:25:00', 'AM']"