CRASH_RECORD_ID,CRASH_DATE,Weekday,POSTED_SPEED_LIMIT,TRAFFIC_CONTROL_DEVICE,WEATHER_CONDITION,LIGHTING_CONDITION,FIRST_CRASH_TYPE,ROADWAY_SURFACE_COND,CRASH_TYPE,DAMAGE,PRIM_CONTRIBUTORY_CAUSE,NUM_UNITS,MOST_SEVERE_INJURY,INJURIES_TOTAL,INJURIES_FATAL,INJURIES_INCAPACITATING,CRASH_HOUR,CRASH_DAY_OF_WEEK,CRASH_MONTH,LATITUDE,LONGITUDE,CRASH_TIME
5d9b7baa0a4ef6e17462cd925f631dc0ad2ed721c80a791b429ea381fe92e296ca992bfcbf86542cc1d5e5f40b017cbd36f512ec83461d42ffe3099937261c77,2022-09-30 18:10:00,Friday,30,TRAFFIC SIGNAL,CLEAR,DAYLIGHT,TURNING,DRY,INJURY AND / OR TOW DUE TO CRASH,"OVER $1,500",FAILING TO YIELD RIGHT-OF-WAY,6,INCAPACITATING INJURY,2.0,0.0,1.0,18,6,9,41.74356116,-87.64398273,"['09/30/2022', '06:10:00', 'PM']"
1075e7dfc27f0624448baba56919d76c7b6070dc0c79cb230f4fcc714cb5e58e05df413be645c41c6405c8c3bd5c6d42d05df68a286ce1a090a65a81f3692db7,2022-09-30 17:17:00,Friday,30,TRAFFIC SIGNAL,CLEAR,DAYLIGHT,PEDESTRIAN,DRY,INJURY AND / OR TOW DUE TO CRASH,"OVER $1,500",FAILING TO YIELD RIGHT-OF-WAY,2,INCAPACITATING INJURY,1.0,0.0,1.0,17,6,9,41.95738941,-87.72787272,"['09/30/2022', '05:17:00', 'PM']"
45cc374b97b0bbaf23e9ecdcc6a44bdd24cad252b2adc13dfa4231ca99fddee2c8dbe7197b4ec2a2d83a52d69ba310ed358d8db6c28896ecaea8d632b66362b2,2022-09-30 16:20:00,Friday,30,NO CONTROLS,CLEAR,DAYLIGHT,REAR END,DRY,INJURY AND / OR TOW DUE TO CRASH,"OVER $1,500",FAILING TO REDUCE SPEED TO AVOID CRASH,3,INCAPACITATING INJURY,1.0,0.0,1.0,16,6,9,41.85589127,-87.6270119,"['09/30/2022', '04:20:00', 'PM']"
17fbc400c04908b1b0f4bd26e53a0ea33922378f426dd22fc25c2c6c1654f04ca7ba3271253093782d849a8507451816d0db46ba6a6d8ba07f4c53a976d73ba2,2022-09-30 15:54:00,Friday,30,YIELD,CLEAR,DAYLIGHT,PEDESTRIAN,DRY,INJURY AND / OR TOW DUE TO CRASH,$500 OR LESS,FAILING TO YIELD RIGHT-OF-WAY,2,INCAPACITATING INJURY,1.0,0.0,1.0,15,6,9,41.75108793,-87.6230774,"['09/30/2022', '03:54:00', 'PM']"
1f4f0792e0f11f710f99540f716e75827df61a5763a0600b6c8942d564bd74c7aa3d9dad03b6821002322248c87cb86270612a3944614c6db03601611ef42609,2022-09-30 14:45:00,Friday,30,STOP SIGN/FLASHER,CLEAR,DAYLIGHT,TURNING,DRY,INJURY AND / OR TOW DUE TO CRASH,"OVER $1,500",UNABLE TO DETERMINE,3,INCAPACITATING INJURY,1.0,0.0,1.0,14,6,9,41.97382354,-87.70877392,"['09/30/2022', '02:45:00', 'PM']"
23113965711ad3d29c1b8c5d62dde9d99c96d709102b6258d83f125d478eb75e2683bc124854588d8249cc564789d47031ee8f5c071075787338b9bfa6239de5,2022-09-30 09:03:00,Friday,30,TRAFFIC SIGNAL,CLEAR,DAYLIGHT,TURNING,DRY,INJURY AND / OR TOW DUE TO CRASH,"OVER $1,500",UNABLE TO DETERMINE,2,INCAPACITATING INJURY,2.0,0.0,1.0,9,6,9,42.01284733,-87.66361978,"['09/30/2022', '09:03:00', 'AM']"
2c5824ac0c3a4aa1a009a8196fa680ec4807aa41a0ff32c5345ff918850c98b6f6c53ac342251ab89f5e61b7f388c8acc9ca6a3dc535b2ea9bb29e75f4dc406e,2022-09-30 08:00:00,Friday,30,TRAFFIC SIGNAL,CLEAR,DAYLIGHT,ANGLE,DRY,INJURY AND / OR TOW DUE TO CRASH,"OVER $1,500",DISREGARDING TRAFFIC SIGNALS,3,INCAPACITATING INJURY,2.0,0.0,1.0,8,6,9,41.95346817,-87.75230593,"['09/30/2022', '08:00:00', 'AM']"
bd36a44e155612daf8eeb54c2d2d30b3fad6e1427941f56ff00033e2673797c21e8c2ef1808a35d517ba92e1c4852556706b712988aee5c095e7ed2b03c0eb51,2022-09-29 23:50:00,Thursday,30,TRAFFIC SIGNAL,CLEAR,"DARKNESS, LIGHTED ROAD",PEDESTRIAN,DRY,INJURY AND / OR TOW DUE TO CRASH,"$501 - $1,500",FAILING TO YIELD RIGHT-OF-WAY,2,INCAPACITATING INJURY,1.0,0.0,1.0,23,5,9,41.86952295,-87.65689278,"['09/29/2022', '11:50:00', 'PM']"
829d3e9c5bc518b002d074176301a4b86f5c585d246b237ab32f975336c2b11a94a6d6d28c8f2ee631e9f2ca8a1bbfe78f4021719a2b7e9de1c2bbd4bbaecd3e,2022-09-29 22:00:00,Thursday,30,NO CONTROLS,CLEAR,DARKNESS,OTHER OBJECT,DRY,INJURY AND / OR TOW DUE TO CRASH,"OVER $1,500",UNABLE TO DETERMINE,1,INCAPACITATING INJURY,2.0,0.0,1.0,22,5,9,41.76556378,-87.62482583,"['09/29/2022', '10:00:00', 'PM']"
f75da38cf635c22a0ea308a1e141577e19de22088663964da706299c5cf49bfcc131241b7bd05ec284d9e8cc422997f64d64e4933f9969ef0fc941d2cabc993c,2022-09-29 19:48:00,Thursday,30,TRAFFIC SIGNAL,CLEAR,DUSK,REAR END,DRY,INJURY AND / OR TOW DUE TO CRASH,"OVER $1,500",UNABLE TO DETERMINE,2,INCAPACITATING INJURY,1.0,0.0,1.0,19,5,9,41.96061348,-87.74747997,"['09/29/2022', '07:48:00', 'PM']"
dec5443ad8abb7b99987cef832df3b27f3c4cf885ca4cda00e6c4951846e2c9866e1d68d35ad2b49627d2a9ea4fb5265dc7b01ff3a51a2aaff05b96334c85aa2,2022-09-29 16:01:00,Thursday,30,TRAFFIC SIGNAL,CLEAR,DAYLIGHT,TURNING,DRY,INJURY AND / OR TOW DUE TO CRASH,"OVER $1,500",FAILING TO REDUCE SPEED TO AVOID CRASH,3,INCAPACITATING INJURY,1.0,0.0,1.0,16,5,9,41.75067417,-87.6341684,"['09/29/2022', '04:01:00', 'PM']"
46ce8887817e91489a7f3ec550e67ca6c853ede9c1d0a0eb65a824f9a8dc3c9fd2cc61e7c88658e0f7174a432e13ae7bd4222f8313409fa9f10b400397866d02,2022-09-29 13:26:00,Thursday,30,NO CONTROLS,CLEAR,DAYLIGHT,ANGLE,DRY,INJURY AND / OR TOW DUE TO CRASH,"$501 - $1,500",FAILING TO REDUCE SPEED TO AVOID CRASH,2,INCAPACITATING INJURY,1.0,0.0,1.0,13,5,9,41.9095343,-87.76173095,"['09/29/2022', '01:26:00', 'PM']"
d7ac63b57020b146adf1d1e7bdd82ad08617e36800dedac02303af553debed283c2712c00e2c5c6cae4fb4b6ea0b452c63046ec690ab0209cf500921a8a3ca6c,2022-09-29 07:35:00,Thursday,35,TRAFFIC SIGNAL,CLEAR,DAYLIGHT,ANGLE,DRY,INJURY AND / OR TOW DUE TO CRASH,"$501 - $1,500",UNABLE TO DETERMINE,3,INCAPACITATING INJURY,2.0,0.0,1.0,7,5,9,41.7586311,-87.59575034,"['09/29/2022', '07:35:00', 'AM']"
147fbd61c8279fac31ee6b8a7dd65f11214240ed035d4f8ebbdc7d28280a3d3699f86a9d6dae77aa764c58fcd3771d8f972882da085562f023b3df9b722abe57,2022-09-28 20:53:00,Wednesday,30,TRAFFIC SIGNAL,CLEAR,"DARKNESS, LIGHTED ROAD",ANGLE,DRY,INJURY AND / OR TOW DUE TO CRASH,"OVER $1,500",DISREGARDING TRAFFIC SIGNALS,2,FATAL,5.0,1.0,0.0,20,4,9,41.8371248,-87.70475666,"['09/28/2022', '08:53:00', 'PM']"
481006956caf1f61b0d31128fbc2729ec54409365746b5cf24f8066610be5b3bf96f634c23e8f1697f51cf65d030e972ecd12ec15d2d310585105a690cc8f435,2022-09-28 15:52:00,Wednesday,40,TRAFFIC SIGNAL,CLEAR,DAYLIGHT,PEDESTRIAN,DRY,INJURY AND / OR TOW DUE TO CRASH,"OVER $1,500",UNABLE TO DETERMINE,2,INCAPACITATING INJURY,1.0,0.0,1.0,15,4,9,41.76574423,-87.60572513,"['09/28/2022', '03:52:00', 'PM']"
83220d870a4321ae07d92de5c58861486eb393c7cd923cfe655ae1a1488590146ec5bca82a6df09569399ee0b4cea9c75ec8befd410c0d98e6d8af1d72151aaf,2022-09-28 12:51:00,Wednesday,30,NO CONTROLS,CLEAR,DAYLIGHT,ANGLE,DRY,INJURY AND / OR TOW DUE TO CRASH,"OVER $1,500",UNABLE TO DETERMINE,2,INCAPACITATING INJURY,1.0,0.0,1.0,12,4,9,41.8424621,-87.63494441,"['09/28/2022', '12:51:00', 'PM']"
18034fbe04300471af5511cd0bf9f541cc6f504c1e35df26d8c9baa717e3a41970e33a29355038d13b70137bde53fd1baf814882b49c85079a608880436f749b,2022-09-28 08:03:00,Wednesday,30,NO CONTROLS,CLEAR,DAYLIGHT,PEDALCYCLIST,UNKNOWN,INJURY AND / OR TOW DUE TO CRASH,"OVER $1,500",UNABLE TO DETERMINE,2,INCAPACITATING INJURY,1.0,0.0,1.0,8,4,9,41.87749538,-87.6816554,"['09/28/2022', '08:03:00', 'AM']"
6aaafcdb44e58ad9b82e0af24e4181218aae69b105d297d53d7dc59742728a64dc05093a6ad24b8d1fded212803508d5c2d37ebd831484b990ad1462fb929676,2022-09-28 05:29:00,Wednesday,35,TRAFFIC SIGNAL,CLEAR,"DARKNESS, LIGHTED ROAD",ANGLE,DRY,INJURY AND / OR TOW DUE TO CRASH,"OVER $1,500",DISREGARDING TRAFFIC SIGNALS,2,INCAPACITATING INJURY,3.0,0.0,1.0,5,4,9,41.78672222,-87.65968362,"['09/28/2022', '05:29:00', 'AM']"
7c5fa181037c2f4273e04570f2dc306d3e263332399628f314db90a36c1990d02989f6c0d068795e772118788ab72e0d0c3240e9d65db3f970444a59a5912baf,2022-09-28 00:08:00,Wednesday,30,TRAFFIC SIGNAL,CLEAR,"DARKNESS, LIGHTED ROAD",ANGLE,DRY,INJURY AND / OR TOW DUE TO CRASH,"OVER $1,500",UNABLE TO DETERMINE,2,INCAPACITATING INJURY,3.0,0.0,1.0,0,4,9,41.87614364,-87.62910147,"['09/28/2022', '12:08:00', 'AM']"
114665a581b71af2c4ebb5860e5a2d7b5e1edaf4b509237c89844d4ef216488597f86e3a8021e49a3c99721be4d4d98819d36e7e5df5aaa1ef00123370192c10,2022-09-27 16:24:00,Tuesday,30,TRAFFIC SIGNAL,CLEAR,DAYLIGHT,TURNING,DRY,INJURY AND / OR TOW DUE TO CRASH,"OVER $1,500",FAILING TO YIELD RIGHT-OF-WAY,2,INCAPACITATING INJURY,1.0,0.0,1.0,16,3,9,41.92497435,-87.6777491,"['09/27/2022', '04:24:00', 'PM']"
af9cf96234fe4ca66ac6d41957071d7f573243cf1eeffac6ae3666fa42b9b79bc4e2e9ed032c010537474b2d2df9a3c75e7578421a1dd44117326e98aea53d06,2022-09-27 15:40:00,Tuesday,30,NO CONTROLS,CLEAR,DAYLIGHT,PARKED MOTOR VEHICLE,DRY,INJURY AND / OR TOW DUE TO CRASH,"OVER $1,500",UNABLE TO DETERMINE,3,INCAPACITATING INJURY,1.0,0.0,1.0,15,3,9,41.80237347,-87.60588761,"['09/27/2022', '03:40:00', 'PM']"
fbf11e07581e2c7ad0848470cd318dbd4a633e2790593d2db2cede42d7ddd441357425a024ff7a71b4571af6b86bf1903af0a0ead6fec4b6341f12f2d3124613,2022-09-27 06:38:00,Tuesday,30,TRAFFIC SIGNAL,CLEAR,DAYLIGHT,TURNING,DRY,INJURY AND / OR TOW DUE TO CRASH,"OVER $1,500",IMPROPER OVERTAKING/PASSING,2,INCAPACITATING INJURY,1.0,0.0,1.0,6,3,9,41.81768373,-87.6650402,"['09/27/2022', '06:38:00', 'AM']"
b61a8a550b4012febf8fb8a6dac72402e2d2c4ad9dbcaf59280457559303b6256e60199fe287250f5c51bd1c038ea502397aa545b2c36e5176ff345995a2c609,2022-09-26 18:38:00,Monday,30,FLASHING CONTROL SIGNAL,CLEAR,DUSK,TURNING,DRY,INJURY AND / OR TOW DUE TO CRASH,"OVER $1,500","VISION OBSCURED (SIGNS, TREE LIMBS, BUILDINGS, ETC.)",2,INCAPACITATING INJURY,1.0,0.0,1.0,18,2,9,41.7836259,-87.76209726,"['09/26/2022', '06:38:00', 'PM']"
2f717f270734841ec72ae8962a2cc3eec6c933f044efcdc993b485967c41ba2b165dd19d9b15546c23c60a3addabe8d3069ab48c059ffeacdecf2747af98c6eb,2022-09-26 09:50:00,Monday,30,NO CONTROLS,CLEAR,DAYLIGHT,FIXED OBJECT,DRY,INJURY AND / OR TOW DUE TO CRASH,"OVER $1,500",PHYSICAL CONDITION OF DRIVER,1,INCAPACITATING INJURY,1.0,0.0,1.0,9,2,9,41.84888064,-87.66583242,"['09/26/2022', '09:50:00', 'AM']"
82f2518e32b4c5033a915e255a1dfba143938bc8300377864f109e6ee5bce0e8845ad572a660403c77d1c8d4ef4a1bab93dae2ccb37fe5451e8a913ab10b0785,2022-09-26 01:55:00,Monday,30,NO CONTROLS,CLEAR,"DARKNESS, LIGHTED ROAD",PARKED MOTOR VEHICLE,DRY,INJURY AND / OR TOW DUE TO CRASH,"OVER $1,500",NOT APPLICABLE,3,FATAL,1.0,1.0,0.0,1,2,9,41.72048033,-87.59609451,"['09/26/2022', '01:55:00', 'AM']"
47ac92676e9d0f6f41b93abb4c1dc2d8d403a187539a729aaa6f5003f0febdde245379ad81e07b1470147d58dc17888ae05194094e596a8846b2ab4990d12dd2,2022-09-25 23:30:00,Sunday,30,NO CONTROLS,RAIN,"DARKNESS, LIGHTED ROAD",OTHER OBJECT,WET,INJURY AND / OR TOW DUE TO CRASH,"OVER $1,500",NOT APPLICABLE,2,FATAL,2.0,2.0,0.0,23,1,9,41.81436814,-87.70356218,"['09/25/2022', '11:30:00', 'PM']"
b49bb9f895dd8c189e1ab0adb17552d87084ade3557d9d2b3b9ce435b7a602897fa974ae3f28255f178091c74e11d2e718b10fa9856a83310bb72b3dd72398f8,2022-09-25 21:44:00,Sunday,30,NO CONTROLS,RAIN,"DARKNESS, LIGHTED ROAD",OTHER OBJECT,WET,INJURY AND / OR TOW DUE TO CRASH,$500 OR LESS,UNABLE TO DETERMINE,2,INCAPACITATING INJURY,1.0,0.0,1.0,21,1,9,41.95293853,-87.64804114,"['09/25/2022', '09:44:00', 'PM']"
c62669f266acaba05ec1b06c50236ad62fd6732df2f0ec5b18fc24c641bfae5078ce5eef310262c691c802a4fe07f0390af388fa6300c0e6480cbb6e2cd44c2d,2022-09-25 21:07:00,Sunday,30,TRAFFIC SIGNAL,RAIN,"DARKNESS, LIGHTED ROAD",ANGLE,DRY,INJURY AND / OR TOW DUE TO CRASH,"OVER $1,500",DISREGARDING TRAFFIC SIGNALS,4,INCAPACITATING INJURY,1.0,0.0,1.0,21,1,9,41.86136821,-87.69595458,"['09/25/2022', '09:07:00', 'PM']"
f574b08c3884fe924b808bf4ee522872d75a476c6bef3e6c9fc5e1d7d6d60c488123cd52dd54f2001b9e2bfa30b126241a56e0fc82deb5719320798d16c6a251,2022-09-25 18:45:00,Sunday,25,STOP SIGN/FLASHER,CLEAR,DAYLIGHT,PEDALCYCLIST,DRY,INJURY AND / OR TOW DUE TO CRASH,"OVER $1,500",NOT APPLICABLE,2,INCAPACITATING INJURY,1.0,0.0,1.0,18,1,9,41.9106518,-87.65850445,"['09/25/2022', '06:45:00', 'PM']"
15d3f139e347c4a822e9e59a3669aff0900e7559a88a73fe42cfab4d0f7c184e7a3b4a8dcb331c03a5d4adf0a2f839bf8b46cd1ea260f91e1e10acbede6c5fa6,2022-09-25 15:03:00,Sunday,30,NO CONTROLS,CLEAR,DAYLIGHT,FIXED OBJECT,WET,INJURY AND / OR TOW DUE TO CRASH,"OVER $1,500",NOT APPLICABLE,1,INCAPACITATING INJURY,2.0,0.0,2.0,15,1,9,41.80517978,-87.694263,"['09/25/2022', '03:03:00', 'PM']"
10b20ae3346866a893fc36eef1b0ab465ed4895f07017301bcab84a4aac784ef508c69127d48cf6d185952aa27f1fd45de094e815efda27410167c0474f27761,2022-09-25 14:30:00,Sunday,35,TRAFFIC SIGNAL,CLEAR,DAYLIGHT,ANGLE,DRY,INJURY AND / OR TOW DUE TO CRASH,"OVER $1,500",UNABLE TO DETERMINE,2,INCAPACITATING INJURY,1.0,0.0,1.0,14,1,9,41.774867,-87.60595328,"['09/25/2022', '02:30:00', 'PM']"
da6cf3937ba7909f261c6b13e25154ec130ce24a8803ab3aac524661efb4ca0b1ddc9bb448976906f8e0a874e6fa4d6bef7b1be4007d826081b90676242fec54,2022-09-25 06:17:00,Sunday,30,STOP SIGN/FLASHER,CLEAR,DAWN,ANGLE,DRY,INJURY AND / OR TOW DUE TO CRASH,"OVER $1,500",FAILING TO YIELD RIGHT-OF-WAY,2,FATAL,3.0,1.0,2.0,6,1,9,41.72464073,-87.56062435,"['09/25/2022', '06:17:00', 'AM']"
817840f29d3d826e34276764aa12a7a16dddfb6328bcbe467182d970910599985999c8be05fbb6f14fa9fcf73263555297a7b255a8d9cb4656fcb19b3deeef3c,2022-09-25 03:08:00,Sunday,30,TRAFFIC SIGNAL,RAIN,"DARKNESS, LIGHTED ROAD",ANGLE,WET,INJURY AND / OR TOW DUE TO CRASH,"OVER $1,500",DISREGARDING TRAFFIC SIGNALS,2,INCAPACITATING INJURY,2.0,0.0,1.0,3,1,9,41.87571942,-87.63076281,"['09/25/2022', '03:08:00', 'AM']"
1a1bfa08a352de170d04d63715ee056ba8c8dbd9ba8fcdc203e6342e6dfd2843e8b6165b27f7aaa126a42d7b303095ab977fef2b89cc60854517af119e609b51,2022-09-24 23:23:00,Saturday,30,TRAFFIC SIGNAL,RAIN,"DARKNESS, LIGHTED ROAD",ANGLE,WET,INJURY AND / OR TOW DUE TO CRASH,"OVER $1,500",DISREGARDING TRAFFIC SIGNALS,2,INCAPACITATING INJURY,2.0,0.0,2.0,23,7,9,41.88543499,-87.66708806,"['09/24/2022', '11:23:00', 'PM']"
cf345253e027c05e7cc281ff533a174d1eee0512abb6624091f288757a111fad9311513b755ab45b97254135bf62ede58965a277c204997f4923296ef0182692,2022-09-24 20:50:00,Saturday,30,TRAFFIC SIGNAL,CLEAR,"DARKNESS, LIGHTED ROAD",PEDALCYCLIST,DRY,INJURY AND / OR TOW DUE TO CRASH,"$501 - $1,500",IMPROPER TURNING/NO SIGNAL,2,INCAPACITATING INJURY,1.0,0.0,1.0,20,7,9,42.00520253,-87.6607332,"['09/24/2022', '08:50:00', 'PM']"
260c92f4a8c8ab77d949df44e068eb12f9f0fcf6efe73d98054f915cf3b0ec41158a29ed23e531f76c5dd6d4886867e5091ef5a7e84e811891a54dd7b0a0ac38,2022-09-24 19:20:00,Saturday,30,NO CONTROLS,CLEAR,"DARKNESS, LIGHTED ROAD",TURNING,DRY,INJURY AND / OR TOW DUE TO CRASH,"OVER $1,500",UNABLE TO DETERMINE,3,INCAPACITATING INJURY,1.0,0.0,1.0,19,7,9,41.91065578,-87.65852724,"['09/24/2022', '07:20:00', 'PM']"
22e6122de21084f72282e8ec9ec37026da237a27cf70b1053c316cb8ef9badbb27a6753915be71730de5041a421b5a4aadaeb272af606ec98c407531fc603313,2022-09-24 13:30:00,Saturday,30,TRAFFIC SIGNAL,CLEAR,DAYLIGHT,PEDESTRIAN,DRY,INJURY AND / OR TOW DUE TO CRASH,"$501 - $1,500",UNABLE TO DETERMINE,2,INCAPACITATING INJURY,1.0,0.0,1.0,13,7,9,41.7215669,-87.6432753,"['09/24/2022', '01:30:00', 'PM']"
a834d1ed4de0d87f9f4efbd668ac2ac19de902af32d4bdf80aa29e67c920c065405d68d4643f00ad178fed6c6030d3f9ac61b0af4f148a31b3822c8a77218638,2022-09-24 10:40:00,Saturday,30,TRAFFIC SIGNAL,CLEAR,DAYLIGHT,TURNING,DRY,INJURY AND / OR TOW DUE TO CRASH,"OVER $1,500",DRIVING SKILLS/KNOWLEDGE/EXPERIENCE,2,INCAPACITATING INJURY,2.0,0.0,1.0,10,7,9,41.97458433,-87.80721474,"['09/24/2022', '10:40:00', 'AM']"
5078b8b7c02ef018f8f51ca02d6f7c43bd1f36b99f56608c4ae979132c517e05fc6e7b3651a088fdce62daf53cd9d7bce7b0fcc5ce01be2b8afb3485a4e345a2,2022-09-24 01:15:00,Saturday,45,NO CONTROLS,RAIN,"DARKNESS, LIGHTED ROAD",HEAD ON,UNKNOWN,INJURY AND / OR TOW DUE TO CRASH,"OVER $1,500",UNABLE TO DETERMINE,2,FATAL,4.0,1.0,1.0,1,7,9,41.79898927,-87.58095357,"['09/24/2022', '01:15:00', 'AM']"
e50d95685414a2faa8b99d103a1cb959fe7ec0eaa7acefaddda27c7064e234f34ae463fa9eebc19f55ac0d9e74ab6e4ccf152b50de70dd2bb0edad83df810e62,2022-09-23 16:16:00,Friday,25,NO CONTROLS,CLEAR,DAYLIGHT,PEDALCYCLIST,DRY,INJURY AND / OR TOW DUE TO CRASH,"$501 - $1,500",IMPROPER LANE USAGE,2,INCAPACITATING INJURY,2.0,0.0,1.0,16,6,9,41.93824677,-87.78364903,"['09/23/2022', '04:16:00', 'PM']"
c2e6b478aeea4a9bdcacc3a91a7da21cd8cb9fda3a235653ba8f46766f93df3e5e6d126bc33cd864a1500e53f3ec221e5e0ef326d1654f8705f291cfa0e0303c,2022-09-23 00:45:00,Friday,30,NO CONTROLS,CLEAR,"DARKNESS, LIGHTED ROAD",SIDESWIPE SAME DIRECTION,DRY,INJURY AND / OR TOW DUE TO CRASH,"OVER $1,500",UNABLE TO DETERMINE,3,INCAPACITATING INJURY,1.0,0.0,1.0,0,6,9,41.80410644,-87.62122585,"['09/23/2022', '12:45:00', 'AM']"
917385e1d4ef101317b8d8f18509c1afb29216b72b75019250eb8a1b6d6f37a90b07f4c675b6bdaccce5a8084a6ad584955aac01ddaa922da57d62f77a92a0b1,2022-09-22 20:45:00,Thursday,30,TRAFFIC SIGNAL,CLEAR,"DARKNESS, LIGHTED ROAD",ANGLE,DRY,INJURY AND / OR TOW DUE TO CRASH,"OVER $1,500",FAILING TO YIELD RIGHT-OF-WAY,2,INCAPACITATING INJURY,2.0,0.0,1.0,20,5,9,41.76236192,-87.58637724,"['09/22/2022', '08:45:00', 'PM']"
92928518d8f2d362913738ec6eb9f4c48ce7f82daa0b9711731ffac888ed003df574be3cdbae4bdca8de1136b8fecdb9dc59961cdb363a54928381b3ba59a71c,2022-09-22 18:00:00,Thursday,30,NO CONTROLS,CLEAR,DAYLIGHT,PEDALCYCLIST,DRY,INJURY AND / OR TOW DUE TO CRASH,"$501 - $1,500","OPERATING VEHICLE IN ERRATIC, RECKLESS, CARELESS, NEGLIGENT OR AGGRESSIVE MANNER",2,INCAPACITATING INJURY,1.0,0.0,1.0,18,5,9,41.96849327,-87.7150429,"['09/22/2022', '06:00:00', 'PM']"
b3a4f3a2e3972d7dba7c7488cd39b204c6cf1ea5d6d823f5e946b3bcef0ac1d7322e383bf3def1b6c95eaf9212491843e57ac57055feb25206a8501c3fa570c6,2022-09-22 14:41:00,Thursday,30,TRAFFIC SIGNAL,CLEAR,DAYLIGHT,PEDESTRIAN,DRY,INJURY AND / OR TOW DUE TO CRASH,$500 OR LESS,FAILING TO YIELD RIGHT-OF-WAY,2,INCAPACITATING INJURY,1.0,0.0,1.0,14,5,9,41.90390274,-87.63837089,"['09/22/2022', '02:41:00', 'PM']"
ab9958d3a718b5c00c2974e71de06ec41d288944a3f8e15ddb61e853e5b1e914ab748df9b3777d8cffab8d9fa98fe301496a63fd5f20d2b40775c51bfa54d87f,2022-09-21 19:40:00,Wednesday,30,NO CONTROLS,CLEAR,"DARKNESS, LIGHTED ROAD",PEDALCYCLIST,DRY,INJURY AND / OR TOW DUE TO CRASH,$500 OR LESS,NOT APPLICABLE,2,INCAPACITATING INJURY,1.0,0.0,1.0,19,4,9,41.91753421,-87.67746653,"['09/21/2022', '07:40:00', 'PM']"
1cac1504ca9f303e1b375438f082c4b1d6ab5f76ccfb5c81ef644a952958b453703a40d0fb527a37928a657b7d6bf43df50e56b315e65fb43a7896346ab374c6,2022-09-21 18:30:00,Wednesday,20,NO CONTROLS,OTHER,DAYLIGHT,PEDESTRIAN,UNKNOWN,INJURY AND / OR TOW DUE TO CRASH,$500 OR LESS,UNABLE TO DETERMINE,2,INCAPACITATING INJURY,1.0,0.0,1.0,18,4,9,41.93445036,-87.70151115,"['09/21/2022', '06:30:00', 'PM']"
a5f78785cd94260a8fafb05f7c90dfd6169a01e44befbf7a929e415229c8c4cba5dde7f6eaedb75e996bc6ef1535374aeb8df2558a8c0a4874bcc2ff1cd439ec,2022-09-21 17:51:00,Wednesday,30,TRAFFIC SIGNAL,CLEAR,DUSK,TURNING,DRY,INJURY AND / OR TOW DUE TO CRASH,"$501 - $1,500",IMPROPER TURNING/NO SIGNAL,2,INCAPACITATING INJURY,1.0,0.0,1.0,17,4,9,41.92867582,-87.68762837,"['09/21/2022', '05:51:00', 'PM']"
0e825a49677ee3ff87d9c3ed5b80b90142822a18fa0cbf907638a45d1dbc7ace373ebbeddbc9c763a96cc56c17ecd7597b23ebabeb0490a994b6d49a56f141d5,2022-09-21 17:51:00,Wednesday,30,NO CONTROLS,CLEAR,DAYLIGHT,PEDALCYCLIST,DRY,INJURY AND / OR TOW DUE TO CRASH,$500 OR LESS,UNABLE TO DETERMINE,3,INCAPACITATING INJURY,1.0,0.0,1.0,17,4,9,41.994232,-87.68797834,"['09/21/2022', '05:51:00', 'PM']"
606b37c3688a3ef288a0ad1852da97e9832526ca42f7050535bb6eb5a6ca591777701170c0762b23dca54abb83e8e9d9de24a000ce0947d30738aacf1f46955c,2022-09-21 17:00:00,Wednesday,20,NO CONTROLS,CLEAR,DAYLIGHT,PEDESTRIAN,DRY,INJURY AND / OR TOW DUE TO CRASH,"OVER $1,500",FAILING TO YIELD RIGHT-OF-WAY,2,INCAPACITATING INJURY,1.0,0.0,1.0,17,4,9,41.92730431,-87.79794285,"['09/21/2022', '05:00:00', 'PM']"
df7c97bedc7928c38e8fb3610cafce767acc7349de9cc48120f4819f38649d414acafdb6af322fd347445341a4bdd5eb1d9b91917e74410aadfa15aea60acd5d,2022-09-21 16:00:00,Wednesday,30,STOP SIGN/FLASHER,CLEAR,DAYLIGHT,PEDALCYCLIST,DRY,INJURY AND / OR TOW DUE TO CRASH,"OVER $1,500",UNABLE TO DETERMINE,2,INCAPACITATING INJURY,1.0,0.0,1.0,16,4,9,41.69744183,-87.53634343,"['09/21/2022', '04:00:00', 'PM']"
3eb49d518978b775004c88e2638c960fb8b5e67ccc79ba8feef8f100456361fbd98db8d508d9788a0017ffb3cedd4d3a99d1c5d389d73317e36b11aaf417dcd6,2022-09-21 15:14:00,Wednesday,15,NO CONTROLS,CLEAR,DAYLIGHT,PARKED MOTOR VEHICLE,DRY,INJURY AND / OR TOW DUE TO CRASH,"OVER $1,500",PHYSICAL CONDITION OF DRIVER,3,INCAPACITATING INJURY,1.0,0.0,1.0,15,4,9,41.75466012,-87.74138476,"['09/21/2022', '03:14:00', 'PM']"
6c666e1aad56950ca82987c538551e1e8c53f2ad5c3a52f909ca5edc892ca1e51c4f9fac21d64f6bdec13be0ba726732d26c380f1183307fa4ce6beea267521e,2022-09-21 11:15:00,Wednesday,30,TRAFFIC SIGNAL,CLEAR,DAYLIGHT,REAR END,DRY,INJURY AND / OR TOW DUE TO CRASH,"OVER $1,500",FOLLOWING TOO CLOSELY,2,INCAPACITATING INJURY,2.0,0.0,2.0,11,4,9,41.90218192,-87.770451,"['09/21/2022', '11:15:00', 'AM']"