CRASH_RECORD_ID,CRASH_DATE,Weekday,POSTED_SPEED_LIMIT,TRAFFIC_CONTROL_DEVICE,WEATHER_CONDITION,LIGHTING_CONDITION,FIRST_CRASH_TYPE,ROADWAY_SURFACE_COND,CRASH_TYPE,DAMAGE,PRIM_CONTRIBUTORY_CAUSE,NUM_UNITS,MOST_SEVERE_INJURY,INJURIES_TOTAL,INJURIES_FATAL,INJURIES_INCAPACITATING,CRASH_HOUR,CRASH_DAY_OF_WEEK,CRASH_MONTH,LATITUDE,LONGITUDE,CRASH_TIME
375b352b8060bace08a297a6b5c87b2fe1fc082ff84a507d4a1ee1888a76373f4479c97715010217e8bc7dadd87d544f06b46010058d8ed7e5a3609d642eaa2d,2022-09-21 11:14:00,Wednesday,30,TRAFFIC SIGNAL,CLEAR,DAYLIGHT,PEDESTRIAN,DRY,INJURY AND / OR TOW DUE TO CRASH,$500 OR LESS,UNABLE TO DETERMINE,2,INCAPACITATING INJURY,1.0,0.0,1.0,11,4,9,42.00788674,-87.67360841,"['09/21/2022', '11:14:00', 'AM']"
912c124628242abd165a8a583081230008a0224c4da81fe865e3e38b47c7ccc48b076c464b5aa9e400eb7248de21b610330989a2713114016d8662f3d921cfba,2022-09-21 11:01:00,Wednesday,30,NO CONTROLS,CLEAR,DAYLIGHT,PEDESTRIAN,DRY,INJURY AND / OR TOW DUE TO CRASH,"OVER $1,500",UNABLE TO DETERMINE,2,INCAPACITATING INJURY,1.0,0.0,1.0,11,4,9,41.90934828,-87.75912184,"['09/21/2022', '11:01:00', 'AM']"
63c5ae72d0255e1381801899677b557ca341622b9d86cb17b762d4eba129a5704a452e3461db41248dc063c2d6e55a57ba263146144a2aaee2e082bccc5c8555,2022-09-21 09:15:00,Wednesday,30,TRAFFIC SIGNAL,CLEAR,DAYLIGHT,ANGLE,DRY,INJURY AND / OR TOW DUE TO CRASH,"OVER $1,500",DISREGARDING TRAFFIC SIGNALS,3,INCAPACITATING INJURY,2.0,0.0,1.0,9,4,9,41.87145813,-87.74507456,"['09/21/2022', '09:15:00', 'AM']"
f4ad8a70e3f57554f73724143a26eb972fe9d78e64a3d7c0c349fce0a60cfa8499cb7528ab18e8d2a51f3e67dae06e0896d552755c1f05235716d80b7ed3f532,2022-09-20 21:09:00,Tuesday,35,TRAFFIC SIGNAL,CLEAR,"DARKNESS, LIGHTED ROAD",PEDESTRIAN,DRY,INJURY AND / OR TOW DUE TO CRASH,$500 OR LESS,UNABLE TO DETERMINE,2,INCAPACITATING INJURY,1.0,0.0,1.0,21,3,9,41.69255976,-87.6211937,"['09/20/2022', '09:09:00', 'PM']"
23f55f8136c419294876ec2c2baf5613f91f7002d43f5c82f2ba667837b73308a38002ce7bf213864242252c8b10abe214c3be99dd5b03e36ef55f870fd60214,2022-09-20 16:40:00,Tuesday,30,STOP SIGN/FLASHER,CLEAR,DAYLIGHT,PEDALCYCLIST,DRY,INJURY AND / OR TOW DUE TO CRASH,"OVER $1,500",FAILING TO YIELD RIGHT-OF-WAY,2,INCAPACITATING INJURY,1.0,0.0,1.0,16,3,9,41.9831068,-87.71267511,"['09/20/2022', '04:40:00', 'PM']"
bef9f2b036f049d080131b8177817025dea44fae73f762c2918a5611ac365c51944c6308604c31ea384f31a84af4d5d14379aec499419fed2532a04b7d079385,2022-09-20 14:45:00,Tuesday,30,NO CONTROLS,CLEAR,DAYLIGHT,PARKED MOTOR VEHICLE,DRY,INJURY AND / OR TOW DUE TO CRASH,"OVER $1,500",NOT APPLICABLE,2,INCAPACITATING INJURY,1.0,0.0,1.0,14,3,9,41.72617334,-87.56219226,"['09/20/2022', '02:45:00', 'PM']"
961bb0d020be63697d23ba5ddad5e9bbf14e3877de665b11981edb9070ad2f4ef9e6cfacf618fc346778609ba1c4893823db177b48d34f7d7ba0521e1bdffa13,2022-09-20 12:31:00,Tuesday,30,NO CONTROLS,CLEAR,DAYLIGHT,PEDESTRIAN,DRY,INJURY AND / OR TOW DUE TO CRASH,$500 OR LESS,FAILING TO YIELD RIGHT-OF-WAY,2,INCAPACITATING INJURY,1.0,0.0,1.0,12,3,9,41.82294023,-87.69243583,"['09/20/2022', '12:31:00', 'PM']"
9ec1dafa5c586be0d385618c183cd573f1a6f646a9cfca61e6706bd1aadbf9c49beb242fdb22dc90a7670a4a80488a3c887d5ad47711094acdd65fffaa3865fb,2022-09-20 09:15:00,Tuesday,30,NO CONTROLS,CLEAR,DAYLIGHT,TURNING,DRY,INJURY AND / OR TOW DUE TO CRASH,"OVER $1,500",IMPROPER TURNING/NO SIGNAL,2,INCAPACITATING INJURY,2.0,0.0,2.0,9,3,9,41.69723821,-87.6814748,"['09/20/2022', '09:15:00', 'AM']"
5a17408a9acf2565a1e0e647173ee2762866797ee986d396fa4bdde1a0da57840ba3d957322ade0e362a7ce6a52d66a8d976904ff8964f1f92ba26acc79f1e3a,2022-09-19 18:00:00,Monday,35,NO CONTROLS,CLEAR,DAYLIGHT,PEDESTRIAN,DRY,INJURY AND / OR TOW DUE TO CRASH,$500 OR LESS,"OPERATING VEHICLE IN ERRATIC, RECKLESS, CARELESS, NEGLIGENT OR AGGRESSIVE MANNER",2,INCAPACITATING INJURY,1.0,0.0,1.0,18,2,9,41.70174417,-87.61376423,"['09/19/2022', '06:00:00', 'PM']"
ea66509685c8669182419404a527f09b90ff31ae18bbdf03eddae73b963577cd61de20f681b05c10e64b13256b6b07917d561749ee394e90c4b9be09deddd2cb,2022-09-19 15:27:00,Monday,30,NO CONTROLS,CLEAR,DAYLIGHT,PARKED MOTOR VEHICLE,DRY,INJURY AND / OR TOW DUE TO CRASH,"OVER $1,500",PHYSICAL CONDITION OF DRIVER,4,INCAPACITATING INJURY,1.0,0.0,1.0,15,2,9,41.88022967,-87.77264703,"['09/19/2022', '03:27:00', 'PM']"
fcc5556758fa398e55d9d537cc49d3ac07fcedcab4f3b8d81556d8b7e2ccd020cb9df33176c21366249ef6e68f2e528ad0e6cad8d4ea5731a884ef00ae0312f3,2022-09-19 14:13:00,Monday,25,NO CONTROLS,UNKNOWN,DAYLIGHT,PARKED MOTOR VEHICLE,UNKNOWN,INJURY AND / OR TOW DUE TO CRASH,"OVER $1,500",UNABLE TO DETERMINE,2,INCAPACITATING INJURY,1.0,0.0,1.0,14,2,9,41.78527675,-87.58830298,"['09/19/2022', '02:13:00', 'PM']"
b3969eab31b4d8b8b3f02890ddbad7da63da0b397ab8d8db02e88a552453dafd639259d9d3033439f20f95bb2535ea41c708196a999a8bed6111fa20ab281d1f,2022-09-19 13:58:00,Monday,20,STOP SIGN/FLASHER,CLEAR,DAYLIGHT,PEDESTRIAN,DRY,INJURY AND / OR TOW DUE TO CRASH,$500 OR LESS,UNABLE TO DETERMINE,2,INCAPACITATING INJURY,1.0,0.0,1.0,13,2,9,41.9271476,-87.65381561,"['09/19/2022', '01:58:00', 'PM']"
6b880d2a112d30070dcefb61e244d004267da1b9ca27250ef5aeb7386d56ff26d2ea8ba2dc77eda0b285a547266098fbc97144fdb43a391ef4df8cb9e41bf3da,2022-09-19 11:24:00,Monday,30,NO CONTROLS,CLEAR,DAYLIGHT,FIXED OBJECT,DRY,INJURY AND / OR TOW DUE TO CRASH,"OVER $1,500",UNABLE TO DETERMINE,1,INCAPACITATING INJURY,1.0,0.0,1.0,11,2,9,41.75930049,-87.61163139,"['09/19/2022', '11:24:00', 'AM']"
c0075922f226ae6f5f63e463f8028b2eb7cd898a1649d479e85e848025af6cf89bd717b4842adecfa1be0cd8ed5b3640e18ff6a84163012b61f98d3a9afe7d8f,2022-09-19 07:20:00,Monday,30,NO CONTROLS,CLEAR,DAYLIGHT,FIXED OBJECT,DRY,INJURY AND / OR TOW DUE TO CRASH,"OVER $1,500",PHYSICAL CONDITION OF DRIVER,1,INCAPACITATING INJURY,1.0,0.0,1.0,7,2,9,41.89508594,-87.74936943,"['09/19/2022', '07:20:00', 'AM']"
b995148af898b509ab9e09f686b77cffb501a0776d478cec794dc1deb1009dc8a5ede2904213fe737e76a9b7cbff81130551bd1d8de91ae7e8c6cd51adc45058,2022-09-18 20:42:00,Sunday,30,TRAFFIC SIGNAL,CLEAR,DARKNESS,PEDALCYCLIST,DRY,INJURY AND / OR TOW DUE TO CRASH,$500 OR LESS,UNABLE TO DETERMINE,2,INCAPACITATING INJURY,1.0,0.0,1.0,20,1,9,41.88951755,-87.68650779,"['09/18/2022', '08:42:00', 'PM']"
d4af638860dc885af3751fd25d7379c1cff816f853ae10a9baac86b497c3d9135a4546924c3c42061bbdc3415ecc3b44c52620f8c8557f6e143d92c08dd17027,2022-09-18 20:11:00,Sunday,30,TRAFFIC SIGNAL,CLEAR,"DARKNESS, LIGHTED ROAD",ANGLE,DRY,INJURY AND / OR TOW DUE TO CRASH,"OVER $1,500",DISREGARDING TRAFFIC SIGNALS,2,INCAPACITATING INJURY,3.0,0.0,1.0,20,1,9,41.97600019,-87.68927508,"['09/18/2022', '08:11:00', 'PM']"
c023c7c823ccfd06e1e03ab64b22f5f19b0363e675c043020de43198ceead9819cfc83457877d390e547a3c08cab7a94f8a6fc20a832807193ea6d609591f885,2022-09-18 13:50:00,Sunday,30,TRAFFIC SIGNAL,CLEAR,DAYLIGHT,PEDALCYCLIST,DRY,INJURY AND / OR TOW DUE TO CRASH,$500 OR LESS,FAILING TO YIELD RIGHT-OF-WAY,2,INCAPACITATING INJURY,1.0,0.0,1.0,13,1,9,41.8541165,-87.66619594,"['09/18/2022', '01:50:00', 'PM']"
bfba1397376ebad317fafb9d738755908557a4fbb93f8e0ca847d38f7298077ed0d61391ac2c40213e13c0dd52ef967d4d31cea2bc07576a87b057aaf9f4c284,2022-09-18 11:28:00,Sunday,30,STOP SIGN/FLASHER,CLEAR,DAYLIGHT,PEDALCYCLIST,DRY,INJURY AND / OR TOW DUE TO CRASH,"OVER $1,500",EQUIPMENT - VEHICLE CONDITION,2,INCAPACITATING INJURY,1.0,0.0,1.0,11,1,9,41.78327224,-87.7718487,"['09/18/2022', '11:28:00', 'AM']"
90174e07d883db8bd0a253bf5f49a8b5ed1b64241787a31b803004f9350681027a1cc2e8c5fb1639c27704d4f8f69a1bdea50fb24e829a12fc50662293725da1,2022-09-18 09:24:00,Sunday,30,STOP SIGN/FLASHER,CLEAR,DAYLIGHT,PARKED MOTOR VEHICLE,DRY,INJURY AND / OR TOW DUE TO CRASH,"OVER $1,500",DRIVING SKILLS/KNOWLEDGE/EXPERIENCE,4,INCAPACITATING INJURY,1.0,0.0,1.0,9,1,9,41.89740305,-87.77507529,"['09/18/2022', '09:24:00', 'AM']"
e2aff2230768c449e36f744d722c59b69b9b06de2dc18072df826f71ef5d267e2d878812796ddaaeabef1df5656cff606c6ac727aad58a1d0d68dfd7a7d86665,2022-09-18 01:23:00,Sunday,30,TRAFFIC SIGNAL,CLEAR,"DARKNESS, LIGHTED ROAD",TURNING,DRY,INJURY AND / OR TOW DUE TO CRASH,"OVER $1,500",FAILING TO YIELD RIGHT-OF-WAY,2,INCAPACITATING INJURY,1.0,0.0,1.0,1,1,9,41.89616966,-87.65455887,"['09/18/2022', '01:23:00', 'AM']"
8c9bb18c6cfcf184374fa6a6b6f5cd45e432975c3399820ffa5e90a4e18764f1ced1e3791076fd20542f3545902afacfed843963e503759d8b43f17240b980f5,2022-09-18 00:25:00,Sunday,30,NO CONTROLS,CLEAR,"DARKNESS, LIGHTED ROAD",SIDESWIPE OPPOSITE DIRECTION,DRY,INJURY AND / OR TOW DUE TO CRASH,"OVER $1,500",NOT APPLICABLE,5,INCAPACITATING INJURY,1.0,0.0,1.0,0,1,9,41.96050928,-87.75581631,"['09/18/2022', '12:25:00', 'AM']"
fb0cdf4df58fa4648ad8c8de5e7d445636b1738eaecb4189d1f7455bf274df1aa9aecacc371aefbdd7b5da75c56b29e131efa01b3e2b5c10461549c51e195f94,2022-09-17 23:30:00,Saturday,30,STOP SIGN/FLASHER,CLEAR,DARKNESS,SIDESWIPE SAME DIRECTION,DRY,INJURY AND / OR TOW DUE TO CRASH,$500 OR LESS,NOT APPLICABLE,2,INCAPACITATING INJURY,2.0,0.0,1.0,23,7,9,41.80150223,-87.58492214,"['09/17/2022', '11:30:00', 'PM']"
b51c44df61943555e2e846748c325b5109b8c4e2ba7eaa367c014982737526b5c63c0fc562811210665be9f1177b559c9c3aa98e40552a989d4d441618de1ebd,2022-09-17 16:42:00,Saturday,30,TRAFFIC SIGNAL,CLEAR,DAYLIGHT,ANGLE,DRY,INJURY AND / OR TOW DUE TO CRASH,"OVER $1,500",DISREGARDING TRAFFIC SIGNALS,2,INCAPACITATING INJURY,1.0,0.0,1.0,16,7,9,41.83732204,-87.70497194,"['09/17/2022', '04:42:00', 'PM']"
266cc6d5b468f52598f96cd0628b5c3c4a506e561c40664e031dd1d134882174116aa9d08f13e4f4c5d0e74287fc25d6ce1bdb713fdf635d864be93344251a09,2022-09-17 13:55:00,Saturday,30,NO CONTROLS,CLEAR,DAYLIGHT,REAR END,DRY,INJURY AND / OR TOW DUE TO CRASH,"OVER $1,500",UNABLE TO DETERMINE,5,INCAPACITATING INJURY,4.0,0.0,1.0,13,7,9,41.79044285,-87.72293769,"['09/17/2022', '01:55:00', 'PM']"
0538c19b6d9497422a679219a2228623eac9fdda2428b2328c620bd5a95180da2cc80f02eef25ad55f08d40ddd4c29f4397791c58492cf7b7115d59cb4fdd42f,2022-09-17 11:19:00,Saturday,30,STOP SIGN/FLASHER,CLEAR,DAYLIGHT,ANGLE,DRY,INJURY AND / OR TOW DUE TO CRASH,"OVER $1,500",UNABLE TO DETERMINE,2,INCAPACITATING INJURY,1.0,0.0,1.0,11,7,9,41.93068812,-87.80273066,"['09/17/2022', '11:19:00', 'AM']"
3e231742a8ef29239a17d856d109c9cad1e2cf70c02cbe3217ab31c0e834570be8f1ed4b99352d4565770182007579c2e2cf033efe4cd6f0ced2729bc6bbf38b,2022-09-17 02:00:00,Saturday,30,TRAFFIC SIGNAL,CLEAR,"DARKNESS, LIGHTED ROAD",ANGLE,DRY,INJURY AND / OR TOW DUE TO CRASH,"OVER $1,500",DISREGARDING TRAFFIC SIGNALS,2,FATAL,2.0,1.0,0.0,2,7,9,41.8018903,-87.62603526,"['09/17/2022', '02:00:00', 'AM']"
f1842380aaabce79082d2489f357e829238bf30c04e77efa20d3e2681d5ed218a5b9181525dc69d712ceed13b431b0114e00e6c4af123b4c4b386a2d7dd48f1b,2022-09-17 00:29:00,Saturday,30,NO CONTROLS,CLEAR,"DARKNESS, LIGHTED ROAD",OTHER NONCOLLISION,DRY,INJURY AND / OR TOW DUE TO CRASH,$500 OR LESS,"OPERATING VEHICLE IN ERRATIC, RECKLESS, CARELESS, NEGLIGENT OR AGGRESSIVE MANNER",1,INCAPACITATING INJURY,1.0,0.0,1.0,0,7,9,41.80368983,-87.72331556,"['09/17/2022', '12:29:00', 'AM']"
7e124a6e5cf03acf88a497387c6c15522265524278353eb26439df0c103b96765caaa677ebc3debaefbc5c6abe2bb2c8d12d46a3545ebd6d934ef34c798eb9c6,2022-09-16 23:00:00,Friday,30,STOP SIGN/FLASHER,CLEAR,"DARKNESS, LIGHTED ROAD",REAR TO SIDE,DRY,INJURY AND / OR TOW DUE TO CRASH,"$501 - $1,500",UNABLE TO DETERMINE,2,INCAPACITATING INJURY,3.0,0.0,2.0,23,6,9,41.77202352,-87.67023343,"['09/16/2022', '11:00:00', 'PM']"
8f9052a526166d466a85db4aa75ca8873f12b5729c0ad8c807ebe3de8ff3dbc0c506dd83dd9952f50cc589ff33ea5c1baa68ed51ea9098fbdf4bebf535909452,2022-09-16 22:43:00,Friday,30,NO CONTROLS,CLEAR,DARKNESS,PEDALCYCLIST,DRY,INJURY AND / OR TOW DUE TO CRASH,"OVER $1,500",IMPROPER OVERTAKING/PASSING,2,INCAPACITATING INJURY,1.0,0.0,1.0,22,6,9,41.90107825,-87.64810948,"['09/16/2022', '10:43:00', 'PM']"
266be6cbb19c4c67ca8dd93d7e10c524fea17b800acb51aaf7edbf54a64a8008bb0be6c78477320c022791edf08b7c918f17b8c091c411908053b75cf63ac2a0,2022-09-16 22:16:00,Friday,30,NO CONTROLS,CLEAR,"DARKNESS, LIGHTED ROAD",PARKED MOTOR VEHICLE,DRY,INJURY AND / OR TOW DUE TO CRASH,"OVER $1,500",NOT APPLICABLE,2,INCAPACITATING INJURY,1.0,0.0,1.0,22,6,9,41.74807481,-87.57631756,"['09/16/2022', '10:16:00', 'PM']"
bc503080724e88a04a9200f15198866efaf87476a76ecbd07cf291b9c9c091945d266d69dc60af13a4e68f447e70fb8e9ff7fdf4716868c8dbc3376c03f0fc5a,2022-09-16 22:16:00,Friday,30,NO CONTROLS,CLEAR,"DARKNESS, LIGHTED ROAD",HEAD ON,DRY,INJURY AND / OR TOW DUE TO CRASH,"OVER $1,500",FAILING TO REDUCE SPEED TO AVOID CRASH,2,INCAPACITATING INJURY,2.0,0.0,2.0,22,6,9,41.83670764,-87.69486109,"['09/16/2022', '10:16:00', 'PM']"
01d4adbecb526264f2c84021ba316a8aeb187c5af6d20a13ab17a07c2886985a33bcbe6a6b7d7394a3bff573c7fdbef15e05de9ce59b30b7cf18f9bbe42ac215,2022-09-16 22:00:00,Friday,35,NO CONTROLS,CLEAR,"DARKNESS, LIGHTED ROAD",REAR TO FRONT,DRY,INJURY AND / OR TOW DUE TO CRASH,"OVER $1,500",UNABLE TO DETERMINE,2,INCAPACITATING INJURY,1.0,0.0,1.0,22,6,9,41.89267582,-87.63100831,"['09/16/2022', '10:00:00', 'PM']"
85efb96a8a6a75f5dc3c965ba2e19f06012c1724fb33be46adc5bc365d45a132fb577e571a7046e2e3b7bea7c6423f1f46153f8e801a6ba04807f0c59952f271,2022-09-16 22:00:00,Friday,30,TRAFFIC SIGNAL,CLEAR,"DARKNESS, LIGHTED ROAD",HEAD ON,DRY,INJURY AND / OR TOW DUE TO CRASH,"OVER $1,500",PHYSICAL CONDITION OF DRIVER,2,INCAPACITATING INJURY,2.0,0.0,1.0,22,6,9,41.92529249,-87.66583204,"['09/16/2022', '10:00:00', 'PM']"
71ecc776a610983d0b9633550b1fd7e448994605800d611fa1f6cbf2b0dd5944826a98fab0d171eec4b5bf360674d5f95d8080e9b9d48bad8d5a0126e2395881,2022-09-16 19:45:00,Friday,25,NO CONTROLS,CLEAR,"DARKNESS, LIGHTED ROAD",FIXED OBJECT,DRY,INJURY AND / OR TOW DUE TO CRASH,"OVER $1,500","OPERATING VEHICLE IN ERRATIC, RECKLESS, CARELESS, NEGLIGENT OR AGGRESSIVE MANNER",1,FATAL,1.0,1.0,0.0,19,6,9,41.81956282,-87.59871606,"['09/16/2022', '07:45:00', 'PM']"
732b8b49dbef036443624b52d94435d892783ce30f38c7e092236546025065579ccc93814144d5e100f27ced430b92c20356440572e2d2eed4ea730d80980f53,2022-09-16 13:31:00,Friday,30,NO CONTROLS,CLEAR,DAYLIGHT,PARKED MOTOR VEHICLE,DRY,INJURY AND / OR TOW DUE TO CRASH,"OVER $1,500",PHYSICAL CONDITION OF DRIVER,3,INCAPACITATING INJURY,1.0,0.0,1.0,13,6,9,41.73845149,-87.56722936,"['09/16/2022', '01:31:00', 'PM']"
5ae3cd9aa059579b04adaff70e298b7b7c39a447cd82c851eee2ecb0d4e15117a40f938f69dacb64b3ab730892c4c001bec880bf74acb50c6c56287bfe4005e0,2022-09-16 07:30:00,Friday,30,TRAFFIC SIGNAL,CLEAR,DAYLIGHT,REAR END,DRY,INJURY AND / OR TOW DUE TO CRASH,"OVER $1,500",FOLLOWING TOO CLOSELY,2,INCAPACITATING INJURY,1.0,0.0,1.0,7,6,9,42.01237134,-87.69039392,"['09/16/2022', '07:30:00', 'AM']"
16a6e265588114b5c5736bbf821e4a6e426bd584e22cd3688511c62152ca36e76dbcd5f8b14a490ca36d466bf740d7d042d57835a14acbd4bbcdf0f5c91820ef,2022-09-15 23:30:00,Thursday,30,STOP SIGN/FLASHER,CLEAR,"DARKNESS, LIGHTED ROAD",PEDESTRIAN,DRY,INJURY AND / OR TOW DUE TO CRASH,$500 OR LESS,UNABLE TO DETERMINE,2,INCAPACITATING INJURY,1.0,0.0,1.0,23,5,9,41.8578251,-87.65758553,"['09/15/2022', '11:30:00', 'PM']"
de904c76433281f499a86113dc1c4b7a62ec2248c508b5348ab336536563d51a5c84715ea36cbb63807a1f8ff99c256c304e29e82209724c4c00cc98c57f9c42,2022-09-15 19:53:00,Thursday,30,NO CONTROLS,CLEAR,"DARKNESS, LIGHTED ROAD",PEDESTRIAN,DRY,INJURY AND / OR TOW DUE TO CRASH,"OVER $1,500",UNABLE TO DETERMINE,2,FATAL,1.0,1.0,0.0,19,5,9,41.75124085,-87.5991867,"['09/15/2022', '07:53:00', 'PM']"
d283275834aa3b916b910e0577abb1884845f8a5e6233164cc561204c462a67fe31d654cc46ffd2867f5f123faae9e1dd87825d71184bf613869b060e9b56150,2022-09-15 19:25:00,Thursday,30,TRAFFIC SIGNAL,CLEAR,DARKNESS,TURNING,DRY,INJURY AND / OR TOW DUE TO CRASH,"OVER $1,500",FAILING TO YIELD RIGHT-OF-WAY,2,INCAPACITATING INJURY,3.0,0.0,3.0,19,5,9,41.97555995,-87.77811726,"['09/15/2022', '07:25:00', 'PM']"
440fcfab11dcb83dfda44a1a8c7a8771682d5cd048049198cd94e8d79832bbea1215f704fd8d46991dff481e1f25737afffaa7b5141e538e01c7f53d7d42f264,2022-09-15 18:20:00,Thursday,30,YIELD,CLEAR,DAYLIGHT,SIDESWIPE OPPOSITE DIRECTION,DRY,INJURY AND / OR TOW DUE TO CRASH,"$501 - $1,500",IMPROPER OVERTAKING/PASSING,2,INCAPACITATING INJURY,1.0,0.0,1.0,18,5,9,41.89918966,-87.7026132,"['09/15/2022', '06:20:00', 'PM']"
ae385a980fa5fda7b4b72a570a0a855546245c393ee293715f503db9bc5ac66419eaf391fd1754d9ba73ad933bc099ca30f14e357c84918b16c207c47fa3875a,2022-09-15 10:33:00,Thursday,30,NO CONTROLS,CLEAR,DAYLIGHT,PEDESTRIAN,DRY,INJURY AND / OR TOW DUE TO CRASH,"$501 - $1,500",UNABLE TO DETERMINE,2,INCAPACITATING INJURY,1.0,0.0,1.0,10,5,9,41.82474601,-87.68666197,"['09/15/2022', '10:33:00', 'AM']"
77f0fa0f91e2054023eb549913d7715afb0012fc346449a261561d28cb32a8d8faf2b06b2790632e6751e9679f01a0806c5380b349cd3412ee0678c0c5b74aef,2022-09-15 08:35:00,Thursday,30,TRAFFIC SIGNAL,CLEAR,DAYLIGHT,REAR END,DRY,INJURY AND / OR TOW DUE TO CRASH,"$501 - $1,500",UNABLE TO DETERMINE,2,INCAPACITATING INJURY,1.0,0.0,1.0,8,5,9,41.94633017,-87.73934066,"['09/15/2022', '08:35:00', 'AM']"
929e1a154915b557ea836b254761348db98206b12609228229c55e591bdafdc799a956b58489c0f8534aa042fb454bc13d4a1a5f46c24d0d11ab9d771a7f4b95,2022-09-15 08:25:00,Thursday,30,TRAFFIC SIGNAL,CLEAR,DAYLIGHT,TURNING,DRY,INJURY AND / OR TOW DUE TO CRASH,"OVER $1,500",DISREGARDING TRAFFIC SIGNALS,2,INCAPACITATING INJURY,2.0,0.0,2.0,8,5,9,41.77546429,-87.5730835,"['09/15/2022', '08:25:00', 'AM']"
5939e99ed86bbaa6b1b5c0318f1399424d4a0e81ff76e34a31915e052fcb25d000d47a4e3d9ee97eab1194c241bab1b94c7a0e9741d817770a3ac6475a4c3871,2022-09-15 08:00:00,Thursday,30,STOP SIGN/FLASHER,CLEAR,DAYLIGHT,PEDALCYCLIST,DRY,INJURY AND / OR TOW DUE TO CRASH,"$501 - $1,500",UNABLE TO DETERMINE,2,INCAPACITATING INJURY,1.0,0.0,1.0,8,5,9,41.88916857,-87.64138583,"['09/15/2022', '08:00:00', 'AM']"
06a2a3b3095a83779e9ef625cf397c2c954f95293bd21dd72d1f0f946995430bcb8eeb881036740091cb46259c65c885eb6d5028ce644277382cb093835af4ec,2022-09-14 19:46:00,Wednesday,30,NO CONTROLS,CLEAR,"DARKNESS, LIGHTED ROAD",PEDESTRIAN,DRY,INJURY AND / OR TOW DUE TO CRASH,"OVER $1,500",UNABLE TO DETERMINE,2,INCAPACITATING INJURY,1.0,0.0,1.0,19,4,9,41.82720231,-87.63156539,"['09/14/2022', '07:46:00', 'PM']"
1ee8c692856c9de2ae251e4c294de5894a601b991f124926d56284f5cab4892da8cc725668086406dfa2d905288028101e1ee0ba54ec70e04e2705f5e49da248,2022-09-14 15:50:00,Wednesday,30,TRAFFIC SIGNAL,CLEAR,DAYLIGHT,PEDALCYCLIST,DRY,INJURY AND / OR TOW DUE TO CRASH,"$501 - $1,500","VISION OBSCURED (SIGNS, TREE LIMBS, BUILDINGS, ETC.)",2,INCAPACITATING INJURY,1.0,0.0,1.0,15,4,9,41.93029546,-87.68581874,"['09/14/2022', '03:50:00', 'PM']"
84ddf0bcc9cc8243c6e6c5760007674b79b39e72febfebb39edd0173c1526c1646dad3700a2e7ecc408bdab847008f60184b14eda9e501d046d92b593ee5b035,2022-09-14 15:50:00,Wednesday,30,NO CONTROLS,CLEAR,DAYLIGHT,PEDESTRIAN,DRY,INJURY AND / OR TOW DUE TO CRASH,$500 OR LESS,UNABLE TO DETERMINE,2,INCAPACITATING INJURY,1.0,0.0,1.0,15,4,9,41.88317533,-87.75046905,"['09/14/2022', '03:50:00', 'PM']"
770dfee9535f925a9a8f325deaaf1574cab27b96f8fe15e385192ab6aeb084512600186a33cd869f786bbfbe8a770bb646ab604b277f2a9ff4259e8a4064ec95,2022-09-14 13:28:00,Wednesday,30,STOP SIGN/FLASHER,CLEAR,DAYLIGHT,PEDALCYCLIST,DRY,INJURY AND / OR TOW DUE TO CRASH,"OVER $1,500",FAILING TO REDUCE SPEED TO AVOID CRASH,2,INCAPACITATING INJURY,1.0,0.0,1.0,13,4,9,41.83808664,-87.6543134,"['09/14/2022', '01:28:00', 'PM']"
f662cda305c73a1f222bf1917224b56cb83350f1021c89410a1217c4a69074dbd6611b9be291257d299e1e77a69493a466cc0131cbf4c952703060b4deec05ec,2022-09-14 08:40:00,Wednesday,35,NO CONTROLS,CLEAR,DAYLIGHT,SIDESWIPE SAME DIRECTION,DRY,INJURY AND / OR TOW DUE TO CRASH,"OVER $1,500",UNABLE TO DETERMINE,2,INCAPACITATING INJURY,1.0,0.0,1.0,8,4,9,41.89444828,-87.72620305,"['09/14/2022', '08:40:00', 'AM']"
b8cfe589f6bf89bc08f30158f766e5f1b2633fdebb93d48521db58322b0c6c99bf900f82d977a3aa30040cdb686a2725fc158809773027a7fc826975dc64a5a6,2022-09-14 08:29:00,Wednesday,30,TRAFFIC SIGNAL,CLEAR,DAYLIGHT,TURNING,DRY,INJURY AND / OR TOW DUE TO CRASH,"OVER $1,500",FAILING TO YIELD RIGHT-OF-WAY,2,INCAPACITATING INJURY,2.0,0.0,1.0,8,4,9,41.95273363,-87.79079455,"['09/14/2022', '08:29:00', 'AM']"
797dca4c97c487c1122abfaaad83fba0d859d5c27ec7d3232a006b5a12ec3b6e85ffe6df7de71200ad6fa280612a9d9a379dda851422d923b15fd8bf0d692152,2022-09-14 01:55:00,Wednesday,30,STOP SIGN/FLASHER,CLEAR,"DARKNESS, LIGHTED ROAD",TURNING,DRY,INJURY AND / OR TOW DUE TO CRASH,"OVER $1,500",DISREGARDING TRAFFIC SIGNALS,2,INCAPACITATING INJURY,1.0,0.0,1.0,1,4,9,41.78031747,-87.60607456,"['09/14/2022', '01:55:00', 'AM']"