CRASH_RECORD_ID,CRASH_DATE,Weekday,POSTED_SPEED_LIMIT,TRAFFIC_CONTROL_DEVICE,WEATHER_CONDITION,LIGHTING_CONDITION,FIRST_CRASH_TYPE,ROADWAY_SURFACE_COND,CRASH_TYPE,DAMAGE,PRIM_CONTRIBUTORY_CAUSE,NUM_UNITS,MOST_SEVERE_INJURY,INJURIES_TOTAL,INJURIES_FATAL,INJURIES_INCAPACITATING,CRASH_HOUR,CRASH_DAY_OF_WEEK,CRASH_MONTH,LATITUDE,LONGITUDE,CRASH_TIME
6eb11e7db4511dbdf61f26a703501bf7945e284e93a026cb76ea0851184c604eb8ffdd0cdccf67de6695327b29330773e12eadc2c5f3199cc78fe59b39b5800e,2022-09-13 19:30:00,Tuesday,25,STOP SIGN/FLASHER,CLEAR,DARKNESS,ANGLE,DRY,INJURY AND / OR TOW DUE TO CRASH,"OVER $1,500",DISREGARDING STOP SIGN,3,INCAPACITATING INJURY,1.0,0.0,1.0,19,3,9,41.86444495,-87.71551209,"['09/13/2022', '07:30:00', 'PM']"
40b88aebf39d422cf4f14fa5f99636e4a861a973cc020964558cc2b97f5b43b524635b2c5a43aaf9ecfaeb1c565936412f309541424d870f09a49414c4d4276e,2022-09-13 18:41:00,Tuesday,30,TRAFFIC SIGNAL,CLEAR,DAYLIGHT,TURNING,DRY,INJURY AND / OR TOW DUE TO CRASH,"OVER $1,500",IMPROPER TURNING/NO SIGNAL,2,INCAPACITATING INJURY,4.0,0.0,1.0,18,3,9,41.87370279,-87.62406676,"['09/13/2022', '06:41:00', 'PM']"
dcd3f07d7e0be1b152da3d985367fadb50396757959f465af1c73f8c57b25d2cb4d415171d3094f658167536dcf3d9f816d7a9a7170172a4c0a981473259bc83,2022-09-13 15:40:00,Tuesday,30,NO CONTROLS,CLEAR,DAYLIGHT,PEDESTRIAN,DRY,INJURY AND / OR TOW DUE TO CRASH,"$501 - $1,500",DRIVING SKILLS/KNOWLEDGE/EXPERIENCE,2,INCAPACITATING INJURY,1.0,0.0,1.0,15,3,9,41.69183708,-87.67092176,"['09/13/2022', '03:40:00', 'PM']"
85426651b1929646846b983c8b3c6f4ebc390ddfa9db5dacba34b2d4a41ae6ede168458e160108423201337706aa0989b27f33adeedae242ea3b67b20be8477b,2022-09-13 08:34:00,Tuesday,30,NO CONTROLS,CLEAR,DAYLIGHT,PEDESTRIAN,DRY,INJURY AND / OR TOW DUE TO CRASH,"OVER $1,500",FAILING TO YIELD RIGHT-OF-WAY,2,INCAPACITATING INJURY,2.0,0.0,1.0,8,3,9,41.99728106,-87.78415218,"['09/13/2022', '08:34:00', 'AM']"
8932fe8d347da5d68403404cdc48f4d548cb0fd519a13a105883a450a7de6d709adefec0f2cd5a4b94b69e6569265a44de90d09322edacb5935a936dd5114753,2022-09-12 21:24:00,Monday,30,NO CONTROLS,CLEAR,"DARKNESS, LIGHTED ROAD",PEDESTRIAN,DRY,INJURY AND / OR TOW DUE TO CRASH,"OVER $1,500",UNABLE TO DETERMINE,2,FATAL,1.0,1.0,0.0,21,2,9,41.75104183,-87.6129789,"['09/12/2022', '09:24:00', 'PM']"
19d0e7b70ef0a417bc28fb47061b5e51e147f7291677705ec38dacfd1fc76c2a79bf15dd0d175e9cfb4e13bbe4cb4ba1b62a135f00ac2c94d2a9e5d6b6681909,2022-09-12 20:50:00,Monday,25,STOP SIGN/FLASHER,CLEAR,"DARKNESS, LIGHTED ROAD",PEDESTRIAN,DRY,INJURY AND / OR TOW DUE TO CRASH,$500 OR LESS,DISREGARDING STOP SIGN,2,INCAPACITATING INJURY,1.0,0.0,1.0,20,2,9,41.80684762,-87.66750227,"['09/12/2022', '08:50:00', 'PM']"
9354ef6bbef6b14cca4c975a2b05225c3a250aef106e42c00c2f05ed2a213f722612c5a8c4cddc4ce88adfb6c8d78b74c48baf2140f508d7367e323c385a0141,2022-09-12 20:20:00,Monday,30,TRAFFIC SIGNAL,CLEAR,DAYLIGHT,SIDESWIPE SAME DIRECTION,DRY,INJURY AND / OR TOW DUE TO CRASH,"OVER $1,500",IMPROPER LANE USAGE,3,INCAPACITATING INJURY,2.0,0.0,1.0,20,2,9,41.90276997,-87.70183868,"['09/12/2022', '08:20:00', 'PM']"
b4e1d4a133dd5d03c12d0b7a63bc3433d6a8fc0e313b2dda3110548d971d762e4bccf4cdd5fabc7063c5f40182ee01d0bde09eef131a9cefde267b732845017e,2022-09-12 14:59:00,Monday,35,TRAFFIC SIGNAL,CLOUDY/OVERCAST,DAYLIGHT,ANGLE,DRY,INJURY AND / OR TOW DUE TO CRASH,"OVER $1,500",UNABLE TO DETERMINE,2,INCAPACITATING INJURY,2.0,0.0,1.0,14,2,9,41.7443693,-87.56627071,"['09/12/2022', '02:59:00', 'PM']"
298461e7ff32eee3abd77ea1ef772de15cc210e448b8326ddcbf7bd77754011c4eeff367e6e2f4dd20f3c8a1a7cff0fbb98eafff0c2331dab0577b9c5ffbb0db,2022-09-12 13:56:00,Monday,30,TRAFFIC SIGNAL,CLEAR,DAYLIGHT,ANGLE,WET,INJURY AND / OR TOW DUE TO CRASH,"OVER $1,500",DISREGARDING TRAFFIC SIGNALS,2,INCAPACITATING INJURY,9.0,0.0,2.0,13,2,9,41.881985,-87.70628734,"['09/12/2022', '01:56:00', 'PM']"
fbfd38532bc68f7a8e067fc5d57dd61c5dcd9df7984760cddbbf41fb717daf09e34027379bdf0b57d4f91661028894062b19d4cbd4f94cc1555dd0f68ad9b87a,2022-09-11 14:58:00,Sunday,25,TRAFFIC SIGNAL,RAIN,DAYLIGHT,TURNING,WET,INJURY AND / OR TOW DUE TO CRASH,"OVER $1,500",FAILING TO YIELD RIGHT-OF-WAY,2,INCAPACITATING INJURY,4.0,0.0,2.0,14,1,9,41.83097013,-87.62340212,"['09/11/2022', '02:58:00', 'PM']"
bfa90efc2b33104a4f3fa6f9370c0f8e525d599c1f1da320a9c1d0414d76432886ab16c4a8178acde47c991ae6a08f5e35463c8464ecc6d2b018d776df7e37f8,2022-09-11 11:20:00,Sunday,30,TRAFFIC SIGNAL,RAIN,DAYLIGHT,PEDESTRIAN,WET,INJURY AND / OR TOW DUE TO CRASH,"OVER $1,500",FAILING TO YIELD RIGHT-OF-WAY,2,INCAPACITATING INJURY,1.0,0.0,1.0,11,1,9,41.97648167,-87.65483978,"['09/11/2022', '11:20:00', 'AM']"
30d13c2a0d622a82fb56893d87cba5169d5838c3e2556f9681ee3561d5a666cb70e23a0e09547faaddeae31db682019254f15484823c7734015bf42f166d64ca,2022-09-11 03:15:00,Sunday,30,STOP SIGN/FLASHER,CLEAR,"DARKNESS, LIGHTED ROAD",TURNING,DRY,INJURY AND / OR TOW DUE TO CRASH,"OVER $1,500",DISREGARDING STOP SIGN,3,INCAPACITATING INJURY,2.0,0.0,2.0,3,1,9,41.73751858,-87.66325375,"['09/11/2022', '03:15:00', 'AM']"
13c67befbdf0cfc5304fac14c0ef93415a0bf4e220451a8b35982a8105e49479e0adc3c8e5ac67872c89e99631179f2de89f9218e13b451913ca630636446a7b,2022-09-11 02:29:00,Sunday,40,NO CONTROLS,CLEAR,"DARKNESS, LIGHTED ROAD",HEAD ON,DRY,INJURY AND / OR TOW DUE TO CRASH,"OVER $1,500",DRIVING ON WRONG SIDE/WRONG WAY,2,FATAL,2.0,2.0,0.0,2,1,9,41.91841623,-87.62922482,"['09/11/2022', '02:29:00', 'AM']"
0acf7998709cea9d94d3e53d1a08a74118f3f5b119bf2e4c951d914bd48a835d9681f26890a6c7a58ac90a919220391bdf11f61e81447d6c20d34bfe05b83938,2022-09-11 01:40:00,Sunday,30,STOP SIGN/FLASHER,CLEAR,"DARKNESS, LIGHTED ROAD",TURNING,DRY,INJURY AND / OR TOW DUE TO CRASH,"$501 - $1,500",UNABLE TO DETERMINE,2,INCAPACITATING INJURY,1.0,0.0,1.0,1,1,9,41.75969687,-87.64198027,"['09/11/2022', '01:40:00', 'AM']"
4514ace7bc62bd34430412e2595d19c3a68a175324b2a4f5564721747aa9bf26ec7496a364396abd0b90a02cfc886849c6b8f03cfe55081d6612072ff79bfaca,2022-09-11 01:09:00,Sunday,30,NO CONTROLS,CLEAR,"DARKNESS, LIGHTED ROAD",HEAD ON,DRY,INJURY AND / OR TOW DUE TO CRASH,"OVER $1,500",FAILING TO REDUCE SPEED TO AVOID CRASH,2,INCAPACITATING INJURY,5.0,0.0,5.0,1,1,9,41.82120987,-87.70434018,"['09/11/2022', '01:09:00', 'AM']"
80e06b46bc634002f976a34dfc9062b60ab49952722c2f2c2c879f629810ba0ac900dedb3d5b7f279221e5a57b82834c7eeaa0eeeb632e99e36d1e5c6c8b912f,2022-09-10 23:44:00,Saturday,30,TRAFFIC SIGNAL,CLEAR,"DARKNESS, LIGHTED ROAD",PEDALCYCLIST,DRY,INJURY AND / OR TOW DUE TO CRASH,"OVER $1,500",UNABLE TO DETERMINE,2,INCAPACITATING INJURY,1.0,0.0,1.0,23,7,9,41.76460891,-87.68338705,"['09/10/2022', '11:44:00', 'PM']"
1c91ee2c22331e3c961037642dbe751093a1b0a69022733d8cb437829bde98b4c0876fec86fd4d51ea3d1b4380940e311eaac98144980a7001aacee7eefd9216,2022-09-10 20:39:00,Saturday,30,TRAFFIC SIGNAL,CLEAR,"DARKNESS, LIGHTED ROAD",ANGLE,DRY,INJURY AND / OR TOW DUE TO CRASH,"OVER $1,500",FAILING TO REDUCE SPEED TO AVOID CRASH,5,INCAPACITATING INJURY,6.0,0.0,1.0,20,7,9,41.79344626,-87.67434646,"['09/10/2022', '08:39:00', 'PM']"
3345e3e3709957af6e0a7899ff4732353f1e9d094ff6ed0160fd4d3fd58581fd1b787672200644317c3787009094dee86afe7155a30b47e6fb0d1b63fb4a8612,2022-09-10 17:18:00,Saturday,30,STOP SIGN/FLASHER,CLEAR,DAYLIGHT,ANGLE,DRY,INJURY AND / OR TOW DUE TO CRASH,"OVER $1,500",FAILING TO YIELD RIGHT-OF-WAY,2,INCAPACITATING INJURY,1.0,0.0,1.0,17,7,9,41.7307414,-87.64361228,"['09/10/2022', '05:18:00', 'PM']"
2db4638b203dbf03e7bede96b14ea50dee10c17fad4741480ba4b1055323d46cb728c37f0ff94ea1f2a60efcc82408813a548ee93bc04aa1254014e0a426c85a,2022-09-10 09:10:00,Saturday,30,TRAFFIC SIGNAL,CLEAR,DAYLIGHT,PEDESTRIAN,DRY,INJURY AND / OR TOW DUE TO CRASH,"OVER $1,500",DISREGARDING TRAFFIC SIGNALS,2,INCAPACITATING INJURY,1.0,0.0,1.0,9,7,9,41.91026903,-87.70201587,"['09/10/2022', '09:10:00', 'AM']"
1b2d8d20409cbaaad21ab689a6c73e5914f8e53605f77ba8e13582dc2afc93da706dc9087420b7e9ca5211ea1456dc0345924bbbcb17ae6e8100b5619cdff361,2022-09-10 01:18:00,Saturday,30,FLASHING CONTROL SIGNAL,CLEAR,"DARKNESS, LIGHTED ROAD",PEDESTRIAN,DRY,INJURY AND / OR TOW DUE TO CRASH,"OVER $1,500",DISREGARDING TRAFFIC SIGNALS,2,INCAPACITATING INJURY,1.0,0.0,1.0,1,7,9,41.79422529,-87.62583602,"['09/10/2022', '01:18:00', 'AM']"
9cd5faeef07c299a7e950061fdba2ac3704c16bfa0c09fe1f4cb62bf1fff820a3fae15e2da0beb7760cc46173bf53565be49aa13e4a6bd660f6e9f6d624e50f9,2022-09-10 01:12:00,Saturday,30,TRAFFIC SIGNAL,CLEAR,"DARKNESS, LIGHTED ROAD",ANGLE,DRY,INJURY AND / OR TOW DUE TO CRASH,"$501 - $1,500",DISREGARDING TRAFFIC SIGNALS,2,INCAPACITATING INJURY,1.0,0.0,1.0,1,7,9,41.88192917,-87.64418136,"['09/10/2022', '01:12:00', 'AM']"
c17cf1204062ade51583b692cc9dca6ff580fe142e2c21516921875c011519000ce3d4865445f2d8d6b3e85716bbf03feae191abc6c826694552bdbf54f4dc6f,2022-09-09 23:26:00,Friday,30,TRAFFIC SIGNAL,CLEAR,"DARKNESS, LIGHTED ROAD",PEDALCYCLIST,UNKNOWN,INJURY AND / OR TOW DUE TO CRASH,$500 OR LESS,BICYCLE ADVANCING LEGALLY ON RED LIGHT,2,INCAPACITATING INJURY,1.0,0.0,1.0,23,6,9,41.94343231,-87.66891276,"['09/09/2022', '11:26:00', 'PM']"
e7867345d0642f3a2671be4494af6682cf949ed73d82d0d240b7aee2710c967ef3e4560da9714d0a964684a6e8c2f31489c4d166ec0da5ae7874ee50f34c3396,2022-09-09 23:02:00,Friday,30,NO CONTROLS,CLEAR,"DARKNESS, LIGHTED ROAD",PEDESTRIAN,DRY,INJURY AND / OR TOW DUE TO CRASH,$500 OR LESS,FAILING TO YIELD RIGHT-OF-WAY,2,INCAPACITATING INJURY,1.0,0.0,1.0,23,6,9,41.91040567,-87.67558657,"['09/09/2022', '11:02:00', 'PM']"
d615682ed62812264d05feed626153b8e28ce8c159a683558a442ddd7ddb446a3409b0e376d2915732977a5ba302bdb59fd90bbbdf32fd904edfc5bb62b627b7,2022-09-09 22:20:00,Friday,30,TRAFFIC SIGNAL,CLEAR,DAYLIGHT,PEDALCYCLIST,DRY,INJURY AND / OR TOW DUE TO CRASH,"OVER $1,500",NOT APPLICABLE,2,INCAPACITATING INJURY,1.0,0.0,1.0,22,6,9,41.88135862,-87.67678939,"['09/09/2022', '10:20:00', 'PM']"
9d36f361ff6da18d1843f95ac82b9e390917ee570b4c79fa25bba12c1d741b81ec0298f02ee7012b82845f7ae6237b94e72cc413277306e0cbd2be4e273525ff,2022-09-09 22:00:00,Friday,35,NO CONTROLS,CLEAR,"DARKNESS, LIGHTED ROAD",PARKED MOTOR VEHICLE,DRY,INJURY AND / OR TOW DUE TO CRASH,"OVER $1,500",DISTRACTION - FROM OUTSIDE VEHICLE,3,INCAPACITATING INJURY,1.0,0.0,1.0,22,6,9,41.7711425,-87.57628861,"['09/09/2022', '10:00:00', 'PM']"
76dbe313483d1959851122e416cd49931291f391fdb8feb31dd60025e6e01a38939bcc6fc4f2cc7f3b61f5b62be278bede40b60b1f96af3ad12b25bfa03e1004,2022-09-09 16:48:00,Friday,25,NO CONTROLS,CLEAR,DAYLIGHT,PARKED MOTOR VEHICLE,DRY,INJURY AND / OR TOW DUE TO CRASH,"OVER $1,500",FAILING TO YIELD RIGHT-OF-WAY,3,INCAPACITATING INJURY,3.0,0.0,3.0,16,6,9,41.75723104,-87.59941911,"['09/09/2022', '04:48:00', 'PM']"
12fd0fabe01c7b4d1c6b073fce5813d940f6c0fbb607d76fec3f2b7af39bf971babcd396103358a934abeab22b46d77e31e28e73e45845262bfc095b194b1211,2022-09-09 07:48:00,Friday,30,TRAFFIC SIGNAL,CLEAR,DAYLIGHT,PEDESTRIAN,DRY,INJURY AND / OR TOW DUE TO CRASH,"OVER $1,500",DRIVING ON WRONG SIDE/WRONG WAY,2,INCAPACITATING INJURY,1.0,0.0,1.0,7,6,9,41.90302614,-87.63134877,"['09/09/2022', '07:48:00', 'AM']"
30a44a08f7509537f35d8e12c75108b2f07f68b2062245269ab95769773c1ca193d6767578d079028ec3154f03ece33871793d61826ab980c48268aade0007f0,2022-09-09 06:27:00,Friday,30,NO CONTROLS,CLEAR,DAYLIGHT,SIDESWIPE SAME DIRECTION,DRY,INJURY AND / OR TOW DUE TO CRASH,"OVER $1,500",FAILING TO YIELD RIGHT-OF-WAY,2,INCAPACITATING INJURY,1.0,0.0,1.0,6,6,9,41.9089214,-87.6775678,"['09/09/2022', '06:27:00', 'AM']"
f8783b84d379e1eba46c60ae06e01bf517789f44d50d2d0a8e1575fc964bd7aa27617a5c24b9817149a5c548f5bb9b5f9d80fba54a3df9643399522dc0ad77b6,2022-09-08 21:46:00,Thursday,30,TRAFFIC SIGNAL,CLEAR,"DARKNESS, LIGHTED ROAD",TURNING,DRY,INJURY AND / OR TOW DUE TO CRASH,"OVER $1,500",FAILING TO YIELD RIGHT-OF-WAY,2,INCAPACITATING INJURY,2.0,0.0,1.0,21,5,9,41.95295865,-87.7867085,"['09/08/2022', '09:46:00', 'PM']"
c6e8c070fd34765c716e84b51fecfc859fde86f195d8991a2f21625642d705885eee925a68a950b7705b069daa01b24a408f39805060426329d97556f378f012,2022-09-08 20:17:00,Thursday,30,NO CONTROLS,CLEAR,"DARKNESS, LIGHTED ROAD",PEDESTRIAN,DRY,INJURY AND / OR TOW DUE TO CRASH,$500 OR LESS,FAILING TO YIELD RIGHT-OF-WAY,2,INCAPACITATING INJURY,1.0,0.0,1.0,20,5,9,41.94470585,-87.78618067,"['09/08/2022', '08:17:00', 'PM']"
abb490b3b91257655f323a0297d64471ddc9cdb7406c53e501bfb881dd934b12e08e965d9bd077c8d0e6998022d94ce815bdcfff5085a33ec4d2d051623afca8,2022-09-08 16:38:00,Thursday,30,NO CONTROLS,CLEAR,DAYLIGHT,PEDALCYCLIST,DRY,INJURY AND / OR TOW DUE TO CRASH,"OVER $1,500",FAILING TO YIELD RIGHT-OF-WAY,2,INCAPACITATING INJURY,1.0,0.0,1.0,16,5,9,41.94872454,-87.66875804,"['09/08/2022', '04:38:00', 'PM']"
643c587bbae60800977d9319420ce6d1c3795aba894b6c2f36f90d5d4c7a25b0e653d9ee3c3e8d4564be4eb3e9daead7f86981cf22c67da43ec4a3f222c98ede,2022-09-08 11:44:00,Thursday,30,NO CONTROLS,CLEAR,DAYLIGHT,TURNING,DRY,INJURY AND / OR TOW DUE TO CRASH,"OVER $1,500",FAILING TO YIELD RIGHT-OF-WAY,2,FATAL,1.0,1.0,0.0,11,5,9,41.89446403,-87.6528852,"['09/08/2022', '11:44:00', 'AM']"
e433e77df47669de19296fb3dbad8b44f431142f2fd1387f2da59e43d3c38a0efc9af4c8da288b56b81fb582b1f5ee7587c239e1f97e9be4ecfed2d49b12b3cb,2022-09-08 09:20:00,Thursday,30,TRAFFIC SIGNAL,CLEAR,DAYLIGHT,PEDESTRIAN,DRY,INJURY AND / OR TOW DUE TO CRASH,"$501 - $1,500",FAILING TO YIELD RIGHT-OF-WAY,2,INCAPACITATING INJURY,1.0,0.0,1.0,9,5,9,41.82883082,-87.67997025,"['09/08/2022', '09:20:00', 'AM']"
b47f5d4f6697ef52c232c44037533030b37d16e30023398eb21bdd6f010e3a968ced5649a7b652b53ee1009c52b73acc6cc5d612562b0d5d713e8febde6c5883,2022-09-08 08:54:00,Thursday,30,NO CONTROLS,CLEAR,DAYLIGHT,ANIMAL,DRY,INJURY AND / OR TOW DUE TO CRASH,"OVER $1,500",UNABLE TO DETERMINE,1,INCAPACITATING INJURY,1.0,0.0,1.0,8,5,9,41.92621796,-87.72207554,"['09/08/2022', '08:54:00', 'AM']"
dc4aafca08566800a6d1e3c5e71155b13487ade45eb8385cdb0d933ac2c527a4b2eb4116212f9b22c650a4799ec49b3f06d727fe29536a837de719f28fedadd5,2022-09-07 19:37:00,Wednesday,30,NO CONTROLS,CLEAR,"DARKNESS, LIGHTED ROAD",PARKED MOTOR VEHICLE,DRY,INJURY AND / OR TOW DUE TO CRASH,"OVER $1,500",UNABLE TO DETERMINE,4,INCAPACITATING INJURY,1.0,0.0,1.0,19,4,9,41.74168851,-87.6512178,"['09/07/2022', '07:37:00', 'PM']"
4bcf5ae59a3cdccdd22bf12d9442bc8bcfac7c35bddcbcda78241d7f515564de30b1d7f7e6a211d5eb7da8549ac76ebab34bdb2604af5667752c536ea77ad6d3,2022-09-07 15:00:00,Wednesday,30,TRAFFIC SIGNAL,CLEAR,DAYLIGHT,TURNING,DRY,INJURY AND / OR TOW DUE TO CRASH,"OVER $1,500",FAILING TO YIELD RIGHT-OF-WAY,2,INCAPACITATING INJURY,2.0,0.0,2.0,15,4,9,41.90391353,-87.63765253,"['09/07/2022', '03:00:00', 'PM']"
8c61e3c66afeeb23d8894fda340f7c0a1b34017c1b4864b86fe0ff15ff994f8992ba1ae90c6c8a1b827391a8dd2de3e8ffadd33af93b5c2ef4b0a042942e287c,2022-09-07 11:38:00,Wednesday,30,TRAFFIC SIGNAL,CLEAR,DAYLIGHT,ANGLE,DRY,INJURY AND / OR TOW DUE TO CRASH,"OVER $1,500","OPERATING VEHICLE IN ERRATIC, RECKLESS, CARELESS, NEGLIGENT OR AGGRESSIVE MANNER",4,INCAPACITATING INJURY,3.0,0.0,1.0,11,4,9,41.92387069,-87.76604922,"['09/07/2022', '11:38:00', 'AM']"
7d6fff6dd0582d992520e69656e359b140783eb12c463ba94457053a996f16f3d640f19e5c56f246fa5ff3438017962869949d1a00a967df51e8f4f5cf511660,2022-09-07 10:58:00,Wednesday,30,NO CONTROLS,CLEAR,DAYLIGHT,PEDESTRIAN,DRY,INJURY AND / OR TOW DUE TO CRASH,$500 OR LESS,UNABLE TO DETERMINE,2,INCAPACITATING INJURY,1.0,0.0,1.0,10,4,9,41.97366126,-87.71336343,"['09/07/2022', '10:58:00', 'AM']"
49ef378ec9cda177947e71c07a87f0fe6ad4c12cece26e9d33b7939cb1fdcdcc82032f367856dbceb82256b13772f6b34594aee29b8d37181ed5f3108769cf82,2022-09-07 09:00:00,Wednesday,30,NO CONTROLS,CLEAR,DAYLIGHT,PEDALCYCLIST,DRY,INJURY AND / OR TOW DUE TO CRASH,"OVER $1,500",FAILING TO YIELD RIGHT-OF-WAY,2,INCAPACITATING INJURY,1.0,0.0,1.0,9,4,9,41.99808762,-87.67074683,"['09/07/2022', '09:00:00', 'AM']"
818fbc5e5f17e70ef6f6b37d537b8436a45f6a2f360c194622f5db91bb407a28d28e571eac6c0f67d058f7cd3637e04fb6c7543bf2784f19d47e65763a88cd14,2022-09-07 08:07:00,Wednesday,30,NO CONTROLS,CLEAR,DAYLIGHT,TURNING,DRY,INJURY AND / OR TOW DUE TO CRASH,"OVER $1,500","VISION OBSCURED (SIGNS, TREE LIMBS, BUILDINGS, ETC.)",2,INCAPACITATING INJURY,2.0,0.0,1.0,8,4,9,41.79286167,-87.70338926,"['09/07/2022', '08:07:00', 'AM']"
8ffa040a0ea8fdf1f35609a4eda0da470ee133dfc7007963beaf72a66a3ce98556858434a6f3427cfb25e28e18310f8d953907ab4ba9b0f144d432711b868dd0,2022-09-06 16:00:00,Tuesday,30,TRAFFIC SIGNAL,CLEAR,DAYLIGHT,PEDESTRIAN,DRY,INJURY AND / OR TOW DUE TO CRASH,$500 OR LESS,NOT APPLICABLE,2,INCAPACITATING INJURY,1.0,0.0,1.0,16,3,9,41.7687809,-87.65436094,"['09/06/2022', '04:00:00', 'PM']"
735af0e801481ba9c2f117cb553a3c4adb0c1ac7f9a861301f5fb3cf9010d016b4349e9be7a455b2332d20add32a5700794d0f47a8432c7bc5a30f0df6d12984,2022-09-06 09:58:00,Tuesday,30,NO CONTROLS,CLEAR,DAYLIGHT,FIXED OBJECT,DRY,INJURY AND / OR TOW DUE TO CRASH,"OVER $1,500",FAILING TO REDUCE SPEED TO AVOID CRASH,1,INCAPACITATING INJURY,1.0,0.0,1.0,9,3,9,41.90523903,-87.62452023,"['09/06/2022', '09:58:00', 'AM']"
c9b1268ce74bac63e959c7536210b169f2cfdb2ede1184cfed50435224b15b4d731fa23bd5b36f973c3d48e1dc098f55f9bb1ae275424b85123cc47ab4888a62,2022-09-06 09:20:00,Tuesday,30,STOP SIGN/FLASHER,CLOUDY/OVERCAST,DAYLIGHT,REAR END,DRY,INJURY AND / OR TOW DUE TO CRASH,"OVER $1,500",FAILING TO REDUCE SPEED TO AVOID CRASH,3,INCAPACITATING INJURY,3.0,0.0,2.0,9,3,9,41.85409436,-87.6711437,"['09/06/2022', '09:20:00', 'AM']"
60f579d7381e71f7b97609f6897633496146537f00b91f8f91d2dd9991be4399ba1692f7f950d4785eecf4eced42794a9f907f42d1a244fb43c7ee1dd8599a2d,2022-09-06 09:15:00,Tuesday,30,NO CONTROLS,CLEAR,DAYLIGHT,TURNING,DRY,INJURY AND / OR TOW DUE TO CRASH,"$501 - $1,500",NOT APPLICABLE,2,INCAPACITATING INJURY,1.0,0.0,1.0,9,3,9,41.84649307,-87.73741874,"['09/06/2022', '09:15:00', 'AM']"
c393493f60b185fc8595dd6fa583cdefde45b7d848c6c1a0f237ef92ebf536b783d1a3e69eef90cd3b07b921f6a7d73e6e4b8962dda0e5059fd6f9be0f41c064,2022-09-06 09:10:00,Tuesday,35,NO CONTROLS,CLEAR,DAYLIGHT,TURNING,DRY,INJURY AND / OR TOW DUE TO CRASH,"$501 - $1,500",UNABLE TO DETERMINE,2,INCAPACITATING INJURY,1.0,0.0,1.0,9,3,9,41.84686697,-87.73704307,"['09/06/2022', '09:10:00', 'AM']"
a75bde3280994eb1ea456a72cac562723ceeec956ce79aaf23043ff27ccc46fd5aed09f719d6010e5a0412858cb7bfb26bb6d3bd96e01bc9dad6d44d97893e90,2022-09-05 21:02:00,Monday,30,NO CONTROLS,CLEAR,"DARKNESS, LIGHTED ROAD",PARKED MOTOR VEHICLE,DRY,INJURY AND / OR TOW DUE TO CRASH,"OVER $1,500",PHYSICAL CONDITION OF DRIVER,5,INCAPACITATING INJURY,1.0,0.0,1.0,21,2,9,41.8022887,-87.6106233,"['09/05/2022', '09:02:00', 'PM']"
428547c71867f9d3af6083148c677bf1b1709b20a001af1aa3bf2b292bdb9f46a23202d48c2b75e438a8d804fc971900329b0c601350e80bcecf5c2aa22a6324,2022-09-05 20:50:00,Monday,30,NO CONTROLS,CLEAR,"DARKNESS, LIGHTED ROAD",TURNING,DRY,INJURY AND / OR TOW DUE TO CRASH,"OVER $1,500",IMPROPER OVERTAKING/PASSING,2,INCAPACITATING INJURY,2.0,0.0,1.0,20,2,9,41.81768373,-87.6650402,"['09/05/2022', '08:50:00', 'PM']"
d81236da038221ba2496a06b2bd1953a24e49774379e644c2ac4f054b43a46c57401c38b830f7e6a75a2f12aaf711a593d6e9b8190d81f43d18894708e17c569,2022-09-05 18:43:00,Monday,30,NO CONTROLS,CLEAR,DAYLIGHT,PARKED MOTOR VEHICLE,DRY,INJURY AND / OR TOW DUE TO CRASH,"OVER $1,500",UNABLE TO DETERMINE,3,INCAPACITATING INJURY,3.0,0.0,1.0,18,2,9,41.88180566,-87.73662655,"['09/05/2022', '06:43:00', 'PM']"
e8ddf03ce4a13f4d1e150e2149ec96845e6281391a15183a00db891220fab71e3a2a16c3ead26612d3c7c695b1827394ede3f7a9c892dc8f2f6e3fd2d8ad7f79,2022-09-05 06:55:00,Monday,30,NO CONTROLS,CLOUDY/OVERCAST,DAYLIGHT,PARKED MOTOR VEHICLE,DRY,INJURY AND / OR TOW DUE TO CRASH,"OVER $1,500",UNABLE TO DETERMINE,3,INCAPACITATING INJURY,1.0,0.0,1.0,6,2,9,41.8709488,-87.69667705,"['09/05/2022', '06:55:00', 'AM']"
140d4aa4c661cb491eb7c87277e7b55306df0e96bee7e8d608502aa8e4f5aaaa004c258747e3b9a3b1f875498ddaae470f73bfe88e0a0365c179957aacceb87a,2022-09-05 00:50:00,Monday,30,STOP SIGN/FLASHER,CLEAR,"DARKNESS, LIGHTED ROAD",PEDALCYCLIST,DRY,INJURY AND / OR TOW DUE TO CRASH,"$501 - $1,500",FAILING TO YIELD RIGHT-OF-WAY,2,INCAPACITATING INJURY,1.0,0.0,1.0,0,2,9,41.8953173,-87.71991034,"['09/05/2022', '12:50:00', 'AM']"
e9b725e75277c2947300dfb2607f48a25ea8c7a0236abaddde06c68da3446f42587b180f2c87d3ffa4da60069371cac46c6a843f47ae026d4d96bee25d934a7a,2022-09-04 23:00:00,Sunday,25,NO CONTROLS,CLEAR,"DARKNESS, LIGHTED ROAD",TURNING,DRY,INJURY AND / OR TOW DUE TO CRASH,"OVER $1,500",FAILING TO YIELD RIGHT-OF-WAY,2,INCAPACITATING INJURY,1.0,0.0,1.0,23,1,9,41.8638008,-87.60937166,"['09/04/2022', '11:00:00', 'PM']"