CRASH_RECORD_ID,CRASH_DATE,Weekday,POSTED_SPEED_LIMIT,TRAFFIC_CONTROL_DEVICE,WEATHER_CONDITION,LIGHTING_CONDITION,FIRST_CRASH_TYPE,ROADWAY_SURFACE_COND,CRASH_TYPE,DAMAGE,PRIM_CONTRIBUTORY_CAUSE,NUM_UNITS,MOST_SEVERE_INJURY,INJURIES_TOTAL,INJURIES_FATAL,INJURIES_INCAPACITATING,CRASH_HOUR,CRASH_DAY_OF_WEEK,CRASH_MONTH,LATITUDE,LONGITUDE,CRASH_TIME
332e7008a34f5fb711b3cea3bceeb98f0d8ec8d698540d7988553edbb80caba0fea04661e2aaeba5663538f4de6c175d68a6750849027cde81a61c4cebf2d828,2022-08-29 16:30:00,Monday,30,NO CONTROLS,CLEAR,DAYLIGHT,REAR END,DRY,INJURY AND / OR TOW DUE TO CRASH,"OVER $1,500",UNABLE TO DETERMINE,2,INCAPACITATING INJURY,1.0,0.0,1.0,16,2,8,41.99306487,-87.71392391,"['08/29/2022', '04:30:00', 'PM']"
22a81283de6bf40d5b62fb1bbca51f8c2ec7b02855cf2ed431187dfa4cbb39091417af7b60c89c4948f9f12735102dfe973bc7991af0804f7c65ad9b1bed1fe1,2022-08-29 15:42:00,Monday,55,NO CONTROLS,CLOUDY/OVERCAST,DAYLIGHT,SIDESWIPE SAME DIRECTION,WET,INJURY AND / OR TOW DUE TO CRASH,"OVER $1,500",EQUIPMENT - VEHICLE CONDITION,2,INCAPACITATING INJURY,1.0,0.0,1.0,15,2,8,41.90248165,-87.62422104,"['08/29/2022', '03:42:00', 'PM']"
1a2671f4b7d6b0004a28bd267b25106adccad31f6f2ce3ba0fa4c2c2ecd62b670d100688cb5081b8cf30ac0215f379e23bda7264d80a60956fd3c1b61fbb4a1f,2022-08-29 07:45:00,Monday,35,TRAFFIC SIGNAL,CLEAR,DAYLIGHT,TURNING,DRY,INJURY AND / OR TOW DUE TO CRASH,"OVER $1,500",FAILING TO YIELD RIGHT-OF-WAY,5,FATAL,1.0,1.0,0.0,7,2,8,41.90239931,-87.74583229,"['08/29/2022', '07:45:00', 'AM']"
c9a853e4472a6efd223e06fe428d387296c46a93c8ef208450b14667f182e2653f2b9856560afc77d68eb2b57fa344fd55aee94e5d4e0b0dd329802a443db422,2022-08-28 20:40:00,Sunday,30,NO CONTROLS,CLEAR,"DARKNESS, LIGHTED ROAD",TURNING,DRY,INJURY AND / OR TOW DUE TO CRASH,"OVER $1,500",FAILING TO YIELD RIGHT-OF-WAY,2,INCAPACITATING INJURY,3.0,0.0,2.0,20,1,8,41.90985712,-87.7368056,"['08/28/2022', '08:40:00', 'PM']"
bf0407ec431d2cd18a041feb1ca31eacd4713d608f9aa3483daf61aff3b795f0ac7b32004bfb7b16d14a0eb1bd9642859b03d3f31ea8f2c2f51ddf116268c9bf,2022-08-28 19:53:00,Sunday,30,TRAFFIC SIGNAL,CLEAR,"DARKNESS, LIGHTED ROAD",PEDALCYCLIST,DRY,INJURY AND / OR TOW DUE TO CRASH,"OVER $1,500",TURNING RIGHT ON RED,2,INCAPACITATING INJURY,1.0,0.0,1.0,19,1,8,41.93858919,-87.75681005,"['08/28/2022', '07:53:00', 'PM']"
c219133f911303e8c0630576f1f3014bfaa6e48b2182e7f6527161570a699b1264b06d899827a8e1e7085de989328bf59f2f922d5eeecc9017e96f121440006f,2022-08-28 11:58:00,Sunday,30,TRAFFIC SIGNAL,CLEAR,DAYLIGHT,TURNING,DRY,INJURY AND / OR TOW DUE TO CRASH,"OVER $1,500",UNABLE TO DETERMINE,2,INCAPACITATING INJURY,1.0,0.0,1.0,11,1,8,41.93158187,-87.74644942,"['08/28/2022', '11:58:00', 'AM']"
282a5bd3c9d31d997a00d2822d68367b4d695422632bfba07b2a755206ce4e9c6cb09b8cb3a3ba34ff69d03144a8bd148ba14f74ce08028fd73adc37628d8238,2022-08-28 01:35:00,Sunday,30,TRAFFIC SIGNAL,CLEAR,"DARKNESS, LIGHTED ROAD",ANGLE,DRY,INJURY AND / OR TOW DUE TO CRASH,"OVER $1,500",IMPROPER OVERTAKING/PASSING,3,FATAL,2.0,1.0,0.0,1,1,8,41.77487649,-87.7420245,"['08/28/2022', '01:35:00', 'AM']"
2f87185ba19e0d4f049ce08665b3dbffd3a86b3a42dbcaa6dc72fb5eb99597a2aa5bde70360871d5416c7882703e426f8a31d5466953e7a0f546a7b936964a30,2022-08-27 23:50:00,Saturday,30,NO CONTROLS,CLEAR,DAYLIGHT,REAR END,DRY,INJURY AND / OR TOW DUE TO CRASH,"OVER $1,500","OPERATING VEHICLE IN ERRATIC, RECKLESS, CARELESS, NEGLIGENT OR AGGRESSIVE MANNER",2,INCAPACITATING INJURY,1.0,0.0,1.0,23,7,8,41.7514606,-87.58597199,"['08/27/2022', '11:50:00', 'PM']"
9d13ec951b8406644596e2fdbcc7c2e72fc6efc8c3d5d662de54ad125c4570ed5a216cac195f8f9dac1137cad90cf24b28da45206eeae6c2ab0bb91af4772bf4,2022-08-27 17:17:00,Saturday,35,STOP SIGN/FLASHER,CLEAR,DAYLIGHT,PEDALCYCLIST,DRY,INJURY AND / OR TOW DUE TO CRASH,"OVER $1,500",UNABLE TO DETERMINE,2,INCAPACITATING INJURY,1.0,0.0,1.0,17,7,8,41.72237436,-87.58527627,"['08/27/2022', '05:17:00', 'PM']"
af7ce17246a9844be7d60640f088923460f85110a31d3ab0892a0108dad738458a0c0b02cf5b6a25a45003373a02a5fb0db2796d17a45e98f5bb0260af8b9e82,2022-08-27 15:35:00,Saturday,30,STOP SIGN/FLASHER,CLEAR,DAYLIGHT,PEDALCYCLIST,DRY,INJURY AND / OR TOW DUE TO CRASH,"OVER $1,500",DISREGARDING STOP SIGN,2,FATAL,1.0,1.0,0.0,15,7,8,41.84556703,-87.63685509,"['08/27/2022', '03:35:00', 'PM']"
2a7ade39e2bf629aa2f92b5ede613d47fb26e196b6f54e9a0f9dcc2dc13bbf31243a9123b7a354df7ce42ec21b1822fa52990e0d5f369e32e2faee2dc064ef3a,2022-08-26 22:35:00,Friday,30,NO CONTROLS,CLEAR,"DARKNESS, LIGHTED ROAD",PEDESTRIAN,DRY,INJURY AND / OR TOW DUE TO CRASH,"OVER $1,500","OPERATING VEHICLE IN ERRATIC, RECKLESS, CARELESS, NEGLIGENT OR AGGRESSIVE MANNER",2,INCAPACITATING INJURY,1.0,0.0,1.0,22,6,8,41.73756102,-87.71916759,"['08/26/2022', '10:35:00', 'PM']"
5cf21671e3123d709cb4b59c2ee7426e7869bb5c1121935716d3b64002ec76adf27179ae96924df75cc46e86fa808a4c3ed4aca9ce364e46a77c604c2a519dd9,2022-08-26 16:23:00,Friday,30,TRAFFIC SIGNAL,CLEAR,DAYLIGHT,TURNING,UNKNOWN,INJURY AND / OR TOW DUE TO CRASH,"OVER $1,500",DISREGARDING TRAFFIC SIGNALS,4,INCAPACITATING INJURY,2.0,0.0,2.0,16,6,8,41.77966134,-87.64463774,"['08/26/2022', '04:23:00', 'PM']"
033196639fbc27060a184b7598a14ad82c6d676b81c98dda9a3e7ee3bbaf9bd143fc54b071c9f82de83d72fd7067e5714722cdcf7460ec931cf6308221106f0c,2022-08-26 12:01:00,Friday,30,TRAFFIC SIGNAL,CLOUDY/OVERCAST,DAYLIGHT,PEDALCYCLIST,DRY,INJURY AND / OR TOW DUE TO CRASH,"OVER $1,500",FAILING TO REDUCE SPEED TO AVOID CRASH,2,INCAPACITATING INJURY,1.0,0.0,1.0,12,6,8,41.89504414,-87.75566533,"['08/26/2022', '12:01:00', 'PM']"
570372dbf408c1293868116e66ae56c4945cbec979f36c47ff99aa676f0eb3d557ac4b3bf0fd19f2f648f3e61f437eec78a5bd526ecdab19a81d8fb1f2da88a7,2022-08-26 11:00:00,Friday,30,NO CONTROLS,CLEAR,DAYLIGHT,REAR END,DRY,INJURY AND / OR TOW DUE TO CRASH,"OVER $1,500",UNABLE TO DETERMINE,3,INCAPACITATING INJURY,1.0,0.0,1.0,11,6,8,41.79704039,-87.70624808,"['08/26/2022', '11:00:00', 'AM']"
a4bd00e2c78f9521c7b546ecf3e29206147a2ef9e999bcd0a5c0c92386067ec022a1481123e4185875c070e67a6e9ef2678e748128b945b07620a98298d74e30,2022-08-26 10:40:00,Friday,30,NO CONTROLS,CLEAR,DAYLIGHT,HEAD ON,DRY,INJURY AND / OR TOW DUE TO CRASH,"$501 - $1,500",UNABLE TO DETERMINE,2,INCAPACITATING INJURY,1.0,0.0,1.0,10,6,8,41.80065817,-87.70881445,"['08/26/2022', '10:40:00', 'AM']"
01314274b96e8487f727a6ba745b7d7e564d643caad82db4216f8bc4534ffe2ef40672c96bf0a732ecd90b41a49de19f9bc858c0564a0f0d8fc5cebc007eb5bb,2022-08-26 09:10:00,Friday,25,STOP SIGN/FLASHER,CLEAR,DAYLIGHT,PEDESTRIAN,DRY,INJURY AND / OR TOW DUE TO CRASH,$500 OR LESS,UNABLE TO DETERMINE,2,INCAPACITATING INJURY,1.0,0.0,1.0,9,6,8,41.92208104,-87.63660783,"['08/26/2022', '09:10:00', 'AM']"
06cb40124f0d30c096a1c53c7e8adfbbb5f4195f81b8a154ef98cc8cbe29fdc28f67488d1f3b79d53b9e9d016ee6917eedc1acdce1a97a3696eb8a5e313e4c17,2022-08-26 07:30:00,Friday,30,NO CONTROLS,CLEAR,DAYLIGHT,HEAD ON,DRY,INJURY AND / OR TOW DUE TO CRASH,"OVER $1,500",IMPROPER LANE USAGE,2,INCAPACITATING INJURY,1.0,0.0,1.0,7,6,8,41.802083,-87.68439754,"['08/26/2022', '07:30:00', 'AM']"
7bad6ea6898167f89a73ab155a9be864cecb44ffa45c83327d0d8a29155aef5eea1364b66bf3da6b12fb266eedd84d5529939dae0a7d61de7e019be6098c319e,2022-08-26 02:05:00,Friday,35,NO CONTROLS,CLEAR,"DARKNESS, LIGHTED ROAD",PEDESTRIAN,DRY,INJURY AND / OR TOW DUE TO CRASH,"OVER $1,500",FAILING TO REDUCE SPEED TO AVOID CRASH,2,INCAPACITATING INJURY,1.0,0.0,1.0,2,6,8,41.75129118,-87.59420866,"['08/26/2022', '02:05:00', 'AM']"
1647560c999ec0bab6dd33a34b62dd1186213806164967b5ba4f31778281a2d2533b1bab21b17ff7165ced4b900a4e09e57ae74d6af3c3019bee9f45e3faf874,2022-08-25 21:38:00,Thursday,30,NO CONTROLS,CLEAR,"DARKNESS, LIGHTED ROAD",SIDESWIPE SAME DIRECTION,DRY,INJURY AND / OR TOW DUE TO CRASH,"OVER $1,500",IMPROPER TURNING/NO SIGNAL,2,INCAPACITATING INJURY,4.0,0.0,1.0,21,5,8,41.88077601,-87.73069838,"['08/25/2022', '09:38:00', 'PM']"
dfd3a308cbb321de184d46a36e5f5c38be60201888cdd7691b41a0c6753f87a8469fa840efd7305e38e5d256c15fa7969cf7643e1edbae76179006982cac978f,2022-08-25 18:18:00,Thursday,30,TRAFFIC SIGNAL,CLEAR,DAYLIGHT,REAR END,DRY,INJURY AND / OR TOW DUE TO CRASH,"$501 - $1,500",FOLLOWING TOO CLOSELY,2,INCAPACITATING INJURY,1.0,0.0,1.0,18,5,8,41.94048802,-87.63798791,"['08/25/2022', '06:18:00', 'PM']"
fca3c9e789b59d71c482d40fa1a147e0eb879fe9235e4a6015dce53ccfe0c1c2b21fb92fafe5f0d9a937eed73ae91517972fc566f00b0a4c97ba6f0b8889cbf2,2022-08-25 17:44:00,Thursday,30,NO CONTROLS,CLEAR,DAYLIGHT,REAR TO SIDE,DRY,INJURY AND / OR TOW DUE TO CRASH,"OVER $1,500",FAILING TO YIELD RIGHT-OF-WAY,2,INCAPACITATING INJURY,1.0,0.0,1.0,17,5,8,41.93865262,-87.7689932,"['08/25/2022', '05:44:00', 'PM']"
bcebc5ba05a4f78f4628fd496a0960b6d813cfcc5d01b6ec89f60e1508099eff9237f7d787700e06f904796fed6367ce0c443df903f969d55ee4703868ade98e,2022-08-25 15:00:00,Thursday,20,STOP SIGN/FLASHER,CLEAR,DAYLIGHT,REAR TO FRONT,DRY,INJURY AND / OR TOW DUE TO CRASH,"OVER $1,500",IMPROPER BACKING,2,INCAPACITATING INJURY,1.0,0.0,1.0,15,5,8,41.96730915,-87.65960284,"['08/25/2022', '03:00:00', 'PM']"
a69c4dd61e4f5715ba6cad4083db9ab2a67e752052a0d6f311821477bb0332c24cb6656b9cab695444be149170cf38559de5e94b475afc8f14640678c2409a22,2022-08-25 14:34:00,Thursday,30,TRAFFIC SIGNAL,CLEAR,DAYLIGHT,TURNING,DRY,INJURY AND / OR TOW DUE TO CRASH,"OVER $1,500",UNABLE TO DETERMINE,2,INCAPACITATING INJURY,1.0,0.0,1.0,14,5,8,41.99015359,-87.7187982,"['08/25/2022', '02:34:00', 'PM']"
73e7e65eede3469b39fdd02189f44af5da4182dbab12137ce3cc66e525fb2221756cd50661b4c58f56adc15f93aec9e828eac3812db1ce754f964c57b95dee31,2022-08-25 11:05:00,Thursday,30,STOP SIGN/FLASHER,CLEAR,DAYLIGHT,PEDESTRIAN,DRY,INJURY AND / OR TOW DUE TO CRASH,$500 OR LESS,FAILING TO YIELD RIGHT-OF-WAY,2,INCAPACITATING INJURY,1.0,0.0,1.0,11,5,8,41.7859444,-87.71548892,"['08/25/2022', '11:05:00', 'AM']"
84d5c24ef4a3f0f25497cc7877d29af497c2b75b7cd083d090f03a706a6b3f6607e002889463c52f8b4edce3983063e92d6143ce9aeb85b81eebaf5396e563ed,2022-08-25 00:10:00,Thursday,30,NO CONTROLS,CLEAR,"DARKNESS, LIGHTED ROAD",FIXED OBJECT,DRY,INJURY AND / OR TOW DUE TO CRASH,"OVER $1,500",EQUIPMENT - VEHICLE CONDITION,1,INCAPACITATING INJURY,1.0,0.0,1.0,0,5,8,41.65927874,-87.56284544,"['08/25/2022', '12:10:00', 'AM']"
303939c03922003390b4cc6f7666413f835b9a1a1b454c55286e2863d390759ec9aca8d3de94292d7086df687c9db39027d561f113caa762a67404eec25e059b,2022-08-24 23:37:00,Wednesday,30,TRAFFIC SIGNAL,CLEAR,DARKNESS,ANGLE,DRY,INJURY AND / OR TOW DUE TO CRASH,"OVER $1,500",DISREGARDING TRAFFIC SIGNALS,2,INCAPACITATING INJURY,1.0,0.0,1.0,23,4,8,41.86746088,-87.63058401,"['08/24/2022', '11:37:00', 'PM']"
d211139c7b47ccc0e4542b0ccddc7111f6783c76d5f3d11986646e420fee334aa8fea9fcbd6e76f8e0b32ea5323d37a488d7e740e4051846b0dad5dac074b9ae,2022-08-24 22:15:00,Wednesday,30,NO CONTROLS,CLEAR,"DARKNESS, LIGHTED ROAD",PEDALCYCLIST,DRY,INJURY AND / OR TOW DUE TO CRASH,"OVER $1,500",FAILING TO YIELD RIGHT-OF-WAY,2,INCAPACITATING INJURY,1.0,0.0,1.0,22,4,8,41.94513628,-87.64575917,"['08/24/2022', '10:15:00', 'PM']"
ccc98fcae997119540ef058622556e0ec3e4daeab214a22e870f75984b0d6620d1653330761904cf7c8ba1094728d419188192358b5c3e95c85c26709a399afa,2022-08-24 13:35:00,Wednesday,30,TRAFFIC SIGNAL,CLEAR,DAYLIGHT,TURNING,DRY,INJURY AND / OR TOW DUE TO CRASH,"OVER $1,500",FAILING TO YIELD RIGHT-OF-WAY,4,INCAPACITATING INJURY,1.0,0.0,1.0,13,4,8,41.70672358,-87.65619454,"['08/24/2022', '01:35:00', 'PM']"
19f1c4f18bd31eeed23872906454e6c612e688181a206758e9ee6e7260f93ebd54e94a0d6280ab5905f282c3251b916ebf7de326ba992832334bb9af4914fcb3,2022-08-24 07:31:00,Wednesday,35,TRAFFIC SIGNAL,CLEAR,DAYLIGHT,TURNING,DRY,INJURY AND / OR TOW DUE TO CRASH,"OVER $1,500",FAILING TO YIELD RIGHT-OF-WAY,2,INCAPACITATING INJURY,2.0,0.0,1.0,7,4,8,41.98627598,-87.83652226,"['08/24/2022', '07:31:00', 'AM']"
dd109b3480e636aae046ac8e50b401f19105768ac601cd210704f22bd33f1dccecce72a0daeda5f8d7fa0a4ecf5a7ac4c0d95f3f23c6699d9394b720c9653b69,2022-08-24 07:10:00,Wednesday,30,TRAFFIC SIGNAL,CLEAR,DAYLIGHT,REAR END,DRY,INJURY AND / OR TOW DUE TO CRASH,"OVER $1,500",FAILING TO REDUCE SPEED TO AVOID CRASH,2,INCAPACITATING INJURY,2.0,0.0,1.0,7,4,8,41.69267598,-87.60844517,"['08/24/2022', '07:10:00', 'AM']"
d4a1c939c0604f2ff2f8c981795fb91c01027a81e32478f6721080dcfdd283af717e014a142480aa5d4b4af27045b6fa4c5a7723a9d30567c4d340e728cb86c7,2022-08-23 23:35:00,Tuesday,30,NO CONTROLS,CLEAR,"DARKNESS, LIGHTED ROAD",REAR END,DRY,INJURY AND / OR TOW DUE TO CRASH,"OVER $1,500",UNABLE TO DETERMINE,2,INCAPACITATING INJURY,1.0,0.0,1.0,23,3,8,41.91909401,-87.74632397,"['08/23/2022', '11:35:00', 'PM']"
9ea884857ae84ecd12a773c4b89b8c238ee0f379ecf21c3a93f6da1a790e8b4fe662e8af25235de554ec73ab789f86f4bcff8337a9ec2342a68e480ad9bcf6a4,2022-08-23 18:25:00,Tuesday,30,TRAFFIC SIGNAL,CLEAR,DAYLIGHT,TURNING,DRY,INJURY AND / OR TOW DUE TO CRASH,"OVER $1,500",UNABLE TO DETERMINE,2,INCAPACITATING INJURY,3.0,0.0,2.0,18,3,8,41.83713267,-87.70496712,"['08/23/2022', '06:25:00', 'PM']"
569fec9514700370811ddd89b7fddcd102374aeba75746ebf91ba7c7a62b9472b606fd0035b68c8e6c9961a2bae5db4b96edcdece39b9b7850e7ac7f01945d11,2022-08-23 05:00:00,Tuesday,30,TRAFFIC SIGNAL,CLEAR,"DARKNESS, LIGHTED ROAD",TURNING,DRY,INJURY AND / OR TOW DUE TO CRASH,"OVER $1,500",DISREGARDING TRAFFIC SIGNALS,2,INCAPACITATING INJURY,2.0,0.0,1.0,5,3,8,41.81690171,-87.72405154,"['08/23/2022', '05:00:00', 'AM']"
470d72ecab0a2b2c9a4f5eee39925d588e06c01bb9084106f4117358308972ee439ffefdccf2b727953708bbb3d4405665505d667395b8f45c19f80bc1325f56,2022-08-23 01:40:00,Tuesday,25,NO CONTROLS,CLEAR,"DARKNESS, LIGHTED ROAD",PEDESTRIAN,DRY,INJURY AND / OR TOW DUE TO CRASH,"OVER $1,500",NOT APPLICABLE,2,INCAPACITATING INJURY,1.0,0.0,1.0,1,3,8,42.00309981,-87.68987491,"['08/23/2022', '01:40:00', 'AM']"
40a432dabf293d46cda1265684c7dc057041e515cce329ad5674e4d1b4de4f04a500fcedb4f7a86600d96ef473ae21893e5300f1f37a74eddacc810d0ac57300,2022-08-22 22:17:00,Monday,30,NO CONTROLS,CLEAR,"DARKNESS, LIGHTED ROAD",PEDESTRIAN,DRY,INJURY AND / OR TOW DUE TO CRASH,"OVER $1,500",FAILING TO REDUCE SPEED TO AVOID CRASH,2,INCAPACITATING INJURY,1.0,0.0,1.0,22,2,8,41.80211996,-87.62202365,"['08/22/2022', '10:17:00', 'PM']"
d9683ec14b70b44179edf5a7e2252408a2a71bb480d34e575c1469e885528e1c41377c58ed5e34596d26b8b385e124cc60f9db8d2c8b5ad329ad60b66e315eeb,2022-08-22 17:30:00,Monday,30,STOP SIGN/FLASHER,CLEAR,DAYLIGHT,TURNING,DRY,INJURY AND / OR TOW DUE TO CRASH,"OVER $1,500",UNABLE TO DETERMINE,2,INCAPACITATING INJURY,1.0,0.0,1.0,17,2,8,41.93032353,-87.7026218,"['08/22/2022', '05:30:00', 'PM']"
4aa458412d01bd270dcc8387e77b2b788f1af4e911a09ef6d33ddade5ed8564242aca0606dccaac220146890a1f6bf1ff63a1f45e1257fab2b3b8b1f48298573,2022-08-22 14:30:00,Monday,30,TRAFFIC SIGNAL,CLEAR,DAYLIGHT,SIDESWIPE OPPOSITE DIRECTION,DRY,INJURY AND / OR TOW DUE TO CRASH,"OVER $1,500",PHYSICAL CONDITION OF DRIVER,2,INCAPACITATING INJURY,1.0,0.0,1.0,14,2,8,41.85234085,-87.62393737,"['08/22/2022', '02:30:00', 'PM']"
b678c0cced0ac187c3519d78fa03492afa876ec84ff4a2c1258f60784ff89022ab4ebf31dc9f7d6006c5627f9325c4e5a2c6a7e05e2ed803b0eef26740cbefc4,2022-08-22 06:45:00,Monday,30,STOP SIGN/FLASHER,CLEAR,DAYLIGHT,ANGLE,DRY,INJURY AND / OR TOW DUE TO CRASH,"OVER $1,500","VISION OBSCURED (SIGNS, TREE LIMBS, BUILDINGS, ETC.)",2,INCAPACITATING INJURY,2.0,0.0,2.0,6,2,8,41.96837468,-87.78207971,"['08/22/2022', '06:45:00', 'AM']"
b7912771f5de526d7fc99d3d7a1b0c31fc28ff745cf7fdb069466dab1c9c62535b2de37b0d763999e235c08860edcd4602b097a12908ab8adafa80a0f30145e6,2022-08-21 17:13:00,Sunday,30,STOP SIGN/FLASHER,CLEAR,DAYLIGHT,TURNING,DRY,INJURY AND / OR TOW DUE TO CRASH,"OVER $1,500",FAILING TO YIELD RIGHT-OF-WAY,2,INCAPACITATING INJURY,2.0,0.0,1.0,17,1,8,41.95223023,-87.84162965,"['08/21/2022', '05:13:00', 'PM']"
6646ac50743deb0b88487c6ee6a5d276131110fcfbeb2fee4eeeeeac0f1547e26f20ff5f279ac95b75a202fed081198eb9f553b7618c867790e9819389427cef,2022-08-21 16:38:00,Sunday,30,YIELD,CLEAR,DAYLIGHT,PEDESTRIAN,DRY,INJURY AND / OR TOW DUE TO CRASH,"OVER $1,500",FAILING TO YIELD RIGHT-OF-WAY,3,INCAPACITATING INJURY,2.0,0.0,1.0,16,1,8,41.76032977,-87.65870099,"['08/21/2022', '04:38:00', 'PM']"
86fc96b333384e21e93ae5f7590ad71fc1252402158c210b1b93bbab49167c8d456444ff42ff74b9b521d22b3bb389d7dd493bbeb6f4814467aebb12952be626,2022-08-21 13:15:00,Sunday,25,TRAFFIC SIGNAL,CLEAR,DAYLIGHT,REAR TO SIDE,DRY,INJURY AND / OR TOW DUE TO CRASH,"OVER $1,500",UNABLE TO DETERMINE,2,INCAPACITATING INJURY,2.0,0.0,1.0,13,1,8,41.87676737,-87.75506336,"['08/21/2022', '01:15:00', 'PM']"
27e7b081de8c4b733b55d80ceb94b8acded942d526eca78e6754dd0e3942a9392030f1a1540c60dee654943d8a821fcc8642533f57a5e56b0bd66eaa01057f2a,2022-08-21 09:00:00,Sunday,30,STOP SIGN/FLASHER,CLOUDY/OVERCAST,DAYLIGHT,ANGLE,WET,INJURY AND / OR TOW DUE TO CRASH,"OVER $1,500",FAILING TO YIELD RIGHT-OF-WAY,2,INCAPACITATING INJURY,2.0,0.0,1.0,9,1,8,41.79739475,-87.68427296,"['08/21/2022', '09:00:00', 'AM']"
3bd61a1fce3cb19fae9eb23cd730f1bfe6fe9837ae5c2b19dd475765fd1135bab7b0ace8fc2e093ba325fdae283c01ae4e546424846161cbc644d7692957094e,2022-08-21 03:43:00,Sunday,30,TRAFFIC SIGNAL,RAIN,"DARKNESS, LIGHTED ROAD",FIXED OBJECT,WET,INJURY AND / OR TOW DUE TO CRASH,"OVER $1,500",UNABLE TO DETERMINE,1,INCAPACITATING INJURY,4.0,0.0,1.0,3,1,8,41.88709207,-87.61413825,"['08/21/2022', '03:43:00', 'AM']"
4092f4728d0613b492b8f478f1b254e2c112bece803206d0a22a58e80a34fc853e7ced31612dab91610086ac465c2a6b794554c097a5491d7b91a76e254e3617,2022-08-21 03:37:00,Sunday,30,NO CONTROLS,RAIN,"DARKNESS, LIGHTED ROAD",TURNING,WET,INJURY AND / OR TOW DUE TO CRASH,"OVER $1,500",FAILING TO YIELD RIGHT-OF-WAY,2,INCAPACITATING INJURY,2.0,0.0,2.0,3,1,8,41.86964151,-87.74472286,"['08/21/2022', '03:37:00', 'AM']"
f9151b1e32e97b0b7c8caa992fd7898a4b4e12f8a03a9262d5681fe49db28713355a2f65138b92fc6176c7ee4926f9a43f0b2e96bc5c4282879e86f19e47cbfe,2022-08-21 01:26:00,Sunday,30,NO CONTROLS,CLEAR,"DARKNESS, LIGHTED ROAD",PEDESTRIAN,UNKNOWN,INJURY AND / OR TOW DUE TO CRASH,$500 OR LESS,UNABLE TO DETERMINE,2,INCAPACITATING INJURY,1.0,0.0,1.0,1,1,8,41.94542572,-87.65892813,"['08/21/2022', '01:26:00', 'AM']"
28f9a8e697183bbc47ce4a5437f91c349712cc6c976e3d761690e42ca0aa8a1b33f00cd4fd74ae4e0a73e96314ee13074fe8fb9a67da72d6757db815587fca2c,2022-08-21 01:00:00,Sunday,30,NO CONTROLS,CLEAR,"DARKNESS, LIGHTED ROAD",REAR END,DRY,INJURY AND / OR TOW DUE TO CRASH,"OVER $1,500",FOLLOWING TOO CLOSELY,2,INCAPACITATING INJURY,2.0,0.0,1.0,1,1,8,41.89682805,-87.6172077,"['08/21/2022', '01:00:00', 'AM']"
3dc1fe03496ab88684dab1413aad7ab924af08bcfa9d83f713f6bc2920f66edcc2fd88d6dc20a4242f7c454d7f9afa4add429bc321c7ad3198bfc4a60f0f02d1,2022-08-21 00:10:00,Sunday,30,STOP SIGN/FLASHER,CLEAR,DARKNESS,ANGLE,DRY,INJURY AND / OR TOW DUE TO CRASH,"OVER $1,500",FAILING TO YIELD RIGHT-OF-WAY,2,INCAPACITATING INJURY,1.0,0.0,1.0,0,1,8,41.94651426,-87.72500781,"['08/21/2022', '12:10:00', 'AM']"
66a13ac72d880d116af4a5061a083c2061ac998fbe0067acbbc5a7701a1f75950ecfe6b35c6e9f4db9a657d0ce3f734c06a4fe1db770148afff7b48226e93c28,2022-08-20 17:11:00,Saturday,30,TRAFFIC SIGNAL,CLEAR,DAYLIGHT,SIDESWIPE SAME DIRECTION,DRY,INJURY AND / OR TOW DUE TO CRASH,"OVER $1,500",DISREGARDING TRAFFIC SIGNALS,3,INCAPACITATING INJURY,2.0,0.0,1.0,17,7,8,41.92399362,-87.77100396,"['08/20/2022', '05:11:00', 'PM']"
cface7b5fb91bcc68ca11db3a3597758bfe59367c06c5a31c104c8484406e3d0ac9ff30d040a06cadd157ffb4f99793afe219cea72336fca2634e0ec3c2b51c8,2022-08-20 15:48:00,Saturday,30,TRAFFIC SIGNAL,CLEAR,DAYLIGHT,ANGLE,WET,INJURY AND / OR TOW DUE TO CRASH,"OVER $1,500",UNABLE TO DETERMINE,5,INCAPACITATING INJURY,6.0,0.0,1.0,15,7,8,41.70702301,-87.62841572,"['08/20/2022', '03:48:00', 'PM']"
11ebaf23125f7966f850327243c7a91b14a0cdcd93716a48e0a6685930c1e618bcfa4a92bc1fddee760215a724dc9dfb532d54c0d1c38ecc830c9ce8260f7f66,2022-08-20 11:30:00,Saturday,30,NO CONTROLS,CLOUDY/OVERCAST,DAYLIGHT,PEDESTRIAN,DRY,INJURY AND / OR TOW DUE TO CRASH,$500 OR LESS,IMPROPER BACKING,2,INCAPACITATING INJURY,1.0,0.0,1.0,11,7,8,41.88483822,-87.64993205,"['08/20/2022', '11:30:00', 'AM']"
9660420abdb2c5de1648ebdf49f30cb1bbbf93770db5e9f189440c993e6802ab90c68f70aed21ab346e70a56cf939d7f109b997c96712a621bd63ffae9baa2ca,2022-08-20 08:30:00,Saturday,30,NO CONTROLS,CLEAR,DAYLIGHT,PEDESTRIAN,DRY,INJURY AND / OR TOW DUE TO CRASH,$500 OR LESS,IMPROPER BACKING,2,INCAPACITATING INJURY,1.0,0.0,1.0,8,7,8,41.8991174,-87.62295567,"['08/20/2022', '08:30:00', 'AM']"