CRASH_RECORD_ID,CRASH_DATE,Weekday,POSTED_SPEED_LIMIT,TRAFFIC_CONTROL_DEVICE,WEATHER_CONDITION,LIGHTING_CONDITION,FIRST_CRASH_TYPE,ROADWAY_SURFACE_COND,CRASH_TYPE,DAMAGE,PRIM_CONTRIBUTORY_CAUSE,NUM_UNITS,MOST_SEVERE_INJURY,INJURIES_TOTAL,INJURIES_FATAL,INJURIES_INCAPACITATING,CRASH_HOUR,CRASH_DAY_OF_WEEK,CRASH_MONTH,LATITUDE,LONGITUDE,CRASH_TIME
861966db6567ebda3a0a62934aa13b95a4d06170cc11c4da8494a5839c54ca259a13a5584b7f559573cd552089d01fb0ed064932205231832e3f9cdb74e9e280,2022-08-20 03:21:00,Saturday,30,NO CONTROLS,UNKNOWN,"DARKNESS, LIGHTED ROAD",REAR END,UNKNOWN,INJURY AND / OR TOW DUE TO CRASH,"OVER $1,500",FAILING TO REDUCE SPEED TO AVOID CRASH,2,INCAPACITATING INJURY,1.0,0.0,1.0,3,7,8,41.90693274,-87.62993013,"['08/20/2022', '03:21:00', 'AM']"
2416ff52ee3f5af140ab14ada7813197edd7cbc335457abb81218c3803cb8e5eab9b12506cb2f5adce3f1401ecaf4a3b65ac5ac9029c57323f21ffc9d42da7f6,2022-08-19 20:06:00,Friday,35,TRAFFIC SIGNAL,CLEAR,"DARKNESS, LIGHTED ROAD",SIDESWIPE OPPOSITE DIRECTION,DRY,INJURY AND / OR TOW DUE TO CRASH,"OVER $1,500",FAILING TO REDUCE SPEED TO AVOID CRASH,2,INCAPACITATING INJURY,1.0,0.0,1.0,20,6,8,41.96711661,-87.65840841,"['08/19/2022', '08:06:00', 'PM']"
5b1df4843d00c610fe4fdfb3a9e1e0a8b76fd183e5e85937d0285b14974b7ce9b242eded2f29c54c274b925232c38c74b5af1622fef01ff2c1163679024ca478,2022-08-19 15:27:00,Friday,30,TRAFFIC SIGNAL,CLEAR,DAYLIGHT,PEDESTRIAN,DRY,INJURY AND / OR TOW DUE TO CRASH,$500 OR LESS,FAILING TO YIELD RIGHT-OF-WAY,2,INCAPACITATING INJURY,1.0,0.0,1.0,15,6,8,41.87141156,-87.67652878,"['08/19/2022', '03:27:00', 'PM']"
dbdff201356aba435d9a55ba7ff854da0dd389cc2a089c9ed17e733c3596479b7fb62d42b58acb8046ed4010b7d9b98241e0831ecb26432da731576bbbd99fa7,2022-08-19 14:52:00,Friday,40,NO CONTROLS,CLEAR,DAYLIGHT,SIDESWIPE SAME DIRECTION,DRY,INJURY AND / OR TOW DUE TO CRASH,"OVER $1,500",UNABLE TO DETERMINE,3,INCAPACITATING INJURY,3.0,0.0,2.0,14,6,8,41.98149213,-87.65223108,"['08/19/2022', '02:52:00', 'PM']"
36ca5bcea6242155ca197151d4f1a16d56c75599c16ea3d0753b9bd3291d1d6203cac1760d0aa2e747fb68798bc53fbafc860b1200b64791839697f11f563dae,2022-08-18 23:50:00,Thursday,30,NO CONTROLS,CLEAR,"DARKNESS, LIGHTED ROAD",FIXED OBJECT,DRY,INJURY AND / OR TOW DUE TO CRASH,"OVER $1,500",UNABLE TO DETERMINE,1,INCAPACITATING INJURY,1.0,0.0,1.0,23,5,8,41.88573629,-87.73253952,"['08/18/2022', '11:50:00', 'PM']"
90d883bfa730eed08d47f33ad67d43d7e8233be10a099a5f3cbee4aa9f47003b1aa5a0a6930d00ba39a2a7347ddbaf91ebd7671dc7bffc3ce0ac86a2ef5f19a4,2022-08-18 20:15:00,Thursday,35,NO CONTROLS,CLEAR,"DARKNESS, LIGHTED ROAD",REAR END,DRY,INJURY AND / OR TOW DUE TO CRASH,"OVER $1,500",FOLLOWING TOO CLOSELY,2,INCAPACITATING INJURY,1.0,0.0,1.0,20,5,8,41.96798561,-87.74152641,"['08/18/2022', '08:15:00', 'PM']"
ef1d81aba37ba604f62042d44623eddfa1683a7aaea790de89d98d95b16f0bf59f4a3590a6d610e9377905406ce3626ddb4c9bedcfe9725aac9484733866650b,2022-08-18 19:10:00,Thursday,30,TRAFFIC SIGNAL,CLEAR,DAYLIGHT,PEDESTRIAN,DRY,INJURY AND / OR TOW DUE TO CRASH,"OVER $1,500",FAILING TO YIELD RIGHT-OF-WAY,2,INCAPACITATING INJURY,1.0,0.0,1.0,19,5,8,41.77922317,-87.69354081,"['08/18/2022', '07:10:00', 'PM']"
a9a49a7965992eed832c379ca0a4ec4291604031b0579a8da606bbb8dc21a25b38e208e99ccc428f1e05be9ec008f3af7d2eaf7010490ee72f3de52496774a54,2022-08-18 18:01:00,Thursday,30,NO CONTROLS,CLEAR,DAYLIGHT,PEDALCYCLIST,DRY,INJURY AND / OR TOW DUE TO CRASH,$500 OR LESS,"VISION OBSCURED (SIGNS, TREE LIMBS, BUILDINGS, ETC.)",2,INCAPACITATING INJURY,1.0,0.0,1.0,18,5,8,41.99809836,-87.67525337,"['08/18/2022', '06:01:00', 'PM']"
31e17c5c88264b6314bd40adb5c56bba33948a790e2f87af5f958c14e09edbc5f37407dbfa48fcea97807c7ab370f03502881e92ed890f917695d4d2310f6a3c,2022-08-18 16:16:00,Thursday,40,TRAFFIC SIGNAL,CLEAR,DAYLIGHT,PEDESTRIAN,DRY,INJURY AND / OR TOW DUE TO CRASH,"$501 - $1,500",NOT APPLICABLE,2,INCAPACITATING INJURY,1.0,0.0,1.0,16,5,8,41.87575626,-87.61751568,"['08/18/2022', '04:16:00', 'PM']"
8791d67e07a7464f396ee6d6e6193d38a1b3e676db44c41ebd363a550b1ef71dccebce0ca43dc9fdda3b8180b71e0d1c170383a73a8247eebe5d9656d264f479,2022-08-18 02:23:00,Thursday,30,NO CONTROLS,CLEAR,DARKNESS,REAR END,DRY,INJURY AND / OR TOW DUE TO CRASH,"OVER $1,500",UNABLE TO DETERMINE,2,INCAPACITATING INJURY,1.0,0.0,1.0,2,5,8,41.77869324,-87.72892689,"['08/18/2022', '02:23:00', 'AM']"
2b0f11334ef98a06a31ad4eae1ce4664ae7c5e45c8110a33cac610bca5339ad034403dc62f9b7aba62a75cddb2383c5107e5308edfa23cada3d420e304ba9718,2022-08-18 01:35:00,Thursday,30,NO CONTROLS,CLEAR,"DARKNESS, LIGHTED ROAD",PEDESTRIAN,DRY,INJURY AND / OR TOW DUE TO CRASH,$500 OR LESS,UNABLE TO DETERMINE,2,INCAPACITATING INJURY,2.0,0.0,1.0,1,5,8,41.75174817,-87.57348473,"['08/18/2022', '01:35:00', 'AM']"
546a9f8d8941d64e162d9cf4a976ab60924f3ea71e6e394ef17c1775ee718ef4432e41780e249ded657bd882956e7cdec698fd078591fc48fe0d29696394408e,2022-08-17 18:37:00,Wednesday,30,TRAFFIC SIGNAL,CLEAR,DAYLIGHT,ANGLE,DRY,INJURY AND / OR TOW DUE TO CRASH,"OVER $1,500",IMPROPER OVERTAKING/PASSING,2,INCAPACITATING INJURY,1.0,0.0,1.0,18,4,8,41.6854327,-87.62278722,"['08/17/2022', '06:37:00', 'PM']"
ab9d6dcc78877e839e071264bf6498502a02bfc1e23ea940e1311a04f894a5ce961ecb74e30650aecf2d025fe0a26ae1bc9cac7af9f8b5e000092c6b158f1bf4,2022-08-17 18:22:00,Wednesday,30,NO CONTROLS,CLEAR,DAYLIGHT,PEDALCYCLIST,DRY,INJURY AND / OR TOW DUE TO CRASH,$500 OR LESS,UNABLE TO DETERMINE,2,INCAPACITATING INJURY,1.0,0.0,1.0,18,4,8,41.97321042,-87.67917098,"['08/17/2022', '06:22:00', 'PM']"
9f91ef12f961df8db018d7a9397de549f096c95ec12920178d40d4d24f69890faa326231f67d944fcb2db9ad30e77359ec9b61a62a5c9216ba12894ef86e99a9,2022-08-17 14:39:00,Wednesday,30,TRAFFIC SIGNAL,CLEAR,DAYLIGHT,TURNING,DRY,INJURY AND / OR TOW DUE TO CRASH,"OVER $1,500",DISREGARDING TRAFFIC SIGNALS,2,INCAPACITATING INJURY,1.0,0.0,1.0,14,4,8,41.76485938,-87.66394018,"['08/17/2022', '02:39:00', 'PM']"
e8f900fe6e3c7c95e6c99eb133268ecdfb7b9a1465d7f4e6985bb8c0485dad3c15bda5a62bf1b3aefa0c51b20a07b131d0f746c4953c16e3c00a0a1d0eb65cb8,2022-08-17 12:00:00,Wednesday,35,TRAFFIC SIGNAL,CLEAR,DAYLIGHT,ANGLE,DRY,INJURY AND / OR TOW DUE TO CRASH,"OVER $1,500",PHYSICAL CONDITION OF DRIVER,4,INCAPACITATING INJURY,2.0,0.0,2.0,12,4,8,41.95196186,-87.83651776,"['08/17/2022', '12:00:00', 'PM']"
d7bbf2ccec6389d28ca5bbcd6d9631c204a44fddfd7a5fef17a7b0bd0b3246c56e54be948b19c01108ce82efbf4fed139dc6002c1b6b5d581aad4c6c907c3b07,2022-08-17 09:48:00,Wednesday,30,NO CONTROLS,CLEAR,DAYLIGHT,SIDESWIPE SAME DIRECTION,DRY,INJURY AND / OR TOW DUE TO CRASH,"OVER $1,500",UNABLE TO DETERMINE,2,INCAPACITATING INJURY,3.0,0.0,2.0,9,4,8,41.90271858,-87.76703617,"['08/17/2022', '09:48:00', 'AM']"
bd9d485fceef14b2f1428d8fc29c176ee593635af46fcb5721a39cc66f44060787aa5ae5c9faa00319f2a962ecaadcb16340f50ccff4fe66e4fb2eb3c4a8a602,2022-08-16 19:57:00,Tuesday,40,NO CONTROLS,CLEAR,"DARKNESS, LIGHTED ROAD",PEDESTRIAN,DRY,INJURY AND / OR TOW DUE TO CRASH,"OVER $1,500",UNABLE TO DETERMINE,2,INCAPACITATING INJURY,1.0,0.0,1.0,19,3,8,41.94677797,-87.64254095,"['08/16/2022', '07:57:00', 'PM']"
dc4db506591213e9abe3626ba15ba903edc6a1b6dcc13844681a25c1db6392cb1ae5cf5bc36e46b2c8fdc78297fab1b623c2b06aa21598872a84832e5a903cf1,2022-08-16 18:38:00,Tuesday,30,TRAFFIC SIGNAL,CLEAR,DAYLIGHT,PEDALCYCLIST,DRY,INJURY AND / OR TOW DUE TO CRASH,"OVER $1,500",UNABLE TO DETERMINE,2,INCAPACITATING INJURY,1.0,0.0,1.0,18,3,8,42.00512357,-87.70918793,"['08/16/2022', '06:38:00', 'PM']"
e46a7e3969115bdf59da553ec4fb8af3e6a17138a9c5a9fe99e12fc14ceaab5bdae0f42642c852c5a95d896744b154da36be18e6cc4d2e2d39ec3af15ee79e6d,2022-08-16 17:13:00,Tuesday,25,STOP SIGN/FLASHER,CLEAR,DAYLIGHT,PEDALCYCLIST,DRY,INJURY AND / OR TOW DUE TO CRASH,"OVER $1,500",DRIVING SKILLS/KNOWLEDGE/EXPERIENCE,2,INCAPACITATING INJURY,1.0,0.0,1.0,17,3,8,41.79805376,-87.76749055,"['08/16/2022', '05:13:00', 'PM']"
626392f33bf158fb9c4d1e55469d14906815d1683da97a406b4196aa44e921d69bf1929f646faeebcbf53ce4cacd091cec572fac3d936f9f4a54b91bc4668c7a,2022-08-16 17:00:00,Tuesday,30,NO CONTROLS,CLEAR,DAYLIGHT,TURNING,DRY,INJURY AND / OR TOW DUE TO CRASH,"OVER $1,500",DISREGARDING OTHER TRAFFIC SIGNS,2,INCAPACITATING INJURY,1.0,0.0,1.0,17,3,8,41.98099963,-87.83765708,"['08/16/2022', '05:00:00', 'PM']"
8f4e803aff0a7c536bb801c2155fb5608767ca65424561ba17f182eda5303ac1b699dafd2b03720e453c03009c711cc852cd890af9ddb77fde083341748ca885,2022-08-16 12:43:00,Tuesday,25,NO CONTROLS,CLEAR,DAYLIGHT,OTHER OBJECT,DRY,INJURY AND / OR TOW DUE TO CRASH,"OVER $1,500",PHYSICAL CONDITION OF DRIVER,1,INCAPACITATING INJURY,1.0,0.0,1.0,12,3,8,41.89544423,-87.70649295,"['08/16/2022', '12:43:00', 'PM']"
520a96a673db20d514fed6fb6a04bd1fcd7309e0687dd0300361ba92b9bb430583c2c34e0b227514127617dccd9ac17b14352e3d5376358bfc03c6a22afe0328,2022-08-16 12:34:00,Tuesday,35,TRAFFIC SIGNAL,CLEAR,DAYLIGHT,SIDESWIPE SAME DIRECTION,DRY,INJURY AND / OR TOW DUE TO CRASH,"OVER $1,500",FAILING TO REDUCE SPEED TO AVOID CRASH,4,INCAPACITATING INJURY,3.0,0.0,1.0,12,3,8,41.90949307,-87.76528808,"['08/16/2022', '12:34:00', 'PM']"
f1b691f0f97817ffc4d01718d8a289346b2fb3841c57f5eab14728baf56858a475e7df0f46abb9125432c192e8038f7dfec6db5fd2e0d92b3f1facad05d52d9f,2022-08-15 21:04:00,Monday,30,TRAFFIC SIGNAL,CLEAR,DARKNESS,FIXED OBJECT,DRY,INJURY AND / OR TOW DUE TO CRASH,"OVER $1,500",DRIVING SKILLS/KNOWLEDGE/EXPERIENCE,2,INCAPACITATING INJURY,2.0,0.0,2.0,21,2,8,41.78020471,-87.62051736,"['08/15/2022', '09:04:00', 'PM']"
7abcd90e43de2c3844d2ec6428e78a848f4129c0e91a2cd7d6468b4a5596eea5aaee7669f0cded4fada62ddb98cad08f1214c178b55126068b65f10b09aacebe,2022-08-15 19:00:00,Monday,30,NO CONTROLS,UNKNOWN,UNKNOWN,ANGLE,UNKNOWN,INJURY AND / OR TOW DUE TO CRASH,"OVER $1,500",FAILING TO YIELD RIGHT-OF-WAY,2,INCAPACITATING INJURY,1.0,0.0,1.0,19,2,8,41.75119434,-87.60536733,"['08/15/2022', '07:00:00', 'PM']"
85e410a5f2d652776bd44d831a20a634cf0ad7c0f2009ea0c39860ccc7da0135d821a4661300777d0fd76f869aaf51a1182fd1f0efbfbc9bac1eb1887968c1d7,2022-08-15 17:55:00,Monday,30,NO CONTROLS,CLEAR,DAYLIGHT,TURNING,DRY,INJURY AND / OR TOW DUE TO CRASH,"OVER $1,500",IMPROPER TURNING/NO SIGNAL,2,INCAPACITATING INJURY,1.0,0.0,1.0,17,2,8,41.840457,-87.64618977,"['08/15/2022', '05:55:00', 'PM']"
d2466c2a281f0cdf3b94f1561710743d6717e4e90c7d136dbf101aa9d25c57d9530777c4aaf21643b77ab3c3a38265b9f46e667e9adf67121edf4010215e76ee,2022-08-15 12:00:00,Monday,30,TRAFFIC SIGNAL,CLEAR,DAYLIGHT,REAR END,UNKNOWN,INJURY AND / OR TOW DUE TO CRASH,"OVER $1,500","OPERATING VEHICLE IN ERRATIC, RECKLESS, CARELESS, NEGLIGENT OR AGGRESSIVE MANNER",3,INCAPACITATING INJURY,1.0,0.0,1.0,12,2,8,41.90378959,-87.63982077,"['08/15/2022', '12:00:00', 'PM']"
ede5f8d2807de26f0df5a7c921ba206b67200e6896190a14e041ab858f35a7318419d9156db1ac09e65f8af93e27dc43b27fd114618e364effe8cbe5d37f0c74,2022-08-14 19:02:00,Sunday,30,NO CONTROLS,CLEAR,DAYLIGHT,TURNING,DRY,INJURY AND / OR TOW DUE TO CRASH,"OVER $1,500",UNABLE TO DETERMINE,2,INCAPACITATING INJURY,2.0,0.0,1.0,19,1,8,41.75563271,-87.67100477,"['08/14/2022', '07:02:00', 'PM']"
2794f7edc41604b83cd348e464603b77170008f9fc86f104323adba566c0d3d57eb4808dc3d15a036385bb2c2f379808fdb798738bffe87faf92db229bcceefa,2022-08-14 16:15:00,Sunday,30,STOP SIGN/FLASHER,CLEAR,DAYLIGHT,TURNING,DRY,INJURY AND / OR TOW DUE TO CRASH,"OVER $1,500",FAILING TO YIELD RIGHT-OF-WAY,2,INCAPACITATING INJURY,1.0,0.0,1.0,16,1,8,41.82310933,-87.68415728,"['08/14/2022', '04:15:00', 'PM']"
a3566a7a44910f5f9bf12b5b0787add59c64698ed589395cd1a219865c7eb61d7dada0a52979a78e94ac22d8cdfb27d5051c8dbf0194f2af2ec2bbc9a061718e,2022-08-14 05:36:00,Sunday,30,NO CONTROLS,CLEAR,DAYLIGHT,FIXED OBJECT,DRY,INJURY AND / OR TOW DUE TO CRASH,"OVER $1,500",NOT APPLICABLE,1,INCAPACITATING INJURY,1.0,0.0,1.0,5,1,8,41.85992087,-87.72513253,"['08/14/2022', '05:36:00', 'AM']"
f587687869863fd69783e7d82269ec9a242616a8692da7d8019430349bebaff7ea3634461390268c166af40e6d0e76bfc0f9e16c8ebb6dfdde44054bf42a9d8f,2022-08-14 05:00:00,Sunday,30,NO CONTROLS,CLEAR,DARKNESS,PEDESTRIAN,DRY,INJURY AND / OR TOW DUE TO CRASH,"OVER $1,500","OPERATING VEHICLE IN ERRATIC, RECKLESS, CARELESS, NEGLIGENT OR AGGRESSIVE MANNER",5,FATAL,4.0,3.0,0.0,5,1,8,41.76681807,-87.57617083,"['08/14/2022', '05:00:00', 'AM']"
fa67e50a9bb0724f0abebf270b2be1013ba62fac0defa0463cb06c705b6be42e7ecb0abaa51ba24bd00917de7eb64874a6856a6056701959522e0b92caeff859,2022-08-14 02:41:00,Sunday,30,TRAFFIC SIGNAL,CLEAR,"DARKNESS, LIGHTED ROAD",TURNING,DRY,INJURY AND / OR TOW DUE TO CRASH,"OVER $1,500",EQUIPMENT - VEHICLE CONDITION,2,INCAPACITATING INJURY,2.0,0.0,1.0,2,1,8,41.88038672,-87.74539738,"['08/14/2022', '02:41:00', 'AM']"
29abb97005a06548c9313198f2020c1f9fd1680ca71542758aea3e64d597996ec14d36947524184d903af87606cdd45a07317350afe5b2fd1f7c991f20065d69,2022-08-14 00:54:00,Sunday,30,NO CONTROLS,CLEAR,DARKNESS,TURNING,DRY,INJURY AND / OR TOW DUE TO CRASH,"$501 - $1,500",UNABLE TO DETERMINE,2,INCAPACITATING INJURY,1.0,0.0,1.0,0,1,8,41.78639483,-87.70097597,"['08/14/2022', '12:54:00', 'AM']"
07d205a22ed3b2bbc33c8268be0db86dea1cb6253fec57e1c8ea80f76e8e98f8e585d3be9d0c720c401fcbebef3eb149286ab0674a48d315d10ba80079a33a32,2022-08-13 21:40:00,Saturday,30,NO CONTROLS,CLEAR,"DARKNESS, LIGHTED ROAD",PEDESTRIAN,DRY,INJURY AND / OR TOW DUE TO CRASH,$500 OR LESS,UNABLE TO DETERMINE,2,INCAPACITATING INJURY,1.0,0.0,1.0,21,7,8,41.69143432,-87.70256424,"['08/13/2022', '09:40:00', 'PM']"
3236a20fdb854b3ad2270aed863ca1a517f166bc30322cc721b74144d3849a59ea2c375cc6111f038440082ceca6b19c3cd709058bb3fd18909396cf8facfe7c,2022-08-13 21:31:00,Saturday,30,STOP SIGN/FLASHER,CLEAR,DARKNESS,TURNING,DRY,INJURY AND / OR TOW DUE TO CRASH,"OVER $1,500",FAILING TO YIELD RIGHT-OF-WAY,2,INCAPACITATING INJURY,1.0,0.0,1.0,21,7,8,41.82353129,-87.63338115,"['08/13/2022', '09:31:00', 'PM']"
d8548b667f146944f6aafcc8ed779998a39be1616b82e5a7136d28289eb1f0eaa3d8216d734f4438d5cf5fb00366892dfc3a44844ece9b7f03052dd4b51d091e,2022-08-13 21:25:00,Saturday,25,STOP SIGN/FLASHER,CLEAR,DARKNESS,PEDALCYCLIST,DRY,INJURY AND / OR TOW DUE TO CRASH,"$501 - $1,500",DISREGARDING STOP SIGN,2,INCAPACITATING INJURY,1.0,0.0,1.0,21,7,8,41.99415225,-87.6923603,"['08/13/2022', '09:25:00', 'PM']"
de7b6e4663051d6ae65b98b92932c9772c455809cb09cd3dc5d05342ff3e600cad13ac31ba15a71ff4015cae3eb362da6237b070b0ff97d9f318fb6d49114f85,2022-08-13 18:13:00,Saturday,30,TRAFFIC SIGNAL,CLEAR,DAYLIGHT,PEDESTRIAN,DRY,INJURY AND / OR TOW DUE TO CRASH,"OVER $1,500",FAILING TO YIELD RIGHT-OF-WAY,2,INCAPACITATING INJURY,1.0,0.0,1.0,18,7,8,41.95437933,-87.66919912,"['08/13/2022', '06:13:00', 'PM']"
36f262df401ccaf7619432628262b59c506ab64efa23d5680568b27f8f51a7f074c612c8d19f56591f5258e0ab2f448ff9ec17a97c61f9f48d4557a93049f2a7,2022-08-13 00:30:00,Saturday,35,NO CONTROLS,CLEAR,"DARKNESS, LIGHTED ROAD",ANGLE,DRY,INJURY AND / OR TOW DUE TO CRASH,"OVER $1,500",FAILING TO REDUCE SPEED TO AVOID CRASH,2,INCAPACITATING INJURY,3.0,0.0,1.0,0,7,8,41.95407145,-87.70074524,"['08/13/2022', '12:30:00', 'AM']"
1c289ef47d86a8ec5bbf592bfe4e46bdf835dc02d3e668c2a681a6897edcf14d517448181210c73f84c1faa45d4cb0d1bc85398d1cfde30689990399d8806c9d,2022-08-12 22:38:00,Friday,30,NO CONTROLS,CLEAR,DARKNESS,FIXED OBJECT,DRY,INJURY AND / OR TOW DUE TO CRASH,"OVER $1,500",UNABLE TO DETERMINE,1,INCAPACITATING INJURY,1.0,0.0,1.0,22,6,8,41.7216333,-87.63842417,"['08/12/2022', '10:38:00', 'PM']"
e9ed27490cfed7071a11a8b9c0475c4822f322db4a0ace007aa8fddb0ad1363229e6f0e06a346fcd7bac8ca0f801f14b19b40563dcd63f1ac8e3ae33a29f3b3f,2022-08-12 22:30:00,Friday,45,NO CONTROLS,CLEAR,"DARKNESS, LIGHTED ROAD",REAR END,DRY,INJURY AND / OR TOW DUE TO CRASH,"OVER $1,500",FOLLOWING TOO CLOSELY,2,INCAPACITATING INJURY,1.0,0.0,1.0,22,6,8,41.79981031,-87.58116412,"['08/12/2022', '10:30:00', 'PM']"
55046591a55153b3635f144c0e7d16fd517d923f85f0c1f14a1f8350c19ceb1b3e8c41108355481492df8c0d2f03dc5147600e6a94cc131051f991d15b2fbc04,2022-08-12 21:40:00,Friday,30,NO CONTROLS,CLEAR,"DARKNESS, LIGHTED ROAD",HEAD ON,DRY,INJURY AND / OR TOW DUE TO CRASH,"OVER $1,500",UNABLE TO DETERMINE,2,INCAPACITATING INJURY,2.0,0.0,2.0,21,6,8,41.74479392,-87.71011367,"['08/12/2022', '09:40:00', 'PM']"
763e4d1973a3c17404302ff3ed6ac2429443658febeeeb4e1d786fbe230e19304394d6dd3270be91069d2f11ee5b7196afeed852da2af3578e94a554169332e6,2022-08-12 21:11:00,Friday,30,NO CONTROLS,CLEAR,"DARKNESS, LIGHTED ROAD",TURNING,DRY,INJURY AND / OR TOW DUE TO CRASH,"OVER $1,500",FAILING TO REDUCE SPEED TO AVOID CRASH,2,INCAPACITATING INJURY,1.0,0.0,1.0,21,6,8,41.92510226,-87.68053346,"['08/12/2022', '09:11:00', 'PM']"
476e6c9b2935378de9a2ffe93cbade719a144492a3999ef4fb7ef2c3d1d63fc18440e4c0418c0214ac1f1dfffcc29e31a8e7e1ddda5d0a0ea98873062682799a,2022-08-12 20:49:00,Friday,15,NO CONTROLS,CLEAR,DARKNESS,FIXED OBJECT,DRY,INJURY AND / OR TOW DUE TO CRASH,"OVER $1,500",UNABLE TO DETERMINE,1,FATAL,1.0,1.0,0.0,20,6,8,41.90857828,-87.7266227,"['08/12/2022', '08:49:00', 'PM']"
d46e3ae2660e5fe4cd25d6f6b6b47530e5e358a5fbb61f92aa43a00ecc4b91c0c4ddfb63d43fc323e25a183ce77bf6b4a839ead37b652001d0d9399143a87cf9,2022-08-12 14:30:00,Friday,25,NO CONTROLS,CLEAR,DAYLIGHT,PEDESTRIAN,DRY,INJURY AND / OR TOW DUE TO CRASH,"OVER $1,500",UNABLE TO DETERMINE,2,INCAPACITATING INJURY,1.0,0.0,1.0,14,6,8,41.68647252,-87.60934434,"['08/12/2022', '02:30:00', 'PM']"
5c895171ab90f5b05f288761947a534020892f534c2821661c2824786afb77389f97707cff8af11e0f9085ef8e4ea55952fe1367941edb15e250507417773e20,2022-08-12 13:40:00,Friday,30,TRAFFIC SIGNAL,CLEAR,DAYLIGHT,ANGLE,DRY,INJURY AND / OR TOW DUE TO CRASH,$500 OR LESS,DISREGARDING TRAFFIC SIGNALS,2,INCAPACITATING INJURY,1.0,0.0,1.0,13,6,8,41.72814389,-87.6821399,"['08/12/2022', '01:40:00', 'PM']"
f01742f0b3e5c39fb0c98bc378591c6a51b59b4e86a308953b9de23bd425999700df5e9cf1bfbe0ced72849b4e9db2a198518c481e63e9cb84792f4ee4e3e569,2022-08-11 22:41:00,Thursday,40,NO CONTROLS,CLEAR,"DARKNESS, LIGHTED ROAD",SIDESWIPE SAME DIRECTION,DRY,INJURY AND / OR TOW DUE TO CRASH,"$501 - $1,500",FAILING TO REDUCE SPEED TO AVOID CRASH,2,INCAPACITATING INJURY,1.0,0.0,1.0,22,5,8,41.98555677,-87.65336148,"['08/11/2022', '10:41:00', 'PM']"
2a074cb03f93fe5510bb43420e657819cc2ac1a1a6e55b5e3484ea4ebb648614d709190de2e0241999df704401a0b13b944a17e1709c62ceb94a3b55cb6b2ec7,2022-08-11 22:25:00,Thursday,30,NO CONTROLS,CLEAR,"DARKNESS, LIGHTED ROAD",REAR END,DRY,INJURY AND / OR TOW DUE TO CRASH,"OVER $1,500",UNABLE TO DETERMINE,4,INCAPACITATING INJURY,2.0,0.0,1.0,22,5,8,41.65908844,-87.57244259,"['08/11/2022', '10:25:00', 'PM']"
cf50f971f739f2eaecaeadc75d87924769e3c4364e6988126b08b546aad95e1d02436fee1b1415064e32832efe9ccffa44153639d88f4df7c13f2c3c4ef6f8cb,2022-08-11 18:11:00,Thursday,30,NO CONTROLS,CLEAR,DAYLIGHT,PEDESTRIAN,DRY,INJURY AND / OR TOW DUE TO CRASH,$500 OR LESS,UNABLE TO DETERMINE,2,INCAPACITATING INJURY,1.0,0.0,1.0,18,5,8,41.6988549,-87.62075318,"['08/11/2022', '06:11:00', 'PM']"
dd6896dab677dbb385c27c1c74d5ca40718c959cabddf0a0e9e538391e14686b342955d732d02f93a85a4dc635f187f1cab382c7bd690429459c6c0384a35cdc,2022-08-11 10:43:00,Thursday,30,NO CONTROLS,CLEAR,DAYLIGHT,PEDALCYCLIST,DRY,INJURY AND / OR TOW DUE TO CRASH,"$501 - $1,500",FAILING TO YIELD RIGHT-OF-WAY,2,INCAPACITATING INJURY,1.0,0.0,1.0,10,5,8,42.00322881,-87.81709232,"['08/11/2022', '10:43:00', 'AM']"
eadf08fec582e155f3dc5fcd571603914205cf4b003fdfac4aa2508b8077e631a1f6c3982d92c04501ef5359482bb8c6d199430c5e3cdd87c027fb5d11039172,2022-08-11 09:00:00,Thursday,30,NO CONTROLS,CLEAR,DAYLIGHT,PEDESTRIAN,DRY,INJURY AND / OR TOW DUE TO CRASH,$500 OR LESS,IMPROPER BACKING,2,INCAPACITATING INJURY,1.0,0.0,1.0,9,5,8,41.7689675,-87.64333376,"['08/11/2022', '09:00:00', 'AM']"
a088ede07c97519f57ad399a2f90096ee2fb75abf172f4b9d9a8599508d510dfd09066c2783e91606b8cee514b63b32c66d8c02636b1abc46ecde9d7292f3a40,2022-08-11 07:33:00,Thursday,30,TRAFFIC SIGNAL,CLEAR,DAYLIGHT,TURNING,DRY,INJURY AND / OR TOW DUE TO CRASH,"OVER $1,500",FAILING TO YIELD RIGHT-OF-WAY,2,INCAPACITATING INJURY,2.0,0.0,1.0,7,5,8,41.80908244,-87.63103087,"['08/11/2022', '07:33:00', 'AM']"
4093998a0b9850eb00ab53210011b2948ed0be4cafc0cee1657211b0d477b74262c8859b645acfc9e130903ab9e87670f00b92d512881dc6d2b19bafad24a615,2022-08-11 06:20:00,Thursday,30,NO CONTROLS,CLEAR,DAYLIGHT,PEDALCYCLIST,DRY,INJURY AND / OR TOW DUE TO CRASH,"OVER $1,500",UNABLE TO DETERMINE,2,FATAL,1.0,1.0,0.0,6,5,8,41.71589022,-87.53633845,"['08/11/2022', '06:20:00', 'AM']"
efee799b71ba419eab3827b4b69665bf969dc980ad0b139e488512a8ad298e47f7da0e4805874e4a390aca63878d2d9d711410ac14acf4d628ca8bff94319ca7,2022-08-11 02:41:00,Thursday,30,NO CONTROLS,CLEAR,"DARKNESS, LIGHTED ROAD",PEDESTRIAN,DRY,INJURY AND / OR TOW DUE TO CRASH,"OVER $1,500",UNABLE TO DETERMINE,2,INCAPACITATING INJURY,1.0,0.0,1.0,2,5,8,41.82620568,-87.68449332,"['08/11/2022', '02:41:00', 'AM']"