CRASH_RECORD_ID,CRASH_DATE,Weekday,POSTED_SPEED_LIMIT,TRAFFIC_CONTROL_DEVICE,WEATHER_CONDITION,LIGHTING_CONDITION,FIRST_CRASH_TYPE,ROADWAY_SURFACE_COND,CRASH_TYPE,DAMAGE,PRIM_CONTRIBUTORY_CAUSE,NUM_UNITS,MOST_SEVERE_INJURY,INJURIES_TOTAL,INJURIES_FATAL,INJURIES_INCAPACITATING,CRASH_HOUR,CRASH_DAY_OF_WEEK,CRASH_MONTH,LATITUDE,LONGITUDE,CRASH_TIME
fe78c3bc0e9ca0741c48fefa735996f41163f4f48ce2ded223ca5e51aaf2f103ee816e4ea40cf761471c1d287105e38689fae05adc3f31a2592de453b0c46774,2022-08-10 22:40:00,Wednesday,30,NO CONTROLS,CLEAR,"DARKNESS, LIGHTED ROAD",PEDESTRIAN,DRY,INJURY AND / OR TOW DUE TO CRASH,"OVER $1,500",UNABLE TO DETERMINE,2,INCAPACITATING INJURY,1.0,0.0,1.0,22,4,8,41.8900733,-87.64746235,"['08/10/2022', '10:40:00', 'PM']"
77b13bd0475e38a083346a7231a4442bd92bd0e8f5e00739e7084e2b3d24944bf64747375d6e960de56ea6da30cb6f15496497c910457611457bcc6e382f6cfa,2022-08-10 21:30:00,Wednesday,30,STOP SIGN/FLASHER,CLEAR,"DARKNESS, LIGHTED ROAD",TURNING,DRY,INJURY AND / OR TOW DUE TO CRASH,"OVER $1,500",UNABLE TO DETERMINE,2,INCAPACITATING INJURY,1.0,0.0,1.0,21,4,8,41.77189654,-87.6957126,"['08/10/2022', '09:30:00', 'PM']"
6a82e0ef10b056b96add8d5c10c341cd7e754a4d00a7ada1798d89ab4735f8a73648b1dc2bc8edb818137ea8c00bc7d092766370e8377417d5611df3ce91995f,2022-08-10 21:05:00,Wednesday,35,NO CONTROLS,CLEAR,"DARKNESS, LIGHTED ROAD",PEDESTRIAN,DRY,INJURY AND / OR TOW DUE TO CRASH,"OVER $1,500",NOT APPLICABLE,3,INCAPACITATING INJURY,1.0,0.0,1.0,21,4,8,41.99616329,-87.74819308,"['08/10/2022', '09:05:00', 'PM']"
266fc11f8f312da93bb26d26a158c78ddc76fb876a3bd608717191c5b5231af3fa7bb129116660026bdb81fea23207d2b69c82783981565a7d8c7a3491f7bed1,2022-08-10 19:41:00,Wednesday,30,TRAFFIC SIGNAL,CLEAR,DAYLIGHT,ANGLE,DRY,INJURY AND / OR TOW DUE TO CRASH,"OVER $1,500",DISREGARDING OTHER TRAFFIC SIGNS,2,INCAPACITATING INJURY,2.0,0.0,1.0,19,4,8,41.88245451,-87.66937171,"['08/10/2022', '07:41:00', 'PM']"
934f05f3cfd3f5c177326ec9f19ad270887c37896d906fe0e6c7622554ac995c6ead9fdac408f0348d631c0b3eb6ecd1b0ffdf59df382176314d853c8891b227,2022-08-09 15:55:00,Tuesday,30,STOP SIGN/FLASHER,CLEAR,DAYLIGHT,SIDESWIPE SAME DIRECTION,DRY,INJURY AND / OR TOW DUE TO CRASH,"OVER $1,500",DISREGARDING STOP SIGN,3,INCAPACITATING INJURY,1.0,0.0,1.0,15,3,8,41.87904505,-87.66447512,"['08/09/2022', '03:55:00', 'PM']"
107010ac6b854067d410fee06ed42dbc7c2790fccf88c0f36ecb137436c5c52187b6801b2aa46ab274509546894dcc09163cf37089aeaf7823761cb6b0cf87f6,2022-08-09 15:50:00,Tuesday,30,NO CONTROLS,CLEAR,DAYLIGHT,TURNING,UNKNOWN,INJURY AND / OR TOW DUE TO CRASH,"OVER $1,500",FAILING TO YIELD RIGHT-OF-WAY,2,FATAL,1.0,1.0,0.0,15,3,8,41.79750716,-87.74999404,"['08/09/2022', '03:50:00', 'PM']"
2c0ff44aa4a239bc63282a99a4283bcbec0b33bb2d64e3de2e5bee0eb6f45e336006d80e5bb5731a833e2ca73db041850f8d5fafee6319a15589c96f1ecc6c74,2022-08-09 14:30:00,Tuesday,30,STOP SIGN/FLASHER,CLEAR,DAYLIGHT,PEDESTRIAN,DRY,INJURY AND / OR TOW DUE TO CRASH,"OVER $1,500",UNABLE TO DETERMINE,2,INCAPACITATING INJURY,1.0,0.0,1.0,14,3,8,41.91519578,-87.65527823,"['08/09/2022', '02:30:00', 'PM']"
5055cdadbdc18bef7ada96d776e8d0f9329f2263ac7315f0c9ea9a29175b3925ddd6ba96a417c82d6773850c7c9f2320195e2c8f830f3180950cee16dae10d57,2022-08-09 14:22:00,Tuesday,30,NO CONTROLS,CLEAR,DAYLIGHT,REAR END,DRY,INJURY AND / OR TOW DUE TO CRASH,"OVER $1,500",FOLLOWING TOO CLOSELY,3,INCAPACITATING INJURY,1.0,0.0,1.0,14,3,8,41.90744215,-87.72659414,"['08/09/2022', '02:22:00', 'PM']"
321bc870aa415a6c70a9826c1678e5cfd4645b2e6d0bd987311c384ee6218f70d2e8f1f4603d216e1c4e6d7867368ac08d0712ce21dc7e5af77168a03b821c8c,2022-08-09 13:24:00,Tuesday,35,NO CONTROLS,CLEAR,DAYLIGHT,REAR END,DRY,INJURY AND / OR TOW DUE TO CRASH,"OVER $1,500",UNABLE TO DETERMINE,2,INCAPACITATING INJURY,2.0,0.0,1.0,13,3,8,41.96224515,-87.83684084,"['08/09/2022', '01:24:00', 'PM']"
74be11802468b06118bc80d2df5f0917f13b18edcfa08696d1dd0f4baa924c9f123d3746b4487068197fc6ac84ac689c7b435503387826753d5e0b928701e094,2022-08-09 12:21:00,Tuesday,20,NO CONTROLS,CLEAR,DAYLIGHT,REAR END,DRY,INJURY AND / OR TOW DUE TO CRASH,"OVER $1,500",UNABLE TO DETERMINE,2,INCAPACITATING INJURY,3.0,0.0,2.0,12,3,8,41.93195503,-87.67755209,"['08/09/2022', '12:21:00', 'PM']"
9366afe9e4fc6f9a971a74f7f56f934977823bb285c2ca93bc2f6d45562e677f34d53b46d06164de2ced35f15e3a538afcca9ae1c4ea4424bda3fa587672711f,2022-08-09 03:20:00,Tuesday,30,NO CONTROLS,CLEAR,"DARKNESS, LIGHTED ROAD",PEDESTRIAN,DRY,INJURY AND / OR TOW DUE TO CRASH,$500 OR LESS,NOT APPLICABLE,2,INCAPACITATING INJURY,1.0,0.0,1.0,3,3,8,41.76468344,-87.6247422,"['08/09/2022', '03:20:00', 'AM']"
883baed715e2a83e87c9e07dad790f184d100b364832135aa9116e65878c3d4fdb8906052594f6104b605184c6d013a596b97a47a4270535fdc2741a14c6be47,2022-08-08 19:00:00,Monday,30,NO CONTROLS,CLEAR,DUSK,ANIMAL,DRY,INJURY AND / OR TOW DUE TO CRASH,"OVER $1,500",ANIMAL,2,INCAPACITATING INJURY,1.0,0.0,1.0,19,2,8,41.76021098,-87.61135896,"['08/08/2022', '07:00:00', 'PM']"
10c02ad83b1b241f057db7e3f4bebdb9a9a2798dc57db492612dc70b6b14871929edc20d6d1c4c5bb6ab9903d7e69e1de63fce49c87ebfc869cc62b47a29e04c,2022-08-08 17:22:00,Monday,30,TRAFFIC SIGNAL,CLEAR,DAYLIGHT,PEDESTRIAN,WET,INJURY AND / OR TOW DUE TO CRASH,$500 OR LESS,UNABLE TO DETERMINE,2,INCAPACITATING INJURY,1.0,0.0,1.0,17,2,8,41.87665607,-87.64734892,"['08/08/2022', '05:22:00', 'PM']"
bb745ed564c4d7b8166008f7f913cba0941920a23cd901655d50d310c8367ad54a0d84de99e24903f9ed6e01f845b656bd414c2c504bd787af22caa8f1d8b7e3,2022-08-08 12:50:00,Monday,30,TRAFFIC SIGNAL,OTHER,DAYLIGHT,ANGLE,WET,INJURY AND / OR TOW DUE TO CRASH,"OVER $1,500",UNABLE TO DETERMINE,2,INCAPACITATING INJURY,2.0,0.0,1.0,12,2,8,41.92861793,-87.69271961,"['08/08/2022', '12:50:00', 'PM']"
e7851067a42898e6c0e7f4009efbfe9694c9b19568f9e393dc6ecde3cf3d751f6a1563be14f33b99552f2e50fd6ef5bbb006b31ca539debc04b7d6ed93661e85,2022-08-08 12:10:00,Monday,30,NO CONTROLS,UNKNOWN,DAYLIGHT,REAR END,UNKNOWN,INJURY AND / OR TOW DUE TO CRASH,"$501 - $1,500",FOLLOWING TOO CLOSELY,2,INCAPACITATING INJURY,1.0,0.0,1.0,12,2,8,41.73615054,-87.62584234,"['08/08/2022', '12:10:00', 'PM']"
4691e96d3af94313044fe04a6f57e7715d8dab98d1d6855689a47adfc2940808781a6a7a6645a83034889db4da6f244eaf4d6da4591e2d3cbdce3b6d56c0796a,2022-08-08 10:15:00,Monday,35,NO CONTROLS,RAIN,DAYLIGHT,ANGLE,DRY,INJURY AND / OR TOW DUE TO CRASH,"$501 - $1,500",UNABLE TO DETERMINE,2,INCAPACITATING INJURY,2.0,0.0,2.0,10,2,8,41.95693135,-87.7236747,"['08/08/2022', '10:15:00', 'AM']"
2d55266961ce225c90a2a15104103a833b05babc741130e17707929bfc1fb8cf69b39fa92eb0237d76cd11720c0b101f6a99befb2f5f77b5c952397ed1b295f3,2022-08-08 00:05:00,Monday,30,NO CONTROLS,RAIN,"DARKNESS, LIGHTED ROAD",FIXED OBJECT,WET,INJURY AND / OR TOW DUE TO CRASH,"OVER $1,500",UNABLE TO DETERMINE,1,INCAPACITATING INJURY,1.0,0.0,1.0,0,2,8,41.93462042,-87.66862302,"['08/08/2022', '12:05:00', 'AM']"
d9ba5390fda6137c51dffcd212e3e40757789b48675f8d764853fb7a91936247b8e56e8074561c4dd13eacdb2fc5dcce30350dc075ae9b8ee892e2bbe019aebc,2022-08-07 11:00:00,Sunday,30,NO CONTROLS,RAIN,DAYLIGHT,SIDESWIPE SAME DIRECTION,WET,INJURY AND / OR TOW DUE TO CRASH,"OVER $1,500",FAILING TO YIELD RIGHT-OF-WAY,3,INCAPACITATING INJURY,5.0,0.0,1.0,11,1,8,41.72135473,-87.66011781,"['08/07/2022', '11:00:00', 'AM']"
f81e3661b862dfe6a301d3d832cbf58f5bb8fef5c6d6ec386bfa6a09aff426120e965e4fc421cdf84efb5eaa86711774b481edbe475ea530d075a944a2846e9d,2022-08-07 03:30:00,Sunday,30,NO CONTROLS,CLEAR,"DARKNESS, LIGHTED ROAD",SIDESWIPE SAME DIRECTION,DRY,INJURY AND / OR TOW DUE TO CRASH,"OVER $1,500",IMPROPER TURNING/NO SIGNAL,2,INCAPACITATING INJURY,2.0,0.0,1.0,3,1,8,41.86620604,-87.72532283,"['08/07/2022', '03:30:00', 'AM']"
2a04a62f3596568cb409220a687ed94ecaa757f9c8994a8d363f56fc9b66bc872749fb2129de9e728b7c91b962a415d0bde9e8f3e00ec513aa2bb194f70c0622,2022-08-07 01:30:00,Sunday,30,STOP SIGN/FLASHER,UNKNOWN,"DARKNESS, LIGHTED ROAD",ANGLE,UNKNOWN,INJURY AND / OR TOW DUE TO CRASH,"OVER $1,500",DISREGARDING STOP SIGN,2,INCAPACITATING INJURY,3.0,0.0,2.0,1,1,8,41.88027333,-87.69638579,"['08/07/2022', '01:30:00', 'AM']"
4ea19edcb7df4b7a420d8c5339ae19b5f28035016b816fd1d9a861736d207c79f43060e9d6055e2dd231683d4d2d1a6d5401087046b8171cd0a0ec8673358e6f,2022-08-07 01:20:00,Sunday,30,NO CONTROLS,CLEAR,"DARKNESS, LIGHTED ROAD",ANGLE,DRY,INJURY AND / OR TOW DUE TO CRASH,"OVER $1,500",UNABLE TO DETERMINE,2,INCAPACITATING INJURY,1.0,0.0,1.0,1,1,8,41.78696008,-87.65717661,"['08/07/2022', '01:20:00', 'AM']"
aa890082793ed4bb38fa11b3e1cf1c1c23389b475c08489d8f4596cc0aa39c547ec1eff7003ed80355d91cca1d27e54b37a3987365f7fe7470575a4070ca8907,2022-08-07 00:57:00,Sunday,15,NO CONTROLS,CLEAR,"DARKNESS, LIGHTED ROAD",FIXED OBJECT,DRY,INJURY AND / OR TOW DUE TO CRASH,"$501 - $1,500",UNABLE TO DETERMINE,1,INCAPACITATING INJURY,2.0,0.0,1.0,0,1,8,41.95453509,-87.75610405,"['08/07/2022', '12:57:00', 'AM']"
cdf73fbbb713109c56c0259a948a09c72b7df943f45352b3e9426e27d554223857b14de424635827c80b835d7925f3b51c2d6f653689a015f8e3b02e399170aa,2022-08-07 00:54:00,Sunday,30,NO CONTROLS,CLEAR,DUSK,ANGLE,DRY,INJURY AND / OR TOW DUE TO CRASH,"OVER $1,500","OPERATING VEHICLE IN ERRATIC, RECKLESS, CARELESS, NEGLIGENT OR AGGRESSIVE MANNER",3,INCAPACITATING INJURY,1.0,0.0,1.0,0,1,8,41.75363943,-87.6950824,"['08/07/2022', '12:54:00', 'AM']"
029ac443cce29cdbe3572e08ac5dc8a77b12029625c95da3b425a6b500ff9ea5367364c08e4e332b0733ed79c82262046caf961fb09e25d091486edeb0ee8deb,2022-08-06 22:05:00,Saturday,30,NO CONTROLS,CLEAR,"DARKNESS, LIGHTED ROAD",PEDESTRIAN,DRY,INJURY AND / OR TOW DUE TO CRASH,"OVER $1,500",NOT APPLICABLE,2,FATAL,1.0,1.0,0.0,22,7,8,41.7164703,-87.642932,"['08/06/2022', '10:05:00', 'PM']"
539c23d4aaa2667757216fdeaa73fd9656ef7a189954a4bd3a6b92d155d5ac1ccafdb915e752e0c2d4921bab55c5d1e796ff7e07a3d3010be9d3f2964c3741e7,2022-08-06 19:47:00,Saturday,30,NO CONTROLS,CLEAR,DUSK,HEAD ON,DRY,INJURY AND / OR TOW DUE TO CRASH,"OVER $1,500","OPERATING VEHICLE IN ERRATIC, RECKLESS, CARELESS, NEGLIGENT OR AGGRESSIVE MANNER",3,INCAPACITATING INJURY,6.0,0.0,2.0,19,7,8,41.88921526,-87.76503105,"['08/06/2022', '07:47:00', 'PM']"
55e0786afe78d8d2d02abecad767669d8a145ab93c7f226dd2c55934b1ed8f226246283495cd5927f17b8c9b4de655172d2f885ca973b7fe2a182731a38d821a,2022-08-06 19:10:00,Saturday,20,STOP SIGN/FLASHER,CLEAR,DAYLIGHT,ANGLE,DRY,INJURY AND / OR TOW DUE TO CRASH,"OVER $1,500",FAILING TO YIELD RIGHT-OF-WAY,2,INCAPACITATING INJURY,1.0,0.0,1.0,19,7,8,41.72347259,-87.63613058,"['08/06/2022', '07:10:00', 'PM']"
8208e8de8ceb2c8a224c617947b5341df0646ba2afa34bd86a918c9bc4093830d77b6e80914aab557159f5171d66b3166447fc2d54d10701e700ba84669114ba,2022-08-06 18:00:00,Saturday,25,NO CONTROLS,CLEAR,DAYLIGHT,PEDESTRIAN,DRY,INJURY AND / OR TOW DUE TO CRASH,$500 OR LESS,UNABLE TO DETERMINE,2,INCAPACITATING INJURY,1.0,0.0,1.0,18,7,8,41.70129167,-87.6495318,"['08/06/2022', '06:00:00', 'PM']"
6b591060cc6037fd4ddc93678338a1ce3ae374c9290718612479aeddad744237bcd6cc0663e28fdfbe9ae67a99f12f3c379504d72e102e49ce19b1711f8dc505,2022-08-06 13:45:00,Saturday,30,STOP SIGN/FLASHER,CLEAR,DAYLIGHT,ANGLE,DRY,INJURY AND / OR TOW DUE TO CRASH,"OVER $1,500",FAILING TO YIELD RIGHT-OF-WAY,2,INCAPACITATING INJURY,1.0,0.0,1.0,13,7,8,41.88983392,-87.67699972,"['08/06/2022', '01:45:00', 'PM']"
7513e798336971e46f8b8f95561c881ab8d0134ec770a42ebb06002a2ee4604b5a22af61afeffb887dea463bb91d45dae5f46fdfa1e74026aa40c819e69588c9,2022-08-06 12:10:00,Saturday,30,STOP SIGN/FLASHER,CLEAR,DAYLIGHT,ANGLE,DRY,INJURY AND / OR TOW DUE TO CRASH,"OVER $1,500",UNABLE TO DETERMINE,2,INCAPACITATING INJURY,2.0,0.0,1.0,12,7,8,41.70630772,-87.55979092,"['08/06/2022', '12:10:00', 'PM']"
316e9164524ec5b5e1355ec01114dc62870620a4d2a2c363319379ed3bd272f9aa32c7f4923b1f01e5e8f38cf6e9b1cbf287dfb49512720c1dab32c9ee8f34b3,2022-08-06 02:13:00,Saturday,30,NO CONTROLS,CLEAR,"DARKNESS, LIGHTED ROAD",FIXED OBJECT,DRY,INJURY AND / OR TOW DUE TO CRASH,"OVER $1,500",UNABLE TO DETERMINE,1,INCAPACITATING INJURY,1.0,0.0,1.0,2,7,8,41.81593986,-87.67007736,"['08/06/2022', '02:13:00', 'AM']"
3ef51e6e8e93fb935adae47f73e976ed0d6e1689ac86131e5d1a7cd1156d2cd6758d5f09fcefb11c24cd250f70713b4ab4756b6c17dea74e87771b52504d2562,2022-08-05 21:39:00,Friday,30,TRAFFIC SIGNAL,CLEAR,"DARKNESS, LIGHTED ROAD",TURNING,DRY,INJURY AND / OR TOW DUE TO CRASH,"OVER $1,500",IMPROPER OVERTAKING/PASSING,3,INCAPACITATING INJURY,2.0,0.0,1.0,21,6,8,41.84440733,-87.70509985,"['08/05/2022', '09:39:00', 'PM']"
3cc0ead688c4027b1c4e01325737f6313742dc26a07d5ab377e601291f19f4b4fe362d2383a7120377d87c2c2510428d94c01a53b150519ffa9a86a2b543597c,2022-08-05 21:31:00,Friday,30,TRAFFIC SIGNAL,CLEAR,"DARKNESS, LIGHTED ROAD",TURNING,DRY,INJURY AND / OR TOW DUE TO CRASH,"OVER $1,500",UNABLE TO DETERMINE,2,INCAPACITATING INJURY,3.0,0.0,1.0,21,6,8,41.68680945,-87.64235209,"['08/05/2022', '09:31:00', 'PM']"
916490a585352d10ba9a85c5eb08f5750a3093d5b1348d77b010f1c2c400bbbb0a856ae4c5bbc3a4ee78309b8e0b8b6ae6ffcde4e93e47c31e4843dc369cfd9c,2022-08-05 21:10:00,Friday,30,NO CONTROLS,CLEAR,"DARKNESS, LIGHTED ROAD",PEDESTRIAN,DRY,INJURY AND / OR TOW DUE TO CRASH,"OVER $1,500",FAILING TO YIELD RIGHT-OF-WAY,2,INCAPACITATING INJURY,1.0,0.0,1.0,21,6,8,41.9701149,-87.80696665,"['08/05/2022', '09:10:00', 'PM']"
663ddd46f6aa3b0749d14672dd3f09bd8fe807c611e74abd967de4be185a6dbbb8f166b837f0ec56f603c1c5a82620a414934546c8c2f80b1539d1d51cc66980,2022-08-05 20:51:00,Friday,30,NO CONTROLS,CLEAR,"DARKNESS, LIGHTED ROAD",PEDESTRIAN,DRY,INJURY AND / OR TOW DUE TO CRASH,"OVER $1,500",UNABLE TO DETERMINE,2,INCAPACITATING INJURY,1.0,0.0,1.0,20,6,8,41.93918667,-87.71081708,"['08/05/2022', '08:51:00', 'PM']"
1525e0a687be4b62fb05bb0f06460a345663e38d16ce330a2dc8445458c2525b6cfe7ee6e9e145c6d5a77ef51ffed98a4324e92e6cda58996eaee2f1e794d22b,2022-08-05 19:20:00,Friday,30,NO CONTROLS,CLEAR,DAYLIGHT,PARKED MOTOR VEHICLE,DRY,INJURY AND / OR TOW DUE TO CRASH,"OVER $1,500","VISION OBSCURED (SIGNS, TREE LIMBS, BUILDINGS, ETC.)",3,INCAPACITATING INJURY,1.0,0.0,1.0,19,6,8,42.01885343,-87.69032861,"['08/05/2022', '07:20:00', 'PM']"
40953fa6bb241058604b28d54865f50ed8ab3eea0dc1744efe91d604204dbfc4c378a97d63a70afece776277bd458563df907ee0217408707d6a90e0378d6d75,2022-08-05 18:34:00,Friday,30,TRAFFIC SIGNAL,CLEAR,DAYLIGHT,ANGLE,DRY,INJURY AND / OR TOW DUE TO CRASH,"OVER $1,500",DISREGARDING TRAFFIC SIGNALS,5,FATAL,5.0,1.0,2.0,18,6,8,41.75047493,-87.65388333,"['08/05/2022', '06:34:00', 'PM']"
881eca3707599b805feb86929c6020bc3c135ea3a09e080bc8f7757f78b921a601e2fda7d15b8b78f25e73ef5bc16705b3276443f75e423466ee61a9f3f0813d,2022-08-05 16:02:00,Friday,15,NO CONTROLS,CLEAR,DAYLIGHT,PARKED MOTOR VEHICLE,DRY,INJURY AND / OR TOW DUE TO CRASH,"OVER $1,500",UNDER THE INFLUENCE OF ALCOHOL/DRUGS (USE WHEN ARREST IS EFFECTED),2,INCAPACITATING INJURY,1.0,0.0,1.0,16,6,8,41.96860079,-87.64355545,"['08/05/2022', '04:02:00', 'PM']"
1ec2539f7455f9bffc1e2217bdf35aa1c60f9c9281885ec407a2449f4f0e6c97c84ee549c910cba11df59a181dbe09764ec411831f261436787c1508ae717c6a,2022-08-05 15:49:00,Friday,30,NO CONTROLS,CLEAR,DAYLIGHT,REAR END,DRY,INJURY AND / OR TOW DUE TO CRASH,"OVER $1,500",DISTRACTION - FROM INSIDE VEHICLE,3,INCAPACITATING INJURY,1.0,0.0,1.0,15,6,8,41.96817266,-87.74462547,"['08/05/2022', '03:49:00', 'PM']"
d1384af220d6590dc31b39daf5134479ea581cf34766538ffc06c5770db512922452ba591892cef25db260fdccac05830a6d03139f5f1f88c3ed461218545340,2022-08-05 14:43:00,Friday,20,NO CONTROLS,CLEAR,DAYLIGHT,FIXED OBJECT,DRY,INJURY AND / OR TOW DUE TO CRASH,"OVER $1,500",UNABLE TO DETERMINE,1,INCAPACITATING INJURY,1.0,0.0,1.0,14,6,8,41.76657593,-87.67372558,"['08/05/2022', '02:43:00', 'PM']"
76b03760f3d3a8165c7e7e0d2bb3f8ec264d966bdd6277c3db21e775db55896a9aa43e37a233ed658f20e5dd6c2adcf588c62c3d5ff39f664dca69a524727c50,2022-08-05 14:05:00,Friday,30,TRAFFIC SIGNAL,CLEAR,DAYLIGHT,REAR END,DRY,INJURY AND / OR TOW DUE TO CRASH,"OVER $1,500",FOLLOWING TOO CLOSELY,2,INCAPACITATING INJURY,1.0,0.0,1.0,14,6,8,41.97640636,-87.7878626,"['08/05/2022', '02:05:00', 'PM']"
fbe5f4b7d34c99871f2223cb9d77ae70577cc3bd9c83d6b46055ae043329cd478fe6d8216a60440cf7f18be4f073acd242d7aa41261a137be1c4f48c4abe6a09,2022-08-05 13:37:00,Friday,30,TRAFFIC SIGNAL,CLEAR,DAYLIGHT,OTHER OBJECT,DRY,INJURY AND / OR TOW DUE TO CRASH,"OVER $1,500",UNABLE TO DETERMINE,2,INCAPACITATING INJURY,2.0,0.0,1.0,13,6,8,41.86675227,-87.66589649,"['08/05/2022', '01:37:00', 'PM']"
302936071b3e339b44efecebb3d48a83eb1fbee9cf4e588cdca918f78bbbdeedd10538e3b6c5d0366d26d937bf94823183a1ffe097d597d969cab0d6a034ec61,2022-08-05 01:25:00,Friday,30,NO CONTROLS,CLEAR,"DARKNESS, LIGHTED ROAD",PEDALCYCLIST,DRY,INJURY AND / OR TOW DUE TO CRASH,"OVER $1,500",FAILING TO YIELD RIGHT-OF-WAY,5,INCAPACITATING INJURY,2.0,0.0,2.0,1,6,8,41.77020747,-87.68712783,"['08/05/2022', '01:25:00', 'AM']"
b99724b6f92e7ba3a6b1e85e6ba26b87dcdca70b6258c280a1cab23829a5893f06740570b523e766abc7a2577a24ccff2f98612cde78665e61df30d7e6bd6958,2022-08-04 20:30:00,Thursday,30,TRAFFIC SIGNAL,CLEAR,"DARKNESS, LIGHTED ROAD",PEDALCYCLIST,DRY,INJURY AND / OR TOW DUE TO CRASH,"OVER $1,500",UNABLE TO DETERMINE,2,INCAPACITATING INJURY,1.0,0.0,1.0,20,5,8,41.77740409,-87.80084074,"['08/04/2022', '08:30:00', 'PM']"
b046fb20dfd11eaaf1ee3f1afccff166ed6adaf928d9a06337b29531b0785ac53c6edeb4b802ad3b786466e1a8409154c3ad6908a1d4e307ea73352c573319b4,2022-08-04 15:52:00,Thursday,30,NO CONTROLS,CLEAR,DAYLIGHT,ANGLE,DRY,INJURY AND / OR TOW DUE TO CRASH,"OVER $1,500",FAILING TO YIELD RIGHT-OF-WAY,2,INCAPACITATING INJURY,1.0,0.0,1.0,15,5,8,41.85131486,-87.70752825,"['08/04/2022', '03:52:00', 'PM']"
c1bf5611d0cc559d0b6002664d5aedfe8e72ae4658986c170619f0a7c30d08aa31934c73aec8c29078c33d40275311948d8d531c9e8df65bf1ba3c1f11cfe2bd,2022-08-04 15:15:00,Thursday,30,NO CONTROLS,CLEAR,DAYLIGHT,SIDESWIPE SAME DIRECTION,DRY,INJURY AND / OR TOW DUE TO CRASH,"OVER $1,500",IMPROPER TURNING/NO SIGNAL,2,INCAPACITATING INJURY,1.0,0.0,1.0,15,5,8,41.73259014,-87.62548578,"['08/04/2022', '03:15:00', 'PM']"
cd153365212ce77ad49fac4b8248be5f5f368bc6d0d6ad369de36b3d0550be67b32bea3c836176a605cb1795c275be8fd3a0b62ab313eea76ed01bcdfad700a7,2022-08-04 13:40:00,Thursday,30,NO CONTROLS,CLEAR,DAYLIGHT,TURNING,DRY,INJURY AND / OR TOW DUE TO CRASH,"OVER $1,500",FAILING TO YIELD RIGHT-OF-WAY,2,INCAPACITATING INJURY,1.0,0.0,1.0,13,5,8,41.85176686,-87.69738595,"['08/04/2022', '01:40:00', 'PM']"
e9ee354780265a70876a2784cf7ea2efb56b6bb2135ab88b5346eaca567cbb27077b1a7e9f367dfa9064c89d61d4a8cbdf07e16ed0d95d9018a4ec5abd930bf1,2022-08-04 12:30:00,Thursday,30,NO CONTROLS,CLEAR,DAYLIGHT,TURNING,DRY,INJURY AND / OR TOW DUE TO CRASH,"OVER $1,500",IMPROPER TURNING/NO SIGNAL,2,INCAPACITATING INJURY,1.0,0.0,1.0,12,5,8,41.92504022,-87.68530803,"['08/04/2022', '12:30:00', 'PM']"
51015eb3c669aad240e8c02c0b73cf48cb283df43461ae41b1593211221e4a8f9e80ec724d519543206a7a6f61031b1f98cb249b539aad794254265009994ddb,2022-08-03 22:11:00,Wednesday,35,TRAFFIC SIGNAL,CLEAR,"DARKNESS, LIGHTED ROAD",PEDESTRIAN,DRY,INJURY AND / OR TOW DUE TO CRASH,"OVER $1,500",UNABLE TO DETERMINE,2,INCAPACITATING INJURY,1.0,0.0,1.0,22,4,8,41.88055896,-87.73044913,"['08/03/2022', '10:11:00', 'PM']"
4fe9dcec828b4e9d325074a5b41a7d7dbbd388c52c9876339ba48f7c22d5dabc4fbe33773be474e3f5445134da415682ba22bd4ce75501d335d867de313d9d43,2022-08-03 12:45:00,Wednesday,30,TRAFFIC SIGNAL,UNKNOWN,DAYLIGHT,PEDESTRIAN,UNKNOWN,INJURY AND / OR TOW DUE TO CRASH,"OVER $1,500",FAILING TO YIELD RIGHT-OF-WAY,2,INCAPACITATING INJURY,1.0,0.0,1.0,12,4,8,41.73696313,-87.57586271,"['08/03/2022', '12:45:00', 'PM']"
972328bbccd5c72eafb7a45363affa2c8147fa429ec45629e6daa93f34be5c574190675f8c988eff34955763a7dd41756d869235a0ff3142f96e00e74c119824,2022-08-03 12:17:00,Wednesday,30,STOP SIGN/FLASHER,CLEAR,DAYLIGHT,ANGLE,DRY,INJURY AND / OR TOW DUE TO CRASH,"OVER $1,500",FAILING TO REDUCE SPEED TO AVOID CRASH,2,INCAPACITATING INJURY,3.0,0.0,2.0,12,4,8,41.75712967,-87.56255176,"['08/03/2022', '12:17:00', 'PM']"
fd1834ecb7a8564c0f7d75660cc8084cd6e18dca79a72a0696f683efe80271f4b520e9f456e506221dc7e0d37b886e022efddb6545b1c9d3bdce812e6012903b,2022-08-03 11:00:00,Wednesday,35,STOP SIGN/FLASHER,CLEAR,DAYLIGHT,ANGLE,DRY,INJURY AND / OR TOW DUE TO CRASH,"OVER $1,500",FAILING TO YIELD RIGHT-OF-WAY,2,INCAPACITATING INJURY,1.0,0.0,1.0,11,4,8,41.72136506,-87.64335804,"['08/03/2022', '11:00:00', 'AM']"
622daa8af327e9aadf1e1a7d0f8927695b9574182094fcf1a2ad5562e6dc12e830bf6b619f2d4214c913fd3279bd68a938872b9f6997cfb0d826829e93aea131,2022-08-02 22:02:00,Tuesday,30,TRAFFIC SIGNAL,CLEAR,"DARKNESS, LIGHTED ROAD",PEDESTRIAN,DRY,INJURY AND / OR TOW DUE TO CRASH,"OVER $1,500",UNABLE TO DETERMINE,2,INCAPACITATING INJURY,1.0,0.0,1.0,22,3,8,41.87697105,-87.72568914,"['08/02/2022', '10:02:00', 'PM']"