CRASH_RECORD_ID,CRASH_DATE,Weekday,POSTED_SPEED_LIMIT,TRAFFIC_CONTROL_DEVICE,WEATHER_CONDITION,LIGHTING_CONDITION,FIRST_CRASH_TYPE,ROADWAY_SURFACE_COND,CRASH_TYPE,DAMAGE,PRIM_CONTRIBUTORY_CAUSE,NUM_UNITS,MOST_SEVERE_INJURY,INJURIES_TOTAL,INJURIES_FATAL,INJURIES_INCAPACITATING,CRASH_HOUR,CRASH_DAY_OF_WEEK,CRASH_MONTH,LATITUDE,LONGITUDE,CRASH_TIME
2aa5affaace288a18b6346bf52d53340bb4bd5e28d82bc0c0f7b8b5a3c98ea8b5ee38bbce7a6dbbcaa0bf959fe76c0228772cd5361a4524caa5e4f4d842906a9,2022-08-02 21:30:00,Tuesday,30,NO CONTROLS,CLEAR,DARKNESS,PEDESTRIAN,DRY,INJURY AND / OR TOW DUE TO CRASH,"OVER $1,500",FAILING TO REDUCE SPEED TO AVOID CRASH,3,FATAL,1.0,1.0,0.0,21,3,8,41.87296446,-87.72593055,"['08/02/2022', '09:30:00', 'PM']"
6769c00c8c5d11ee41154b97120b78bf6b1c1ab8340904fa8e6cd496f784087a14d7e986b22d10296f3c5ba2e9ef0681cf8ce415d826e6647a0a0379d9818de0,2022-08-02 20:40:00,Tuesday,30,TRAFFIC SIGNAL,CLEAR,"DARKNESS, LIGHTED ROAD",PEDALCYCLIST,DRY,INJURY AND / OR TOW DUE TO CRASH,"$501 - $1,500",IMPROPER TURNING/NO SIGNAL,2,INCAPACITATING INJURY,1.0,0.0,1.0,20,3,8,41.92481674,-87.7002345,"['08/02/2022', '08:40:00', 'PM']"
a5069b7926061ebaac246beb5a1bccee62bc81ee0580992e84fd406cbf9f40ebeedd8c945b7cc90f5571e59ad9d70e9cffec7daf0233f6e36c96661ffd4a779b,2022-08-02 17:55:00,Tuesday,30,TRAFFIC SIGNAL,CLEAR,DAWN,SIDESWIPE SAME DIRECTION,DRY,INJURY AND / OR TOW DUE TO CRASH,"OVER $1,500",UNABLE TO DETERMINE,2,INCAPACITATING INJURY,1.0,0.0,1.0,17,3,8,41.87890988,-87.6728495,"['08/02/2022', '05:55:00', 'PM']"
efd8268f8113508d2c7d271a792307d241a7eee19c5f964dfd6ca9f499579d25733abe9fc21a7cc5d5707ee20bfe3fae24a8dcb7f1e47fe7db9a0e1c2bec9a94,2022-08-02 16:31:00,Tuesday,30,TRAFFIC SIGNAL,CLEAR,DAYLIGHT,PEDESTRIAN,DRY,INJURY AND / OR TOW DUE TO CRASH,"OVER $1,500",NOT APPLICABLE,2,INCAPACITATING INJURY,1.0,0.0,1.0,16,3,8,41.90367343,-87.63893191,"['08/02/2022', '04:31:00', 'PM']"
cfdde54e77cb08f36bbc0a6e3809daf6c63763254eed544eeb473fe7d0a62e1f713221d8d89f80c49c848c1f0773d233003e54bd9044f6f509ed63f4bdff5e06,2022-08-02 14:00:00,Tuesday,30,NO CONTROLS,CLEAR,DAYLIGHT,TURNING,DRY,INJURY AND / OR TOW DUE TO CRASH,"OVER $1,500",IMPROPER TURNING/NO SIGNAL,2,INCAPACITATING INJURY,2.0,0.0,2.0,14,3,8,41.81868951,-87.64594026,"['08/02/2022', '02:00:00', 'PM']"
a98bffc18e5a72074ff4dc3f5b1e4a5e25ff45a2d3bffb8a8adb00ed69a6a0579536cf6a9f157f293367993da1e7ec14550167b4d6e48065a0c60bf870b3da24,2022-08-02 12:25:00,Tuesday,30,TRAFFIC SIGNAL,CLEAR,DAYLIGHT,ANGLE,DRY,INJURY AND / OR TOW DUE TO CRASH,"OVER $1,500",DISREGARDING TRAFFIC SIGNALS,3,INCAPACITATING INJURY,1.0,0.0,1.0,12,3,8,41.8762411,-87.66662345,"['08/02/2022', '12:25:00', 'PM']"
05fc010882b235c59e1b0418f90ca2d679ae07253f6d8a378a43632187ba3dc2322b4c64fc859c362149b3bd53bab5b0733f4c8abfa9cf24ca16a0a9c33b808b,2022-08-02 07:30:00,Tuesday,30,TRAFFIC SIGNAL,CLEAR,DAYLIGHT,PEDESTRIAN,DRY,INJURY AND / OR TOW DUE TO CRASH,$500 OR LESS,IMPROPER OVERTAKING/PASSING,2,INCAPACITATING INJURY,1.0,0.0,1.0,7,3,8,41.88331726,-87.63302428,"['08/02/2022', '07:30:00', 'AM']"
5ad529feee3569b803d21ee59088be2425bcfd29eebfca40e710601e3fc4897d9c25faf113880a3018a739bc7c043b56434bf4ab8a3e632a491cb97c271f876b,2022-08-02 01:30:00,Tuesday,40,TRAFFIC SIGNAL,CLEAR,"DARKNESS, LIGHTED ROAD",FIXED OBJECT,DRY,INJURY AND / OR TOW DUE TO CRASH,"OVER $1,500",PHYSICAL CONDITION OF DRIVER,1,INCAPACITATING INJURY,1.0,0.0,1.0,1,3,8,41.86403564,-87.61929707,"['08/02/2022', '01:30:00', 'AM']"
0da6a649c85b9af58b01e529ddd1a32394c8ed613bf7030a9e060b2add9927c6ea640f0df569f527abfdcc5ac900e90f356c38f3deaad3483075bf59d3a7a313,2022-08-01 17:50:00,Monday,15,NO CONTROLS,CLEAR,DAYLIGHT,PEDALCYCLIST,DRY,INJURY AND / OR TOW DUE TO CRASH,"OVER $1,500",UNABLE TO DETERMINE,2,INCAPACITATING INJURY,1.0,0.0,1.0,17,2,8,41.86823823,-87.64060652,"['08/01/2022', '05:50:00', 'PM']"
6f49c97b4dd0d865b8e4726d1470655abb3496f5a8430377439d56f23418b8e1d28105b287d1bf6231db5cc93cc7057c42fbbd755c0c97202e11bef6cabc6e35,2022-08-01 11:00:00,Monday,25,TRAFFIC SIGNAL,CLEAR,DAYLIGHT,ANGLE,DRY,INJURY AND / OR TOW DUE TO CRASH,"OVER $1,500",DISREGARDING TRAFFIC SIGNALS,2,INCAPACITATING INJURY,1.0,0.0,1.0,11,2,8,41.89946548,-87.68463401,"['08/01/2022', '11:00:00', 'AM']"
021178913bfca35d71ca724ee8992c81b21db85e4aac552442b7b66f9c182231e46bced66d79f87891d2e4b9174c7683ce205dcc92b94cddf48e948358ba77bc,2022-08-01 10:36:00,Monday,35,TRAFFIC SIGNAL,CLEAR,DAYLIGHT,ANGLE,DRY,INJURY AND / OR TOW DUE TO CRASH,"OVER $1,500",DISREGARDING TRAFFIC SIGNALS,3,INCAPACITATING INJURY,1.0,0.0,1.0,10,2,8,41.7278454,-87.57563571,"['08/01/2022', '10:36:00', 'AM']"
c69d084a1df20166c85288fe8ae8ef00b6c7f6da636d6c176c2e2dc9fb862c270b94c88bc26310b1c5cb74267b891da2c4549f1fe440a13492ec450839eda8c4,2022-08-01 08:55:00,Monday,30,NO CONTROLS,CLEAR,DAYLIGHT,FIXED OBJECT,DRY,INJURY AND / OR TOW DUE TO CRASH,"OVER $1,500",IMPROPER BACKING,1,INCAPACITATING INJURY,1.0,0.0,1.0,8,2,8,41.73846477,-87.68945674,"['08/01/2022', '08:55:00', 'AM']"
c08dbe70a4dcdb7fef6b67b5356f5e1c57f4ac27ef040cbe035f03d1f27ce5e9bd921ba2518dc5496bc6a96ad060884eed42eb75231e19d8525b851321e2600d,2022-08-01 02:06:00,Monday,30,NO CONTROLS,CLEAR,"DARKNESS, LIGHTED ROAD",FIXED OBJECT,DRY,INJURY AND / OR TOW DUE TO CRASH,"OVER $1,500",NOT APPLICABLE,1,INCAPACITATING INJURY,1.0,0.0,1.0,2,2,8,41.83523304,-87.69482084,"['08/01/2022', '02:06:00', 'AM']"
761039afcb4b89fe15ad6ab17cf575dab2eab733c67db67c91d93d04b152e80a5df61779f96740bf446fe32463e51bc4b5b85be411fe94c1139ad4f9d2e1a12c,2022-07-31 23:32:00,Sunday,40,NO CONTROLS,CLEAR,"DARKNESS, LIGHTED ROAD",REAR END,DRY,INJURY AND / OR TOW DUE TO CRASH,"OVER $1,500",FAILING TO REDUCE SPEED TO AVOID CRASH,2,INCAPACITATING INJURY,1.0,0.0,1.0,23,1,7,41.84870061,-87.61209509,"['07/31/2022', '11:32:00', 'PM']"
028fea8d5f5927e55a206070fc508ef6898fd96e193f2493ed01fe013db038d8a4e0cff007fe31235ade9ded8f6df0dd7e6974bf079739f98996acf8479cfc35,2022-07-31 23:07:00,Sunday,30,STOP SIGN/FLASHER,CLEAR,"DARKNESS, LIGHTED ROAD",ANGLE,DRY,INJURY AND / OR TOW DUE TO CRASH,"OVER $1,500",FAILING TO REDUCE SPEED TO AVOID CRASH,2,INCAPACITATING INJURY,2.0,0.0,1.0,23,1,7,41.74050623,-87.58587462,"['07/31/2022', '11:07:00', 'PM']"
8aaac361af912fa0f113c3199554e35d5871cdd4d711df4f9bae8614db2a7cd1fab61770e9c153fd479a775c2fe4fd02cc8b03dd9b064fe4758265c36a1990a7,2022-07-31 17:22:00,Sunday,30,NO CONTROLS,CLEAR,DAYLIGHT,FIXED OBJECT,DRY,INJURY AND / OR TOW DUE TO CRASH,"OVER $1,500",EQUIPMENT - VEHICLE CONDITION,1,INCAPACITATING INJURY,2.0,0.0,2.0,17,1,7,41.79395483,-87.68339696,"['07/31/2022', '05:22:00', 'PM']"
eebfa647731e4610a0a37cf645874cf8f7a4fd1a2109e67cb1e4a92faeee3d79c00ead33e6ff27563f5b61380b78f5f78b8d3cbd2c1c072f3b8f4df255a099e3,2022-07-31 17:20:00,Sunday,20,STOP SIGN/FLASHER,CLEAR,DAYLIGHT,PEDESTRIAN,DRY,INJURY AND / OR TOW DUE TO CRASH,$500 OR LESS,UNABLE TO DETERMINE,2,INCAPACITATING INJURY,1.0,0.0,1.0,17,1,7,41.98983245,-87.66769013,"['07/31/2022', '05:20:00', 'PM']"
a36e7028151bc64964d22d0976181ee7f8c4c95040fbf1b5e312fd32335f7d3be7e422538befed22089db3c87ad80fb07e53d1db529e7cc51592397e556281ff,2022-07-31 11:12:00,Sunday,30,NO CONTROLS,CLEAR,DAYLIGHT,REAR END,DRY,INJURY AND / OR TOW DUE TO CRASH,"OVER $1,500",FOLLOWING TOO CLOSELY,2,INCAPACITATING INJURY,2.0,0.0,1.0,11,1,7,41.96955782,-87.76738767,"['07/31/2022', '11:12:00', 'AM']"
03e6c3bd69f37381b58027ceda52cd8fd8f8479624e0945c191b46a8f96ef1153eecc0b1e5276f520db92304ba6d113b2e29c84a0aaf6a5efc5152ac3caabbef,2022-07-31 09:40:00,Sunday,30,TRAFFIC SIGNAL,CLEAR,DAYLIGHT,ANGLE,DRY,INJURY AND / OR TOW DUE TO CRASH,"OVER $1,500",DISREGARDING TRAFFIC SIGNALS,2,INCAPACITATING INJURY,3.0,0.0,3.0,9,1,7,41.98452988,-87.83643396,"['07/31/2022', '09:40:00', 'AM']"
76c437beea4439f11955aaf2db1e14166afaa515470bed08011a72e65e86592cb5fc99d8bb9551c6bd6cdaab2ba1907c70213c421f66700f951e7aeff728a223,2022-07-31 06:51:00,Sunday,25,STOP SIGN/FLASHER,CLEAR,DAYLIGHT,ANGLE,DRY,INJURY AND / OR TOW DUE TO CRASH,"OVER $1,500",UNABLE TO DETERMINE,5,INCAPACITATING INJURY,2.0,0.0,1.0,6,1,7,41.70447671,-87.53664072,"['07/31/2022', '06:51:00', 'AM']"
9d687229beb57f1bb11010809a5e2395c75f6e4824fea3102bac25f6e9c30bbded92a11f5e077ba3c4d3f0d1cb2992ad1d26021c45fea3f7fec8c006ecc27a27,2022-07-31 02:08:00,Sunday,30,NO CONTROLS,CLEAR,"DARKNESS, LIGHTED ROAD",FIXED OBJECT,DRY,INJURY AND / OR TOW DUE TO CRASH,"OVER $1,500",NOT APPLICABLE,1,FATAL,2.0,1.0,0.0,2,1,7,41.80854877,-87.70384749,"['07/31/2022', '02:08:00', 'AM']"
b903ccee024d91de7e58c1c41725d37ac9bf5bfc3b92194eb3a85d01643927c8eeef8d5c12301b7b8e00dd2647ea21a60e605e1e86a651c92fa667af27a11688,2022-07-31 00:43:00,Sunday,15,NO CONTROLS,CLEAR,UNKNOWN,PEDESTRIAN,DRY,INJURY AND / OR TOW DUE TO CRASH,"OVER $1,500",UNABLE TO DETERMINE,2,INCAPACITATING INJURY,1.0,0.0,1.0,0,1,7,41.83040282,-87.69495247,"['07/31/2022', '12:43:00', 'AM']"
84d3a65e598d9cd9e7b8997c791a49fe3e954eef2d41d538138d820aef9bf85219e8344815bd9efd9260ae770f78cddbcea6079dc19c88469cbd591444309467,2022-07-30 23:59:00,Saturday,45,NO CONTROLS,CLEAR,"DARKNESS, LIGHTED ROAD",REAR END,DRY,INJURY AND / OR TOW DUE TO CRASH,"OVER $1,500",FOLLOWING TOO CLOSELY,3,INCAPACITATING INJURY,2.0,0.0,1.0,23,7,7,41.8383933,-87.60874952,"['07/30/2022', '11:59:00', 'PM']"
ac7bea073234139fb668d4bf66161cb4c1c384c91fc8fc705cca3837cd015b9e26934fca202e6ed9e7bd4170fb70df6bc8a86a15c9afb16334b6601660183699,2022-07-30 23:50:00,Saturday,30,NO CONTROLS,CLEAR,"DARKNESS, LIGHTED ROAD",PEDESTRIAN,DRY,INJURY AND / OR TOW DUE TO CRASH,"OVER $1,500",UNABLE TO DETERMINE,2,FATAL,1.0,1.0,0.0,23,7,7,41.93170309,-87.74199681,"['07/30/2022', '11:50:00', 'PM']"
77cb21f86a1aba45287949788c1529b2b756a68f574f7d0e671e6fa5815571c1579032afd54ea4f17633425885ab3faf277673d9f448e8e93663e96ada9336ca,2022-07-30 20:17:00,Saturday,30,STOP SIGN/FLASHER,CLEAR,DUSK,TURNING,DRY,INJURY AND / OR TOW DUE TO CRASH,"OVER $1,500",FAILING TO YIELD RIGHT-OF-WAY,2,INCAPACITATING INJURY,4.0,0.0,1.0,20,7,7,41.68550889,-87.61565628,"['07/30/2022', '08:17:00', 'PM']"
0f1494ae5f708f1e4e450969ef8f72b0b422ca5f9bc2d428cc8f6d012c97a4642cc59ce0097f4133d45c6c290ebc73a4c8adeb45f855148ae4b716a43d657ceb,2022-07-30 14:43:00,Saturday,40,TRAFFIC SIGNAL,CLEAR,DAYLIGHT,TURNING,DRY,INJURY AND / OR TOW DUE TO CRASH,"OVER $1,500",UNABLE TO DETERMINE,2,INCAPACITATING INJURY,1.0,0.0,1.0,14,7,7,41.64810712,-87.55943735,"['07/30/2022', '02:43:00', 'PM']"
0134e54d5b7efc21e9991ddbd6b3ef3c760824282160ba2ab9bd3d0b8a4fa51e7ca21ed294974e0e88f7b4a2461b61f1819b992b9ca4533252b946ca0666e098,2022-07-30 13:43:00,Saturday,30,TRAFFIC SIGNAL,CLEAR,DAYLIGHT,PEDESTRIAN,DRY,INJURY AND / OR TOW DUE TO CRASH,"OVER $1,500",FAILING TO YIELD RIGHT-OF-WAY,2,INCAPACITATING INJURY,1.0,0.0,1.0,13,7,7,41.80914302,-87.62622913,"['07/30/2022', '01:43:00', 'PM']"
10796dcab1b284314930ce2d478d61a9ba38229aa9be5c73d29f394e311496e97a57e829292374273b7a8d600ebfb075bda5940ba555636662e28c7f94b0fbab,2022-07-30 09:40:00,Saturday,30,NO CONTROLS,CLEAR,DAYLIGHT,HEAD ON,DRY,INJURY AND / OR TOW DUE TO CRASH,"OVER $1,500",DRIVING ON WRONG SIDE/WRONG WAY,2,INCAPACITATING INJURY,9.0,0.0,4.0,9,7,7,41.78997899,-87.57902025,"['07/30/2022', '09:40:00', 'AM']"
fba4fad3d4d40c80c0289c83f60a4d517cf113b7c17d3c9d9616b795ed71713692f8d29053df6f2104e06dc92995e8b621c97bc484216e6a69f6c22d011afba7,2022-07-30 09:30:00,Saturday,25,NO CONTROLS,CLEAR,DAYLIGHT,PEDALCYCLIST,DRY,INJURY AND / OR TOW DUE TO CRASH,"OVER $1,500",IMPROPER TURNING/NO SIGNAL,2,INCAPACITATING INJURY,1.0,0.0,1.0,9,7,7,41.83086292,-87.64587923,"['07/30/2022', '09:30:00', 'AM']"
401e661e4a57d3004345ba7a415a3fd83c03b21211cfa91ecde4a8b21d32e3c1a64f17f6acd4df2d141cfa6c1e86aa7b19571fdaab3fd4d7c34c90b2c3053b9a,2022-07-30 04:20:00,Saturday,30,TRAFFIC SIGNAL,CLEAR,"DARKNESS, LIGHTED ROAD",ANGLE,DRY,INJURY AND / OR TOW DUE TO CRASH,"OVER $1,500",UNABLE TO DETERMINE,2,INCAPACITATING INJURY,2.0,0.0,2.0,4,7,7,41.87340547,-87.71973354,"['07/30/2022', '04:20:00', 'AM']"
c19bc8f54bf3bdf28bb5f598a8f2b19ea90a4a5946e628a994df94fb52472e625ed56f0d44fe9ad0e7b2189f3c3076fbb5fcb75974beadc626793478fc0328f5,2022-07-30 03:48:00,Saturday,30,TRAFFIC SIGNAL,CLEAR,"DARKNESS, LIGHTED ROAD",SIDESWIPE OPPOSITE DIRECTION,DRY,INJURY AND / OR TOW DUE TO CRASH,"OVER $1,500",UNABLE TO DETERMINE,2,INCAPACITATING INJURY,1.0,0.0,1.0,3,7,7,41.89682187,-87.72627421,"['07/30/2022', '03:48:00', 'AM']"
9078bd79c9f97027ead81e041d572a53b831cc17ee2f04ebcf4957085f373bf5c42e7183fe2b4605f605b9d640cf2efad33053e9911f00e9874bcde5d8f49523,2022-07-30 02:40:00,Saturday,30,TRAFFIC SIGNAL,CLEAR,"DARKNESS, LIGHTED ROAD",FIXED OBJECT,DRY,INJURY AND / OR TOW DUE TO CRASH,"OVER $1,500",UNABLE TO DETERMINE,1,INCAPACITATING INJURY,1.0,0.0,1.0,2,7,7,41.88563256,-87.62637276,"['07/30/2022', '02:40:00', 'AM']"
441b38e668e5cfbf0110b975ad0275eda5de5c0978f7ac6b6ff6e4768f181984f3769d68453b250a5ec86400bbc70719fcc6e14e6e350badfc673ee811d6ea41,2022-07-30 01:00:00,Saturday,30,NO CONTROLS,CLEAR,"DARKNESS, LIGHTED ROAD",SIDESWIPE SAME DIRECTION,DRY,INJURY AND / OR TOW DUE TO CRASH,"OVER $1,500",UNABLE TO DETERMINE,2,INCAPACITATING INJURY,1.0,0.0,1.0,1,7,7,41.89485161,-87.7533063,"['07/30/2022', '01:00:00', 'AM']"
2eb917fd96dd18adae28866f88628f25960f4b44c01833167965b6144a51da7f6e042aa66f436a5ce8026446e47ea3c76dc6c68f0d799650bf890667c6977cb7,2022-07-29 23:59:00,Friday,30,TRAFFIC SIGNAL,CLEAR,"DARKNESS, LIGHTED ROAD",TURNING,WET,INJURY AND / OR TOW DUE TO CRASH,"OVER $1,500",UNABLE TO DETERMINE,2,INCAPACITATING INJURY,1.0,0.0,1.0,23,6,7,41.76965778,-87.58579722,"['07/29/2022', '11:59:00', 'PM']"
947c8124c0146c7ec1419029fd55c7225a2ab7d9f907d24b0a7908830cbc3a0db47cb6e10a834edfcad189babc3d8c8d2935a3169cd14beaa431617bb71a8df9,2022-07-29 23:40:00,Friday,15,NO CONTROLS,CLEAR,"DARKNESS, LIGHTED ROAD",PEDESTRIAN,DRY,INJURY AND / OR TOW DUE TO CRASH,$500 OR LESS,PHYSICAL CONDITION OF DRIVER,2,INCAPACITATING INJURY,1.0,0.0,1.0,23,6,7,41.80215594,-87.68291689,"['07/29/2022', '11:40:00', 'PM']"
17bbf41196e0c44d3cd486b8a0b362e5f322c6dcb734df38153cbe04f65145a2c43a035cde7a0e6a9b77faf90117f5f9826533ee7a04d532ee1947590a1005f9,2022-07-29 21:00:00,Friday,30,NO CONTROLS,CLEAR,"DARKNESS, LIGHTED ROAD",TURNING,DRY,INJURY AND / OR TOW DUE TO CRASH,"OVER $1,500",IMPROPER TURNING/NO SIGNAL,2,FATAL,1.0,1.0,0.0,21,6,7,41.70710702,-87.63662176,"['07/29/2022', '09:00:00', 'PM']"
e3731969361d6dbe753b575d01469e9a846d3cbd411d7f0651d39dad88d097854e1863b2f1e408e80d292e21d3b85ee25a9c49f92b239b9320c3ad522338d699,2022-07-29 20:32:00,Friday,30,TRAFFIC SIGNAL,CLEAR,DARKNESS,PEDALCYCLIST,DRY,INJURY AND / OR TOW DUE TO CRASH,"$501 - $1,500",IMPROPER TURNING/NO SIGNAL,2,INCAPACITATING INJURY,1.0,0.0,1.0,20,6,7,41.91739603,-87.69734463,"['07/29/2022', '08:32:00', 'PM']"
a62b885aa7fe86151bb5226f4a7658b1bc28e93f043f4fed502c48694cf28e9d310a522d92f3fcdcf6a46d4eb1fa07f741dd5c224c57a66f345a3218153c06fe,2022-07-29 19:22:00,Friday,30,STOP SIGN/FLASHER,CLEAR,DAYLIGHT,ANGLE,DRY,INJURY AND / OR TOW DUE TO CRASH,"OVER $1,500",UNABLE TO DETERMINE,2,INCAPACITATING INJURY,2.0,0.0,1.0,19,6,7,41.70378433,-87.60719878,"['07/29/2022', '07:22:00', 'PM']"
444ede6a7eba8031e2d596671ba03e343393adbf11ca6e01335b19e1937accf9baa6c08b55dbce928b4910f66fe96b11ef1f7bacf9c0e8b0abc1f741fc89a306,2022-07-29 19:06:00,Friday,30,STOP SIGN/FLASHER,CLEAR,DAYLIGHT,ANGLE,DRY,INJURY AND / OR TOW DUE TO CRASH,"OVER $1,500",DISREGARDING STOP SIGN,2,INCAPACITATING INJURY,1.0,0.0,1.0,19,6,7,41.84625632,-87.70400491,"['07/29/2022', '07:06:00', 'PM']"
a4f555df9f6cdc6e4e324ef791aaef848f72fd68f745f9871fe0bbf19694a2ddd7bcdc3e0b22bbd56526b36558e388759b37072a7cf956ae6dbdf47f0d2d16a7,2022-07-29 17:11:00,Friday,25,NO CONTROLS,CLEAR,DAYLIGHT,PARKED MOTOR VEHICLE,DRY,INJURY AND / OR TOW DUE TO CRASH,"OVER $1,500",UNABLE TO DETERMINE,3,INCAPACITATING INJURY,1.0,0.0,1.0,17,6,7,41.79475936,-87.77685753,"['07/29/2022', '05:11:00', 'PM']"
c7cb5d05493c6109d02ebb106c373eae154dc64424da13221df2de8c835e481011520b0a14e0b2d35529649d060a435dc06e9b1159db51bc03e6fe37694282ca,2022-07-29 16:50:00,Friday,30,NO CONTROLS,CLEAR,DAYLIGHT,PEDESTRIAN,DRY,INJURY AND / OR TOW DUE TO CRASH,"OVER $1,500",FAILING TO YIELD RIGHT-OF-WAY,2,INCAPACITATING INJURY,1.0,0.0,1.0,16,6,7,41.89619323,-87.66669727,"['07/29/2022', '04:50:00', 'PM']"
94865d39f3a12e8c0e3e50ed1e8ab1bbc8277c49e6d90eeb021fb34d9873b30495efbd81f74daf62e3dfd1b194577746538edacf7e452b9d1b77ca150c1dc048,2022-07-29 13:35:00,Friday,30,TRAFFIC SIGNAL,CLEAR,DAYLIGHT,ANGLE,DRY,INJURY AND / OR TOW DUE TO CRASH,"OVER $1,500",FAILING TO YIELD RIGHT-OF-WAY,2,INCAPACITATING INJURY,4.0,0.0,1.0,13,6,7,41.88074489,-87.71595359,"['07/29/2022', '01:35:00', 'PM']"
888df43f42eb98765e276592180c7af44db8e523adc2700cc094f3862eb0c6664c425e50aaeb091c5367d06556d89eeafbb2427475d1fd16a30f382f0d24ef2b,2022-07-29 13:21:00,Friday,30,TRAFFIC SIGNAL,CLEAR,DAYLIGHT,TURNING,DRY,INJURY AND / OR TOW DUE TO CRASH,"OVER $1,500",FAILING TO YIELD RIGHT-OF-WAY,2,INCAPACITATING INJURY,2.0,0.0,2.0,13,6,7,41.8546457,-87.71520625,"['07/29/2022', '01:21:00', 'PM']"
992352162bb16fe455cfbfca2793f91fc9c2635c08bb5a3a83c9bb63918dae05baca157218fc8f5de51a66ccf64c780cfce87310141bbf33abd71fce8018fec1,2022-07-29 06:50:00,Friday,25,TRAFFIC SIGNAL,CLEAR,DAYLIGHT,PEDESTRIAN,DRY,INJURY AND / OR TOW DUE TO CRASH,$500 OR LESS,UNABLE TO DETERMINE,2,INCAPACITATING INJURY,1.0,0.0,1.0,6,6,7,41.89592792,-87.68670009,"['07/29/2022', '06:50:00', 'AM']"
07318812bbff02036028f4d5af92281aab4713edd766c553767326fe52b8d09e21b406c593d978b89383c342ef96faaf87ac4d89484bbb69d9753d81a48590ef,2022-07-29 05:47:00,Friday,30,NO CONTROLS,CLEAR,DAWN,FIXED OBJECT,DRY,INJURY AND / OR TOW DUE TO CRASH,"OVER $1,500",PHYSICAL CONDITION OF DRIVER,1,INCAPACITATING INJURY,1.0,0.0,1.0,5,6,7,41.9267366,-87.70382783,"['07/29/2022', '05:47:00', 'AM']"
80d8722c7d8637010984f4ddebdd147a90b3263e6cc5424214a2ea79bf2fa14886ae2f999b3fd5c44dec07390d627cd088e77ba1cc7cdab4665d9d1b80e64566,2022-07-29 03:24:00,Friday,30,TRAFFIC SIGNAL,CLEAR,"DARKNESS, LIGHTED ROAD",OVERTURNED,DRY,INJURY AND / OR TOW DUE TO CRASH,"OVER $1,500",NOT APPLICABLE,2,INCAPACITATING INJURY,5.0,0.0,4.0,3,6,7,41.8516003,-87.68577445,"['07/29/2022', '03:24:00', 'AM']"
d375fa465067253c22e32184ab7b61fd157993232e01d43339a30fb91e5cd41d8e0ca525eb3faba888064ec19bbd58d9416913c6cc99cded9ff22174eaa7b6a2,2022-07-29 00:25:00,Friday,25,STOP SIGN/FLASHER,CLEAR,"DARKNESS, LIGHTED ROAD",FIXED OBJECT,DRY,INJURY AND / OR TOW DUE TO CRASH,"OVER $1,500",FAILING TO REDUCE SPEED TO AVOID CRASH,1,INCAPACITATING INJURY,1.0,0.0,1.0,0,6,7,41.70163579,-87.635571,"['07/29/2022', '12:25:00', 'AM']"
150893ee700ddc54fd8f8c89ed0311c0156ba82f3983f9d8e24f390601932a5fa75805b5ab16f363467cc64da24246c9b7ea144b13bbaef33c73f1799968fdd5,2022-07-28 15:10:00,Thursday,30,TRAFFIC SIGNAL,CLEAR,DAYLIGHT,TURNING,UNKNOWN,INJURY AND / OR TOW DUE TO CRASH,"OVER $1,500",UNABLE TO DETERMINE,2,INCAPACITATING INJURY,3.0,0.0,1.0,15,5,7,41.97046474,-87.76287542,"['07/28/2022', '03:10:00', 'PM']"
1aa5a28aa3b95f12a4d9399eed766b76ead94b7396c7206bf47044eac2e897ae68a6fc0ae7b14d0718045add05b6231b3fd94f51833ddcf72cd6cd8d08429a80,2022-07-28 14:43:00,Thursday,3,STOP SIGN/FLASHER,CLEAR,DAYLIGHT,FIXED OBJECT,DRY,INJURY AND / OR TOW DUE TO CRASH,"$501 - $1,500",UNABLE TO DETERMINE,1,INCAPACITATING INJURY,1.0,0.0,1.0,14,5,7,41.77387331,-87.66789087,"['07/28/2022', '02:43:00', 'PM']"
e14e2867375850fc469071d85b0e7939a04ca406b1cac206c84950e3d1b469f4bf36996e5117c1a771bacbe73e692f9b44988000b38720c6426a069569a63c88,2022-07-28 11:06:00,Thursday,25,NO CONTROLS,CLEAR,DAYLIGHT,PEDESTRIAN,DRY,INJURY AND / OR TOW DUE TO CRASH,"$501 - $1,500",NOT APPLICABLE,2,INCAPACITATING INJURY,1.0,0.0,1.0,11,5,7,41.75034259,-87.60536041,"['07/28/2022', '11:06:00', 'AM']"
0bbba4cf6323406aedabc766bba3a54b6c613f7cb5c87d4a6d4b0198dc3a0d68f984dc67cc921933b884533c0d8bd2c779f1202bdef1061ace1bd11fda2cc289,2022-07-28 07:36:00,Thursday,30,TRAFFIC SIGNAL,CLEAR,DAYLIGHT,TURNING,DRY,INJURY AND / OR TOW DUE TO CRASH,"OVER $1,500",FAILING TO REDUCE SPEED TO AVOID CRASH,2,INCAPACITATING INJURY,1.0,0.0,1.0,7,5,7,41.93970636,-87.67124298,"['07/28/2022', '07:36:00', 'AM']"
c2095b70abf6c151f67a938c431b4764164c2d53814c41a929f6d0ed19c0747100bc37ef65d4b507513f82361335aaeeb68a24c5b4c8601bc43515435d3d87fb,2022-07-28 05:54:00,Thursday,30,NO CONTROLS,CLEAR,DAYLIGHT,TURNING,DRY,INJURY AND / OR TOW DUE TO CRASH,"OVER $1,500",IMPROPER TURNING/NO SIGNAL,2,INCAPACITATING INJURY,1.0,0.0,1.0,5,5,7,41.70764215,-87.60101281,"['07/28/2022', '05:54:00', 'AM']"