CRASH_RECORD_ID,CRASH_DATE,Weekday,POSTED_SPEED_LIMIT,TRAFFIC_CONTROL_DEVICE,WEATHER_CONDITION,LIGHTING_CONDITION,FIRST_CRASH_TYPE,ROADWAY_SURFACE_COND,CRASH_TYPE,DAMAGE,PRIM_CONTRIBUTORY_CAUSE,NUM_UNITS,MOST_SEVERE_INJURY,INJURIES_TOTAL,INJURIES_FATAL,INJURIES_INCAPACITATING,CRASH_HOUR,CRASH_DAY_OF_WEEK,CRASH_MONTH,LATITUDE,LONGITUDE,CRASH_TIME
fed3f3580cd3bbda45fdccc0ceced91139606970e36e39d014cd4b4c94372ef1312c374d7bcd0377f04bc44f2b6885e0f245492b0b6e11d4deb2e221a283a781,2022-07-27 12:50:00,Wednesday,30,TRAFFIC SIGNAL,CLEAR,DAYLIGHT,TURNING,DRY,INJURY AND / OR TOW DUE TO CRASH,$500 OR LESS,UNABLE TO DETERMINE,2,INCAPACITATING INJURY,1.0,0.0,1.0,12,4,7,41.72198128,-87.61429253,"['07/27/2022', '12:50:00', 'PM']"
8a427a324a7d1ec041c375d0e5a44674c77ff2ce489e2587d214b249e6d1c74384e5ac5b6b3218595d53b08f7b99eeb7b30954032a439956064e067be878b80e,2022-07-27 07:40:00,Wednesday,10,NO CONTROLS,CLEAR,DAYLIGHT,PEDESTRIAN,DRY,INJURY AND / OR TOW DUE TO CRASH,$500 OR LESS,NOT APPLICABLE,2,INCAPACITATING INJURY,1.0,0.0,1.0,7,4,7,41.7974441,-87.72623915,"['07/27/2022', '07:40:00', 'AM']"
eea97e7ba2455066e413cb7254e7cb6c8482649a2befc6a08f576ff279e96e7ffeb1faf83020c1ee3a413f922f75623223ff8d894491fb2f5ecf7363d6f03f5f,2022-07-26 23:00:00,Tuesday,40,NO CONTROLS,CLEAR,"DARKNESS, LIGHTED ROAD",FIXED OBJECT,DRY,INJURY AND / OR TOW DUE TO CRASH,"OVER $1,500",FAILING TO REDUCE SPEED TO AVOID CRASH,1,INCAPACITATING INJURY,2.0,0.0,2.0,23,3,7,41.83512893,-87.60824204,"['07/26/2022', '11:00:00', 'PM']"
e171523fc54179ef772756bbee165de19705df6cf0576c00a8cc6ba3dad8753d241477b78ceef2bcc13c96d4cec3617b72e2ef9e636a08ccf973e0d44944234c,2022-07-26 17:26:00,Tuesday,30,TRAFFIC SIGNAL,CLEAR,DAYLIGHT,REAR END,DRY,INJURY AND / OR TOW DUE TO CRASH,"$501 - $1,500",NOT APPLICABLE,2,FATAL,1.0,1.0,0.0,17,3,7,41.82682115,-87.66562788,"['07/26/2022', '05:26:00', 'PM']"
7a982ed77606aa6830044bdf740edbb730290eb32b3486e5f8eae79cd0f4e2d871909327e50114eb5beb5bae4c39e27a0f2d55fa8aba87d05ddd3f57baa1aa48,2022-07-26 15:10:00,Tuesday,30,NO CONTROLS,CLEAR,DAWN,REAR END,DRY,INJURY AND / OR TOW DUE TO CRASH,"OVER $1,500",FAILING TO REDUCE SPEED TO AVOID CRASH,2,INCAPACITATING INJURY,2.0,0.0,1.0,15,3,7,41.91758599,-87.6805892,"['07/26/2022', '03:10:00', 'PM']"
33fb0be0fe69183e0310fbeed79d6570934326610787bfd157aa39853a019b038d72f51dfa0c3098283d90d3b9f0061c6b1f2970812d066d77d6d7ebdc43f9d0,2022-07-26 08:28:00,Tuesday,30,TRAFFIC SIGNAL,CLEAR,DAYLIGHT,PEDESTRIAN,DRY,INJURY AND / OR TOW DUE TO CRASH,$500 OR LESS,UNABLE TO DETERMINE,2,INCAPACITATING INJURY,1.0,0.0,1.0,8,3,7,41.86560372,-87.77173659,"['07/26/2022', '08:28:00', 'AM']"
13c7178b68f5b413010c6019d88f6d918a84d0c6c1e11e9a4bdb0f43fd4baf3cdcfa196c326ca76bbc01d3f8cb36ce5f0304738804533b7e5e16880b107fde31,2022-07-25 22:57:00,Monday,30,NO CONTROLS,CLEAR,"DARKNESS, LIGHTED ROAD",SIDESWIPE SAME DIRECTION,DRY,INJURY AND / OR TOW DUE TO CRASH,"OVER $1,500",UNABLE TO DETERMINE,2,INCAPACITATING INJURY,1.0,0.0,1.0,22,2,7,41.79254592,-87.62093751,"['07/25/2022', '10:57:00', 'PM']"
6a098f2580a5f7806e721631d0d4812710d2e1cdeecfa107eefa0cf533c68380024a4140642f87feb037802259fcad46732eb7e11f764cffd076acc4cf2e5dcb,2022-07-25 19:39:00,Monday,30,NO CONTROLS,CLEAR,DARKNESS,TURNING,DRY,INJURY AND / OR TOW DUE TO CRASH,"OVER $1,500",UNABLE TO DETERMINE,2,INCAPACITATING INJURY,3.0,0.0,1.0,19,2,7,41.88155671,-87.75505294,"['07/25/2022', '07:39:00', 'PM']"
cc43fd3f1cdcc3cc8ebe9386771ade61ceb4c03c9103bc37ecba851d4e6778f63d354e206791771c1988260a69354fb106514e3cf4dad41a2acc1238865ba562,2022-07-25 19:00:00,Monday,30,STOP SIGN/FLASHER,CLEAR,DAYLIGHT,ANGLE,DRY,INJURY AND / OR TOW DUE TO CRASH,"OVER $1,500",FAILING TO REDUCE SPEED TO AVOID CRASH,3,INCAPACITATING INJURY,1.0,0.0,1.0,19,2,7,41.81649349,-87.61993514,"['07/25/2022', '07:00:00', 'PM']"
491f5f56632e85d7ee9de44f89f66a7621be0908c467d088e6b59561e63fd4087df1ba405eded38c1b5162c0a9b6215b86fe52f192685c565be473e6741c0e63,2022-07-25 18:10:00,Monday,30,NO CONTROLS,CLEAR,DAYLIGHT,PEDALCYCLIST,DRY,INJURY AND / OR TOW DUE TO CRASH,"OVER $1,500",IMPROPER TURNING/NO SIGNAL,2,INCAPACITATING INJURY,1.0,0.0,1.0,18,2,7,41.86946059,-87.65660929,"['07/25/2022', '06:10:00', 'PM']"
60189e300b0881778ab1b438fdf7a1890544a80259ed7765ffdc4301252251d29f0112f0980005232d34bee29297b38e6c1850eaf8ccf5c718a98ba3424b1579,2022-07-25 15:30:00,Monday,30,TRAFFIC SIGNAL,CLEAR,DAYLIGHT,TURNING,DRY,INJURY AND / OR TOW DUE TO CRASH,"OVER $1,500",FAILING TO YIELD RIGHT-OF-WAY,2,INCAPACITATING INJURY,1.0,0.0,1.0,15,2,7,41.722155,-87.60467623,"['07/25/2022', '03:30:00', 'PM']"
3375126761e25b2a9dc42838e7c2086d1ee62ae2ff41e90e1ac1155b9983f93914f571b025190cedbd789d4d52f86020df0add22c7435fe8992ea454fcef04d6,2022-07-25 14:21:00,Monday,30,TRAFFIC SIGNAL,CLEAR,DAYLIGHT,TURNING,DRY,INJURY AND / OR TOW DUE TO CRASH,"$501 - $1,500",FAILING TO YIELD RIGHT-OF-WAY,3,INCAPACITATING INJURY,2.0,0.0,1.0,14,2,7,41.8693195,-87.66660996,"['07/25/2022', '02:21:00', 'PM']"
abfbdcbc25d7fdf140f5553cd560fed90fcd6ec80b53a1c259df4a43367ddc41edbfabf4e28b89190618879ea4b8ffeaa6db86e1ee03393d5d3fe5361a3b74c0,2022-07-25 08:55:00,Monday,30,NO CONTROLS,CLEAR,DAYLIGHT,FIXED OBJECT,DRY,INJURY AND / OR TOW DUE TO CRASH,"OVER $1,500",UNABLE TO DETERMINE,2,INCAPACITATING INJURY,3.0,0.0,2.0,8,2,7,41.83811415,-87.70499447,"['07/25/2022', '08:55:00', 'AM']"
e86bb1ec684b13da53b33b98d98146f9b1c85af089dcf3ebfaae889c066a10c509ac9cd39e80add8f8eea9b6d9230cc3fbb913eb3567420babcab2255d843067,2022-07-24 22:25:00,Sunday,30,TRAFFIC SIGNAL,CLEAR,"DARKNESS, LIGHTED ROAD",FIXED OBJECT,DRY,INJURY AND / OR TOW DUE TO CRASH,"OVER $1,500",IMPROPER TURNING/NO SIGNAL,1,INCAPACITATING INJURY,2.0,0.0,2.0,22,1,7,41.95385414,-87.71980011,"['07/24/2022', '10:25:00', 'PM']"
80b21a012e43db4f54560c45cb456e130df1b641143b24ac88c0d9bee68c32567ed0b57d26028fd92eb0aa5380be96f513deb77d3bf89c4fe51cd3f63b912aa3,2022-07-24 19:09:00,Sunday,30,NO CONTROLS,CLEAR,DUSK,FIXED OBJECT,DRY,INJURY AND / OR TOW DUE TO CRASH,"OVER $1,500",DISTRACTION - FROM OUTSIDE VEHICLE,1,INCAPACITATING INJURY,1.0,0.0,1.0,19,1,7,41.88787365,-87.75866812,"['07/24/2022', '07:09:00', 'PM']"
aef40e586ebff8ea7eec25e9e812fe0e02e24bf45e2df85103f8dadb322dc943c655e9867b73368c4b84d563e7e840058d28eb38f7cedf5b3675010d84a87a8c,2022-07-24 18:45:00,Sunday,35,TRAFFIC SIGNAL,CLEAR,DAYLIGHT,TURNING,DRY,INJURY AND / OR TOW DUE TO CRASH,"OVER $1,500",FAILING TO YIELD RIGHT-OF-WAY,4,INCAPACITATING INJURY,1.0,0.0,1.0,18,1,7,41.88212773,-87.68660594,"['07/24/2022', '06:45:00', 'PM']"
35c829a8527bd451c998210c42dca4fe5a262b0f207deb6434ce4ffef152d805f8c67ed1ed35cc4fe868b6f1139f9f85225ccd73677ad7406b3a852d2c1f2751,2022-07-24 17:24:00,Sunday,30,NO CONTROLS,CLEAR,DAYLIGHT,FIXED OBJECT,DRY,INJURY AND / OR TOW DUE TO CRASH,"OVER $1,500",UNABLE TO DETERMINE,1,INCAPACITATING INJURY,3.0,0.0,1.0,17,1,7,41.79936348,-87.73934924,"['07/24/2022', '05:24:00', 'PM']"
f4b4a0d19ba4527e526fedb89ce7b2ead6e8f26a27818f06cd735e4373f3255542ff1eb5e53c8dd28b2cf665ce1dd4ef8ddf5b26ff1bf794d4b7f744dbf5f84e,2022-07-24 14:30:00,Sunday,25,NO CONTROLS,CLEAR,DAYLIGHT,PEDESTRIAN,DRY,INJURY AND / OR TOW DUE TO CRASH,"OVER $1,500",FAILING TO YIELD RIGHT-OF-WAY,2,INCAPACITATING INJURY,1.0,0.0,1.0,14,1,7,41.92630915,-87.73432287,"['07/24/2022', '02:30:00', 'PM']"
a8228edb4818544edde34e76cd7ab40ff0efbb96882a8c2a0c565e67767c201a9f588a4e74cf7e47baa265d8f051020f784a8e47e30529008fab531bc1eba418,2022-07-24 03:28:00,Sunday,30,NO CONTROLS,CLEAR,"DARKNESS, LIGHTED ROAD",PARKED MOTOR VEHICLE,DRY,INJURY AND / OR TOW DUE TO CRASH,"OVER $1,500",PHYSICAL CONDITION OF DRIVER,2,INCAPACITATING INJURY,1.0,0.0,1.0,3,1,7,41.69427896,-87.62453727,"['07/24/2022', '03:28:00', 'AM']"
2c1a7c926a5c0d1de6eee8e0c1489143958bdc59af649d27b8ad66f2ebe2f79276435c18fbfa9d53d5868d5efbf9b02ac9fe67d618a73c1eb9c3cb566413bd3f,2022-07-23 22:39:00,Saturday,30,STOP SIGN/FLASHER,CLEAR,"DARKNESS, LIGHTED ROAD",PEDALCYCLIST,DRY,INJURY AND / OR TOW DUE TO CRASH,"OVER $1,500",UNABLE TO DETERMINE,2,INCAPACITATING INJURY,1.0,0.0,1.0,22,7,7,41.99779515,-87.69247307,"['07/23/2022', '10:39:00', 'PM']"
80308572fee4f76d7f87137f980c6e521b4c3ca14bc777bb72753412b7f5407324f4dc5102182a6e890e84b41c49ef2a7ebd4eb2062bc61328e8d8a3a9e4f518,2022-07-23 22:27:00,Saturday,30,TRAFFIC SIGNAL,CLEAR,"DARKNESS, LIGHTED ROAD",FIXED OBJECT,DRY,INJURY AND / OR TOW DUE TO CRASH,"OVER $1,500",UNABLE TO DETERMINE,2,INCAPACITATING INJURY,1.0,0.0,1.0,22,7,7,41.99211251,-87.78230482,"['07/23/2022', '10:27:00', 'PM']"
136ca02d0d8f73b11d9701136048a85ce44c5c95326f354b04921052871dfd3f80f7fae1a9e8125f5f2de13f8925349c06ba9c93565bf4fac3d84d59e471a658,2022-07-23 18:19:00,Saturday,30,TRAFFIC SIGNAL,CLEAR,DAYLIGHT,ANGLE,DRY,INJURY AND / OR TOW DUE TO CRASH,"OVER $1,500",UNABLE TO DETERMINE,2,INCAPACITATING INJURY,1.0,0.0,1.0,18,7,7,41.77576988,-87.57634735,"['07/23/2022', '06:19:00', 'PM']"
91e36fb13be66f579859d2e33638f76845b02c6e4d71ff535644d07ba1780cfde59ad1a394c3d44fe2724a89cc268506a6a4914c997b81bcd4776ce9dbda2d03,2022-07-23 01:50:00,Saturday,30,TRAFFIC SIGNAL,CLEAR,"DARKNESS, LIGHTED ROAD",REAR END,WET,INJURY AND / OR TOW DUE TO CRASH,"OVER $1,500",PHYSICAL CONDITION OF DRIVER,2,INCAPACITATING INJURY,3.0,0.0,2.0,1,7,7,41.87488571,-87.68631142,"['07/23/2022', '01:50:00', 'AM']"
443ce8d9df46d707ab2570ccbbed01f066dc100d52a74cfc492a2e19ece5e6d452722237440ca84df74890df5c64a4f985fad7d5fb14a486203aad976967641a,2022-07-23 00:59:00,Saturday,30,NO CONTROLS,CLEAR,DARKNESS,PARKED MOTOR VEHICLE,UNKNOWN,INJURY AND / OR TOW DUE TO CRASH,"OVER $1,500",UNABLE TO DETERMINE,3,INCAPACITATING INJURY,2.0,0.0,1.0,0,7,7,41.93237242,-87.68091758,"['07/23/2022', '12:59:00', 'AM']"
a0e73a8d729b11b841474715a62666b7910ccf8db0f85dd6e2e6b142095f2a958673675156a49b052664390a94c3e6659ac26d8871caa5c7ee356ceb9ec1e97d,2022-07-23 00:46:00,Saturday,30,NO CONTROLS,CLEAR,"DARKNESS, LIGHTED ROAD",PEDESTRIAN,DRY,INJURY AND / OR TOW DUE TO CRASH,"OVER $1,500",UNABLE TO DETERMINE,2,INCAPACITATING INJURY,1.0,0.0,1.0,0,7,7,41.77235056,-87.66069125,"['07/23/2022', '12:46:00', 'AM']"
941411d54d37130d4ed41c9b3a5e75d660eb8bde837cf60f3ab6cc13a5bcc98f7a13d8ef1f69239cdc06203e1b6ac9644c74b2e96064b69c02f8941890adccaf,2022-07-22 23:45:00,Friday,35,NO CONTROLS,CLEAR,"DARKNESS, LIGHTED ROAD",PARKED MOTOR VEHICLE,DRY,INJURY AND / OR TOW DUE TO CRASH,"OVER $1,500",PHYSICAL CONDITION OF DRIVER,2,INCAPACITATING INJURY,1.0,0.0,1.0,23,6,7,41.77327384,-87.65418411,"['07/22/2022', '11:45:00', 'PM']"
b4defe86906204fd99a0e54e0694a36b4974e865699c37d54d6bc7dead06e27915f47d51a1b2a5d81039b08c95527ef99d077a980cd3effed84991a054adff74,2022-07-22 21:00:00,Friday,30,NO CONTROLS,CLEAR,"DARKNESS, LIGHTED ROAD",ANGLE,DRY,INJURY AND / OR TOW DUE TO CRASH,"OVER $1,500",UNABLE TO DETERMINE,2,INCAPACITATING INJURY,3.0,0.0,1.0,21,6,7,41.85340674,-87.71872491,"['07/22/2022', '09:00:00', 'PM']"
addd4e86af7854d685e0fdffd9819ed05cbb47b1a8732f7cae5097e4e8df545e8f0b00b27dab5eb84ca06c3a80d5d9a55057d6413ccc6416d09aca31a20aacc8,2022-07-22 17:48:00,Friday,35,STOP SIGN/FLASHER,CLEAR,DAYLIGHT,ANGLE,DRY,INJURY AND / OR TOW DUE TO CRASH,"OVER $1,500",UNABLE TO DETERMINE,2,INCAPACITATING INJURY,3.0,0.0,1.0,17,6,7,41.94636141,-87.720044,"['07/22/2022', '05:48:00', 'PM']"
4112c91c4c07b575ce12bf5b33f905bc23ac15a4d5e224350547acd0e6371fc544df4405967966ffbd8401bc44b3d281289c683ae18eaafb2d0fe672dcd29b0e,2022-07-22 16:50:00,Friday,25,NO CONTROLS,CLEAR,DAYLIGHT,REAR TO SIDE,DRY,INJURY AND / OR TOW DUE TO CRASH,"OVER $1,500",UNABLE TO DETERMINE,3,INCAPACITATING INJURY,1.0,0.0,1.0,16,6,7,41.80096195,-87.67678848,"['07/22/2022', '04:50:00', 'PM']"
659f39380ad7bed0c94193055a92c3510d45b25d7a142cdf4fab831e7d987fc268070f1fd52e1de7197fa289f0c01e2835c4c98db941d0bc3667d4a9d82e2ebf,2022-07-22 15:11:00,Friday,35,NO CONTROLS,CLEAR,DAYLIGHT,TURNING,DRY,INJURY AND / OR TOW DUE TO CRASH,"OVER $1,500",FAILING TO YIELD RIGHT-OF-WAY,2,INCAPACITATING INJURY,1.0,0.0,1.0,15,6,7,41.86673553,-87.64231951,"['07/22/2022', '03:11:00', 'PM']"
4b95664c6273b654d93c8ea750edca5b776518f22ef83c330ad5e7178ecc4a3dabdefff73bf62de8aae633a79f8604b3e413786f3b969b7e12ca7d00d77c580f,2022-07-22 13:58:00,Friday,25,STOP SIGN/FLASHER,CLEAR,DAYLIGHT,REAR END,DRY,INJURY AND / OR TOW DUE TO CRASH,"$501 - $1,500",FOLLOWING TOO CLOSELY,2,INCAPACITATING INJURY,1.0,0.0,1.0,13,6,7,41.7510225,-87.62698029,"['07/22/2022', '01:58:00', 'PM']"
9c7efe369a9a710a9a106966ce48f8e8295689c012a866b2cb3de858a4114cdaf70aabb62c67257857186c83a33269282cebd9286c786071412e7d11538c5d34,2022-07-22 13:00:00,Friday,35,STOP SIGN/FLASHER,CLEAR,DAYLIGHT,ANGLE,DRY,INJURY AND / OR TOW DUE TO CRASH,"OVER $1,500",UNABLE TO DETERMINE,2,INCAPACITATING INJURY,2.0,0.0,2.0,13,6,7,41.81825163,-87.62322001,"['07/22/2022', '01:00:00', 'PM']"
ad6d9924957424b0095d8a4d058a9e68ed260f33f13c2a788ed981571ddc9c20c48897c456e4120858c1fbd7ba25fbd796ceecf1a3b196741b710efa3a900085,2022-07-22 12:08:00,Friday,45,NO CONTROLS,CLEAR,DAYLIGHT,FIXED OBJECT,DRY,INJURY AND / OR TOW DUE TO CRASH,"OVER $1,500",UNABLE TO DETERMINE,1,FATAL,2.0,1.0,0.0,12,6,7,41.85101978,-87.61388212,"['07/22/2022', '12:08:00', 'PM']"
a24e43b24590958920ea5923d94488f4bdd6105ea2825233d07c5a1ea92cd119ed114589097464afe7c6c6563e2b809926179e8414b4dbe73c80f149c1edccb3,2022-07-22 11:20:00,Friday,30,NO CONTROLS,CLEAR,DAYLIGHT,TURNING,DRY,INJURY AND / OR TOW DUE TO CRASH,"OVER $1,500",FOLLOWING TOO CLOSELY,2,INCAPACITATING INJURY,2.0,0.0,1.0,11,6,7,41.74048897,-87.70199388,"['07/22/2022', '11:20:00', 'AM']"
be85d974a040a390744e89ef90dd35869a7a622ecaba9acd8f29200acc4abdb166b1e68dd751c76f18ec96aad7bb3a6204264d0f78cdf46ca7f78d5dfde532d9,2022-07-22 10:00:00,Friday,30,TRAFFIC SIGNAL,CLEAR,DAYLIGHT,REAR END,DRY,INJURY AND / OR TOW DUE TO CRASH,"OVER $1,500",FOLLOWING TOO CLOSELY,2,INCAPACITATING INJURY,1.0,0.0,1.0,10,6,7,41.91215211,-87.68741582,"['07/22/2022', '10:00:00', 'AM']"
2ab1004d43e6160524de6d706b166973fc8a68f057c8ef8c9b2d83c4cf2eee35c4074dbb4066bf0cfe04e7763ceb4de5881401c18b3cc3c0087fcc3fb8ba7c3d,2022-07-22 06:50:00,Friday,35,NO CONTROLS,CLEAR,DAYLIGHT,TURNING,DRY,INJURY AND / OR TOW DUE TO CRASH,"OVER $1,500",FAILING TO YIELD RIGHT-OF-WAY,2,INCAPACITATING INJURY,1.0,0.0,1.0,6,6,7,41.73664085,-87.61260287,"['07/22/2022', '06:50:00', 'AM']"
bac09a6b609b49dbd3e94ba67386d0116e62405fca678e0ca771828f98b2f0366ee76ffb00fa8b8e5ec694e77fef9a467dbd9467bf5e639df377f6b05b3903e3,2022-07-21 23:48:00,Thursday,35,TRAFFIC SIGNAL,CLEAR,"DARKNESS, LIGHTED ROAD",ANGLE,DRY,INJURY AND / OR TOW DUE TO CRASH,"OVER $1,500",DISREGARDING TRAFFIC SIGNALS,5,FATAL,4.0,1.0,2.0,23,5,7,41.98605087,-87.66028894,"['07/21/2022', '11:48:00', 'PM']"
ee058ed1b5a87649621500ed9b70858b64b9f94980d2587f640c526436012872070176e82ff85a08958912287059202264cf668795f645fba0927e05447e4d71,2022-07-21 21:46:00,Thursday,30,NO CONTROLS,CLEAR,"DARKNESS, LIGHTED ROAD",OTHER OBJECT,DRY,INJURY AND / OR TOW DUE TO CRASH,"OVER $1,500",NOT APPLICABLE,1,INCAPACITATING INJURY,1.0,0.0,1.0,21,5,7,41.73258159,-87.62417903,"['07/21/2022', '09:46:00', 'PM']"
384eb0c70073201e40362666d3e7236f7162056f2cb4823459650e353158abc129e591041acebb00e92849e716241afcb320cd9942d775516cb81bd720057f7b,2022-07-21 14:45:00,Thursday,30,NO CONTROLS,CLEAR,DAYLIGHT,ANGLE,DRY,INJURY AND / OR TOW DUE TO CRASH,"OVER $1,500",FAILING TO YIELD RIGHT-OF-WAY,2,INCAPACITATING INJURY,1.0,0.0,1.0,14,5,7,41.94462529,-87.71279769,"['07/21/2022', '02:45:00', 'PM']"
1daafabb1d40a337189092aa4dbae87ea7f75f52fe78bb8618af4dcc7d69f6717cd50fc3e2ec678e637702cd824d0b38ece5cedd9417b3712ea5a90364122bae,2022-07-21 13:20:00,Thursday,30,NO CONTROLS,CLEAR,DAYLIGHT,PEDALCYCLIST,DRY,INJURY AND / OR TOW DUE TO CRASH,"$501 - $1,500",UNABLE TO DETERMINE,2,INCAPACITATING INJURY,1.0,0.0,1.0,13,5,7,41.77906768,-87.70408848,"['07/21/2022', '01:20:00', 'PM']"
dd124c0e39ee817765d221279a0d63f16c1263152764e42f7749458dab2982e6e5e02325279ba1923a62db92c3ecf7a2a88b24569f1eecca37f8154e98e8f319,2022-07-20 15:57:00,Wednesday,30,STOP SIGN/FLASHER,CLEAR,DAYLIGHT,PEDALCYCLIST,DRY,INJURY AND / OR TOW DUE TO CRASH,"OVER $1,500",FAILING TO YIELD RIGHT-OF-WAY,2,INCAPACITATING INJURY,1.0,0.0,1.0,15,4,7,41.8955598,-87.69411207,"['07/20/2022', '03:57:00', 'PM']"
87d120200107c57d2d1a041907cfc10edfaa144bddcbfdac5439c20f4500a3a2c5030ac58f4e41ae6ddc7445f694f114990daaf555cae94c71d07a7a1df33e89,2022-07-20 15:30:00,Wednesday,20,NO CONTROLS,CLEAR,DAYLIGHT,ANGLE,DRY,INJURY AND / OR TOW DUE TO CRASH,"OVER $1,500",FAILING TO REDUCE SPEED TO AVOID CRASH,2,INCAPACITATING INJURY,2.0,0.0,2.0,15,4,7,41.79465663,-87.63285682,"['07/20/2022', '03:30:00', 'PM']"
8d36e555c460323bf129b6b61e7709f2f0b8c5200ef2b2788c8afa7970a101294d6cc90305d322901dc70a5efe4c2cf471b36381589df6f35d555c4a36bdc866,2022-07-20 13:30:00,Wednesday,30,TRAFFIC SIGNAL,CLEAR,DAYLIGHT,PEDALCYCLIST,DRY,INJURY AND / OR TOW DUE TO CRASH,"OVER $1,500",UNABLE TO DETERMINE,2,INCAPACITATING INJURY,1.0,0.0,1.0,13,4,7,41.98999473,-87.6554546,"['07/20/2022', '01:30:00', 'PM']"
858289c84be7de1e971234ed07b383636ad5456f030837605b4679d8545f0754258d4abdb9b0f57bc8aaece7e9ca0a5815e2a19031b40e2c4e43de2c4b690c11,2022-07-20 10:55:00,Wednesday,30,TRAFFIC SIGNAL,CLEAR,DAYLIGHT,PEDESTRIAN,DRY,INJURY AND / OR TOW DUE TO CRASH,$500 OR LESS,IMPROPER TURNING/NO SIGNAL,2,INCAPACITATING INJURY,1.0,0.0,1.0,10,4,7,41.86693099,-87.67154489,"['07/20/2022', '10:55:00', 'AM']"
21f3694a29c27526e7902fb1f6edb96cd31fc5cae933f45e4b496fd2ad019676d954a0097b023b9cb40df593e16bccbe1fddc19136f5b0540c820c460b60cb53,2022-07-20 10:37:00,Wednesday,30,NO CONTROLS,CLEAR,DAYLIGHT,FIXED OBJECT,DRY,INJURY AND / OR TOW DUE TO CRASH,"OVER $1,500",PHYSICAL CONDITION OF DRIVER,1,INCAPACITATING INJURY,1.0,0.0,1.0,10,4,7,41.79865118,-87.7422871,"['07/20/2022', '10:37:00', 'AM']"
86c8781e8cd160bf6414a2b41959aad1b8a94f40498d972595f9a000e35f9177c173503a1a4c518daad6b367b1377e796c8b59fe82c753f1c1f46b00f581a8e4,2022-07-20 08:19:00,Wednesday,30,NO CONTROLS,CLEAR,DAYLIGHT,TURNING,DRY,INJURY AND / OR TOW DUE TO CRASH,"OVER $1,500",UNABLE TO DETERMINE,2,INCAPACITATING INJURY,1.0,0.0,1.0,8,4,7,41.89511547,-87.74569575,"['07/20/2022', '08:19:00', 'AM']"
f275ae3e4fa6dadf47de113b3ec9bbe280b7b21d7a8e03421389ad5c33bf73a46afd99e2f33ddab6b49415a36d039e0bc9b1a792e6e7d139eaaf959e8ae6844d,2022-07-20 07:00:00,Wednesday,30,NO CONTROLS,CLEAR,DAYLIGHT,PARKED MOTOR VEHICLE,DRY,INJURY AND / OR TOW DUE TO CRASH,"OVER $1,500",FAILING TO REDUCE SPEED TO AVOID CRASH,3,INCAPACITATING INJURY,1.0,0.0,1.0,7,4,7,41.74321467,-87.64766881,"['07/20/2022', '07:00:00', 'AM']"
1a0534ed19e037bbe28f124ebcb013691c0f2309f6f2b3eb18a375130ec3f56eb0b1e34b15bd74ddccce07ea6a10149d154db03b098e280a32d7830730b51cf9,2022-07-20 00:40:00,Wednesday,30,NO CONTROLS,CLEAR,"DARKNESS, LIGHTED ROAD",PARKED MOTOR VEHICLE,DRY,INJURY AND / OR TOW DUE TO CRASH,"OVER $1,500",UNABLE TO DETERMINE,2,INCAPACITATING INJURY,1.0,0.0,1.0,0,4,7,41.93077958,-87.79516279,"['07/20/2022', '12:40:00', 'AM']"
0e8fa6931a242aa80228f17d8548bf8170bf5b02c1c396b0314973603e7fefff4fcfc9acb20a1cef54aa336be2fb4307b518dc7e2ee5ba21924d590265f8e254,2022-07-19 19:22:00,Tuesday,30,TRAFFIC SIGNAL,CLEAR,DAYLIGHT,PEDESTRIAN,DRY,INJURY AND / OR TOW DUE TO CRASH,"OVER $1,500",UNABLE TO DETERMINE,2,INCAPACITATING INJURY,1.0,0.0,1.0,19,3,7,41.77549242,-87.57505477,"['07/19/2022', '07:22:00', 'PM']"
c2e3aa555552db5ed6f64685a1d54b5b5fdbe565bccc9468dd1cce5900b02e7216ef56fbb3a7e5bd4ae4856b943a214ccb7a205a8d147cc2cf819b4173631d0c,2022-07-19 18:16:00,Tuesday,30,NO CONTROLS,CLEAR,DAYLIGHT,PEDALCYCLIST,DRY,INJURY AND / OR TOW DUE TO CRASH,$500 OR LESS,FAILING TO YIELD RIGHT-OF-WAY,2,INCAPACITATING INJURY,1.0,0.0,1.0,18,3,7,41.9307694,-87.79588901,"['07/19/2022', '06:16:00', 'PM']"
5b9c2c3d95aa6d6874960bb86e69c799569b54a4bd4954101f4c8821bd7c00a41143e074d1a4ca39b562ae9febbeee3a8896d3dcb3681c9fb6bc11a9cc84a69d,2022-07-19 17:27:00,Tuesday,30,STOP SIGN/FLASHER,CLEAR,DAYLIGHT,ANGLE,DRY,INJURY AND / OR TOW DUE TO CRASH,"OVER $1,500",DISREGARDING STOP SIGN,2,INCAPACITATING INJURY,4.0,0.0,4.0,17,3,7,41.76351932,-87.62987307,"['07/19/2022', '05:27:00', 'PM']"
a3fa1b428e9598fe72b5403262d4e22c45622e6d73f1def194a8b8956416c5dffede30e63d01d1f347c45d947e73f5ca5e1501ee086170964abea587355abc5b,2022-07-19 16:15:00,Tuesday,30,NO CONTROLS,CLEAR,DAYLIGHT,REAR END,DRY,INJURY AND / OR TOW DUE TO CRASH,"OVER $1,500",IMPROPER OVERTAKING/PASSING,2,INCAPACITATING INJURY,1.0,0.0,1.0,16,3,7,41.77551136,-87.68339828,"['07/19/2022', '04:15:00', 'PM']"