CRASH_RECORD_ID,CRASH_DATE,Weekday,POSTED_SPEED_LIMIT,TRAFFIC_CONTROL_DEVICE,WEATHER_CONDITION,LIGHTING_CONDITION,FIRST_CRASH_TYPE,ROADWAY_SURFACE_COND,CRASH_TYPE,DAMAGE,PRIM_CONTRIBUTORY_CAUSE,NUM_UNITS,MOST_SEVERE_INJURY,INJURIES_TOTAL,INJURIES_FATAL,INJURIES_INCAPACITATING,CRASH_HOUR,CRASH_DAY_OF_WEEK,CRASH_MONTH,LATITUDE,LONGITUDE,CRASH_TIME
0329a8572fd31e12dd663893a5783fd34dd8a6818af3e4925571884b34db6af81e6b49edae075f7fb3868fb60548b12ff999b3d32a9ac61ab14c1a5a7603fbf6,2022-06-24 01:21:00,Friday,35,TRAFFIC SIGNAL,CLEAR,"DARKNESS, LIGHTED ROAD",ANGLE,DRY,INJURY AND / OR TOW DUE TO CRASH,"OVER $1,500",DISREGARDING OTHER TRAFFIC SIGNS,2,INCAPACITATING INJURY,2.0,0.0,2.0,1,6,6,41.69226942,-87.65882128,"['06/24/2022', '01:21:00', 'AM']"
843834ca700fc56653d097d15e19a950c681087052ec32c244639af7a877bc482824b842d1ef145bc62a8a27f30f956d935be9da5deffb974205c176d41f5acc,2022-06-23 17:10:00,Thursday,30,STOP SIGN/FLASHER,CLEAR,DAYLIGHT,ANGLE,DRY,INJURY AND / OR TOW DUE TO CRASH,"OVER $1,500",UNABLE TO DETERMINE,2,INCAPACITATING INJURY,1.0,0.0,1.0,17,5,6,41.99750709,-87.70711191,"['06/23/2022', '05:10:00', 'PM']"
b223c708d530f8834b99a886a4c471b10e6112465fbb3bf94372e012cfa7ea25ebc84dcb8a549d3ad29565cd65b1dfb76ad889a6d78636b11d55458784d4a9ca,2022-06-23 12:00:00,Thursday,30,TRAFFIC SIGNAL,CLEAR,DAYLIGHT,PEDESTRIAN,DRY,INJURY AND / OR TOW DUE TO CRASH,"OVER $1,500",UNABLE TO DETERMINE,2,INCAPACITATING INJURY,1.0,0.0,1.0,12,5,6,41.97633469,-87.65484971,"['06/23/2022', '12:00:00', 'PM']"
9bd15915db3a74c0302c9f4129679dec3651aa6420632a5e4f15667b79af7ef394c09b0bac79c5229efa6f8492c964edaa3569d2bbbd0049c21c878d69f73714,2022-06-23 11:00:00,Thursday,25,TRAFFIC SIGNAL,CLEAR,DAYLIGHT,ANGLE,DRY,INJURY AND / OR TOW DUE TO CRASH,"OVER $1,500",DISREGARDING TRAFFIC SIGNALS,2,INCAPACITATING INJURY,1.0,0.0,1.0,11,5,6,41.87491308,-87.67634436,"['06/23/2022', '11:00:00', 'AM']"
38a3b31fe9935e10ac676c1a79d8c8f8b0401fc2b07ac6891494808d636eab967434691291ac1d972d22fa045f381b631c74d47fe9437b58bba8768da321ab2e,2022-06-23 10:45:00,Thursday,30,NO CONTROLS,CLEAR,DAYLIGHT,PEDESTRIAN,DRY,INJURY AND / OR TOW DUE TO CRASH,"$501 - $1,500",DRIVING SKILLS/KNOWLEDGE/EXPERIENCE,2,INCAPACITATING INJURY,1.0,0.0,1.0,10,5,6,41.8123694,-87.66521392,"['06/23/2022', '10:45:00', 'AM']"
b3360b4fed20ba437d38efdb213335201fc6f9f988d6363855b4376371bcd0fbd30209fddd9be90b898c6ddcbf26e54ef49d8e5423d628706e3a089fbff8317a,2022-06-23 06:18:00,Thursday,30,NO CONTROLS,CLEAR,DAYLIGHT,PEDESTRIAN,DRY,INJURY AND / OR TOW DUE TO CRASH,"OVER $1,500",FAILING TO YIELD RIGHT-OF-WAY,3,INCAPACITATING INJURY,2.0,0.0,1.0,6,5,6,41.9298297,-87.72706952,"['06/23/2022', '06:18:00', 'AM']"
068d83ea8128d3e48b88d12976a95984e6e5eb440c9762e91134b6ded8c0c171a94bb266df35ff3dd50a22e931af931673dad2c4a1ff1fa27146b838fdc0735c,2022-06-22 23:45:00,Wednesday,30,NO CONTROLS,CLEAR,"DARKNESS, LIGHTED ROAD",PEDESTRIAN,DRY,INJURY AND / OR TOW DUE TO CRASH,$500 OR LESS,UNABLE TO DETERMINE,2,INCAPACITATING INJURY,1.0,0.0,1.0,23,4,6,41.76524224,-87.64791306,"['06/22/2022', '11:45:00', 'PM']"
b0fb4aa100c5bda5372c36dc0dce0bade39d81f718cad15b6211993f1ee07a05897d3165ac384185b69c5d819989b0aef49aab8e035087b24a7c17ade9dde6f6,2022-06-22 20:24:00,Wednesday,30,STOP SIGN/FLASHER,CLEAR,DUSK,PEDALCYCLIST,DRY,INJURY AND / OR TOW DUE TO CRASH,"OVER $1,500",UNABLE TO DETERMINE,2,INCAPACITATING INJURY,1.0,0.0,1.0,20,4,6,41.80094198,-87.58763679,"['06/22/2022', '08:24:00', 'PM']"
75de68070ec907080262daf1c6cb8e83dd63f509a199d4f378f3a826bf999175b59cc5b6590b27bc7bc5d0411edca5e422d767f007a362493facab0bb4e6cca0,2022-06-22 18:39:00,Wednesday,40,NO CONTROLS,CLEAR,DAYLIGHT,FIXED OBJECT,DRY,INJURY AND / OR TOW DUE TO CRASH,"OVER $1,500",NOT APPLICABLE,1,INCAPACITATING INJURY,1.0,0.0,1.0,18,4,6,41.87694719,-87.61701982,"['06/22/2022', '06:39:00', 'PM']"
48f5009feca3c2a0b1d057a88b1864fe5faa6079a1608e9d33b5aebad14e206f4139bae716023653283402edb7250dd3d500e77ce906930d484dd6fa862565b5,2022-06-22 17:30:00,Wednesday,30,STOP SIGN/FLASHER,CLEAR,DAYLIGHT,ANGLE,DRY,INJURY AND / OR TOW DUE TO CRASH,"OVER $1,500",UNABLE TO DETERMINE,2,INCAPACITATING INJURY,1.0,0.0,1.0,17,4,6,41.91047696,-87.68013417,"['06/22/2022', '05:30:00', 'PM']"
1a95e43f902c0b33f354edca9487f974fb0949a73ec3e6d34ae05af5e4a62296122d23a55326d6724834bd2ebcfb058807d655e80ffffce24f6b9afeedbc6cf9,2022-06-22 17:30:00,Wednesday,30,NO CONTROLS,CLEAR,DAWN,REAR END,DRY,INJURY AND / OR TOW DUE TO CRASH,"OVER $1,500",UNABLE TO DETERMINE,3,INCAPACITATING INJURY,1.0,0.0,1.0,17,4,6,41.79369316,-87.69984021,"['06/22/2022', '05:30:00', 'PM']"
86b16402eb38a5c86e14f2e98276adeadb53ab32d74671616e3e44eb26f4ac642ffdda15b83e0d924ee1f3cbe26966a8aa3a395ef29ad85edb846347bece2ca2,2022-06-22 15:16:00,Wednesday,30,NO CONTROLS,CLEAR,DAYLIGHT,REAR END,DRY,INJURY AND / OR TOW DUE TO CRASH,"OVER $1,500",FOLLOWING TOO CLOSELY,3,INCAPACITATING INJURY,3.0,0.0,1.0,15,4,6,41.79417904,-87.6622224,"['06/22/2022', '03:16:00', 'PM']"
900d625b8b99874bde1f00ea69e4c35d463ca4362611a2ea0866d81d9f37e1dbbce557e59b48fd2ca3f6952da74ece237ff78e0f81034bbf50d7501c653d9c2a,2022-06-22 15:01:00,Wednesday,30,TRAFFIC SIGNAL,CLEAR,DAYLIGHT,TURNING,DRY,INJURY AND / OR TOW DUE TO CRASH,"OVER $1,500",UNABLE TO DETERMINE,2,INCAPACITATING INJURY,3.0,0.0,1.0,15,4,6,42.01941677,-87.6902932,"['06/22/2022', '03:01:00', 'PM']"
2dffe144a134e56f4b562fa1abe7f028a7b4a0d1a4967652ebc61ab493eadaa228db3d418b8236c3ecef2fca40358bad21541fd83c2da707632c6f5c4cf47122,2022-06-22 13:52:00,Wednesday,30,TRAFFIC SIGNAL,CLEAR,DAYLIGHT,TURNING,DRY,INJURY AND / OR TOW DUE TO CRASH,"OVER $1,500",FAILING TO YIELD RIGHT-OF-WAY,2,INCAPACITATING INJURY,3.0,0.0,1.0,13,4,6,41.76874434,-87.64465138,"['06/22/2022', '01:52:00', 'PM']"
5fea6294a44982d53c68dc21865553f1740da36ce35f0abfd3a68f33de82f601d1a7ea459eaae671f516d9fc2118848550b36e4059b7b366f55250359da61808,2022-06-22 10:28:00,Wednesday,30,NO CONTROLS,CLEAR,DAYLIGHT,PEDALCYCLIST,DRY,INJURY AND / OR TOW DUE TO CRASH,"OVER $1,500",FAILING TO YIELD RIGHT-OF-WAY,2,INCAPACITATING INJURY,1.0,0.0,1.0,10,4,6,41.97402789,-87.78052046,"['06/22/2022', '10:28:00', 'AM']"
3f96febb3f4df13801afa7e4a3f126c08ec031502d93a48e62a87b52a3aa151f84cfac739aabdd2194fa8a3d7a7161a5af24d13f55f8cfdf1d1ef16977e8bb6e,2022-06-22 08:01:00,Wednesday,25,NO CONTROLS,CLEAR,DAYLIGHT,OTHER OBJECT,DRY,INJURY AND / OR TOW DUE TO CRASH,"OVER $1,500",UNABLE TO DETERMINE,1,INCAPACITATING INJURY,1.0,0.0,1.0,8,4,6,41.85221928,-87.66587654,"['06/22/2022', '08:01:00', 'AM']"
2986716ff5d52a8d1b828cd5b1b388fb2b843bbf47f434674bf725230848b55efa5dbc072231a1734b8bb4bdb7f3ffa1553506e23e8857f5bf4451b4ef1569a6,2022-06-22 03:50:00,Wednesday,30,NO CONTROLS,CLEAR,"DARKNESS, LIGHTED ROAD",FIXED OBJECT,DRY,INJURY AND / OR TOW DUE TO CRASH,"OVER $1,500",UNABLE TO DETERMINE,1,INCAPACITATING INJURY,1.0,0.0,1.0,3,4,6,41.8766711,-87.69602499,"['06/22/2022', '03:50:00', 'AM']"
2a7d76e00d311bfabc36600ab050be80c19f157c1fc305fed6f42bf462c33ed908e4de05e5cfaa0ba4abb6bc76b77a3dff97ad385a04e8b37cd71a94a6a5c260,2022-06-21 21:27:00,Tuesday,30,NO CONTROLS,CLEAR,"DARKNESS, LIGHTED ROAD",PEDESTRIAN,DRY,INJURY AND / OR TOW DUE TO CRASH,"OVER $1,500",UNABLE TO DETERMINE,2,INCAPACITATING INJURY,1.0,0.0,1.0,21,3,6,41.90921836,-87.76952337,"['06/21/2022', '09:27:00', 'PM']"
d422946ec23f7742b31d85d94ad5c8710066290caa595871bb88a734fdcb8adfe6df4ac3fc6de8928833cee06ed2091fbbf5fb05edaf0e326259490724138837,2022-06-21 21:25:00,Tuesday,30,TRAFFIC SIGNAL,CLEAR,"DARKNESS, LIGHTED ROAD",TURNING,DRY,INJURY AND / OR TOW DUE TO CRASH,"OVER $1,500",FAILING TO YIELD RIGHT-OF-WAY,2,INCAPACITATING INJURY,3.0,0.0,1.0,21,3,6,41.68502626,-87.64229737,"['06/21/2022', '09:25:00', 'PM']"
1d7551df17fd2cbea06e8e5ca44c7de9efaec5ad3f95e2f94473cfa42496f30d17e171dd198d8c8ce760a57de80408590c994d3a07b2154906bfac643fa7c51b,2022-06-21 21:22:00,Tuesday,30,NO CONTROLS,CLEAR,"DARKNESS, LIGHTED ROAD",PEDALCYCLIST,DRY,INJURY AND / OR TOW DUE TO CRASH,"OVER $1,500",IMPROPER LANE USAGE,2,INCAPACITATING INJURY,1.0,0.0,1.0,21,3,6,41.94206067,-87.80674505,"['06/21/2022', '09:22:00', 'PM']"
727783f5db54273decf0d97f7a5a7e7dd2e3f5d7c9fced1f201ba61971056d0661fda23762b0485a600417aba6aab96f9c028a271e77404376549dffbfab9dc3,2022-06-21 18:38:00,Tuesday,35,RAILROAD CROSSING GATE,CLEAR,DAYLIGHT,REAR END,DRY,INJURY AND / OR TOW DUE TO CRASH,"OVER $1,500",DISTRACTION - FROM OUTSIDE VEHICLE,2,INCAPACITATING INJURY,1.0,0.0,1.0,18,3,6,41.72125573,-87.66755095,"['06/21/2022', '06:38:00', 'PM']"
604413304c774bdb4b892d3f8d360965dc04b76209d55d43e1553a5a900c94751d34a55479e070c6259bd0ef85b072fb1dcda8ae36f8caa0ca1095a718c103b1,2022-06-21 15:30:00,Tuesday,30,NO CONTROLS,CLEAR,DAYLIGHT,REAR END,DRY,INJURY AND / OR TOW DUE TO CRASH,"OVER $1,500",UNABLE TO DETERMINE,2,INCAPACITATING INJURY,1.0,0.0,1.0,15,3,6,41.85182547,-87.70942733,"['06/21/2022', '03:30:00', 'PM']"
06c1df3381cadee797e8d49ce33d47e872f569194e64f121fbd38071a02077df0e9fdc69687ec9b12b42f5003358c28761dc31134ee785f751bc91139243ce18,2022-06-21 09:55:00,Tuesday,30,TRAFFIC SIGNAL,CLEAR,DAYLIGHT,PEDESTRIAN,DRY,INJURY AND / OR TOW DUE TO CRASH,$500 OR LESS,FAILING TO REDUCE SPEED TO AVOID CRASH,2,INCAPACITATING INJURY,1.0,0.0,1.0,9,3,6,41.88111828,-87.68628334,"['06/21/2022', '09:55:00', 'AM']"
d8a3713ea968a27241b074bd4706786be5fec47e9788b34e604a55b85e77184a0af04d8d5097691d90bf5fe172c6966bd732ffb9f253f22630a6bcf9c8aaf2f2,2022-06-21 02:15:00,Tuesday,30,TRAFFIC SIGNAL,CLEAR,"DARKNESS, LIGHTED ROAD",ANGLE,DRY,INJURY AND / OR TOW DUE TO CRASH,"OVER $1,500",DISREGARDING TRAFFIC SIGNALS,2,INCAPACITATING INJURY,2.0,0.0,1.0,2,3,6,41.87619198,-87.68633785,"['06/21/2022', '02:15:00', 'AM']"
f328b31d07b72f144b3c564f43db8e6d1997d51ce92de1ccb2e907a86ed9071a354a2135944bb604c6b182168e52e1905afe04a08c4be9a4ea6f9d81a774dd24,2022-06-20 18:48:00,Monday,30,TRAFFIC SIGNAL,CLEAR,DAYLIGHT,TURNING,DRY,INJURY AND / OR TOW DUE TO CRASH,"OVER $1,500",FAILING TO YIELD RIGHT-OF-WAY,2,INCAPACITATING INJURY,1.0,0.0,1.0,18,2,6,41.94682032,-87.69417817,"['06/20/2022', '06:48:00', 'PM']"
f51c30613990f3c7c240fb6d794e8098c31a77740abee155844da45cc9714fc25cbf06063facc2a1bf6df559b9f27eec1fa0d9e6a82ac0e850faa6a460687b22,2022-06-20 17:23:00,Monday,30,PEDESTRIAN CROSSING SIGN,CLEAR,DAYLIGHT,PEDESTRIAN,UNKNOWN,INJURY AND / OR TOW DUE TO CRASH,"OVER $1,500",DISREGARDING YIELD SIGN,2,INCAPACITATING INJURY,1.0,0.0,1.0,17,2,6,41.93774749,-87.68823543,"['06/20/2022', '05:23:00', 'PM']"
68dc9a6792fca72295c6396838e3db209c507bbe234806eec34b0773c86694909878b12d34b3a2323d902a66ee78ef2f1cf2b69c26c14e2d24ffc46f22cdad98,2022-06-20 11:40:00,Monday,30,STOP SIGN/FLASHER,CLEAR,DAYLIGHT,PEDESTRIAN,DRY,INJURY AND / OR TOW DUE TO CRASH,"OVER $1,500",DISREGARDING STOP SIGN,2,INCAPACITATING INJURY,1.0,0.0,1.0,11,2,6,41.69448842,-87.62535923,"['06/20/2022', '11:40:00', 'AM']"
c871b524e4ff26f502f2ed695ed4e605242e43a88fb7e001adf712f9f5abe760045147a816ecd833f113fdf0ea2e5381e8ef14951f53a91298d17b258618dd73,2022-06-20 10:20:00,Monday,30,TRAFFIC SIGNAL,CLEAR,DARKNESS,TURNING,DRY,INJURY AND / OR TOW DUE TO CRASH,"OVER $1,500",IMPROPER TURNING/NO SIGNAL,2,INCAPACITATING INJURY,1.0,0.0,1.0,10,2,6,41.89169467,-87.6240462,"['06/20/2022', '10:20:00', 'AM']"
13f7662e68e76574a028bdc44c4a70e9016b50cef8338cfe7f8cdfa4fb6c6d17d5fff0247bf44637e39071e7686d6e5fc239f9c64bf85125276db71ace93e612,2022-06-20 10:00:00,Monday,30,NO CONTROLS,CLEAR,DAYLIGHT,TURNING,DRY,INJURY AND / OR TOW DUE TO CRASH,"OVER $1,500",FAILING TO YIELD RIGHT-OF-WAY,3,INCAPACITATING INJURY,1.0,0.0,1.0,10,2,6,41.87638849,-87.66681235,"['06/20/2022', '10:00:00', 'AM']"
71b39f9c61d3c9f8d75da10c1570aa0f561c0d07f055412ed03804e605faeeba361174744845bc4358522aae771c0f5b2bc5d42ccacfe92df2da79483d073106,2022-06-19 23:50:00,Sunday,30,TRAFFIC SIGNAL,CLEAR,"DARKNESS, LIGHTED ROAD",PEDESTRIAN,UNKNOWN,INJURY AND / OR TOW DUE TO CRASH,"OVER $1,500",FAILING TO YIELD RIGHT-OF-WAY,2,INCAPACITATING INJURY,1.0,0.0,1.0,23,1,6,41.87553042,-87.62756888,"['06/19/2022', '11:50:00', 'PM']"
a6e97c39e4a84a4e9862b8edf4c10c062b4ff00c3d8066dea1d02d7c4bac7b32122e97bce09d904902adf8f1dcf25e0b69d450c0d00d5671903e0d980610c325,2022-06-19 17:58:00,Sunday,30,NO CONTROLS,CLEAR,DAYLIGHT,FIXED OBJECT,DRY,INJURY AND / OR TOW DUE TO CRASH,"OVER $1,500",UNABLE TO DETERMINE,1,INCAPACITATING INJURY,2.0,0.0,1.0,17,1,6,41.93737384,-87.68537718,"['06/19/2022', '05:58:00', 'PM']"
fd0326877b8376e9fab399c75897d5336d24b8cbe6ae6447828c7badabc4f75a2301a7f7dfbbe22902614ef671f4f392b27016a82301f20446241e05d180b8ed,2022-06-19 15:15:00,Sunday,30,NO CONTROLS,CLEAR,DAYLIGHT,PARKED MOTOR VEHICLE,DRY,INJURY AND / OR TOW DUE TO CRASH,"OVER $1,500",IMPROPER OVERTAKING/PASSING,2,INCAPACITATING INJURY,1.0,0.0,1.0,15,1,6,41.76504489,-87.72256657,"['06/19/2022', '03:15:00', 'PM']"
4105b09b79dcedfdfbb5ee4f5259a287f7ac997d188a9291794befb6568590ccb6cdf7bd4dce000831f422b12bc142cf524bac0f095fcc0b178993fb888173ca,2022-06-19 14:40:00,Sunday,30,NO CONTROLS,CLEAR,DAYLIGHT,HEAD ON,DRY,INJURY AND / OR TOW DUE TO CRASH,"OVER $1,500",IMPROPER OVERTAKING/PASSING,2,INCAPACITATING INJURY,2.0,0.0,1.0,14,1,6,41.89067856,-87.72120418,"['06/19/2022', '02:40:00', 'PM']"
fd7022de7562f56c19d38007719d193efbe102a075dce02529422bb8dd35daef14efbb159ba252fc0ccf88c8b626c928d5135811b4b5b5fbff2de043cf4211df,2022-06-19 14:13:00,Sunday,30,TRAFFIC SIGNAL,CLEAR,DAYLIGHT,ANGLE,DRY,INJURY AND / OR TOW DUE TO CRASH,"OVER $1,500",DISREGARDING TRAFFIC SIGNALS,2,INCAPACITATING INJURY,2.0,0.0,1.0,14,1,6,41.8831362,-87.68413938,"['06/19/2022', '02:13:00', 'PM']"
3dcddf6f1f6a4d1b5f982acf30ec49ff029e5f7cf73eb441dee80f7e115c9e702fde7702d054ec84b0c356ba3bae429394c240c37c44920026b303463ec9538c,2022-06-19 13:50:00,Sunday,30,NO CONTROLS,CLEAR,DAYLIGHT,SIDESWIPE SAME DIRECTION,DRY,INJURY AND / OR TOW DUE TO CRASH,"$501 - $1,500",UNABLE TO DETERMINE,2,INCAPACITATING INJURY,1.0,0.0,1.0,13,1,6,41.75196868,-87.55675879,"['06/19/2022', '01:50:00', 'PM']"
5142c9cd64543699fcf8006dd30197878ddf36802838ffa020e4f2a74bdb318e37db06859a8f232654e1b2e94a2297066fb08034a16a8d5e119df592f275910a,2022-06-19 09:15:00,Sunday,30,NO CONTROLS,CLEAR,DAYLIGHT,FIXED OBJECT,DRY,INJURY AND / OR TOW DUE TO CRASH,"OVER $1,500",UNABLE TO DETERMINE,1,INCAPACITATING INJURY,1.0,0.0,1.0,9,1,6,41.79474238,-87.62673431,"['06/19/2022', '09:15:00', 'AM']"
2241afa2c6f9cd7e4fe5a7e455e81c1bc45fe3b88f186fae386a02a24c4bb1b22f56a472c5111583d04d37211e9ffaa57e36b9e6533066e93995ecededeeb846,2022-06-19 04:00:00,Sunday,30,TRAFFIC SIGNAL,CLEAR,"DARKNESS, LIGHTED ROAD",FIXED OBJECT,DRY,INJURY AND / OR TOW DUE TO CRASH,"OVER $1,500",UNABLE TO DETERMINE,1,INCAPACITATING INJURY,4.0,0.0,1.0,4,1,6,41.81145154,-87.72357465,"['06/19/2022', '04:00:00', 'AM']"
5d6b8652c6fc73ab09a04944abb1d56c5f0ba7d03d07832bfd3aa0394eaeb606e81d2bf9875b88b795c007f7cbfa2c6d8b4aa304242d7ff8ead533f730e0666c,2022-06-19 01:15:00,Sunday,30,NO CONTROLS,CLEAR,"DARKNESS, LIGHTED ROAD",TURNING,DRY,INJURY AND / OR TOW DUE TO CRASH,"OVER $1,500",IMPROPER TURNING/NO SIGNAL,2,INCAPACITATING INJURY,3.0,0.0,2.0,1,1,6,41.75829968,-87.62751378,"['06/19/2022', '01:15:00', 'AM']"
a5b585d35abe257eb2ea8301806bff12c90938e3d86febdeefeda64ff14dfdf1e232ec1185f71d1333f90087d18804352f3288ce93fb4a7219b0e16e09e78ddd,2022-06-18 22:50:00,Saturday,30,NO CONTROLS,CLEAR,"DARKNESS, LIGHTED ROAD",FIXED OBJECT,DRY,INJURY AND / OR TOW DUE TO CRASH,"OVER $1,500",UNABLE TO DETERMINE,1,FATAL,1.0,1.0,0.0,22,7,6,41.73581254,-87.63400291,"['06/18/2022', '10:50:00', 'PM']"
e5cd3af107530c5c5863ddf283f163104cfbcd4b9dc5c7e36d9cd796f720d4d7bab8fbb763400902a9232a1dc18311c8723323cd0a5d6e152da90796471747b4,2022-06-18 22:10:00,Saturday,45,NO CONTROLS,CLEAR,"DARKNESS, LIGHTED ROAD",REAR END,DRY,INJURY AND / OR TOW DUE TO CRASH,"OVER $1,500",FOLLOWING TOO CLOSELY,2,INCAPACITATING INJURY,2.0,0.0,2.0,22,7,6,41.96279757,-87.64627129,"['06/18/2022', '10:10:00', 'PM']"
149fe87f5f38f6493f7341c242a1aa5fb57652f5a7797eda6ca69eb0e0325e14ad65d5ac673c536de6cc9b05d2fcbc80d7dbe00246a555e2222cd46c2abfde9e,2022-06-18 20:34:00,Saturday,30,NO CONTROLS,CLEAR,DUSK,ANGLE,DRY,INJURY AND / OR TOW DUE TO CRASH,"OVER $1,500",DRIVING SKILLS/KNOWLEDGE/EXPERIENCE,2,INCAPACITATING INJURY,1.0,0.0,1.0,20,7,6,41.73286841,-87.64338141,"['06/18/2022', '08:34:00', 'PM']"
b895f730f38ad7bbc70f7203f18663b48d303fe9648a4b3d1347aaa142e121dfe0786d9c2daa322b199fe0f79ea1bae5afc408a9c529659d647b6a0d25b09e0c,2022-06-18 17:14:00,Saturday,25,STOP SIGN/FLASHER,CLEAR,DAYLIGHT,ANGLE,DRY,INJURY AND / OR TOW DUE TO CRASH,"OVER $1,500",FAILING TO YIELD RIGHT-OF-WAY,2,INCAPACITATING INJURY,1.0,0.0,1.0,17,7,6,41.79280951,-87.62256297,"['06/18/2022', '05:14:00', 'PM']"
e3cd3b6a768c14fe51cf99cdc6d391fa0fc540270f242afd012481688a28c83bf8f6ed321e7a3d3ed9a3c8e98f128e4a98101d266213caa1520e049d6ecfb724,2022-06-18 15:56:00,Saturday,30,NO CONTROLS,CLEAR,DAYLIGHT,PEDALCYCLIST,DRY,INJURY AND / OR TOW DUE TO CRASH,$500 OR LESS,UNABLE TO DETERMINE,2,INCAPACITATING INJURY,1.0,0.0,1.0,15,7,6,41.93960064,-87.81191937,"['06/18/2022', '03:56:00', 'PM']"
846e8f39abc54b89d8c479d1e26fd0938bf0a5619dda19d0fc10b1dc46fa24e302045fd4d7574885e645c09b5d477b360e111920dff05b092cb6768c465cf09d,2022-06-18 13:00:00,Saturday,30,TRAFFIC SIGNAL,CLEAR,DAYLIGHT,HEAD ON,DRY,INJURY AND / OR TOW DUE TO CRASH,"OVER $1,500","OPERATING VEHICLE IN ERRATIC, RECKLESS, CARELESS, NEGLIGENT OR AGGRESSIVE MANNER",3,INCAPACITATING INJURY,3.0,0.0,1.0,13,7,6,41.89525217,-87.73829289,"['06/18/2022', '01:00:00', 'PM']"
b95d5b6d420a60c56593fe159352f3597a245b6164ac92d56af0704015e971ecf20d21a4d473fddd2ad7e47fa467ccbd7787962006f04dca04cc61e56459c4ed,2022-06-18 10:25:00,Saturday,30,TRAFFIC SIGNAL,CLEAR,DAYLIGHT,ANGLE,DRY,INJURY AND / OR TOW DUE TO CRASH,"OVER $1,500",UNABLE TO DETERMINE,2,INCAPACITATING INJURY,1.0,0.0,1.0,10,7,6,41.88096438,-87.71595955,"['06/18/2022', '10:25:00', 'AM']"
92e500599a66938b9fdb619d6ba8be6ee22d07e490e9871a0ba80ba77e7475d9325c88fc356275c4f3f9ee17a54c3fe1809f61d979de638c3dfdf23ec59d5330,2022-06-18 09:20:00,Saturday,30,NO CONTROLS,CLEAR,DAYLIGHT,TURNING,DRY,INJURY AND / OR TOW DUE TO CRASH,"OVER $1,500",DISREGARDING YIELD SIGN,2,INCAPACITATING INJURY,1.0,0.0,1.0,9,7,6,41.78212799,-87.58635519,"['06/18/2022', '09:20:00', 'AM']"
8cbbc00aa67c6b49b88eeeb66cdd1de7350a6b4db6646e6cba1b040850ebbbf2d22c1d05d0f0077ae7f3d678a59296fc0ba5018203439d7832168f2f17ef9ba7,2022-06-18 09:02:00,Saturday,25,NO CONTROLS,CLEAR,DAYLIGHT,REAR END,DRY,INJURY AND / OR TOW DUE TO CRASH,"OVER $1,500",FOLLOWING TOO CLOSELY,3,INCAPACITATING INJURY,3.0,0.0,3.0,9,7,6,41.87299537,-87.75998123,"['06/18/2022', '09:02:00', 'AM']"
e0ceafd38f75077e881c31860a8cee12e4a7518da1745e402de60c620edb0f98acfcb9ac058176d0245ff7f85419e135262afd11fa067f2982f21edb112e62dd,2022-06-18 03:24:00,Saturday,30,NO CONTROLS,CLEAR,"DARKNESS, LIGHTED ROAD",FIXED OBJECT,DRY,INJURY AND / OR TOW DUE TO CRASH,"OVER $1,500",NOT APPLICABLE,1,INCAPACITATING INJURY,1.0,0.0,1.0,3,7,6,41.74309717,-87.66972171,"['06/18/2022', '03:24:00', 'AM']"
8fe1ec14ccb11b0a23066395be694039c2ef59ad4237d05fe0456774edf2fb84fdde3b4c6cf68574e3df0fa245ecdb59d06c0adf6b0a8b0ed07c2b03d052b365,2022-06-18 02:12:00,Saturday,20,STOP SIGN/FLASHER,CLEAR,"DARKNESS, LIGHTED ROAD",ANGLE,DRY,INJURY AND / OR TOW DUE TO CRASH,"OVER $1,500",FAILING TO YIELD RIGHT-OF-WAY,2,INCAPACITATING INJURY,2.0,0.0,1.0,2,7,6,41.94213558,-87.78378632,"['06/18/2022', '02:12:00', 'AM']"
a10d9241d5f74701c9eed090b8850593c2812d662e6ed48d22a62c32fdda67e5294db353bfbc7669b9284bfe039e08a3c96cc99e45de130ba5f81253b8ed0ae5,2022-06-18 01:27:00,Saturday,30,TRAFFIC SIGNAL,CLEAR,"DARKNESS, LIGHTED ROAD",TURNING,DRY,INJURY AND / OR TOW DUE TO CRASH,"OVER $1,500",FAILING TO YIELD RIGHT-OF-WAY,2,INCAPACITATING INJURY,6.0,0.0,2.0,1,7,6,41.87691521,-87.63683381,"['06/18/2022', '01:27:00', 'AM']"
b3389d0f1d23cce4fb6858627d38d9d9bae0421181620a29efb6fd506ea47c6fb431b748eeb7f4d18e0cb37ab4cf6dcd361a1cfb3c8af628bd41912f52a39ec2,2022-06-17 23:47:00,Friday,30,TRAFFIC SIGNAL,CLEAR,"DARKNESS, LIGHTED ROAD",HEAD ON,DRY,INJURY AND / OR TOW DUE TO CRASH,"OVER $1,500","EVASIVE ACTION DUE TO ANIMAL, OBJECT, NONMOTORIST",3,FATAL,1.0,1.0,0.0,23,6,6,41.87431581,-87.68638937,"['06/17/2022', '11:47:00', 'PM']"
d1b8109aa5909195a97a17fc5d40559f1693669b45c289a53c9c6b4863db698f7db64f880fd4f354a173bebcf8ab35be8c388c7b3a56b13e7cfb3d4e1274c26e,2022-06-17 22:39:00,Friday,30,NO CONTROLS,CLEAR,DAWN,TURNING,DRY,INJURY AND / OR TOW DUE TO CRASH,"OVER $1,500",FAILING TO YIELD RIGHT-OF-WAY,2,INCAPACITATING INJURY,1.0,0.0,1.0,22,6,6,41.88020994,-87.77381514,"['06/17/2022', '10:39:00', 'PM']"