CRASH_RECORD_ID,CRASH_DATE,Weekday,POSTED_SPEED_LIMIT,TRAFFIC_CONTROL_DEVICE,WEATHER_CONDITION,LIGHTING_CONDITION,FIRST_CRASH_TYPE,ROADWAY_SURFACE_COND,CRASH_TYPE,DAMAGE,PRIM_CONTRIBUTORY_CAUSE,NUM_UNITS,MOST_SEVERE_INJURY,INJURIES_TOTAL,INJURIES_FATAL,INJURIES_INCAPACITATING,CRASH_HOUR,CRASH_DAY_OF_WEEK,CRASH_MONTH,LATITUDE,LONGITUDE,CRASH_TIME
13a62417756b5d20aaf559b5d9a5baf62531bdc3eb4f64364e2968fab09289683325778cb11ef4d20c2eaf0b4e681affb78787dbe5f70a9aba88dbfd068e423c,2022-06-11 01:00:00,Saturday,30,TRAFFIC SIGNAL,CLEAR,"DARKNESS, LIGHTED ROAD",TURNING,DRY,INJURY AND / OR TOW DUE TO CRASH,"OVER $1,500",UNABLE TO DETERMINE,2,INCAPACITATING INJURY,1.0,0.0,1.0,1,7,6,41.78024023,-87.62183369,"['06/11/2022', '01:00:00', 'AM']"
cd150d7ebebf85243bd01690c2d715d97ce49f0a287b35dd6f94203a138c7d39f01bde334257b1864c52d25f77b3cfa25ce517653abda1a0c21b4228521db9e6,2022-06-11 00:05:00,Saturday,30,NO CONTROLS,CLEAR,"DARKNESS, LIGHTED ROAD",TURNING,DRY,INJURY AND / OR TOW DUE TO CRASH,"OVER $1,500",UNABLE TO DETERMINE,3,INCAPACITATING INJURY,2.0,0.0,1.0,0,7,6,41.88029005,-87.75297792,"['06/11/2022', '12:05:00', 'AM']"
9a748e7143c19ac674af29a115de37ca05170ec95f00ae60ebfe61aa8b3cb2908ce394b4d2ebee5c216c015022383be69789fc1c88944cd254fd795627b3f7ce,2022-06-10 22:10:00,Friday,25,TRAFFIC SIGNAL,CLEAR,"DARKNESS, LIGHTED ROAD",FIXED OBJECT,DRY,INJURY AND / OR TOW DUE TO CRASH,"$501 - $1,500",NOT APPLICABLE,1,FATAL,1.0,1.0,0.0,22,6,6,41.8577744,-87.63899038,"['06/10/2022', '10:10:00', 'PM']"
1261bb1a572a876920f98268d3a389b9ee9397edb8f7a4a5c8d27b1367196c584f7207f00f40db6288cc563ac221cc94a74cba93c9cca671a7ad573c4f095505,2022-06-10 21:23:00,Friday,30,NO CONTROLS,CLEAR,"DARKNESS, LIGHTED ROAD",SIDESWIPE SAME DIRECTION,DRY,INJURY AND / OR TOW DUE TO CRASH,"OVER $1,500",IMPROPER OVERTAKING/PASSING,2,INCAPACITATING INJURY,1.0,0.0,1.0,21,6,6,41.83118551,-87.616821,"['06/10/2022', '09:23:00', 'PM']"
660f8877faaf133d39ef890d2f5650da4ccbb796433817cd8c80cc7b30a2b1afbb905ba2dceafc34813af595e37c68e7eafb6b7cc6e1bdebb6ad008f1083947e,2022-06-10 19:56:00,Friday,5,NO CONTROLS,CLOUDY/OVERCAST,DAYLIGHT,FIXED OBJECT,DRY,INJURY AND / OR TOW DUE TO CRASH,"OVER $1,500",PHYSICAL CONDITION OF DRIVER,1,FATAL,3.0,1.0,1.0,19,6,6,41.89894854,-87.62397499,"['06/10/2022', '07:56:00', 'PM']"
3fb6765c42334c2e3326caff73153d3cde03d2c47cecfd4702b5a19df55c94419feffeda71f84e6fd81d224fd719589bce4fb37d7ba7f4da4db0ca679fb0af7f,2022-06-10 14:26:00,Friday,30,STOP SIGN/FLASHER,CLEAR,DAYLIGHT,PEDALCYCLIST,DRY,INJURY AND / OR TOW DUE TO CRASH,"OVER $1,500",FAILING TO YIELD RIGHT-OF-WAY,2,INCAPACITATING INJURY,1.0,0.0,1.0,14,6,6,41.98487361,-87.6906533,"['06/10/2022', '02:26:00', 'PM']"
55ac06532d529a077ac06e5ac6ef2578dcc999b694f069c76f6235832b95256646eb39f84657693da4849d11840cb22fe6a1a543cb61c842ce1d9edfe2ea0700,2022-06-10 10:00:00,Friday,30,NO CONTROLS,CLEAR,DAYLIGHT,SIDESWIPE OPPOSITE DIRECTION,DRY,INJURY AND / OR TOW DUE TO CRASH,"OVER $1,500",PHYSICAL CONDITION OF DRIVER,2,INCAPACITATING INJURY,1.0,0.0,1.0,10,6,6,41.75514996,-87.5896258,"['06/10/2022', '10:00:00', 'AM']"
c141b6ae5be7d561b1f0024f5a21a395a75eeffaa4ee6bbe8763d79f0776803e8cc1d54c1b66480c535a958acc06492fce1ba4e9f8fcb40a34c1e700827b93a6,2022-06-10 09:55:00,Friday,30,NO CONTROLS,CLEAR,DAYLIGHT,REAR END,DRY,INJURY AND / OR TOW DUE TO CRASH,"$501 - $1,500",FOLLOWING TOO CLOSELY,2,INCAPACITATING INJURY,1.0,0.0,1.0,9,6,6,41.93339726,-87.74681569,"['06/10/2022', '09:55:00', 'AM']"
dcead9e5c934ad7c661604b19fa51ebfd8f19a1cdf85a2ce8e12ddfa2fec2f84530e9fa4eac9d280ea038d457e022935a4cf5aec0c479c445c0ac335877db33b,2022-06-10 06:30:00,Friday,30,NO CONTROLS,CLEAR,DAYLIGHT,OTHER OBJECT,DRY,INJURY AND / OR TOW DUE TO CRASH,"OVER $1,500",FAILING TO REDUCE SPEED TO AVOID CRASH,2,INCAPACITATING INJURY,1.0,0.0,1.0,6,6,6,41.90996579,-87.7619371,"['06/10/2022', '06:30:00', 'AM']"
ff307230b189533ea9127658951fda25d43e8907b15dec6e1afdf535b36ac9a0a71c0f8f31a5b7f2102a6e99643cf583da16d7a4d7abb14d0097418e756b5f1b,2022-06-09 20:00:00,Thursday,30,NO CONTROLS,CLEAR,DAYLIGHT,PEDESTRIAN,DRY,INJURY AND / OR TOW DUE TO CRASH,"$501 - $1,500",UNABLE TO DETERMINE,2,INCAPACITATING INJURY,1.0,0.0,1.0,20,5,6,41.85016605,-87.68573339,"['06/09/2022', '08:00:00', 'PM']"
21d485e5cd01f0204a7ab66b915f882653b2671ab3156e2969570b4e78c83122467f9ba49f0a1612b2cc60415ad5c51d7427d0253d1626505120758bd2bc204d,2022-06-09 10:06:00,Thursday,30,STOP SIGN/FLASHER,CLEAR,DAYLIGHT,HEAD ON,DRY,INJURY AND / OR TOW DUE TO CRASH,"OVER $1,500",UNABLE TO DETERMINE,2,INCAPACITATING INJURY,3.0,0.0,3.0,10,5,6,41.78448964,-87.69368754,"['06/09/2022', '10:06:00', 'AM']"
3ae034a73dd0c375b0a4a1acd571e871f7985c0c682e8dc83ea112a127e5daa3fb2ab2bca5b1ac3afe82e5a905586243478c76707c3bdee825bd58dcaee9b446,2022-06-09 09:50:00,Thursday,30,TRAFFIC SIGNAL,CLEAR,DAYLIGHT,PEDESTRIAN,DRY,INJURY AND / OR TOW DUE TO CRASH,$500 OR LESS,"VISION OBSCURED (SIGNS, TREE LIMBS, BUILDINGS, ETC.)",2,INCAPACITATING INJURY,1.0,0.0,1.0,9,5,6,41.7863412,-87.70320431,"['06/09/2022', '09:50:00', 'AM']"
c1711eaa9078e952b0c1db05732c4dbc4d2b7cf2b03f3965ddc1642ac57ede45227efacf655187109f27a0c0c1fa3471913d26e00781d9b1bc0c3b753a58e189,2022-06-09 08:18:00,Thursday,25,STOP SIGN/FLASHER,CLEAR,DAYLIGHT,PARKED MOTOR VEHICLE,DRY,INJURY AND / OR TOW DUE TO CRASH,"OVER $1,500",UNABLE TO DETERMINE,4,FATAL,2.0,1.0,0.0,8,5,6,41.96711637,-87.6575751,"['06/09/2022', '08:18:00', 'AM']"
d40078d11b0aa2a5c90ab06d328e0bb007940de2f2e0a7daf1ef7adbb8fc5aff73aa56705bc2d8d1d57600e2148da740d7241836206147768e960646e661a7ec,2022-06-09 07:32:00,Thursday,30,STOP SIGN/FLASHER,CLEAR,DAYLIGHT,PEDALCYCLIST,DRY,INJURY AND / OR TOW DUE TO CRASH,$500 OR LESS,FAILING TO YIELD RIGHT-OF-WAY,2,INCAPACITATING INJURY,1.0,0.0,1.0,7,5,6,41.94246094,-87.75175236,"['06/09/2022', '07:32:00', 'AM']"
74393db2dde3823466c0b52dbf7fd91cbed7cbc8744e30130d0d5a30709441333d7823abd6117d61b3e3b4d9234f81456f3e106d3f2e73665ee568ae107ac0c0,2022-06-08 19:16:00,Wednesday,30,NO CONTROLS,CLEAR,DAYLIGHT,PEDESTRIAN,DRY,INJURY AND / OR TOW DUE TO CRASH,"OVER $1,500",UNABLE TO DETERMINE,2,INCAPACITATING INJURY,1.0,0.0,1.0,19,4,6,41.74473084,-87.55403914,"['06/08/2022', '07:16:00', 'PM']"
fc445391d36620ae9ed11696975c1dfd6717fad3cbc25ae94c7732d3032d2a96702f6fafa8fb2d44b346e3a1168be5184ac3540514816df2a6741221eef66d9e,2022-06-08 15:52:00,Wednesday,25,TRAFFIC SIGNAL,RAIN,DAYLIGHT,PEDESTRIAN,WET,INJURY AND / OR TOW DUE TO CRASH,"$501 - $1,500",UNABLE TO DETERMINE,2,INCAPACITATING INJURY,1.0,0.0,1.0,15,4,6,41.79475867,-87.62394413,"['06/08/2022', '03:52:00', 'PM']"
12e3f243a0b94daa82ae10eeb2e6f43bc41f576cb6b80d5851f1ca406fb30266921eb03069a449f9a7ad240b61312899adc42702fbbd9ad3a5a5c86fdf0c3bd9,2022-06-08 10:00:00,Wednesday,35,TRAFFIC SIGNAL,CLOUDY/OVERCAST,DAYLIGHT,TURNING,DRY,INJURY AND / OR TOW DUE TO CRASH,"OVER $1,500",IMPROPER TURNING/NO SIGNAL,2,INCAPACITATING INJURY,1.0,0.0,1.0,10,4,6,41.77550576,-87.68369146,"['06/08/2022', '10:00:00', 'AM']"
53c927b98f5f406704e614aa2b754818a22fb09c2563bdb2864559efeccf29c3a54ccb86de7bfd5f274e643c19e305ba2f24dab905d69c08bb81fc8656d614ad,2022-06-08 00:01:00,Wednesday,15,NO CONTROLS,CLEAR,UNKNOWN,PEDESTRIAN,DRY,INJURY AND / OR TOW DUE TO CRASH,$500 OR LESS,UNABLE TO DETERMINE,2,INCAPACITATING INJURY,1.0,0.0,1.0,0,4,6,41.80841449,-87.67295348,"['06/08/2022', '12:01:00', 'AM']"
81ebbf3f564903745931cb197a411c8bd7ed2a3dcff8cc3319528a3aa0f7b1bdc72485160ae2bde6f552b1e618257e9ce5bdbb6bd2c95575f76eaa421f27b31a,2022-06-07 23:01:00,Tuesday,30,TRAFFIC SIGNAL,CLEAR,DARKNESS,ANGLE,DRY,INJURY AND / OR TOW DUE TO CRASH,"OVER $1,500",DISREGARDING TRAFFIC SIGNALS,2,INCAPACITATING INJURY,5.0,0.0,1.0,23,3,6,41.87662843,-87.65705409,"['06/07/2022', '11:01:00', 'PM']"
132c8b6a08593cce01b0f1bb0772230697459f93a1c9a8bbbd518f18ebe74cf66db370301721b4092deeb61e04d260f8292a967e3bbafe64512e1ef940af655d,2022-06-07 23:00:00,Tuesday,45,NO CONTROLS,CLEAR,"DARKNESS, LIGHTED ROAD",FIXED OBJECT,DRY,INJURY AND / OR TOW DUE TO CRASH,"OVER $1,500",FAILING TO REDUCE SPEED TO AVOID CRASH,1,INCAPACITATING INJURY,1.0,0.0,1.0,23,3,6,41.82588259,-87.60097185,"['06/07/2022', '11:00:00', 'PM']"
08eca59f1a522a9952cdd0df42411edf032cc114343342b11045ed1fd8950542f8e1ab4045f247de2260e64ca9659dd76da5fe2f801be8e349d9246b100b73cd,2022-06-07 20:15:00,Tuesday,35,NO CONTROLS,CLEAR,DAYLIGHT,PARKED MOTOR VEHICLE,DRY,INJURY AND / OR TOW DUE TO CRASH,"OVER $1,500",DRIVING SKILLS/KNOWLEDGE/EXPERIENCE,2,INCAPACITATING INJURY,1.0,0.0,1.0,20,3,6,41.7489086,-87.60531965,"['06/07/2022', '08:15:00', 'PM']"
29196cadaba45e02860426f47241a0bbf3bca60ac5db8199e6a90ce34f7a10230ed66ec1c0b14e2a635e97c0492ee146d48e46e6bb6fcecb24bc709b3e5c65fc,2022-06-07 15:05:00,Tuesday,30,TRAFFIC SIGNAL,CLEAR,DAYLIGHT,REAR END,DRY,INJURY AND / OR TOW DUE TO CRASH,"OVER $1,500",DISTRACTION - FROM OUTSIDE VEHICLE,2,INCAPACITATING INJURY,2.0,0.0,1.0,15,3,6,41.80801301,-87.71437962,"['06/07/2022', '03:05:00', 'PM']"
9f35b5c04644c47236adcd65ce6f39ac93e6226da774b56763340568badeaa7f30f6fd49deff782a3b54d102bde0bb479dcdf68caf25727fbf519eafb347f552,2022-06-07 13:40:00,Tuesday,30,NO CONTROLS,CLEAR,DAYLIGHT,ANGLE,DRY,INJURY AND / OR TOW DUE TO CRASH,"OVER $1,500",UNABLE TO DETERMINE,2,INCAPACITATING INJURY,2.0,0.0,1.0,13,3,6,41.80299057,-87.60657241,"['06/07/2022', '01:40:00', 'PM']"
dbb37a938a148f7cfacfeeebdae12663579165a68ed19aec1b176225f960fed1a564c2fd02951ddbfcb688a7e41531d4635780f3beb85335215d9e6a4f37b573,2022-06-06 12:38:00,Monday,30,TRAFFIC SIGNAL,RAIN,DAYLIGHT,ANGLE,WET,INJURY AND / OR TOW DUE TO CRASH,"OVER $1,500",WEATHER,2,INCAPACITATING INJURY,3.0,0.0,2.0,12,2,6,41.70711658,-87.62366762,"['06/06/2022', '12:38:00', 'PM']"
a9ea9fc89ab5d1ea6f98c0766ea12446c2b8b8d3aef8d849ac9ed71dc4df4d097acf6b6be20d33bcb752d7fa27f895a4a758d21ec5b68216d42d932f1ee0178a,2022-06-06 12:00:00,Monday,20,TRAFFIC SIGNAL,RAIN,DAYLIGHT,SIDESWIPE SAME DIRECTION,WET,INJURY AND / OR TOW DUE TO CRASH,"OVER $1,500",IMPROPER OVERTAKING/PASSING,2,INCAPACITATING INJURY,2.0,0.0,2.0,12,2,6,41.94660121,-87.6940903,"['06/06/2022', '12:00:00', 'PM']"
b5854e4bcd56844540975189aa646cbc8cf224f972daedce268f556abc0ed6fa0bfe4b0982a10d9045a1ed1ce8f18860f2dfa583082bcabe80dd6343b7dc6842,2022-06-06 09:00:00,Monday,30,NO CONTROLS,RAIN,DAYLIGHT,OTHER NONCOLLISION,WET,INJURY AND / OR TOW DUE TO CRASH,"$501 - $1,500",UNABLE TO DETERMINE,1,INCAPACITATING INJURY,1.0,0.0,1.0,9,2,6,41.83633959,-87.68515969,"['06/06/2022', '09:00:00', 'AM']"
0fd7e5ebe7204abfaca4b6ed86a93ff6329bfd179e0fc01feaabc21a8547a1b5e6e8d20acfada94cb3c211a0d5c28be2045fc781d3ea639c412cd0eb43f8b63a,2022-06-05 20:18:00,Sunday,30,TRAFFIC SIGNAL,CLEAR,"DARKNESS, LIGHTED ROAD",ANGLE,DRY,INJURY AND / OR TOW DUE TO CRASH,"OVER $1,500",DISREGARDING TRAFFIC SIGNALS,5,INCAPACITATING INJURY,3.0,0.0,1.0,20,1,6,41.84603757,-87.72476137,"['06/05/2022', '08:18:00', 'PM']"
f2b83f56278e75fbebbd29b77b63f6bea9cc1f18cc5bc3215302162b04aeffd74a60e7eefaed3e7fa8aa4fc4838af4ea6daefd581500d28ae777b7efde0cb274,2022-06-05 18:55:00,Sunday,30,NO CONTROLS,CLEAR,DAYLIGHT,PARKED MOTOR VEHICLE,DRY,INJURY AND / OR TOW DUE TO CRASH,"OVER $1,500",IMPROPER LANE USAGE,2,INCAPACITATING INJURY,1.0,0.0,1.0,18,1,6,41.75026581,-87.64418061,"['06/05/2022', '06:55:00', 'PM']"
54c749542b35beb292a2f0b15ce9efa7bdb9fa8bac9be89c0c25f549d6b1c6d4d2255b98e80d953dd74b70e0d7befecc01044892513233bc67bd6b36f5d6412e,2022-06-05 17:30:00,Sunday,20,NO CONTROLS,CLEAR,DAYLIGHT,PEDESTRIAN,DRY,INJURY AND / OR TOW DUE TO CRASH,$500 OR LESS,UNABLE TO DETERMINE,2,INCAPACITATING INJURY,1.0,0.0,1.0,17,1,6,41.68757384,-87.60337936,"['06/05/2022', '05:30:00', 'PM']"
a04bfc094470af46c94ac2e4ebf8e489f99984f21313c4a6c9f7e5aa677501f143f94742f581022bea8bd9d198a5e1a9bf05c3f9ef5b8be4fc3a3b7f67f849e5,2022-06-05 17:23:00,Sunday,30,NO CONTROLS,CLEAR,DAYLIGHT,TURNING,DRY,INJURY AND / OR TOW DUE TO CRASH,"OVER $1,500",FAILING TO YIELD RIGHT-OF-WAY,2,INCAPACITATING INJURY,1.0,0.0,1.0,17,1,6,41.84582851,-87.68314577,"['06/05/2022', '05:23:00', 'PM']"
a417d118639c5796590e40502452f14f9e806a2fdb117427bf5a17a8fbeb0eb39d986860fadf6d8eae635f30537ff0868f50fffd502deeb3c36b2e5ebc5313a8,2022-06-05 16:45:00,Sunday,30,NO CONTROLS,CLEAR,DAYLIGHT,PEDESTRIAN,DRY,INJURY AND / OR TOW DUE TO CRASH,"OVER $1,500",FAILING TO YIELD RIGHT-OF-WAY,2,INCAPACITATING INJURY,1.0,0.0,1.0,16,1,6,41.86544307,-87.64520381,"['06/05/2022', '04:45:00', 'PM']"
7c486ec98647fab733a68b9b95ddbe5235244d8a5bcf61d633996f7124902d3102022f3213353e87116ad6a357989aa3c509fbca31874f31fdc52c906513faac,2022-06-05 13:35:00,Sunday,30,NO CONTROLS,CLEAR,DAYLIGHT,PEDALCYCLIST,DRY,INJURY AND / OR TOW DUE TO CRASH,"OVER $1,500","EVASIVE ACTION DUE TO ANIMAL, OBJECT, NONMOTORIST",2,INCAPACITATING INJURY,1.0,0.0,1.0,13,1,6,41.91329555,-87.6776745,"['06/05/2022', '01:35:00', 'PM']"
661da1f10d8b43b64c6494fec89b4c520af6edb418255a13b3eeb3af35147e86e17291d61659e3a7310d96caf4e90ba7624b67c57f3ca3f2d51520ac206a6769,2022-06-05 09:23:00,Sunday,30,TRAFFIC SIGNAL,CLEAR,DAYLIGHT,TURNING,DRY,INJURY AND / OR TOW DUE TO CRASH,"OVER $1,500",FOLLOWING TOO CLOSELY,2,INCAPACITATING INJURY,1.0,0.0,1.0,9,1,6,41.88468637,-87.68667666,"['06/05/2022', '09:23:00', 'AM']"
3921dfedd70c065702948a1369f85ba9206c850655a0f0aa44a818295d2d77c8f643daa44af9e9d7e36564a402d05440551f489f62075dab31878382bb990036,2022-06-05 03:18:00,Sunday,30,NO CONTROLS,CLEAR,"DARKNESS, LIGHTED ROAD",HEAD ON,DRY,INJURY AND / OR TOW DUE TO CRASH,"OVER $1,500",UNABLE TO DETERMINE,2,INCAPACITATING INJURY,1.0,0.0,1.0,3,1,6,41.75621612,-87.72231285,"['06/05/2022', '03:18:00', 'AM']"
77ccb82a5dcdef0ea5a96d37c7c3daaefb2d6b87a647f12abb4ef09894899fa17a1e731c2aa13d74e28510a865f6d71390d41f23bd48fcbf76b94db76fcc3558,2022-06-04 23:45:00,Saturday,30,TRAFFIC SIGNAL,CLEAR,"DARKNESS, LIGHTED ROAD",ANGLE,DRY,INJURY AND / OR TOW DUE TO CRASH,"OVER $1,500",FAILING TO YIELD RIGHT-OF-WAY,2,INCAPACITATING INJURY,2.0,0.0,1.0,23,7,6,41.7443693,-87.56627071,"['06/04/2022', '11:45:00', 'PM']"
c36d832a83c46c129c29a3cfdc2643faf05a1000532b5c99c5a44444ef1daa6e94d0ec17211d87f59e19286b680605ccc40c9f606e23566c8e641050ce1fb118,2022-06-04 22:20:00,Saturday,30,TRAFFIC SIGNAL,CLEAR,"DARKNESS, LIGHTED ROAD",ANGLE,DRY,INJURY AND / OR TOW DUE TO CRASH,"OVER $1,500",FAILING TO YIELD RIGHT-OF-WAY,3,INCAPACITATING INJURY,2.0,0.0,2.0,22,7,6,41.75666358,-87.60548737,"['06/04/2022', '10:20:00', 'PM']"
fffd3626a31a0316482a5d9282ff8afe9a613a0611606ae2290591d4cf1e1d3ce20150c61d0eda34b1db58de3eb34c1e5adc35ec9783e28b232ed6033916894c,2022-06-04 21:12:00,Saturday,35,NO CONTROLS,CLEAR,"DARKNESS, LIGHTED ROAD",TURNING,DRY,INJURY AND / OR TOW DUE TO CRASH,"OVER $1,500",FAILING TO REDUCE SPEED TO AVOID CRASH,2,INCAPACITATING INJURY,1.0,0.0,1.0,21,7,6,41.69184506,-87.55961091,"['06/04/2022', '09:12:00', 'PM']"
279c9adc6f7384912d46bf841c2405d213851b26539162d17d6e62b661b40983557b807739d54472104ba0974afba85048c5f72066c7e84e1760cef18597944d,2022-06-04 15:00:00,Saturday,30,NO CONTROLS,CLEAR,DAYLIGHT,TURNING,DRY,INJURY AND / OR TOW DUE TO CRASH,"$501 - $1,500",FAILING TO YIELD RIGHT-OF-WAY,2,INCAPACITATING INJURY,1.0,0.0,1.0,15,7,6,41.68906537,-87.59897223,"['06/04/2022', '03:00:00', 'PM']"
8a2406b1ba9f804b74637ff143bfb7807ae30fa2ad895549b00119512f828f5140e25e2775ec00a94504f3122491c3ffc47f7a1744d004cc91bb559fa226b66f,2022-06-04 14:10:00,Saturday,25,NO CONTROLS,CLEAR,DAYLIGHT,PEDALCYCLIST,DRY,INJURY AND / OR TOW DUE TO CRASH,$500 OR LESS,UNABLE TO DETERMINE,2,INCAPACITATING INJURY,1.0,0.0,1.0,14,7,6,41.93407185,-87.6460865,"['06/04/2022', '02:10:00', 'PM']"
e919b0776bffdc0195b4747c7f376590621ff0c40fe948e766ab8a6ed90600bde0f2761dcee8b7d367699a1d8b4aa34fcf164700d496268d75430e51b8c2e0da,2022-06-04 13:49:00,Saturday,30,STOP SIGN/FLASHER,CLEAR,DAYLIGHT,ANGLE,DRY,INJURY AND / OR TOW DUE TO CRASH,"OVER $1,500",FAILING TO YIELD RIGHT-OF-WAY,2,INCAPACITATING INJURY,2.0,0.0,1.0,13,7,6,41.80758539,-87.62102057,"['06/04/2022', '01:49:00', 'PM']"
8366982062e05effb64b3e7ca117f47e45c444d39651e5c5072147b470a44729f0cddaf545cfba7afce943d765696287efe82de37ea6af2b3d476cf796a77188,2022-06-04 13:30:00,Saturday,30,NO CONTROLS,CLEAR,DAYLIGHT,REAR END,DRY,INJURY AND / OR TOW DUE TO CRASH,"OVER $1,500",FOLLOWING TOO CLOSELY,2,INCAPACITATING INJURY,1.0,0.0,1.0,13,7,6,41.76096279,-87.68300147,"['06/04/2022', '01:30:00', 'PM']"
e09089864b7f0883b3219dad62b1d7103a6603a35d4133f79c751b0545e6802dd74a35d7fceabd5db72989eee8bcb0b6636bc28442f7a5da5deedc0d0e447fec,2022-06-04 12:56:00,Saturday,20,NO CONTROLS,CLOUDY/OVERCAST,DAYLIGHT,PARKED MOTOR VEHICLE,DRY,INJURY AND / OR TOW DUE TO CRASH,"OVER $1,500",UNABLE TO DETERMINE,2,INCAPACITATING INJURY,2.0,0.0,2.0,12,7,6,41.9244114,-87.72050985,"['06/04/2022', '12:56:00', 'PM']"
13247412f4cbb9957ee9acce106464cbfa8b2d7f69d364d5eb816d23b001e3037b8f743519dd6b70cf557b14ff4bcb93ed9b3b7043bf3c53dd34b43bd7bd3a13,2022-06-04 09:19:00,Saturday,30,TRAFFIC SIGNAL,CLEAR,DAYLIGHT,FIXED OBJECT,DRY,INJURY AND / OR TOW DUE TO CRASH,"OVER $1,500",PHYSICAL CONDITION OF DRIVER,1,INCAPACITATING INJURY,2.0,0.0,2.0,9,7,6,41.90891382,-87.65265096,"['06/04/2022', '09:19:00', 'AM']"
46be5caffad4825b0073943eefad5ec5b5e6dc31b2e88445be0653783b1bc03718f0de9261eda99727f0f7b775683375ad07a24b48415be63b8919554089be92,2022-06-04 06:43:00,Saturday,30,TRAFFIC SIGNAL,CLEAR,DAYLIGHT,TURNING,DRY,INJURY AND / OR TOW DUE TO CRASH,"OVER $1,500",IMPROPER TURNING/NO SIGNAL,2,INCAPACITATING INJURY,2.0,0.0,2.0,6,7,6,41.87831014,-87.6175759,"['06/04/2022', '06:43:00', 'AM']"
a6fc4f27bcf83ab87b2afd1f739ec03112407e08c447ab5d1bda16a00759bc9174b9e08f0bd40d59bdaef46ed3d4fcf057dc91fe4c5942c849655a6f1720d3c8,2022-06-04 01:30:00,Saturday,25,NO CONTROLS,CLEAR,"DARKNESS, LIGHTED ROAD",FIXED OBJECT,DRY,INJURY AND / OR TOW DUE TO CRASH,"OVER $1,500",FAILING TO REDUCE SPEED TO AVOID CRASH,1,INCAPACITATING INJURY,1.0,0.0,1.0,1,7,6,41.90095892,-87.61992817,"['06/04/2022', '01:30:00', 'AM']"
4a10fd6b02382ac22b7d553b2bcc63e80349a27eba6ec1a3cd37a9ce1f34bd0348fa30866f3c8447d21fca2168b6867e8f285c4c177daea6cf80cb0ace9a6e49,2022-06-03 21:10:00,Friday,30,NO CONTROLS,CLEAR,DARKNESS,PEDALCYCLIST,DRY,INJURY AND / OR TOW DUE TO CRASH,"OVER $1,500","OPERATING VEHICLE IN ERRATIC, RECKLESS, CARELESS, NEGLIGENT OR AGGRESSIVE MANNER",2,INCAPACITATING INJURY,1.0,0.0,1.0,21,6,6,41.9210466,-87.68737545,"['06/03/2022', '09:10:00', 'PM']"
db7d343843de7e11548465b4c47d97e2eec568ca82bb50865c4eb459d5acb47308f220b8d4b1b2a6d5bab71ae9174b85d147395fa20377afcc16791801d56993,2022-06-03 15:53:00,Friday,30,TRAFFIC SIGNAL,CLEAR,DAYLIGHT,PEDESTRIAN,DRY,INJURY AND / OR TOW DUE TO CRASH,"OVER $1,500","OPERATING VEHICLE IN ERRATIC, RECKLESS, CARELESS, NEGLIGENT OR AGGRESSIVE MANNER",2,INCAPACITATING INJURY,1.0,0.0,1.0,15,6,6,41.89322322,-87.62435571,"['06/03/2022', '03:53:00', 'PM']"
5c8dbdf1525a175525992ae655aee751543b9fa887b8a76330faef79ba9d789c585ab04af4a29cd39df0da2aecb860819ce2a873ed427f18611d1cd5c12e71e6,2022-06-03 11:35:00,Friday,30,NO CONTROLS,CLEAR,DAYLIGHT,REAR END,DRY,INJURY AND / OR TOW DUE TO CRASH,"OVER $1,500",FOLLOWING TOO CLOSELY,3,INCAPACITATING INJURY,2.0,0.0,1.0,11,6,6,41.779075,-87.70363675,"['06/03/2022', '11:35:00', 'AM']"
ef418aab99640ae324f83adb768d309d84fe469e23d3fc40e36addd8b33fe4e63df4c52181cb4af426ee3f99185e412c941583307fde0b70c214ac2b898a393d,2022-06-03 10:25:00,Friday,45,NO CONTROLS,CLEAR,DAYLIGHT,SIDESWIPE SAME DIRECTION,DRY,INJURY AND / OR TOW DUE TO CRASH,"OVER $1,500","OPERATING VEHICLE IN ERRATIC, RECKLESS, CARELESS, NEGLIGENT OR AGGRESSIVE MANNER",2,INCAPACITATING INJURY,1.0,0.0,1.0,10,6,6,41.92379779,-87.63077727,"['06/03/2022', '10:25:00', 'AM']"
7d36451ce496c0222b7bd4a4a15ab8061fb33c14301756e3a8c4658e7690e00a0c64f39bf5409bc89f37df1732fdd6c04db2c17ba4d21faf146312d60195dc84,2022-06-03 04:09:00,Friday,30,NO CONTROLS,CLEAR,"DARKNESS, LIGHTED ROAD",FIXED OBJECT,DRY,INJURY AND / OR TOW DUE TO CRASH,"OVER $1,500",UNABLE TO DETERMINE,1,FATAL,1.0,1.0,0.0,4,6,6,41.72445402,-87.64967548,"['06/03/2022', '04:09:00', 'AM']"
e75e32c1d8c386b92954767aeca3bb92e517745bdcce335a2d74ef85e6b6781f60780c162829bb617a40f5fc0a7c67fbba59f7b449cff6293034780bc2fa03d3,2022-06-02 21:39:00,Thursday,30,NO CONTROLS,CLEAR,"DARKNESS, LIGHTED ROAD",TURNING,DRY,INJURY AND / OR TOW DUE TO CRASH,"OVER $1,500",FAILING TO YIELD RIGHT-OF-WAY,3,INCAPACITATING INJURY,2.0,0.0,1.0,21,5,6,41.90301424,-87.7587016,"['06/02/2022', '09:39:00', 'PM']"