CRASH_RECORD_ID,CRASH_DATE,Weekday,POSTED_SPEED_LIMIT,TRAFFIC_CONTROL_DEVICE,WEATHER_CONDITION,LIGHTING_CONDITION,FIRST_CRASH_TYPE,ROADWAY_SURFACE_COND,CRASH_TYPE,DAMAGE,PRIM_CONTRIBUTORY_CAUSE,NUM_UNITS,MOST_SEVERE_INJURY,INJURIES_TOTAL,INJURIES_FATAL,INJURIES_INCAPACITATING,CRASH_HOUR,CRASH_DAY_OF_WEEK,CRASH_MONTH,LATITUDE,LONGITUDE,CRASH_TIME
839bbe49b5f99f2d452c738552a9ee683b108f64562f92620ea7e30334bcd1cc2ece3cb6b2111ba47c9f5d2948cc2aba8b5d48d9a92d982578c2c7d73ad4c591,2022-05-23 12:38:00,Monday,30,NO CONTROLS,CLEAR,DAYLIGHT,PEDALCYCLIST,DRY,INJURY AND / OR TOW DUE TO CRASH,"OVER $1,500",UNABLE TO DETERMINE,2,INCAPACITATING INJURY,1.0,0.0,1.0,12,2,5,41.69709187,-87.53542926,"['05/23/2022', '12:38:00', 'PM']"
2c031350620bda3ac29dc71d3a1aa96ee372dea66a1479d59b44d7e05c23329ed3d5b8c6ca5f221cef7e106a08a5cd47aa42e3913e8f585ac06bac535281fbca,2022-05-22 23:48:00,Sunday,30,NO CONTROLS,CLEAR,"DARKNESS, LIGHTED ROAD",PEDESTRIAN,DRY,INJURY AND / OR TOW DUE TO CRASH,"OVER $1,500","OPERATING VEHICLE IN ERRATIC, RECKLESS, CARELESS, NEGLIGENT OR AGGRESSIVE MANNER",2,INCAPACITATING INJURY,1.0,0.0,1.0,23,1,5,41.87354948,-87.71336681,"['05/22/2022', '11:48:00', 'PM']"
46496842337adb57ffca5b4b377d8bbfa62a3a66e2dead5483583dd9509c7854b31b91f72c55ae6639f76768adf8a83e3a354c0b4056e0c5b03767175166f9f4,2022-05-22 22:45:00,Sunday,30,STOP SIGN/FLASHER,CLEAR,"DARKNESS, LIGHTED ROAD",ANGLE,DRY,INJURY AND / OR TOW DUE TO CRASH,"OVER $1,500",FAILING TO YIELD RIGHT-OF-WAY,2,INCAPACITATING INJURY,1.0,0.0,1.0,22,1,5,41.87710576,-87.73302501,"['05/22/2022', '10:45:00', 'PM']"
839ba4bfeb1079e0a867341e84ef575733ddc0325e2a4f51f18a4510030a2786ddaceb9fc68a6f1d6bdb0047bb1fe8210d9e0a044f8bf1601365799abd062760,2022-05-22 08:20:00,Sunday,30,TRAFFIC SIGNAL,CLEAR,DAYLIGHT,TURNING,DRY,INJURY AND / OR TOW DUE TO CRASH,"OVER $1,500",DISREGARDING TRAFFIC SIGNALS,2,INCAPACITATING INJURY,3.0,0.0,1.0,8,1,5,41.83833328,-87.61697489,"['05/22/2022', '08:20:00', 'AM']"
4be1526abebe7e7b10f98e4154d634be4921d40e4d5464525bda1b9b15f2746d8f0de1c41d86de3ead07d7b041511c9116e6d03ac07d5a5cc549ea7226f5b992,2022-05-22 06:45:00,Sunday,30,NO CONTROLS,CLEAR,DAYLIGHT,SIDESWIPE SAME DIRECTION,DRY,INJURY AND / OR TOW DUE TO CRASH,"OVER $1,500",UNABLE TO DETERMINE,2,INCAPACITATING INJURY,2.0,0.0,1.0,6,1,5,41.98524231,-87.66166162,"['05/22/2022', '06:45:00', 'AM']"
f5e00d11bf4fab44682ca8f5a1dc737c971a5f9c91f99ad1a7a040620aa06a25ad25c20dd3bd05d668e76f70681a80a107bc4bca29ccd62c39cedfbcabc16ab3,2022-05-22 05:05:00,Sunday,30,NO CONTROLS,CLEAR,"DARKNESS, LIGHTED ROAD",PARKED MOTOR VEHICLE,DRY,INJURY AND / OR TOW DUE TO CRASH,"OVER $1,500",UNDER THE INFLUENCE OF ALCOHOL/DRUGS (USE WHEN ARREST IS EFFECTED),2,FATAL,2.0,1.0,1.0,5,1,5,41.73421192,-87.58573489,"['05/22/2022', '05:05:00', 'AM']"
52d4b881fd55fa048833aa29e264f3566fd981b0afaeed7a2bab125429a347e256d1b115824cf754120e6ddcb678128f6385a336343c1ddbce7164c8ccc06cf9,2022-05-20 19:05:00,Friday,30,NO CONTROLS,CLEAR,DAYLIGHT,PARKED MOTOR VEHICLE,DRY,INJURY AND / OR TOW DUE TO CRASH,"$501 - $1,500",IMPROPER LANE USAGE,2,INCAPACITATING INJURY,1.0,0.0,1.0,19,6,5,41.8655695,-87.77407857,"['05/20/2022', '07:05:00', 'PM']"
6b21c9ab887aa720a57a4f5625e1a0600666f1ccb3c567b6973ba69d98d53c90947c3b329a80f04be1c6ce6995f488d5988321387963635fb5f1af5303dbb667,2022-05-20 18:12:00,Friday,30,NO CONTROLS,CLEAR,DAYLIGHT,FIXED OBJECT,DRY,INJURY AND / OR TOW DUE TO CRASH,"OVER $1,500",PHYSICAL CONDITION OF DRIVER,1,INCAPACITATING INJURY,1.0,0.0,1.0,18,6,5,41.91793365,-87.68896596,"['05/20/2022', '06:12:00', 'PM']"
2875a891c78e9a26431cd3e19541d203f1ed113643b93f9d06260def0270d0dc7d185bb0a9b5621f2e6441f05702e7a4a20e9449e11e63d1cc83912f7fdc7175,2022-05-20 17:55:00,Friday,30,NO CONTROLS,CLEAR,DAYLIGHT,PEDESTRIAN,DRY,INJURY AND / OR TOW DUE TO CRASH,"OVER $1,500","VISION OBSCURED (SIGNS, TREE LIMBS, BUILDINGS, ETC.)",2,INCAPACITATING INJURY,1.0,0.0,1.0,17,6,5,41.87987491,-87.72529036,"['05/20/2022', '05:55:00', 'PM']"
6f22dc265a94a555eb060fd10d1a4515313e90978bb616388f21691d158d61188ac2683ab047f9315659fa17a0ab8d80fcc21ef242eb0ba43666b1c7b48bff86,2022-05-20 15:11:00,Friday,30,TRAFFIC SIGNAL,CLEAR,DAYLIGHT,OTHER NONCOLLISION,DRY,INJURY AND / OR TOW DUE TO CRASH,$500 OR LESS,"OPERATING VEHICLE IN ERRATIC, RECKLESS, CARELESS, NEGLIGENT OR AGGRESSIVE MANNER",3,INCAPACITATING INJURY,1.0,0.0,1.0,15,6,5,41.86697112,-87.66650974,"['05/20/2022', '03:11:00', 'PM']"
a521c71c5420baaac866c2f04e64d0e35c08b3684b20142f46646d4e84c4d56ed77bf0dde32f7b4a4a847e372f5059c9fa7bf4e0b9e465ec067319f7d6a827aa,2022-05-20 14:26:00,Friday,30,STOP SIGN/FLASHER,CLEAR,DAYLIGHT,ANGLE,DRY,INJURY AND / OR TOW DUE TO CRASH,"OVER $1,500",DISREGARDING STOP SIGN,3,INCAPACITATING INJURY,1.0,0.0,1.0,14,6,5,41.86070893,-87.71540492,"['05/20/2022', '02:26:00', 'PM']"
a25e3641f3daac2e4c073e6714531cdb28133329104a0231a20ebd65830373e0a8f691e0cb38b4f834862503f4b95a2b3f97bce9aaf8ab499302008a16754ae3,2022-05-20 11:50:00,Friday,40,DELINEATORS,CLEAR,DAYLIGHT,REAR END,DRY,INJURY AND / OR TOW DUE TO CRASH,"OVER $1,500",DRIVING SKILLS/KNOWLEDGE/EXPERIENCE,2,INCAPACITATING INJURY,2.0,0.0,1.0,11,6,5,41.8561995,-87.6154354,"['05/20/2022', '11:50:00', 'AM']"
7b07676e3d2cff96212f710d1114d92c3ac008b8db13008e93f18f94ad83fe08bbf75254d881f62254069295058d190e82264169767a970b4bbc21d5c33653e2,2022-05-20 11:50:00,Friday,30,NO CONTROLS,CLEAR,DAYLIGHT,TURNING,DRY,INJURY AND / OR TOW DUE TO CRASH,"OVER $1,500",NOT APPLICABLE,2,INCAPACITATING INJURY,4.0,0.0,2.0,11,6,5,41.75689717,-87.58623429,"['05/20/2022', '11:50:00', 'AM']"
f9ee2070135f72f8e00e5f5970687b8e66013b8a568867f96f365a7a524c8f623b47518558418befd111d0d8400b476ff91ec02a0b2020dc029b615ae6578626,2022-05-20 10:58:00,Friday,25,STOP SIGN/FLASHER,CLOUDY/OVERCAST,DAYLIGHT,ANGLE,DRY,INJURY AND / OR TOW DUE TO CRASH,"OVER $1,500",FAILING TO YIELD RIGHT-OF-WAY,2,INCAPACITATING INJURY,1.0,0.0,1.0,10,6,5,41.86243278,-87.70316584,"['05/20/2022', '10:58:00', 'AM']"
946b175e94aa2b14fe10aaa698046581e37c63d34e99fb1c66b1df60999d21f648bb22a7e264e057bcac9d0dd1682426d68085fedcd62be0840c9947add9e533,2022-05-19 22:52:00,Thursday,30,TRAFFIC SIGNAL,CLEAR,"DARKNESS, LIGHTED ROAD",PEDESTRIAN,DRY,INJURY AND / OR TOW DUE TO CRASH,"$501 - $1,500",UNDER THE INFLUENCE OF ALCOHOL/DRUGS (USE WHEN ARREST IS EFFECTED),3,FATAL,2.0,1.0,1.0,22,5,5,41.95313519,-87.76194882,"['05/19/2022', '10:52:00', 'PM']"
50bb1234b207f5f5315424f27d9cb5748828e4ad71189292c3d396ea5868e5db17c766fa0d8f0ee834580c21433a091eeb8a54a2ecaf009821d96391e506997a,2022-05-19 14:00:00,Thursday,30,NO CONTROLS,CLEAR,DAYLIGHT,PEDESTRIAN,DRY,INJURY AND / OR TOW DUE TO CRASH,$500 OR LESS,"OPERATING VEHICLE IN ERRATIC, RECKLESS, CARELESS, NEGLIGENT OR AGGRESSIVE MANNER",2,INCAPACITATING INJURY,1.0,0.0,1.0,14,5,5,41.75044455,-87.6635876,"['05/19/2022', '02:00:00', 'PM']"
5356fa32a0fd652f94eedb8ec2e6569fee312d724d7c93f11a3d8832121eef372ca79eb88dc32d2b3af086b25ae81d2a453993cae8d24e8244da7aef0b917876,2022-05-19 08:30:00,Thursday,30,TRAFFIC SIGNAL,CLEAR,DAYLIGHT,TURNING,DRY,INJURY AND / OR TOW DUE TO CRASH,"OVER $1,500",FAILING TO REDUCE SPEED TO AVOID CRASH,3,INCAPACITATING INJURY,1.0,0.0,1.0,8,5,5,41.9830329,-87.76849011,"['05/19/2022', '08:30:00', 'AM']"
e8bad058b1b8f49aa3f2c1b4727e6bc007b4d9efd3cde50db27cd7a9f894cd799221e00a20c4baf212ea47f83d60b3c9ad4ae614ee5a4f19d9c07ebc3ab25661,2022-05-19 07:40:00,Thursday,25,STOP SIGN/FLASHER,CLEAR,DAYLIGHT,ANGLE,DRY,INJURY AND / OR TOW DUE TO CRASH,"OVER $1,500",FAILING TO YIELD RIGHT-OF-WAY,2,INCAPACITATING INJURY,1.0,0.0,1.0,7,5,5,41.94148073,-87.75692859,"['05/19/2022', '07:40:00', 'AM']"
5648e435cc7f4bc254ec9f37c1a187f4326b36cf735cbd458e7f777212c55b2d14da73e017c8d52b0228d62af6c11665ca9bd94dd15c1b2f7ed8f48557fb563a,2022-05-19 02:42:00,Thursday,30,TRAFFIC SIGNAL,CLEAR,"DARKNESS, LIGHTED ROAD",ANGLE,DRY,INJURY AND / OR TOW DUE TO CRASH,"OVER $1,500","OPERATING VEHICLE IN ERRATIC, RECKLESS, CARELESS, NEGLIGENT OR AGGRESSIVE MANNER",2,INCAPACITATING INJURY,4.0,0.0,4.0,2,5,5,41.94667525,-87.71277858,"['05/19/2022', '02:42:00', 'AM']"
8a35264e40e7e9190696aa202dfdd73b9584ab9201014e293f0bcf9d95c03cbdf1909aada958a21b7521080e662a852d0a929c7bc00fa29dba7fd1896f74bd82,2022-05-18 19:11:00,Wednesday,30,STOP SIGN/FLASHER,CLEAR,DAWN,TURNING,UNKNOWN,INJURY AND / OR TOW DUE TO CRASH,"OVER $1,500",DISREGARDING STOP SIGN,2,INCAPACITATING INJURY,2.0,0.0,1.0,19,4,5,41.68539909,-87.62559238,"['05/18/2022', '07:11:00', 'PM']"
06bd09e407d34ebd96f014ad392799f89e3166176af64870018cc39fa8b516debf636b7c5f9d761e928020592e788ad8f0b67478c799a0b1674bdf43b1ac9b7a,2022-05-18 05:30:00,Wednesday,30,TRAFFIC SIGNAL,CLOUDY/OVERCAST,DAWN,PEDESTRIAN,WET,INJURY AND / OR TOW DUE TO CRASH,"OVER $1,500","VISION OBSCURED (SIGNS, TREE LIMBS, BUILDINGS, ETC.)",2,INCAPACITATING INJURY,1.0,0.0,1.0,5,4,5,41.96937734,-87.64885654,"['05/18/2022', '05:30:00', 'AM']"
4be2b9496d9d910c20d70fe2ed52769ddac34f7ca62edb6593fe9da082e2e0766682b3b9a137732da799d82467c0e444b69ae0c860bf54a039c3f29e23793a4c,2022-05-17 16:58:00,Tuesday,30,STOP SIGN/FLASHER,CLEAR,DAWN,TURNING,DRY,INJURY AND / OR TOW DUE TO CRASH,"OVER $1,500",UNABLE TO DETERMINE,2,INCAPACITATING INJURY,1.0,0.0,1.0,16,3,5,41.70732222,-87.61025778,"['05/17/2022', '04:58:00', 'PM']"
ca07a2f33141d442736b931792e95e34d906edc5b09b8bab153d8d1aac87652fd5742e539e129ccdd41f1ce41b94467607a0be69764c8c16ca38590c768ed549,2022-05-17 15:18:00,Tuesday,30,NO CONTROLS,CLEAR,DAYLIGHT,ANGLE,DRY,INJURY AND / OR TOW DUE TO CRASH,"OVER $1,500",FAILING TO YIELD RIGHT-OF-WAY,2,INCAPACITATING INJURY,1.0,0.0,1.0,15,3,5,41.78463932,-87.68393594,"['05/17/2022', '03:18:00', 'PM']"
a15e3519cc151629c7e215e594a3f2bb196e6fbe2708e539ca90c098ec3384a4452052e2527179ecc19914f4d769309c00b65f40ba7690749fd6f47bc1d9a6c2,2022-05-16 20:11:00,Monday,30,TRAFFIC SIGNAL,CLEAR,DAYLIGHT,ANGLE,DRY,INJURY AND / OR TOW DUE TO CRASH,"OVER $1,500","OPERATING VEHICLE IN ERRATIC, RECKLESS, CARELESS, NEGLIGENT OR AGGRESSIVE MANNER",2,INCAPACITATING INJURY,4.0,0.0,2.0,20,2,5,41.8821837,-87.67680866,"['05/16/2022', '08:11:00', 'PM']"
2cf8c310610c08a39a5bbb90f9867b476c53bf9e5e4b94c303813092c341739d3aec30c021a44088b09969ca891db1f57a8c4a4e4764b5c5386895e7798ddf01,2022-05-16 15:28:00,Monday,30,STOP SIGN/FLASHER,CLEAR,DAYLIGHT,TURNING,DRY,INJURY AND / OR TOW DUE TO CRASH,"$501 - $1,500",IMPROPER OVERTAKING/PASSING,2,INCAPACITATING INJURY,1.0,0.0,1.0,15,2,5,41.6855905,-87.60711887,"['05/16/2022', '03:28:00', 'PM']"
fc0d37900a553920cc86b158c2d8bad951deb8c6f37782bbf743073df898904c8d2ae62abe640fb781c3467e6c365c1da3d0053f9abdeb77144e614b5ccc9272,2022-05-16 12:34:00,Monday,30,NO CONTROLS,CLEAR,DAYLIGHT,PARKED MOTOR VEHICLE,DRY,INJURY AND / OR TOW DUE TO CRASH,"OVER $1,500",PHYSICAL CONDITION OF DRIVER,5,INCAPACITATING INJURY,2.0,0.0,1.0,12,2,5,41.91033416,-87.67964266,"['05/16/2022', '12:34:00', 'PM']"
22096f7f8ce99b8bea79dbd72655b39e8d42a93b2cd05fdf4c9657f4cfcf8b3dea2b21fafcb8f272fdbbfaef915410e3b97db1f0351ab38fc60f2905b3a2cb61,2022-05-16 08:50:00,Monday,10,OTHER WARNING SIGN,CLEAR,DAYLIGHT,SIDESWIPE SAME DIRECTION,WET,INJURY AND / OR TOW DUE TO CRASH,"$501 - $1,500",PHYSICAL CONDITION OF DRIVER,3,INCAPACITATING INJURY,1.0,0.0,1.0,8,2,5,41.92367326,-87.79962665,"['05/16/2022', '08:50:00', 'AM']"
2c7bec15f196c05f90e1976f95ea9b2de31f582e7e79b1292de7746314fa92fbf2d09cfc2418a1da819e6ca5b1bdd4235a60aac38da31b3e0661d17950473d9c,2022-05-16 01:10:00,Monday,35,TRAFFIC SIGNAL,CLEAR,"DARKNESS, LIGHTED ROAD",FIXED OBJECT,DRY,INJURY AND / OR TOW DUE TO CRASH,"OVER $1,500",UNABLE TO DETERMINE,1,INCAPACITATING INJURY,1.0,0.0,1.0,1,2,5,41.87805737,-87.63358064,"['05/16/2022', '01:10:00', 'AM']"
cd8a5cb35b90172de2c05dbcdcaa02cf51219394de84297f6d36f70ab397fb93ff3fadc7b351628c59853252e3cde72470021b36b4b081705f795ac10ab0d255,2022-05-15 17:18:00,Sunday,25,NO CONTROLS,CLOUDY/OVERCAST,DAYLIGHT,PEDESTRIAN,DRY,INJURY AND / OR TOW DUE TO CRASH,"OVER $1,500",NOT APPLICABLE,2,INCAPACITATING INJURY,1.0,0.0,1.0,17,1,5,41.90456825,-87.71158548,"['05/15/2022', '05:18:00', 'PM']"
5f752413edae0c23db96bfbcef8712f90858a56b30acb92557d793da9a43267cd16be9cc6844302cf293a72d630d510bb3de3207e40f2ce31428c2687f177090,2022-05-15 16:35:00,Sunday,30,NO CONTROLS,CLEAR,DAYLIGHT,SIDESWIPE SAME DIRECTION,DRY,INJURY AND / OR TOW DUE TO CRASH,"$501 - $1,500",UNABLE TO DETERMINE,3,INCAPACITATING INJURY,1.0,0.0,1.0,16,1,5,41.94649943,-87.67839677,"['05/15/2022', '04:35:00', 'PM']"
041692bd5799bffa510e3acc198a7f47c467ef9531d3c4a12724d18ad12b6d88409bca7544f33396fddf8d8448e779fd82f6600ed30f8e39b57a1ea9178b6d8e,2022-05-15 15:37:00,Sunday,30,NO CONTROLS,CLEAR,DAYLIGHT,PEDALCYCLIST,DRY,INJURY AND / OR TOW DUE TO CRASH,"OVER $1,500",UNABLE TO DETERMINE,2,INCAPACITATING INJURY,1.0,0.0,1.0,15,1,5,41.96536418,-87.66787952,"['05/15/2022', '03:37:00', 'PM']"
00e50f54415d3fa4655c47ce1a078198aee72d5e6491adaa46331bd6c58af9bad7b420c3457422637192b895540608aa19b436e2c06685515bb6958f5c66ffb6,2022-05-15 15:10:00,Sunday,30,NO CONTROLS,CLEAR,DAYLIGHT,OVERTURNED,DRY,INJURY AND / OR TOW DUE TO CRASH,"OVER $1,500",UNABLE TO DETERMINE,1,INCAPACITATING INJURY,1.0,0.0,1.0,15,1,5,41.69548424,-87.57679402,"['05/15/2022', '03:10:00', 'PM']"
e064a7713ffe1f40219db3e904abc091c792ad0e5f583a3fec1df8456972df46d068d53408cb89ec5ba3825401148c89e75ecad8390994554d8729859db7fe91,2022-05-15 10:20:00,Sunday,35,TRAFFIC SIGNAL,CLEAR,DAYLIGHT,PEDESTRIAN,DRY,INJURY AND / OR TOW DUE TO CRASH,"OVER $1,500",PHYSICAL CONDITION OF DRIVER,2,INCAPACITATING INJURY,2.0,0.0,1.0,10,1,5,41.76581642,-87.57614548,"['05/15/2022', '10:20:00', 'AM']"
9e38a488e2ce0532dfc5e726d278a7dd7ff64ca4124e6ee86d84b5fc40c08eb00072181b2a61256cfd0c9cfab39cebcae330dda894ce249d3e8fda4fe009b58f,2022-05-15 06:45:00,Sunday,30,TRAFFIC SIGNAL,CLEAR,DAYLIGHT,ANGLE,DRY,INJURY AND / OR TOW DUE TO CRASH,"OVER $1,500",DISREGARDING TRAFFIC SIGNALS,2,INCAPACITATING INJURY,2.0,0.0,2.0,6,1,5,41.82288427,-87.68490015,"['05/15/2022', '06:45:00', 'AM']"
f0c5dda3e7df816474129ab520e1bb5b87f81f55d058218b1b531f9e737d71db9ebfecb9dcf68a1c04de6cd0a7517482f5896d39a7ff616738c21908b5536c2c,2022-05-15 04:30:00,Sunday,25,NO CONTROLS,CLEAR,DAWN,REAR END,DRY,INJURY AND / OR TOW DUE TO CRASH,"OVER $1,500",FAILING TO YIELD RIGHT-OF-WAY,2,INCAPACITATING INJURY,1.0,0.0,1.0,4,1,5,41.99479339,-87.88270766,"['05/15/2022', '04:30:00', 'AM']"
99561e0a1fb7f25e98382ff538e40a273bc285c5c5eb02f54baf01bad451467894ffc602c18bb1937a8e67b5fc5786d90935c01706eebd71bd829dd5be75e323,2022-05-15 00:56:00,Sunday,30,NO CONTROLS,CLEAR,"DARKNESS, LIGHTED ROAD",FIXED OBJECT,DRY,INJURY AND / OR TOW DUE TO CRASH,"OVER $1,500",FAILING TO REDUCE SPEED TO AVOID CRASH,1,INCAPACITATING INJURY,2.0,0.0,2.0,0,1,5,41.67803444,-87.63179802,"['05/15/2022', '12:56:00', 'AM']"
8022efeadbcc1c7d5c190277577c4363d2514001bfbe6fb827da76c9c744e2376708e635d9cb288cd5461cccac24fa281b2118c2af2dce007f7c730466e0d3bb,2022-05-14 22:06:00,Saturday,30,TRAFFIC SIGNAL,CLEAR,"DARKNESS, LIGHTED ROAD",PEDESTRIAN,DRY,INJURY AND / OR TOW DUE TO CRASH,$500 OR LESS,FAILING TO YIELD RIGHT-OF-WAY,2,INCAPACITATING INJURY,1.0,0.0,1.0,22,7,5,41.87355272,-87.7255364,"['05/14/2022', '10:06:00', 'PM']"
15d83fed8651d9d0cc6b7463c5780e6e6a94d8844060e0f675ba20a056d076adbd7b98350dc781bd95605f02a5cb32f77487432a4cbf0b53f96cb6b71eb64072,2022-05-14 20:00:00,Saturday,30,NO CONTROLS,CLEAR,"DARKNESS, LIGHTED ROAD",OVERTURNED,DRY,INJURY AND / OR TOW DUE TO CRASH,"OVER $1,500",FAILING TO REDUCE SPEED TO AVOID CRASH,1,INCAPACITATING INJURY,1.0,0.0,1.0,20,7,5,41.86604383,-87.74177642,"['05/14/2022', '08:00:00', 'PM']"
9e95720afde393f2af8b47d96c599a164268fd914ef21bae86dbe64cf5c10de313ca43589f380301242e4323b938a382942b93603ac9b21aeda5b0efbc515570,2022-05-14 18:30:00,Saturday,30,NO CONTROLS,UNKNOWN,DAYLIGHT,REAR END,OTHER,INJURY AND / OR TOW DUE TO CRASH,"OVER $1,500",UNABLE TO DETERMINE,2,INCAPACITATING INJURY,2.0,0.0,1.0,18,7,5,41.76935877,-87.62013302,"['05/14/2022', '06:30:00', 'PM']"
20e7d1c378cfc0b91e3202aa028c9e98dff83c0b3da95aa8398f7eb28b4d5ab6b3369569fe5fd4267339883871d6b0e9c961456d027e812d954065c5ccaca774,2022-05-14 14:54:00,Saturday,30,NO CONTROLS,CLEAR,DAYLIGHT,PARKED MOTOR VEHICLE,DRY,INJURY AND / OR TOW DUE TO CRASH,"OVER $1,500",UNABLE TO DETERMINE,4,INCAPACITATING INJURY,1.0,0.0,1.0,14,7,5,41.95521245,-87.72780897,"['05/14/2022', '02:54:00', 'PM']"
2e25a9c19dd8e28519ef3d48a65a4810312ef163ff169085949b1a509662a51fd7c9181cd77f57da9807709d59fbcc4e4ee5a93e09b51ccf90997d883767a445,2022-05-14 11:00:00,Saturday,30,NO CONTROLS,CLEAR,DAYLIGHT,PEDESTRIAN,DRY,INJURY AND / OR TOW DUE TO CRASH,$500 OR LESS,"OPERATING VEHICLE IN ERRATIC, RECKLESS, CARELESS, NEGLIGENT OR AGGRESSIVE MANNER",2,INCAPACITATING INJURY,1.0,0.0,1.0,11,7,5,41.77118409,-87.66505763,"['05/14/2022', '11:00:00', 'AM']"
285fa0d8bb87c852d474d385c96f15ab52218029a2ef1dcb46236692cf6688b7883251cb6615c97d9d34eb6c220da297ae4158d6fc31bd9907a5ea3ed403447d,2022-05-14 08:44:00,Saturday,30,TRAFFIC SIGNAL,CLEAR,DAYLIGHT,PEDALCYCLIST,DRY,INJURY AND / OR TOW DUE TO CRASH,"$501 - $1,500",UNABLE TO DETERMINE,2,INCAPACITATING INJURY,1.0,0.0,1.0,8,7,5,41.75887774,-87.58568244,"['05/14/2022', '08:44:00', 'AM']"
7c3f8bab2e359543fdb505a90be51fe472a9baca14e418e285a3040586db6ba77952bdc38b2b650ac3f6647893c4688cae2d9517a9dd1fe1c50a6332e43878cf,2022-05-14 02:30:00,Saturday,30,TRAFFIC SIGNAL,CLEAR,"DARKNESS, LIGHTED ROAD",ANGLE,DRY,INJURY AND / OR TOW DUE TO CRASH,"OVER $1,500",UNABLE TO DETERMINE,2,INCAPACITATING INJURY,1.0,0.0,1.0,2,7,5,41.77281768,-87.63002449,"['05/14/2022', '02:30:00', 'AM']"
e5be6ebb0d1ee8790f545fa240f9378275891614ebff9bb7298be561a4781f9d051cba2076277ea914a512ef3a67404efa499fba1d56c1cfd6be59fcb34479be,2022-05-14 01:03:00,Saturday,40,TRAFFIC SIGNAL,CLEAR,"DARKNESS, LIGHTED ROAD",PEDESTRIAN,DRY,INJURY AND / OR TOW DUE TO CRASH,"OVER $1,500",UNABLE TO DETERMINE,2,INCAPACITATING INJURY,1.0,0.0,1.0,1,7,5,41.87331875,-87.61746065,"['05/14/2022', '01:03:00', 'AM']"
7dc955a8c2355fda29a65a84545e77a5666174766536b650ade51f2f2edabcd94c2d364cb44cd4acb9280e0206b7fb6db9ff7a350dedcf4f55774cf0048ee4b3,2022-05-14 01:02:00,Saturday,30,NO CONTROLS,CLEAR,"DARKNESS, LIGHTED ROAD",FIXED OBJECT,DRY,INJURY AND / OR TOW DUE TO CRASH,"OVER $1,500",DISTRACTION - FROM OUTSIDE VEHICLE,1,INCAPACITATING INJURY,1.0,0.0,1.0,1,7,5,41.8294016,-87.68457962,"['05/14/2022', '01:02:00', 'AM']"
e0b2f2c973bd72791e6097fbfaa9752d880d47228d8a0642f42ac85838e27ab4a77d5045b05b6df591b67f86b004796c371311ad504b40c54dea679b2be75bbe,2022-05-14 00:55:00,Saturday,30,NO CONTROLS,CLEAR,"DARKNESS, LIGHTED ROAD",FIXED OBJECT,UNKNOWN,INJURY AND / OR TOW DUE TO CRASH,"OVER $1,500",UNABLE TO DETERMINE,1,INCAPACITATING INJURY,1.0,0.0,1.0,0,7,5,41.78120045,-87.66440654,"['05/14/2022', '12:55:00', 'AM']"
625eb1a1c254d5459e7dc6a96ee62bf487a974e0565f169bbcc255bbde15b2adbaae4454f0abcfd4bbbd72d8954ff1c60373620305c1080375df5861870505c3,2022-05-14 00:50:00,Saturday,30,NO CONTROLS,CLEAR,"DARKNESS, LIGHTED ROAD",PEDESTRIAN,DRY,INJURY AND / OR TOW DUE TO CRASH,$500 OR LESS,"OPERATING VEHICLE IN ERRATIC, RECKLESS, CARELESS, NEGLIGENT OR AGGRESSIVE MANNER",2,INCAPACITATING INJURY,1.0,0.0,1.0,0,7,5,41.94442315,-87.64925254,"['05/14/2022', '12:50:00', 'AM']"
59ccc03bd0c406be91fc79cd0af4e28dcd466d91f97844308d0e0f4f44bf21f89403262846a6709879a19dd8e1857c3b36289fd343dab7f883b969bee4770f1a,2022-05-14 00:07:00,Saturday,30,NO CONTROLS,CLEAR,DARKNESS,TURNING,DRY,INJURY AND / OR TOW DUE TO CRASH,"OVER $1,500",IMPROPER TURNING/NO SIGNAL,2,INCAPACITATING INJURY,1.0,0.0,1.0,0,7,5,41.88048102,-87.73727014,"['05/14/2022', '12:07:00', 'AM']"
6999f89a64dc492e37e7f6331ffeb9d7710bc317e23001157997551e8e8df572a7fe478f281524bd8d6823a9ed4995f69cf4eac9248dd4101774693df7dd681d,2022-05-13 23:08:00,Friday,15,NO CONTROLS,CLEAR,"DARKNESS, LIGHTED ROAD",PEDESTRIAN,UNKNOWN,INJURY AND / OR TOW DUE TO CRASH,"$501 - $1,500",UNABLE TO DETERMINE,2,INCAPACITATING INJURY,1.0,0.0,1.0,23,6,5,41.90247624,-87.7252203,"['05/13/2022', '11:08:00', 'PM']"
e24b12429e3551863bc2092120ee1fe8f47f0e36ac3033856da4db51ffc2c9112913860e79307e7f82f0b9c56a69950bbe7d6bddfe96e91b75ae276852e38981,2022-05-13 21:46:00,Friday,30,NO CONTROLS,CLEAR,"DARKNESS, LIGHTED ROAD",PEDESTRIAN,DRY,INJURY AND / OR TOW DUE TO CRASH,"OVER $1,500",DRIVING ON WRONG SIDE/WRONG WAY,4,INCAPACITATING INJURY,1.0,0.0,1.0,21,6,5,41.75137616,-87.58274273,"['05/13/2022', '09:46:00', 'PM']"