CRASH_RECORD_ID,CRASH_DATE,Weekday,POSTED_SPEED_LIMIT,TRAFFIC_CONTROL_DEVICE,WEATHER_CONDITION,LIGHTING_CONDITION,FIRST_CRASH_TYPE,ROADWAY_SURFACE_COND,CRASH_TYPE,DAMAGE,PRIM_CONTRIBUTORY_CAUSE,NUM_UNITS,MOST_SEVERE_INJURY,INJURIES_TOTAL,INJURIES_FATAL,INJURIES_INCAPACITATING,CRASH_HOUR,CRASH_DAY_OF_WEEK,CRASH_MONTH,LATITUDE,LONGITUDE,CRASH_TIME
b07737e549841fc6b407330752a18daab2638b0d3a6da39a036066f1dded19d736ee7ac717c8d9b123b510d85f5440d14ac37ff28e9448c2d3cbe35fe87c5566,2022-05-13 13:11:00,Friday,30,NO CONTROLS,CLEAR,DAYLIGHT,TURNING,DRY,INJURY AND / OR TOW DUE TO CRASH,"OVER $1,500",UNABLE TO DETERMINE,2,INCAPACITATING INJURY,1.0,0.0,1.0,13,6,5,41.78425909,-87.62528451,"['05/13/2022', '01:11:00', 'PM']"
8509d6183b036c77ebd3936527a4e36b210c430272a9ea3dd5d645999d0a1124c8b731c2890360c8c69d17b4aa4c5a9be545a140a5b06aa8b721136136b2cd6e,2022-05-13 12:20:00,Friday,35,NO CONTROLS,CLEAR,DAYLIGHT,ANGLE,DRY,INJURY AND / OR TOW DUE TO CRASH,"$501 - $1,500",UNABLE TO DETERMINE,2,INCAPACITATING INJURY,2.0,0.0,1.0,12,6,5,41.71948834,-87.68187258,"['05/13/2022', '12:20:00', 'PM']"
42a35fda53488fb2ba221d42f66f720c634e21ffb1027419313ebbc63f043f1c807a06671daea10bd74e24def1b8d6ac847fbad1cb7d9dc62bf305b72560bfe7,2022-05-13 11:20:00,Friday,30,STOP SIGN/FLASHER,CLEAR,DAYLIGHT,REAR END,DRY,INJURY AND / OR TOW DUE TO CRASH,"OVER $1,500",IMPROPER OVERTAKING/PASSING,5,INCAPACITATING INJURY,3.0,0.0,3.0,11,6,5,41.86075856,-87.73494442,"['05/13/2022', '11:20:00', 'AM']"
373a56be9c4b05fa73fcdaa5471e89ccba25fe5591e6b6285ef844f375444a72f73049fc68203bdd660da80dbed88f9b232dee0344fb464e10f69729d64b8df1,2022-05-13 08:45:00,Friday,35,STOP SIGN/FLASHER,CLEAR,DAYLIGHT,SIDESWIPE SAME DIRECTION,DRY,INJURY AND / OR TOW DUE TO CRASH,"OVER $1,500","OPERATING VEHICLE IN ERRATIC, RECKLESS, CARELESS, NEGLIGENT OR AGGRESSIVE MANNER",2,INCAPACITATING INJURY,1.0,0.0,1.0,8,6,5,41.73620947,-87.62430552,"['05/13/2022', '08:45:00', 'AM']"
3560f4a95d68c8162b3f14f28c0d490190c6333db8a8cc5582bc2a002f19cc4ffcee26bc3a642d39982087c68a2c0bebd3363fc382f23a5a823b28d19b3d244a,2022-05-13 07:25:00,Friday,30,TRAFFIC SIGNAL,CLEAR,DAYLIGHT,ANGLE,DRY,INJURY AND / OR TOW DUE TO CRASH,"OVER $1,500",UNABLE TO DETERMINE,2,INCAPACITATING INJURY,1.0,0.0,1.0,7,6,5,41.77842289,-87.73511067,"['05/13/2022', '07:25:00', 'AM']"
4c041b2a78d042e048c5ecb9e61f34bb6ce2a04301151e8d28f188000e3bd3a37daeac231f4773672191b65f49aeea1625a2632700565c54f4754d87984bec47,2022-05-13 04:14:00,Friday,30,TRAFFIC SIGNAL,CLEAR,"DARKNESS, LIGHTED ROAD",FIXED OBJECT,DRY,INJURY AND / OR TOW DUE TO CRASH,"OVER $1,500",UNABLE TO DETERMINE,1,INCAPACITATING INJURY,1.0,0.0,1.0,4,6,5,41.79236339,-87.78647639,"['05/13/2022', '04:14:00', 'AM']"
9a9a1e202df82984efc9bb049c0ee2bae23a3157726c509c7e37209ecb9299f43c594f2f26ce3de39276c27aed4030111bfd1b85405a4b25e1eab67379f3d479,2022-05-13 03:39:00,Friday,25,TRAFFIC SIGNAL,CLEAR,"DARKNESS, LIGHTED ROAD",PARKED MOTOR VEHICLE,DRY,INJURY AND / OR TOW DUE TO CRASH,"OVER $1,500",UNABLE TO DETERMINE,2,INCAPACITATING INJURY,1.0,0.0,1.0,3,6,5,41.96554147,-87.65467053,"['05/13/2022', '03:39:00', 'AM']"
d7c4767e50841fa06c8563657de86d9e3cbd76dc8fe7ee0644e9443754268b316fc7a37ac8d2c9d48bfb0725764c61958fb3fb6f86ea3c5222055ba32f602f50,2022-05-12 21:42:00,Thursday,30,NO CONTROLS,CLEAR,"DARKNESS, LIGHTED ROAD",PEDALCYCLIST,DRY,INJURY AND / OR TOW DUE TO CRASH,"OVER $1,500","OPERATING VEHICLE IN ERRATIC, RECKLESS, CARELESS, NEGLIGENT OR AGGRESSIVE MANNER",2,INCAPACITATING INJURY,1.0,0.0,1.0,21,5,5,41.76122493,-87.66383354,"['05/12/2022', '09:42:00', 'PM']"
5d171acb03804fc10c0098e061a002b524690f8ab8a679363a15532224dfe47bf8d5c854ed1b8348f7a88f8432f79440d8d0e856a202a2daccbdce98783d1975,2022-05-12 20:43:00,Thursday,40,TRAFFIC SIGNAL,CLEAR,"DARKNESS, LIGHTED ROAD",REAR END,DRY,INJURY AND / OR TOW DUE TO CRASH,"OVER $1,500",FAILING TO REDUCE SPEED TO AVOID CRASH,3,INCAPACITATING INJURY,3.0,0.0,1.0,20,5,5,41.89709828,-87.61739589,"['05/12/2022', '08:43:00', 'PM']"
9f1c210eec12444c5c5ad072ae9255d48911c8df615cc0ba05af940893f204e507db808ce941614a59c770e67c0a291ae88800bf1b1cf37640be9efd1361512e,2022-05-12 20:32:00,Thursday,30,TRAFFIC SIGNAL,CLEAR,"DARKNESS, LIGHTED ROAD",PEDESTRIAN,DRY,INJURY AND / OR TOW DUE TO CRASH,"OVER $1,500","OPERATING VEHICLE IN ERRATIC, RECKLESS, CARELESS, NEGLIGENT OR AGGRESSIVE MANNER",2,INCAPACITATING INJURY,2.0,0.0,1.0,20,5,5,41.86639818,-87.6961231,"['05/12/2022', '08:32:00', 'PM']"
695fe0dc03843911bb8e44efcf6c329dad6d7f08b2dd0ff876708a5eb9910f2e0975a71a053d28c6decbada52825f2c4a684edddf4d20420c7c75c421b8d6a5a,2022-05-12 20:31:00,Thursday,30,TRAFFIC SIGNAL,CLEAR,DARKNESS,TURNING,DRY,INJURY AND / OR TOW DUE TO CRASH,"OVER $1,500",UNABLE TO DETERMINE,2,INCAPACITATING INJURY,1.0,0.0,1.0,20,5,5,41.94921087,-87.81707837,"['05/12/2022', '08:31:00', 'PM']"
0373e37bad27819c577202601b24a80d57615fe0dd080eded1d11498a659ec521a5c4e985c005bf0a4b116c1d80770e3a700d5e21ea0a5cfb40e83590650051a,2022-05-12 20:30:00,Thursday,30,TRAFFIC SIGNAL,CLEAR,DUSK,SIDESWIPE SAME DIRECTION,DRY,INJURY AND / OR TOW DUE TO CRASH,"OVER $1,500",UNABLE TO DETERMINE,3,INCAPACITATING INJURY,1.0,0.0,1.0,20,5,5,41.89259323,-87.62433405,"['05/12/2022', '08:30:00', 'PM']"
4b2bc3127199e6b1fabddcad4414dc46346f1a8ab16d90363b3869b26895a736631bcd22df386e6637bf3a3c6939cc38c09c1437bbc108801dc313e634e2e7ea,2022-05-12 20:05:00,Thursday,30,NO CONTROLS,CLEAR,"DARKNESS, LIGHTED ROAD",PEDESTRIAN,DRY,INJURY AND / OR TOW DUE TO CRASH,"OVER $1,500",UNABLE TO DETERMINE,2,INCAPACITATING INJURY,1.0,0.0,1.0,20,5,5,41.77960483,-87.69326173,"['05/12/2022', '08:05:00', 'PM']"
2fc2bb0251c5950b7e989d453dde96cd4c3b44125246de6a6a53fd988c2aad3601a1a3102405089a636fe02929e3bb839a748ea3b4ff05b928050c634fd75e9b,2022-05-12 18:54:00,Thursday,15,NO CONTROLS,CLEAR,DAYLIGHT,OTHER OBJECT,DRY,INJURY AND / OR TOW DUE TO CRASH,"OVER $1,500",PHYSICAL CONDITION OF DRIVER,1,INCAPACITATING INJURY,1.0,0.0,1.0,18,5,5,41.98635934,-87.79485541,"['05/12/2022', '06:54:00', 'PM']"
a1e4899959156aee6742a1923efdf68eb119dcff2dc97e23cfe332e49e0cb7935ba76868685117a35e6de1dc16d9c1796a2acc50e15b193948ad00ed3051f405,2022-05-12 17:00:00,Thursday,30,NO CONTROLS,CLEAR,DAYLIGHT,PEDALCYCLIST,DRY,INJURY AND / OR TOW DUE TO CRASH,"OVER $1,500",NOT APPLICABLE,2,INCAPACITATING INJURY,1.0,0.0,1.0,17,5,5,41.66324631,-87.63915125,"['05/12/2022', '05:00:00', 'PM']"
127c765a8c7e7716e8a9345cd7adba2a717d34781bc5e3f39f31e54825b899984b136b53f5cf82de0eb2ba04da2957003e0217731df41fdb8e371fd278c84e91,2022-05-12 00:06:00,Thursday,30,NO CONTROLS,CLEAR,"DARKNESS, LIGHTED ROAD",REAR END,DRY,INJURY AND / OR TOW DUE TO CRASH,"OVER $1,500",DRIVING SKILLS/KNOWLEDGE/EXPERIENCE,2,INCAPACITATING INJURY,4.0,0.0,3.0,0,5,5,41.86940131,-87.62036218,"['05/12/2022', '12:06:00', 'AM']"
880f26bae2235be6a81fcfbb611a40057445e9b778d68e8d744c5675c6211210c10c3db941c2a963be720b988f213ed8f7c397a51a2a66ffcc088bfb6b4a1141,2022-05-11 22:02:00,Wednesday,30,TRAFFIC SIGNAL,CLEAR,"DARKNESS, LIGHTED ROAD",PEDESTRIAN,DRY,INJURY AND / OR TOW DUE TO CRASH,"OVER $1,500",UNABLE TO DETERMINE,2,INCAPACITATING INJURY,1.0,0.0,1.0,22,4,5,41.88705366,-87.62785239,"['05/11/2022', '10:02:00', 'PM']"
f3d7e3a328819dd3dc93fb395a783d190d11b3cd2549c34fa15baf7f56054b1924958db370ab9f9f20d207725f7d3ff2ec7b6d3041086f3822c5584b531afde0,2022-05-11 13:45:00,Wednesday,30,STOP SIGN/FLASHER,CLEAR,DAYLIGHT,PEDESTRIAN,DRY,INJURY AND / OR TOW DUE TO CRASH,"OVER $1,500",FAILING TO YIELD RIGHT-OF-WAY,2,INCAPACITATING INJURY,1.0,0.0,1.0,13,4,5,41.89823607,-87.62704588,"['05/11/2022', '01:45:00', 'PM']"
69cdb2b4bac5755ba0350dd4e8a4f5611ec9b29b59f585cb11b03fb8fafb8555da2019c5eeef967d6a8bdd1b2c3339bf2149b3f97c6b6f1637ded226a602950b,2022-05-11 13:26:00,Wednesday,25,NO CONTROLS,CLEAR,DAYLIGHT,ANGLE,DRY,INJURY AND / OR TOW DUE TO CRASH,"$501 - $1,500",UNABLE TO DETERMINE,2,INCAPACITATING INJURY,1.0,0.0,1.0,13,4,5,41.86931257,-87.74500673,"['05/11/2022', '01:26:00', 'PM']"
7f2ce9c729950c40771fde3046a8d19d00844496df095035c14b86f2e5e5a50dce0be16ccf991148a9a9523c561a5f4d8669b84826eea8671731d4ea442d2897,2022-05-11 13:06:00,Wednesday,30,TRAFFIC SIGNAL,CLEAR,DAYLIGHT,PEDESTRIAN,DRY,INJURY AND / OR TOW DUE TO CRASH,"OVER $1,500",IMPROPER LANE USAGE,3,FATAL,3.0,1.0,1.0,13,4,5,41.99051688,-87.68258356,"['05/11/2022', '01:06:00', 'PM']"
48147ddcb0a0f69d9097ac30fc58d20692b824c808c7d29b1990fd9531ce77d871f98e81b5d7505146337c39c6c3fc49b31677c79eaf70f28efb31caac047884,2022-05-11 12:59:00,Wednesday,30,TRAFFIC SIGNAL,CLEAR,DAYLIGHT,REAR END,DRY,INJURY AND / OR TOW DUE TO CRASH,"OVER $1,500",DRIVING SKILLS/KNOWLEDGE/EXPERIENCE,2,INCAPACITATING INJURY,1.0,0.0,1.0,12,4,5,41.9936403,-87.65535122,"['05/11/2022', '12:59:00', 'PM']"
6e9f42ba30b5b10d34865fb9ae855df25759e61e2c50944874a72a912ca609a7b37ce2487c96eb84d3dd934c265673092f64e1d3d236d009f546fa4a1f29e1d1,2022-05-11 12:00:00,Wednesday,30,NO CONTROLS,CLEAR,DAYLIGHT,PARKED MOTOR VEHICLE,DRY,INJURY AND / OR TOW DUE TO CRASH,"OVER $1,500",IMPROPER LANE USAGE,3,INCAPACITATING INJURY,1.0,0.0,1.0,12,4,5,41.76921568,-87.72266642,"['05/11/2022', '12:00:00', 'PM']"
b8637ddf7252962192680e4a64ed3bd4fb0797c6b6d6a2a8ed4b8fdec58c800e71c42b45a5af9d49451e8f43c78e1cffa71c3bf9a44fd8666507c61248d62dfa,2022-05-10 22:22:00,Tuesday,30,TRAFFIC SIGNAL,CLEAR,"DARKNESS, LIGHTED ROAD",TURNING,DRY,INJURY AND / OR TOW DUE TO CRASH,"OVER $1,500",DISREGARDING TRAFFIC SIGNALS,2,INCAPACITATING INJURY,1.0,0.0,1.0,22,3,5,41.70264303,-87.53542985,"['05/10/2022', '10:22:00', 'PM']"
e79a93ec3dc9321f5606a0a8f310dfda3653d25f18e6bfd2af65c7d1d1eb6a7ad3d86d77589b75f657dc5c9a55e43ad2738171fcea12b10f981283206f79bfe3,2022-05-10 21:00:00,Tuesday,15,NO CONTROLS,CLEAR,DARKNESS,FIXED OBJECT,DRY,INJURY AND / OR TOW DUE TO CRASH,"OVER $1,500",NOT APPLICABLE,1,INCAPACITATING INJURY,1.0,0.0,1.0,21,3,5,41.75160323,-87.58656543,"['05/10/2022', '09:00:00', 'PM']"
c5c7f1d627f4de693efacd79a668db50b8eb90373197327e18e5bc32661bab7b45586e7a5d2d689b7f691375d51b0043eafaa7d43c2faa764720d765d26436f2,2022-05-10 17:15:00,Tuesday,30,NO CONTROLS,CLEAR,DAYLIGHT,TURNING,DRY,INJURY AND / OR TOW DUE TO CRASH,"OVER $1,500",IMPROPER OVERTAKING/PASSING,2,INCAPACITATING INJURY,1.0,0.0,1.0,17,3,5,41.75592479,-87.66349715,"['05/10/2022', '05:15:00', 'PM']"
d8fa9699371b365549babf4276ebceea059d5f9f403dc13418bb3a533337271f6814c9c5b99b949aabe4bc47ad6b53ca3cbbc14820e016ba51d234debed354dc,2022-05-10 15:45:00,Tuesday,30,NO CONTROLS,CLEAR,DAYLIGHT,PEDALCYCLIST,DRY,INJURY AND / OR TOW DUE TO CRASH,$500 OR LESS,IMPROPER OVERTAKING/PASSING,2,INCAPACITATING INJURY,1.0,0.0,1.0,15,3,5,41.81867081,-87.69700638,"['05/10/2022', '03:45:00', 'PM']"
637fcfa39524d00f80f98906220d5837082bb63c9669ed9dd5702c633240b42437302153098e206d41071ea2460277398035361d1c9f5f6b1c769bde8294e65b,2022-05-10 14:30:00,Tuesday,25,TRAFFIC SIGNAL,CLEAR,DAYLIGHT,PEDESTRIAN,DRY,INJURY AND / OR TOW DUE TO CRASH,"OVER $1,500",UNABLE TO DETERMINE,2,FATAL,1.0,1.0,0.0,14,3,5,41.8959245,-87.66966384,"['05/10/2022', '02:30:00', 'PM']"
009b16cd76efe696d6e2492b8526bd3ed40289674414284c4fd2a65174f93a51cffbf4d2133f9ca9c3b47a330676ff94d94c09f3c2227c0314ce78cbbd2120b1,2022-05-10 09:51:00,Tuesday,30,TRAFFIC SIGNAL,CLEAR,DAYLIGHT,PEDESTRIAN,DRY,INJURY AND / OR TOW DUE TO CRASH,$500 OR LESS,FAILING TO YIELD RIGHT-OF-WAY,2,INCAPACITATING INJURY,1.0,0.0,1.0,9,3,5,41.79275553,-87.58380402,"['05/10/2022', '09:51:00', 'AM']"
a1cf07d147f081dcbbf809b9aa581b9729f7158a5ef48c3a622fc4df8f0979825aff7bc10046d65b44cb09c97b7efe983c424e0f34b2e1e0450127e4f1de9589,2022-05-10 01:12:00,Tuesday,30,NO CONTROLS,CLEAR,"DARKNESS, LIGHTED ROAD",TURNING,DRY,INJURY AND / OR TOW DUE TO CRASH,"OVER $1,500",UNABLE TO DETERMINE,3,INCAPACITATING INJURY,1.0,0.0,1.0,1,3,5,41.75481094,-87.589967,"['05/10/2022', '01:12:00', 'AM']"
c64cf80913114dfa72ea1bc6c65693d17f25c95d9f9de345e81881eb3827d62d36d876e0171d6bb17f9bd65260745ac2b6e5aa9d50cf725d7b363e3b35a3568b,2022-05-10 00:07:00,Tuesday,35,TRAFFIC SIGNAL,CLEAR,"DARKNESS, LIGHTED ROAD",TURNING,DRY,INJURY AND / OR TOW DUE TO CRASH,"OVER $1,500",DISREGARDING TRAFFIC SIGNALS,2,INCAPACITATING INJURY,3.0,0.0,1.0,0,3,5,41.78053322,-87.58478733,"['05/10/2022', '12:07:00', 'AM']"
cfe600279bf212a7e59a4df8de9575c263c165436055814033b4f157cbeda0414bbce396dea50c4ff559333b9597ac5e31d712c81820e5eb1ba5b88891e4e5ae,2022-05-09 23:10:00,Monday,20,STOP SIGN/FLASHER,CLEAR,"DARKNESS, LIGHTED ROAD",TURNING,DRY,INJURY AND / OR TOW DUE TO CRASH,"OVER $1,500",FAILING TO YIELD RIGHT-OF-WAY,4,INCAPACITATING INJURY,1.0,0.0,1.0,23,2,5,41.91218805,-87.68049072,"['05/09/2022', '11:10:00', 'PM']"
171c4d7e2684c743b01addc86c88727576d72a38b5fc1ee423fd44b1c67d6aaea321eee90668fb0220236d2671e246755ea2cf6900ae39fa8a11ea6aa03db7e8,2022-05-09 19:44:00,Monday,30,TRAFFIC SIGNAL,CLEAR,DAYLIGHT,PEDALCYCLIST,DRY,INJURY AND / OR TOW DUE TO CRASH,$500 OR LESS,FAILING TO YIELD RIGHT-OF-WAY,2,INCAPACITATING INJURY,1.0,0.0,1.0,19,2,5,41.89579624,-87.6549536,"['05/09/2022', '07:44:00', 'PM']"
156a0098a24d02de541e141c318197b09f8d7f80db3fa42d6c28f4a75d49bfdf0ec544c04454d42e807dcb5daf22788676df5bb4d62872924827313bfcaf4ab1,2022-05-09 18:20:00,Monday,30,TRAFFIC SIGNAL,CLEAR,DAYLIGHT,TURNING,DRY,INJURY AND / OR TOW DUE TO CRASH,"OVER $1,500",FAILING TO YIELD RIGHT-OF-WAY,2,INCAPACITATING INJURY,1.0,0.0,1.0,18,2,5,41.85298181,-87.63490834,"['05/09/2022', '06:20:00', 'PM']"
19109e3385291ff05427450b7471a9d362d4e095bf61d6f9a232d79623f8aaf4c6e86769003310dffdad5d466f650fb91adf65646a010bd66af6c89f48ac3250,2022-05-09 17:25:00,Monday,30,TRAFFIC SIGNAL,CLEAR,DAYLIGHT,PEDALCYCLIST,DRY,INJURY AND / OR TOW DUE TO CRASH,"OVER $1,500",BICYCLE ADVANCING LEGALLY ON RED LIGHT,2,INCAPACITATING INJURY,1.0,0.0,1.0,17,2,5,41.75301313,-87.60539305,"['05/09/2022', '05:25:00', 'PM']"
61cc6e8223a6ca7475fcd2521756deab99541e11b7ec0156ac4b0d9e5217918900f56d82115d357583ce8e8b410a87b8b5226758a455da600fcdd2a45b7b676a,2022-05-09 17:03:00,Monday,30,TRAFFIC SIGNAL,CLEAR,DAYLIGHT,HEAD ON,DRY,INJURY AND / OR TOW DUE TO CRASH,"OVER $1,500",UNABLE TO DETERMINE,2,INCAPACITATING INJURY,3.0,0.0,1.0,17,2,5,41.88418765,-87.70141117,"['05/09/2022', '05:03:00', 'PM']"
f9bc02a7292342551549d77e3adeb78752652a1ff59afc62b15dab533b2b5e862a2c0799b1e4ce9b27851966960eca0e293d96eeb762dac467db3650c41d1c4e,2022-05-09 13:50:00,Monday,30,TRAFFIC SIGNAL,CLEAR,DAYLIGHT,ANGLE,DRY,INJURY AND / OR TOW DUE TO CRASH,"OVER $1,500",UNABLE TO DETERMINE,3,INCAPACITATING INJURY,3.0,0.0,2.0,13,2,5,41.86639934,-87.71039741,"['05/09/2022', '01:50:00', 'PM']"
3207442c639d0abcc742576b99e33c95a1dd6df24b37c0c1f1c8bc8976779c09c2467f67c58a74af5fa4777a2a9565f71a39974f53865d055a231a1959ddbc0c,2022-05-09 12:00:00,Monday,30,TRAFFIC SIGNAL,CLEAR,DAYLIGHT,TURNING,DRY,INJURY AND / OR TOW DUE TO CRASH,"OVER $1,500",UNABLE TO DETERMINE,2,INCAPACITATING INJURY,1.0,0.0,1.0,12,2,5,41.99021233,-87.71404362,"['05/09/2022', '12:00:00', 'PM']"
7bdf1bca2ed144f81cbf337efeba4e1d0bf67f30da23c09d648c07409efebc2bfccd43b0ad40a3277577c61f60e4b592a2ed9b70fb0c53da252364c86ca2a350,2022-05-09 03:25:00,Monday,30,NO CONTROLS,CLEAR,"DARKNESS, LIGHTED ROAD",PEDESTRIAN,DRY,INJURY AND / OR TOW DUE TO CRASH,$500 OR LESS,NOT APPLICABLE,2,INCAPACITATING INJURY,1.0,0.0,1.0,3,2,5,41.9522682,-87.71728799,"['05/09/2022', '03:25:00', 'AM']"
f0271be72093b976a322f65fb595eb1a800831aaba8f47d559efa5c1976d118bb8a9a62a5eb3990149d9e71f804ef912f83272772e97c252048f3a65d79f3d93,2022-05-09 01:40:00,Monday,30,NO CONTROLS,CLEAR,"DARKNESS, LIGHTED ROAD",PEDESTRIAN,DRY,INJURY AND / OR TOW DUE TO CRASH,"OVER $1,500",UNABLE TO DETERMINE,2,INCAPACITATING INJURY,1.0,0.0,1.0,1,2,5,41.86968588,-87.74256018,"['05/09/2022', '01:40:00', 'AM']"
e4621c0facd7c129624573adbcabcc6b8df533330b67ec0257519e1b58885a74ec00d7eb01edb4bb1bf683fae925b65bc1e75a06d90d29bddb3a3e5f12de0b55,2022-05-08 18:20:00,Sunday,30,TRAFFIC SIGNAL,CLEAR,DAYLIGHT,PEDESTRIAN,DRY,INJURY AND / OR TOW DUE TO CRASH,"OVER $1,500",FAILING TO YIELD RIGHT-OF-WAY,2,INCAPACITATING INJURY,1.0,0.0,1.0,18,1,5,41.89161387,-87.63975395,"['05/08/2022', '06:20:00', 'PM']"
d71075a0fc124384a5fd34edd57fea7f4e248d8756a8570d41c0f749b7e846590bc5d09c990789fadc09e66678ff376ce7f86ed3cfd39bd034495424082ecf61,2022-05-08 17:10:00,Sunday,30,NO CONTROLS,CLEAR,DAYLIGHT,TURNING,DRY,INJURY AND / OR TOW DUE TO CRASH,"$501 - $1,500",IMPROPER TURNING/NO SIGNAL,2,INCAPACITATING INJURY,4.0,0.0,3.0,17,1,5,41.73658891,-87.61622199,"['05/08/2022', '05:10:00', 'PM']"
3a98f12370b667ef10bfa59ba702302a0282a2ac0fe3fde8e1b9403e990cf9df29517641b01f203bb53a1312eed237ef1412801e7f09777292f5d3f777eae31d,2022-05-08 15:10:00,Sunday,35,TRAFFIC SIGNAL,CLEAR,DAYLIGHT,TURNING,DRY,INJURY AND / OR TOW DUE TO CRASH,"OVER $1,500",FAILING TO YIELD RIGHT-OF-WAY,3,INCAPACITATING INJURY,1.0,0.0,1.0,15,1,5,41.85279513,-87.62241541,"['05/08/2022', '03:10:00', 'PM']"
4a97f4feff6026eea4397a380332ae4f3e9f88f4d303f72416f9e1a646593731ca651c7097f118e10e253a00328aaf411d79ff3a5343a4ae5884c6000e8e30c7,2022-05-08 14:39:00,Sunday,30,NO CONTROLS,CLEAR,DAYLIGHT,REAR TO FRONT,DRY,INJURY AND / OR TOW DUE TO CRASH,"$501 - $1,500",IMPROPER BACKING,2,INCAPACITATING INJURY,2.0,0.0,2.0,14,1,5,41.7901731,-87.79573519,"['05/08/2022', '02:39:00', 'PM']"
ff963323503770e41f634c8b4f323756b6c1fdd73e638d31b8c0be6d63ff30a85d17137971132249be5f94aa84b6d239b13eb24001e1d453056abcac4d4fd793,2022-05-08 06:00:00,Sunday,30,TRAFFIC SIGNAL,CLEAR,DAYLIGHT,TURNING,DRY,INJURY AND / OR TOW DUE TO CRASH,"OVER $1,500",UNABLE TO DETERMINE,2,INCAPACITATING INJURY,1.0,0.0,1.0,6,1,5,41.89854013,-87.76567319,"['05/08/2022', '06:00:00', 'AM']"
d0f250f7afbf3168654e0c5b2ff76e8710d0f1316ccd241ec714c2e345b0864729604e8d33fac0d31590b6a3d0ce185f31a4206e7299d84f6646858450c91da7,2022-05-07 19:18:00,Saturday,30,NO CONTROLS,CLEAR,DAYLIGHT,PARKED MOTOR VEHICLE,DRY,INJURY AND / OR TOW DUE TO CRASH,"OVER $1,500",DRIVING SKILLS/KNOWLEDGE/EXPERIENCE,2,INCAPACITATING INJURY,1.0,0.0,1.0,19,7,5,41.88417417,-87.72274917,"['05/07/2022', '07:18:00', 'PM']"
91634983e2ee9ad5fac59ff0fe01b1931985fd11a7e4a2c82107f09469cfb2fa74f0b730db71ddd055a376c3f0a0a0d20d2e9c9692aaea7740880dc63ef75923,2022-05-07 18:40:00,Saturday,30,NO CONTROLS,CLEAR,DAYLIGHT,PARKED MOTOR VEHICLE,DRY,INJURY AND / OR TOW DUE TO CRASH,"OVER $1,500",PHYSICAL CONDITION OF DRIVER,2,INCAPACITATING INJURY,1.0,0.0,1.0,18,7,5,41.68773926,-87.70083002,"['05/07/2022', '06:40:00', 'PM']"
67f4afc3d2790826033b6afdef83801550d8dc09fe06a55a60ce975a686f5f30f0e9a51242a04882b87613bbaf4b982ed30f62945b4bbfb9916524450c1aff8e,2022-05-07 18:22:00,Saturday,30,NO CONTROLS,UNKNOWN,UNKNOWN,PEDALCYCLIST,UNKNOWN,INJURY AND / OR TOW DUE TO CRASH,$500 OR LESS,UNABLE TO DETERMINE,2,INCAPACITATING INJURY,1.0,0.0,1.0,18,7,5,41.89610573,-87.67194771,"['05/07/2022', '06:22:00', 'PM']"
b5e60458e14366fd4235028a3dff977e7e3d3139a589b723fc9d7b0036ad425671d651954c285f36e76895325cda21e903115c52f99df32cf5cd3f7fafc13a6f,2022-05-07 17:38:00,Saturday,30,NO CONTROLS,CLEAR,DAYLIGHT,PARKED MOTOR VEHICLE,DRY,INJURY AND / OR TOW DUE TO CRASH,"OVER $1,500",IMPROPER LANE USAGE,4,INCAPACITATING INJURY,1.0,0.0,1.0,17,7,5,41.79306872,-87.72640594,"['05/07/2022', '05:38:00', 'PM']"
e8d72f1a31150c05872edaef0fd0f547fd9de2f00a4e2a15ec0e1c08c5c4eb91003a854c39b02920d0b9b4268db1cfe283d589e6ec3d40f3953706f9b90e2ccf,2022-05-07 15:33:00,Saturday,25,NO CONTROLS,CLEAR,DAYLIGHT,PARKED MOTOR VEHICLE,DRY,INJURY AND / OR TOW DUE TO CRASH,"OVER $1,500",PHYSICAL CONDITION OF DRIVER,3,INCAPACITATING INJURY,1.0,0.0,1.0,15,7,5,41.9790193,-87.80577995,"['05/07/2022', '03:33:00', 'PM']"
884282abed9dae376f47e6a938224378bc91cf743c88a4d9d724d16c3680a1580db864ead1ae6412bd78c0dacd5b60408a6124925e4c2d37a9fe1cbeb1bf09f6,2022-05-07 14:22:00,Saturday,30,NO CONTROLS,CLEAR,DAYLIGHT,PEDALCYCLIST,DRY,INJURY AND / OR TOW DUE TO CRASH,"OVER $1,500",FAILING TO REDUCE SPEED TO AVOID CRASH,2,INCAPACITATING INJURY,1.0,0.0,1.0,14,7,5,41.93126646,-87.68627205,"['05/07/2022', '02:22:00', 'PM']"
e03f03ba9e102ea37cb546919874c6252f919ca98f49436476aa9a106a5156427cb36db548a0c97ba9f52f498596bf0f05ae9f597301e58579034375de8413cd,2022-05-07 06:27:00,Saturday,15,NO CONTROLS,CLEAR,DAYLIGHT,PEDESTRIAN,DRY,INJURY AND / OR TOW DUE TO CRASH,"OVER $1,500",NOT APPLICABLE,2,INCAPACITATING INJURY,1.0,0.0,1.0,6,7,5,41.69984693,-87.6424673,"['05/07/2022', '06:27:00', 'AM']"