CRASH_RECORD_ID,CRASH_DATE,Weekday,POSTED_SPEED_LIMIT,TRAFFIC_CONTROL_DEVICE,WEATHER_CONDITION,LIGHTING_CONDITION,FIRST_CRASH_TYPE,ROADWAY_SURFACE_COND,CRASH_TYPE,DAMAGE,PRIM_CONTRIBUTORY_CAUSE,NUM_UNITS,MOST_SEVERE_INJURY,INJURIES_TOTAL,INJURIES_FATAL,INJURIES_INCAPACITATING,CRASH_HOUR,CRASH_DAY_OF_WEEK,CRASH_MONTH,LATITUDE,LONGITUDE,CRASH_TIME
9d63b89e1d2646f94224c07f0f0ad089cecd2a1d0c089145863a4df4f181dc8ad9de66f21fdb97e3505c63aef4011dbb4c750a469d78d08782b0c4cb697d7b57,2022-05-07 00:11:00,Saturday,35,STOP SIGN/FLASHER,CLEAR,"DARKNESS, LIGHTED ROAD",ANGLE,DRY,INJURY AND / OR TOW DUE TO CRASH,"OVER $1,500",DISREGARDING STOP SIGN,2,INCAPACITATING INJURY,1.0,0.0,1.0,0,7,5,41.76038274,-87.61502292,"['05/07/2022', '12:11:00', 'AM']"
66ef2dda24ac89ab3007eea8043bf282d80d195fa9779f729b706cb8b7b9eb4123ccf1d3dba3640be2a9189be4bc8e5e7c606d9f1d186c2b0a3769b322ae9644,2022-05-06 16:08:00,Friday,30,NO CONTROLS,CLOUDY/OVERCAST,DAYLIGHT,REAR END,WET,INJURY AND / OR TOW DUE TO CRASH,"OVER $1,500",UNDER THE INFLUENCE OF ALCOHOL/DRUGS (USE WHEN ARREST IS EFFECTED),2,INCAPACITATING INJURY,1.0,0.0,1.0,16,6,5,41.96968697,-87.74295681,"['05/06/2022', '04:08:00', 'PM']"
e10e26de4ab7b2110fb45ce8d9ee8d889b685a317f15fb35b0bb23d3ea225570b4a6a5d9d7ac496e770e6e1a421f39910944877266d6f181242f689d638d9515,2022-05-06 10:50:00,Friday,30,STOP SIGN/FLASHER,RAIN,DAYLIGHT,PEDESTRIAN,WET,INJURY AND / OR TOW DUE TO CRASH,"$501 - $1,500",FAILING TO YIELD RIGHT-OF-WAY,2,INCAPACITATING INJURY,1.0,0.0,1.0,10,6,5,41.77888118,-87.70185523,"['05/06/2022', '10:50:00', 'AM']"
27be86a7104433a036cf26dea7bda6eb4ee919ec55f0cbf098450968429e7df46336a39f6b3ce1552e990e812a874f0cff1e2944d37749a93d4a9c7d668945d7,2022-05-06 02:32:00,Friday,30,TRAFFIC SIGNAL,FREEZING RAIN/DRIZZLE,"DARKNESS, LIGHTED ROAD",ANGLE,WET,INJURY AND / OR TOW DUE TO CRASH,"OVER $1,500",DISREGARDING OTHER TRAFFIC SIGNS,3,FATAL,2.0,1.0,0.0,2,6,5,41.86670668,-87.67639524,"['05/06/2022', '02:32:00', 'AM']"
319e18271b93653098baf3b97be26eb12d1b556c8832177ff3b2b57a2a1ffb068ede16f4db36ccd60af0d25bbd057c5fdb5e50c259e78e9dc247faa7217f7b29,2022-05-05 23:26:00,Thursday,30,STOP SIGN/FLASHER,RAIN,"DARKNESS, LIGHTED ROAD",TURNING,WET,INJURY AND / OR TOW DUE TO CRASH,"OVER $1,500",UNABLE TO DETERMINE,3,INCAPACITATING INJURY,1.0,0.0,1.0,23,5,5,41.91299834,-87.77298854,"['05/05/2022', '11:26:00', 'PM']"
165ea21108dd0d633d5b88aa3a748cf4d9f2eb41a47cd224f9870bdaa5ac2f424862701f38c6776de0fe31e65b64d5f0faf913addf908f15409637b0d1924123,2022-05-05 23:17:00,Thursday,30,NO CONTROLS,RAIN,"DARKNESS, LIGHTED ROAD",PARKED MOTOR VEHICLE,WET,INJURY AND / OR TOW DUE TO CRASH,"OVER $1,500",NOT APPLICABLE,2,INCAPACITATING INJURY,1.0,0.0,1.0,23,5,5,41.80195748,-87.72845736,"['05/05/2022', '11:17:00', 'PM']"
1c276b3ac5febd7c4d8eef46a1f00b39ce58c2f3bae17af7a2075f9d49e38210ac4312fd744cbf763b8bff2ca7ef2ecfe850b3530a7051975e3be35af91a14ce,2022-05-05 19:00:00,Thursday,30,NO CONTROLS,RAIN,DAWN,TURNING,WET,INJURY AND / OR TOW DUE TO CRASH,"$501 - $1,500",FAILING TO YIELD RIGHT-OF-WAY,2,INCAPACITATING INJURY,1.0,0.0,1.0,19,5,5,41.90964,-87.65325024,"['05/05/2022', '07:00:00', 'PM']"
6f5faa38764a299c3bd23ace650c89fc5a01e4fbc38dc057859bc9d13b510c0763b4785d38aba11a2fb8a62f8e635c1cae2a4777981b666af694e35725b5366b,2022-05-05 17:46:00,Thursday,30,NO CONTROLS,RAIN,DAYLIGHT,REAR END,WET,INJURY AND / OR TOW DUE TO CRASH,"OVER $1,500",IMPROPER TURNING/NO SIGNAL,2,INCAPACITATING INJURY,1.0,0.0,1.0,17,5,5,41.80533455,-87.66502875,"['05/05/2022', '05:46:00', 'PM']"
ea98140084fc3bf66bb4a4a775092e64ec5d804477d9ce28462c47fce5f7873fb2c8281d0f15e606894269dfc086b2d96bdcb3102a19707ce2df28696909bda7,2022-05-05 17:11:00,Thursday,30,NO CONTROLS,RAIN,DAYLIGHT,HEAD ON,WET,INJURY AND / OR TOW DUE TO CRASH,"OVER $1,500",IMPROPER LANE USAGE,2,INCAPACITATING INJURY,1.0,0.0,1.0,17,5,5,41.9654178,-87.75844901,"['05/05/2022', '05:11:00', 'PM']"
c994f5ff677231a6bf3d0505599e008e3cd449f1970605ce67895d40abc3c0935b145dc08de081a8b5c55915f72712510966cda3fddff07bcd564085ca72bbe3,2022-05-05 16:05:00,Thursday,30,TRAFFIC SIGNAL,RAIN,UNKNOWN,ANGLE,WET,INJURY AND / OR TOW DUE TO CRASH,"OVER $1,500",NOT APPLICABLE,2,INCAPACITATING INJURY,1.0,0.0,1.0,16,5,5,41.7449863,-87.66315761,"['05/05/2022', '04:05:00', 'PM']"
640c59f8fa33657fbda50a522eb79d896c592c0eb396fa3ce00da3b864a00f133f0fdfc47a183280f680bf5336e3ae29d1b13efffc70d63e1b8b84da791dcdac,2022-05-05 13:45:00,Thursday,30,TRAFFIC SIGNAL,RAIN,DAYLIGHT,TURNING,WET,INJURY AND / OR TOW DUE TO CRASH,"OVER $1,500",DISREGARDING TRAFFIC SIGNALS,4,INCAPACITATING INJURY,2.0,0.0,1.0,13,5,5,41.85784623,-87.7050877,"['05/05/2022', '01:45:00', 'PM']"
49ba335b51e25f288dc137d057de76ef329420324af53f1a7455ae9f42faa32c7afe084599d187fb3bb1719944819f5175b0b87f298bc1c6d82cfdea96eb0c51,2022-05-05 13:35:00,Thursday,30,NO CONTROLS,RAIN,DAYLIGHT,REAR END,WET,INJURY AND / OR TOW DUE TO CRASH,"OVER $1,500","DISTRACTION - OTHER ELECTRONIC DEVICE (NAVIGATION DEVICE, DVD PLAYER, ETC.)",2,INCAPACITATING INJURY,3.0,0.0,1.0,13,5,5,41.91197697,-87.745781,"['05/05/2022', '01:35:00', 'PM']"
19e7d2010e9fa7ccee58a6997aaa582e34ed8d4a959cd4ed2ce5c8aad8cf6ffcb4cbd4c3e61508c92e7819c5bcc2b30ab6cf09e542811431421410b1cd3753ce,2022-05-04 22:56:00,Wednesday,30,TRAFFIC SIGNAL,CLEAR,"DARKNESS, LIGHTED ROAD",PEDESTRIAN,DRY,INJURY AND / OR TOW DUE TO CRASH,"OVER $1,500",DISREGARDING OTHER TRAFFIC SIGNS,2,INCAPACITATING INJURY,1.0,0.0,1.0,22,4,5,41.78604963,-87.70900533,"['05/04/2022', '10:56:00', 'PM']"
d13af63d1050df54e76b6fc359ab99e3aae816067372bc3b36403b197da8497d2126697e18ecdf41aca9eda5dd74c6ae7fb33250dbc9399f59c09e755320ea8c,2022-05-04 21:20:00,Wednesday,35,NO CONTROLS,CLEAR,DUSK,PEDALCYCLIST,DRY,INJURY AND / OR TOW DUE TO CRASH,"OVER $1,500",UNABLE TO DETERMINE,3,FATAL,1.0,1.0,0.0,21,4,5,41.95039565,-87.7421514,"['05/04/2022', '09:20:00', 'PM']"
7b962970c14df9ff35c6c001f1602ef78a7c34d5f79566ecd9e9a168ef634dfcc6f419bc7462520e83e5dd88df0c0c10d2eb642c5c1b73a6af68899f06587dbc,2022-05-04 16:50:00,Wednesday,30,NO CONTROLS,CLEAR,DAYLIGHT,ANGLE,DRY,INJURY AND / OR TOW DUE TO CRASH,"OVER $1,500",FAILING TO YIELD RIGHT-OF-WAY,4,INCAPACITATING INJURY,2.0,0.0,1.0,16,4,5,41.74509526,-87.64402645,"['05/04/2022', '04:50:00', 'PM']"
8f760f62752692ba7b24c4824a4123d3f6e1a312fef8e60cb2fbdc87d0cbdb885c3c520ca649b23145d5ea97ba3a6e26d215fbd5e95a5c88e8d13e2026d92052,2022-05-04 15:28:00,Wednesday,30,NO CONTROLS,CLEAR,DAYLIGHT,PARKED MOTOR VEHICLE,DRY,INJURY AND / OR TOW DUE TO CRASH,"OVER $1,500",UNABLE TO DETERMINE,5,INCAPACITATING INJURY,1.0,0.0,1.0,15,4,5,41.765838,-87.61428666,"['05/04/2022', '03:28:00', 'PM']"
590c25ed12f3613a47536860c72836a7deab909703f0a7571927b1e45111698450c3856a89fff76eb28972f2d632891a6fd16ee0204da81fa07240292779593f,2022-05-04 15:17:00,Wednesday,30,SCHOOL ZONE,CLEAR,DAYLIGHT,PEDESTRIAN,DRY,INJURY AND / OR TOW DUE TO CRASH,$500 OR LESS,NOT APPLICABLE,2,INCAPACITATING INJURY,1.0,0.0,1.0,15,4,5,41.86534867,-87.65604388,"['05/04/2022', '03:17:00', 'PM']"
4cfdefaf33a50350c75d480d1cf1aacffe8f6c1ac9473ecde67533c7f7bfd7e3bbab8ee5ba659bcbd8f8df9ecd80075a7bf5dd7167d4f9dc8a0e62444c241c44,2022-05-04 13:41:00,Wednesday,30,NO CONTROLS,CLEAR,DAYLIGHT,PEDESTRIAN,DRY,INJURY AND / OR TOW DUE TO CRASH,$500 OR LESS,UNABLE TO DETERMINE,2,INCAPACITATING INJURY,1.0,0.0,1.0,13,4,5,41.76873375,-87.64412321,"['05/04/2022', '01:41:00', 'PM']"
dbc9706512752d1a2058947e24c5d4aa407361523a7535abe13c4b49a8c017ace7d2da9f58c6e45bb1e24c45ebea1f22a65a1def93995e779fd3d80862e4f47a,2022-05-04 08:54:00,Wednesday,30,NO CONTROLS,CLEAR,DAYLIGHT,PEDALCYCLIST,DRY,INJURY AND / OR TOW DUE TO CRASH,"OVER $1,500",NOT APPLICABLE,2,INCAPACITATING INJURY,1.0,0.0,1.0,8,4,5,41.95075688,-87.71295846,"['05/04/2022', '08:54:00', 'AM']"
4a35cf154f45293ae9517166e2d9e1172fbd9ff0c0f790461fd707609722a392142bdf17e9662bf19093057f09b6aa3563032ada450effa48da90c199d7c226d,2022-05-04 07:20:00,Wednesday,15,NO CONTROLS,CLEAR,DAYLIGHT,SIDESWIPE SAME DIRECTION,DRY,INJURY AND / OR TOW DUE TO CRASH,"OVER $1,500",FAILING TO YIELD RIGHT-OF-WAY,2,FATAL,1.0,1.0,0.0,7,4,5,41.88213721,-87.71119041,"['05/04/2022', '07:20:00', 'AM']"
347ea3e065ef9afd69e6c63c84d1eee8561a6a67b998f44a7d2943b2168a7d0aaff073cff7fa7a5666d35b42064730d08bc753fb0e20b12be3f5fa2cfbbac6e7,2022-05-03 20:00:00,Tuesday,30,TRAFFIC SIGNAL,RAIN,DUSK,PEDESTRIAN,WET,INJURY AND / OR TOW DUE TO CRASH,$500 OR LESS,HAD BEEN DRINKING (USE WHEN ARREST IS NOT MADE),2,INCAPACITATING INJURY,1.0,0.0,1.0,20,3,5,41.78021132,-87.61576829,"['05/03/2022', '08:00:00', 'PM']"
33ff9b160d09015f9d8d5def5f09092c57405bccc1a19c342cdad0d4e1eb18abfd04e05e6f76d1aa8900aa7b69ae66c489631a9d85f303a385b5527df67002da,2022-05-03 16:47:00,Tuesday,30,NO CONTROLS,RAIN,DUSK,SIDESWIPE SAME DIRECTION,WET,INJURY AND / OR TOW DUE TO CRASH,"OVER $1,500",FAILING TO YIELD RIGHT-OF-WAY,2,INCAPACITATING INJURY,2.0,0.0,1.0,16,3,5,41.77027876,-87.66411243,"['05/03/2022', '04:47:00', 'PM']"
24a02b0958ff24c06a2f68b48583b38034f0ce8dcb99c35fb3d2022398d7bdcfe3fa740055b7a8aee216dd2d64ac51d551885364ffb421ffe0ac4cd9c3d2eab1,2022-05-03 15:00:00,Tuesday,30,TRAFFIC SIGNAL,RAIN,DAYLIGHT,PEDESTRIAN,WET,INJURY AND / OR TOW DUE TO CRASH,$500 OR LESS,UNABLE TO DETERMINE,2,INCAPACITATING INJURY,1.0,0.0,1.0,15,3,5,41.88579587,-87.76491244,"['05/03/2022', '03:00:00', 'PM']"
4a2e7d7456dc37ffca23383b376baabf16641bd15bdf04a8464fdd342aa891c6929587c401e5705a2d24112d3a04b097a2c612e13afdfe8defdd7218851ec184,2022-05-03 13:45:00,Tuesday,20,NO CONTROLS,RAIN,DAYLIGHT,PEDALCYCLIST,WET,INJURY AND / OR TOW DUE TO CRASH,"OVER $1,500",UNABLE TO DETERMINE,2,INCAPACITATING INJURY,1.0,0.0,1.0,13,3,5,41.93784536,-87.66286454,"['05/03/2022', '01:45:00', 'PM']"
56cafd11ba9d627b6b2d3792dda57105c19cee2e46505d32e99a03a29f1a97a1c2c05290b1da7e99e3ca8f241333eb0f5341b5e63029d9714997fe61bfd458b8,2022-05-03 09:17:00,Tuesday,25,TRAFFIC SIGNAL,RAIN,DAYLIGHT,REAR END,WET,INJURY AND / OR TOW DUE TO CRASH,"$501 - $1,500",FOLLOWING TOO CLOSELY,2,INCAPACITATING INJURY,1.0,0.0,1.0,9,3,5,41.9974642,-87.7875889,"['05/03/2022', '09:17:00', 'AM']"
0b3d03599d640624369d6c7d8f7b283981dd8e4f6f649fd976e10b7a276bd470629b4c7be9552b680e213d197a6121d5ec08447d0db54eaef8646e455d91ebc7,2022-05-03 07:40:00,Tuesday,30,NO CONTROLS,RAIN,DAWN,ANGLE,WET,INJURY AND / OR TOW DUE TO CRASH,"OVER $1,500",FAILING TO YIELD RIGHT-OF-WAY,2,INCAPACITATING INJURY,1.0,0.0,1.0,7,3,5,41.93367346,-87.72717794,"['05/03/2022', '07:40:00', 'AM']"
484b1bd86471596d77790105fdeed1cfa2ecd7ddd2db138c8efa778a3f50311a7c8a6cfaa27fa035d2569d22379b082153fc179cef8d439ade76b2cba2cfccc0,2022-05-03 04:30:00,Tuesday,30,NO CONTROLS,RAIN,"DARKNESS, LIGHTED ROAD",SIDESWIPE SAME DIRECTION,WET,INJURY AND / OR TOW DUE TO CRASH,"OVER $1,500",UNABLE TO DETERMINE,2,INCAPACITATING INJURY,1.0,0.0,1.0,4,3,5,41.71518386,-87.64663391,"['05/03/2022', '04:30:00', 'AM']"
f0cfab11459d155637dadb0bf6ba0ace68bcec20fbb94070663b153d520dc4713e6f22b7e93c76a7db4885981fb43b1068e8d6d76ecbbcbe4773a30dce4310fa,2022-05-02 21:20:00,Monday,30,STOP SIGN/FLASHER,CLEAR,"DARKNESS, LIGHTED ROAD",ANGLE,DRY,INJURY AND / OR TOW DUE TO CRASH,"OVER $1,500",DISREGARDING STOP SIGN,2,INCAPACITATING INJURY,3.0,0.0,2.0,21,2,5,41.78860495,-87.67044969,"['05/02/2022', '09:20:00', 'PM']"
d1d1d0c4d27568d50c8d754e8daf114cc9be293054314b30caf60b14beba144696c18f75d56d969c48a070ddd7b92f53e054a18c4794671fbc19cfafa05216bf,2022-05-01 21:00:00,Sunday,30,TRAFFIC SIGNAL,CLOUDY/OVERCAST,"DARKNESS, LIGHTED ROAD",ANGLE,DRY,INJURY AND / OR TOW DUE TO CRASH,"OVER $1,500",UNABLE TO DETERMINE,2,INCAPACITATING INJURY,1.0,0.0,1.0,21,1,5,41.9129661,-87.63288936,"['05/01/2022', '09:00:00', 'PM']"
ad9b0a7fdd5a182f165a0482ecb2c3fa723a30e7d620aa2dbc1677e02c541ef5be8de8797677f91202c245ae90807363eada4f2c682ece0af60a4ed1c21c18f5,2022-05-01 19:59:00,Sunday,30,TRAFFIC SIGNAL,CLEAR,DUSK,ANGLE,DRY,INJURY AND / OR TOW DUE TO CRASH,"OVER $1,500",DISREGARDING TRAFFIC SIGNALS,4,INCAPACITATING INJURY,1.0,0.0,1.0,19,1,5,41.82368919,-87.62331241,"['05/01/2022', '07:59:00', 'PM']"
fe5db18eaf093cec770ab44baac6d3b56571ef2a72cd27b733834672efba73a59202f5dd6395851d5c3daf36edecc828b802202db90c2672bd4565399692f074,2022-05-01 14:00:00,Sunday,30,TRAFFIC SIGNAL,CLEAR,DAYLIGHT,PEDALCYCLIST,DRY,INJURY AND / OR TOW DUE TO CRASH,"OVER $1,500",FAILING TO YIELD RIGHT-OF-WAY,2,INCAPACITATING INJURY,1.0,0.0,1.0,14,1,5,41.82325676,-87.66570861,"['05/01/2022', '02:00:00', 'PM']"
2cb48b8be87bf5af33f7f1a6e08671b4e8acb40eda41e03c9f26ca8dc35784b14dbc9c43ea80fa51842e53df09fc9d0352cf93564948ee6820c25fac81e7de18,2022-05-01 05:56:00,Sunday,30,TRAFFIC SIGNAL,CLEAR,DAYLIGHT,FIXED OBJECT,DRY,INJURY AND / OR TOW DUE TO CRASH,"OVER $1,500",DISREGARDING TRAFFIC SIGNALS,1,INCAPACITATING INJURY,1.0,0.0,1.0,5,1,5,41.69614851,-87.62086562,"['05/01/2022', '05:56:00', 'AM']"
8e8395b065a6ea52eef94f3a6d7adc61bb1414c64b9214299281cf882e3f28d6dca2bc69345f0dbd5c9ce9930e3e1f35d77627a43ecf1490bd90930d24a74fc8,2022-05-01 00:10:00,Sunday,30,NO CONTROLS,CLEAR,"DARKNESS, LIGHTED ROAD",SIDESWIPE SAME DIRECTION,DRY,INJURY AND / OR TOW DUE TO CRASH,"OVER $1,500",UNABLE TO DETERMINE,2,INCAPACITATING INJURY,2.0,0.0,2.0,0,1,5,41.80205981,-87.7428545,"['05/01/2022', '12:10:00', 'AM']"
25c66cd050f0fb87d8d6c2c0a78e919f4d6d52164ed43df982fad8ba3f309cfdaa945c0d71e0f6d1d1e0cf4c9364c6f9fa361cb352613401ba7760098786677a,2022-04-30 03:59:00,Saturday,35,TRAFFIC SIGNAL,CLEAR,"DARKNESS, LIGHTED ROAD",FIXED OBJECT,DRY,INJURY AND / OR TOW DUE TO CRASH,"$501 - $1,500",UNABLE TO DETERMINE,2,INCAPACITATING INJURY,1.0,0.0,1.0,3,7,4,41.79142028,-87.58014777,"['04/30/2022', '03:59:00', 'AM']"
2f595dd20d1dcb69ed8cf01967595fa454e8a4bed5e284b812e6cfe8ff56e55b6f8d0300e735b087bf4756381601e116726cead4a571dbe384d158dd11e8183a,2022-04-30 02:33:00,Saturday,30,NO CONTROLS,RAIN,"DARKNESS, LIGHTED ROAD",PARKED MOTOR VEHICLE,WET,INJURY AND / OR TOW DUE TO CRASH,"OVER $1,500",NOT APPLICABLE,4,INCAPACITATING INJURY,1.0,0.0,1.0,2,7,4,41.76231841,-87.61535729,"['04/30/2022', '02:33:00', 'AM']"
f705724947a07746e087f7a12b925d602a47374777828ac0ee97eb62995921c9ec19f8269753f4702469c1c93aae30a9073597abd135fa136876758b3b44aa14,2022-04-29 20:56:00,Friday,30,STOP SIGN/FLASHER,CLEAR,"DARKNESS, LIGHTED ROAD",ANGLE,DRY,INJURY AND / OR TOW DUE TO CRASH,"OVER $1,500",FAILING TO YIELD RIGHT-OF-WAY,4,INCAPACITATING INJURY,1.0,0.0,1.0,20,6,4,41.85309004,-87.66837171,"['04/29/2022', '08:56:00', 'PM']"
e52cf9df69727b374ce38f55036d02b1f0368f2635f07cfac3e2377be62ef43eaae40bc4101a35d57dc0b86f8f6341f29467e28015fa959bc9e711032d68e6b6,2022-04-29 19:37:00,Friday,30,STOP SIGN/FLASHER,RAIN,DUSK,TURNING,WET,INJURY AND / OR TOW DUE TO CRASH,"OVER $1,500",EQUIPMENT - VEHICLE CONDITION,2,INCAPACITATING INJURY,15.0,0.0,3.0,19,6,4,41.8014677,-87.66463328,"['04/29/2022', '07:37:00', 'PM']"
fd5dd04443fba11576db5487ba8fd5d426eb010cdf1ae5743b78f5e56a8d20a2447102d02de41c48fefe4f74aa5820444cb30f42880a831cc811970610b3cfae,2022-04-29 15:00:00,Friday,30,STOP SIGN/FLASHER,CLEAR,DAYLIGHT,ANGLE,DRY,INJURY AND / OR TOW DUE TO CRASH,"OVER $1,500",UNABLE TO DETERMINE,2,INCAPACITATING INJURY,2.0,0.0,2.0,15,6,4,41.86494553,-87.68358646,"['04/29/2022', '03:00:00', 'PM']"
f126fc8f24c0a6c648be840e523bfc418e09ad33870a1bf0640b06b29789e88283657aa203ca8285b7b1716df9d55ee6046b72bb9af4ee6f70e93365fb6656a4,2022-04-28 23:15:00,Thursday,25,NO CONTROLS,CLEAR,DARKNESS,SIDESWIPE SAME DIRECTION,DRY,INJURY AND / OR TOW DUE TO CRASH,"OVER $1,500",UNABLE TO DETERMINE,3,INCAPACITATING INJURY,1.0,0.0,1.0,23,5,4,41.8786383,-87.67681254,"['04/28/2022', '11:15:00', 'PM']"
faebc04532704d8107956706313366e7bf0f56e7aecf61c93f6ff68ab2543431ecf5a623063731640eb597f6ccfbc39f1e31420fe1f3f220ace4817cde6cc00f,2022-04-28 19:24:00,Thursday,30,NO CONTROLS,CLEAR,DUSK,TURNING,DRY,INJURY AND / OR TOW DUE TO CRASH,"OVER $1,500",UNABLE TO DETERMINE,2,INCAPACITATING INJURY,2.0,0.0,1.0,19,5,4,41.76590533,-87.59167628,"['04/28/2022', '07:24:00', 'PM']"
4fa3fa3d895da18ca12e94303934718e5f0d8184918984f0881e8046d8225eef9c69e0b3400ab206570e61e6abf1c5dd900647b6b861ed273c2427e724947257,2022-04-28 14:12:00,Thursday,30,STOP SIGN/FLASHER,CLOUDY/OVERCAST,DAYLIGHT,ANGLE,DRY,INJURY AND / OR TOW DUE TO CRASH,"OVER $1,500","OPERATING VEHICLE IN ERRATIC, RECKLESS, CARELESS, NEGLIGENT OR AGGRESSIVE MANNER",2,FATAL,1.0,1.0,0.0,14,5,4,41.89231009,-87.74586235,"['04/28/2022', '02:12:00', 'PM']"
b1f7ee27b07d53debbd86783450b2ffd4be45854351e23001c3d9829fa07c529100a37fa39295c56ef5ef12972e6bfaedb926186c2502a62dd34bbb01f7633ff,2022-04-27 21:15:00,Wednesday,30,NO CONTROLS,CLEAR,"DARKNESS, LIGHTED ROAD",TURNING,DRY,INJURY AND / OR TOW DUE TO CRASH,"OVER $1,500",DRIVING ON WRONG SIDE/WRONG WAY,3,INCAPACITATING INJURY,2.0,0.0,1.0,21,4,4,41.73662876,-87.6134191,"['04/27/2022', '09:15:00', 'PM']"
ffdc73b824fc4416db4230811adfaa20858380241a6b1ff69ea9a78db3665a7429cc707d26059a3ebeb50e165e178c97e43bb8fc2298ca557ebc6d7b8d96827a,2022-04-27 02:58:00,Wednesday,30,NO CONTROLS,CLEAR,"DARKNESS, LIGHTED ROAD",FIXED OBJECT,DRY,INJURY AND / OR TOW DUE TO CRASH,"OVER $1,500",UNABLE TO DETERMINE,1,INCAPACITATING INJURY,2.0,0.0,1.0,2,4,4,41.79449378,-87.64051875,"['04/27/2022', '02:58:00', 'AM']"
61c232212c924f18a2668609baecf4c13e45a03dea484afcb088dda760dc8a4ed1b8206aed1ffa6467b0544738f7e2775af7810f58dea5ed9cc7818081547cbc,2022-04-26 15:10:00,Tuesday,30,TRAFFIC SIGNAL,CLEAR,DAYLIGHT,ANGLE,DRY,INJURY AND / OR TOW DUE TO CRASH,"OVER $1,500",DISREGARDING TRAFFIC SIGNALS,2,INCAPACITATING INJURY,2.0,0.0,1.0,15,3,4,41.89535175,-87.71625105,"['04/26/2022', '03:10:00', 'PM']"
bb881e41d56d6ea6aff39e133566834a52706730bffec3e3f102393291d50d18cb81feb46e676eea40a78342bfbdbe08ff68828e86bd1b0672f48617a5b5b0fc,2022-04-26 14:18:00,Tuesday,30,NO CONTROLS,CLEAR,DAYLIGHT,ANGLE,DRY,INJURY AND / OR TOW DUE TO CRASH,"OVER $1,500",FAILING TO REDUCE SPEED TO AVOID CRASH,2,FATAL,1.0,1.0,0.0,14,3,4,41.78428898,-87.72277079,"['04/26/2022', '02:18:00', 'PM']"
9991ac9b8b7d02d183a122554e42073a3fe18066e20a12bcb1d9bbc4c09c7978d47ccd09d6a1ae25a427302d8d9ae7f220e7a26430b06f041241b86159b3d290,2022-04-26 11:25:00,Tuesday,30,STOP SIGN/FLASHER,CLEAR,DAYLIGHT,ANGLE,DRY,INJURY AND / OR TOW DUE TO CRASH,"OVER $1,500",UNABLE TO DETERMINE,2,INCAPACITATING INJURY,2.0,0.0,1.0,11,3,4,41.78935188,-87.6222498,"['04/26/2022', '11:25:00', 'AM']"
1bc74e5607f965e37284ad7ac6e2712663a975146b32a824165f8a837d838e9b4a91e27d7b7fc7bb44d2da44a640788f32c14a4a76216bc24b3e4c24ac18363f,2022-04-25 23:32:00,Monday,30,NO CONTROLS,CLEAR,"DARKNESS, LIGHTED ROAD",FIXED OBJECT,DRY,INJURY AND / OR TOW DUE TO CRASH,"OVER $1,500",NOT APPLICABLE,1,INCAPACITATING INJURY,1.0,0.0,1.0,23,2,4,41.7693559,-87.6202939,"['04/25/2022', '11:32:00', 'PM']"
a0e242a342cba5a032b24a0805355462104988c4ceb11eb5732ec7bc099e324f290a0676ccd850a895ee1ba0252a4aedf3145b759fa77c53dc4d229d2e2d7a80,2022-04-25 18:00:00,Monday,15,NO CONTROLS,CLEAR,DAYLIGHT,PEDESTRIAN,DRY,INJURY AND / OR TOW DUE TO CRASH,"OVER $1,500","OPERATING VEHICLE IN ERRATIC, RECKLESS, CARELESS, NEGLIGENT OR AGGRESSIVE MANNER",2,INCAPACITATING INJURY,1.0,0.0,1.0,18,2,4,41.83977195,-87.64646751,"['04/25/2022', '06:00:00', 'PM']"
ad518f31723848e2e9753b11f080ab4e57392ad73ec5724aa7d2b0b67230a9481bb1468983ac0816d30b6a34869db94de3ac2a6809fb7e0688397a850c52fe6e,2022-04-25 17:30:00,Monday,30,NO CONTROLS,CLEAR,DAYLIGHT,TURNING,DRY,INJURY AND / OR TOW DUE TO CRASH,"OVER $1,500",UNABLE TO DETERMINE,2,INCAPACITATING INJURY,2.0,0.0,2.0,17,2,4,41.76932753,-87.62171579,"['04/25/2022', '05:30:00', 'PM']"
98595186d696119725095bc6af4e6655788a8ea091efff4a2fbb471f1e92134d125eb157eb98cebaf090fc4f3a222708e9876f632214885aa97af50aaf812a17,2022-04-25 15:03:00,Monday,30,STOP SIGN/FLASHER,CLEAR,DAYLIGHT,FIXED OBJECT,DRY,INJURY AND / OR TOW DUE TO CRASH,"OVER $1,500",PHYSICAL CONDITION OF DRIVER,1,INCAPACITATING INJURY,1.0,0.0,1.0,15,2,4,41.74062578,-87.57377692,"['04/25/2022', '03:03:00', 'PM']"
843acac8e41cb3d13da60350fc45cba0a91250c3f707b167baf50d8b94adb3cb34c15503493ce43c8c796f3e4c6303e6bd5aeecb420e51e2dad12708523cf2eb,2022-04-25 14:30:00,Monday,30,NO CONTROLS,CLOUDY/OVERCAST,DAYLIGHT,REAR END,DRY,INJURY AND / OR TOW DUE TO CRASH,"OVER $1,500",FAILING TO REDUCE SPEED TO AVOID CRASH,3,INCAPACITATING INJURY,3.0,0.0,1.0,14,2,4,41.76903445,-87.57623116,"['04/25/2022', '02:30:00', 'PM']"
28554c718a4c6bc871b4d4b545183b2c4d2d707d0ee04719d95c44edd7ae004413807f59b541b504a5ab574dd25ef8b94cf0386cb8d67b48437ce99603aa9d3f,2022-04-25 03:00:00,Monday,5,NO CONTROLS,CLEAR,"DARKNESS, LIGHTED ROAD",FIXED OBJECT,DRY,INJURY AND / OR TOW DUE TO CRASH,"OVER $1,500",DRIVING SKILLS/KNOWLEDGE/EXPERIENCE,2,INCAPACITATING INJURY,1.0,0.0,1.0,3,2,4,41.76558357,-87.68312028,"['04/25/2022', '03:00:00', 'AM']"