CRASH_RECORD_ID,CRASH_DATE,Weekday,POSTED_SPEED_LIMIT,TRAFFIC_CONTROL_DEVICE,WEATHER_CONDITION,LIGHTING_CONDITION,FIRST_CRASH_TYPE,ROADWAY_SURFACE_COND,CRASH_TYPE,DAMAGE,PRIM_CONTRIBUTORY_CAUSE,NUM_UNITS,MOST_SEVERE_INJURY,INJURIES_TOTAL,INJURIES_FATAL,INJURIES_INCAPACITATING,CRASH_HOUR,CRASH_DAY_OF_WEEK,CRASH_MONTH,LATITUDE,LONGITUDE,CRASH_TIME
24dfa5340ee3d8735e421f77235fa93c0088d6c15afb85e11567fdd21a7fade4304fde4d844f0690fbdaa777f5d02e6bd9ba14979b2ed779087e12f58606a9f1,2022-04-24 21:45:00,Sunday,15,NO CONTROLS,CLEAR,DUSK,PEDESTRIAN,DRY,INJURY AND / OR TOW DUE TO CRASH,"OVER $1,500",UNABLE TO DETERMINE,2,INCAPACITATING INJURY,1.0,0.0,1.0,21,1,4,41.84621542,-87.7053297,"['04/24/2022', '09:45:00', 'PM']"
42c8edb691812e24e2814b3e585fbc1a1e2e4c1f9769613ce5ded14ceb50cbd74da0a10a2cdd1922145307e7dcbe8b8a7f889a52f5fc59df0913439e0ddd71fe,2022-04-24 15:01:00,Sunday,30,TRAFFIC SIGNAL,CLEAR,DAYLIGHT,TURNING,DRY,INJURY AND / OR TOW DUE TO CRASH,"OVER $1,500",FAILING TO YIELD RIGHT-OF-WAY,2,INCAPACITATING INJURY,1.0,0.0,1.0,15,1,4,41.99464166,-87.66055574,"['04/24/2022', '03:01:00', 'PM']"
6aa0b027483efad85c2afa2553057ac72864972ea4adf67dd055cb8bb2e26d032c2bff4ddd9a04bde0bd0581d5dc18f775ba825b31c0055fd47d843ed1012593,2022-04-24 13:05:00,Sunday,20,STOP SIGN/FLASHER,RAIN,DAYLIGHT,ANGLE,WET,INJURY AND / OR TOW DUE TO CRASH,"OVER $1,500",DISREGARDING STOP SIGN,2,INCAPACITATING INJURY,1.0,0.0,1.0,13,1,4,41.79372315,-87.65237413,"['04/24/2022', '01:05:00', 'PM']"
6ae5d1f3a944194f573b2d112c9832279c27d90f90708a74b7ac5b0b25e4b2d454974fd8f5af0ab00ced47c96d3b80081f8f6062fd92968848e1cfa4d7724352,2022-04-24 02:31:00,Sunday,35,TRAFFIC SIGNAL,CLEAR,DARKNESS,ANGLE,DRY,INJURY AND / OR TOW DUE TO CRASH,"OVER $1,500",DISREGARDING TRAFFIC SIGNALS,2,INCAPACITATING INJURY,3.0,0.0,1.0,2,1,4,41.78735114,-87.62080271,"['04/24/2022', '02:31:00', 'AM']"
0f7ec3b5a21ad51f991e99f8592d9ae29934184f7947487f73fe28058d2212c41b98e16dbe279ec37ef27a3858583258d548838670656e50ccda922a27d0caae,2022-04-24 01:35:00,Sunday,30,TRAFFIC SIGNAL,CLEAR,"DARKNESS, LIGHTED ROAD",TURNING,DRY,INJURY AND / OR TOW DUE TO CRASH,"OVER $1,500",IMPROPER TURNING/NO SIGNAL,2,INCAPACITATING INJURY,1.0,0.0,1.0,1,1,4,41.88401718,-87.74526129,"['04/24/2022', '01:35:00', 'AM']"
979c2167fc3dcd8984ce3e7e2dd436f5db8cafa24c2767375c574e317f57bc8b8429b252eed22deb3e05a8a6a4ce45d3492c407e0e398a6b0943a7bfcd3be487,2022-04-24 00:12:00,Sunday,30,NO CONTROLS,CLEAR,"DARKNESS, LIGHTED ROAD",REAR END,DRY,INJURY AND / OR TOW DUE TO CRASH,"OVER $1,500",FAILING TO REDUCE SPEED TO AVOID CRASH,3,INCAPACITATING INJURY,2.0,0.0,2.0,0,1,4,41.87226549,-87.62043047,"['04/24/2022', '12:12:00', 'AM']"
d05750d97ee2dc3bd005755d5d1b12dbcbaf04b26ab2df28daa6d4d54e46608a74e99548ef0d96aee943c8525afc5e5d227d56be2391924fc67e916e44188f54,2022-04-23 23:17:00,Saturday,15,STOP SIGN/FLASHER,CLEAR,"DARKNESS, LIGHTED ROAD",PEDALCYCLIST,DRY,INJURY AND / OR TOW DUE TO CRASH,$500 OR LESS,NOT APPLICABLE,2,INCAPACITATING INJURY,1.0,0.0,1.0,23,7,4,41.86631006,-87.61027015,"['04/23/2022', '11:17:00', 'PM']"
7424411f643ddff08fa90d5010df22002f0dd3e0d5403ecf69df1aa83643230959da72820f617d7c0cf6c62c8f95bdd4a0d535c92341e6c0901fe3b59fb735c6,2022-04-23 23:00:00,Saturday,30,TRAFFIC SIGNAL,UNKNOWN,UNKNOWN,PEDESTRIAN,UNKNOWN,INJURY AND / OR TOW DUE TO CRASH,"OVER $1,500",UNABLE TO DETERMINE,2,INCAPACITATING INJURY,1.0,0.0,1.0,23,7,4,41.89267129,-87.6225722,"['04/23/2022', '11:00:00', 'PM']"
1480c5446bd704e06b8a20095bf6d43881ad93d32dd1ebc1196ef73df46e5af34ce071d65c9e0c7666d9c6d90756cf06244d51eefcc3f4fa05edb6258b6a381e,2022-04-23 20:35:00,Saturday,30,TRAFFIC SIGNAL,CLEAR,"DARKNESS, LIGHTED ROAD",PEDALCYCLIST,DRY,INJURY AND / OR TOW DUE TO CRASH,$500 OR LESS,UNABLE TO DETERMINE,2,INCAPACITATING INJURY,1.0,0.0,1.0,20,7,4,41.87185038,-87.64716647,"['04/23/2022', '08:35:00', 'PM']"
b91b14ebe06cb0114906ce7131d14b9461a071d187de084e8f693ec264f3be959a36809ffa3ec821e59355f87a70e41b14a9b9e30767bde54b4f76e176e6e361,2022-04-23 20:16:00,Saturday,30,TRAFFIC SIGNAL,CLEAR,DARKNESS,ANGLE,DRY,INJURY AND / OR TOW DUE TO CRASH,"OVER $1,500",DISREGARDING TRAFFIC SIGNALS,2,INCAPACITATING INJURY,1.0,0.0,1.0,20,7,4,41.7658615,-87.58640131,"['04/23/2022', '08:16:00', 'PM']"
e6b82b1f76b7cb4f9086317c868edc0fc6d96e106414468af8441282fe405cbc4f00eac0ef779241e14011c072353baf8191abbb86ad6b5a66a9811ca603088a,2022-04-23 19:55:00,Saturday,30,NO CONTROLS,CLEAR,DUSK,TURNING,DRY,INJURY AND / OR TOW DUE TO CRASH,"OVER $1,500",FAILING TO YIELD RIGHT-OF-WAY,2,FATAL,1.0,1.0,0.0,19,7,4,41.95316454,-87.75948311,"['04/23/2022', '07:55:00', 'PM']"
172bd4acde71f3cdea596837d85594d83c8f622deab718b718226051efcaf20abf8de1d1ccfd45ca76c44a67e33ecdc817e7ee2b45d8dd2e494b0a4c2302ee48,2022-04-23 19:54:00,Saturday,30,TRAFFIC SIGNAL,CLEAR,"DARKNESS, LIGHTED ROAD",ANGLE,DRY,INJURY AND / OR TOW DUE TO CRASH,"OVER $1,500",FAILING TO YIELD RIGHT-OF-WAY,2,INCAPACITATING INJURY,4.0,0.0,1.0,19,7,4,41.8804472,-87.75775505,"['04/23/2022', '07:54:00', 'PM']"
73461b8cd9e0339ccc8ae7a7ba623f91407b51836bb4f7fad53113bf8a0963b7f552f825605c91a335d04557ea9d883d5f9a7f85e29096b05c1dedb20d908cd4,2022-04-23 19:17:00,Saturday,30,NO CONTROLS,CLEAR,DAYLIGHT,PEDESTRIAN,DRY,INJURY AND / OR TOW DUE TO CRASH,"OVER $1,500",UNABLE TO DETERMINE,2,INCAPACITATING INJURY,1.0,0.0,1.0,19,7,4,41.90163817,-87.71881275,"['04/23/2022', '07:17:00', 'PM']"
f8b6bded1e8ccbd68d4a6d16815a01f2bf5602fa748a73ed725d4a67d79982cc592d3ab3fa628c465dbb7c4dc8dcba7f1bf9afe6d082d5a266b361282dd5965d,2022-04-23 18:10:00,Saturday,30,NO CONTROLS,CLEAR,DAYLIGHT,SIDESWIPE SAME DIRECTION,DRY,INJURY AND / OR TOW DUE TO CRASH,"OVER $1,500",IMPROPER OVERTAKING/PASSING,2,INCAPACITATING INJURY,1.0,0.0,1.0,18,7,4,41.89653431,-87.64616344,"['04/23/2022', '06:10:00', 'PM']"
b193d44b67009accba779c246d74123597dedb9d29c603583d85576784f7349f8a8092f991236380770eb820e31ec5cce17ae605307253e64802e55f3dc06d4a,2022-04-23 17:40:00,Saturday,30,TRAFFIC SIGNAL,CLEAR,DAYLIGHT,PEDESTRIAN,DRY,INJURY AND / OR TOW DUE TO CRASH,$500 OR LESS,HAD BEEN DRINKING (USE WHEN ARREST IS NOT MADE),2,INCAPACITATING INJURY,1.0,0.0,1.0,17,7,4,41.91389467,-87.7458425,"['04/23/2022', '05:40:00', 'PM']"
9c53ca822343e22a15a7110cebb80545f188b0aa80f21170c91415825f4b2170e6d01d45d6cea98e35ea45be57900784f57be248b54db86c383ee628c02b5465,2022-04-23 16:20:00,Saturday,30,STOP SIGN/FLASHER,CLEAR,DAYLIGHT,ANGLE,DRY,INJURY AND / OR TOW DUE TO CRASH,"OVER $1,500",DISREGARDING STOP SIGN,2,INCAPACITATING INJURY,2.0,0.0,1.0,16,7,4,41.87625645,-87.72293026,"['04/23/2022', '04:20:00', 'PM']"
cbc84bd43f958682465d6ac9fbf63d03f258e8fc76e01133d1a8f84f833d9044b3d85cd60a5525d9aecac00739acb5dde72be977d01f4accd6d9e54ca805d581,2022-04-23 15:45:00,Saturday,30,NO CONTROLS,CLEAR,DAYLIGHT,TURNING,DRY,INJURY AND / OR TOW DUE TO CRASH,"OVER $1,500",FAILING TO YIELD RIGHT-OF-WAY,2,INCAPACITATING INJURY,3.0,0.0,1.0,15,7,4,41.96501867,-87.76753806,"['04/23/2022', '03:45:00', 'PM']"
1eb700ad635b72cdc19e1e8914e7901f3af53ee8d70abc06c9e36f83874877f505ffa76b823e98ade69e92324acbc0679856bc6407be54121e9a46d127084863,2022-04-23 12:39:00,Saturday,25,STOP SIGN/FLASHER,CLEAR,DAYLIGHT,TURNING,DRY,INJURY AND / OR TOW DUE TO CRASH,"OVER $1,500",FAILING TO YIELD RIGHT-OF-WAY,3,INCAPACITATING INJURY,1.0,0.0,1.0,12,7,4,41.68844959,-87.71060672,"['04/23/2022', '12:39:00', 'PM']"
64c5831e0ae0d8f7fa85e542295f329665edfd76509bbdf12e3efad7385aaa0d0bc9ea3617889f57bea1d48b5b83786aedc3707173687f6e268cd3b50a762b88,2022-04-23 12:00:00,Saturday,30,TRAFFIC SIGNAL,CLEAR,DAYLIGHT,PEDESTRIAN,DRY,INJURY AND / OR TOW DUE TO CRASH,"$501 - $1,500",UNABLE TO DETERMINE,2,INCAPACITATING INJURY,2.0,0.0,1.0,12,7,4,41.9238867,-87.76613377,"['04/23/2022', '12:00:00', 'PM']"
514204b1fc6bb3cb3cd2de23fbae284c3c1f9142e506c1aa4b959885db7c5aaf80b3242a94eaa808f4617fb424329b46284d8344e6fce1c196c8cf7bc66ff33b,2022-04-23 10:30:00,Saturday,30,NO CONTROLS,CLEAR,DAYLIGHT,REAR END,DRY,INJURY AND / OR TOW DUE TO CRASH,"OVER $1,500",FOLLOWING TOO CLOSELY,2,INCAPACITATING INJURY,1.0,0.0,1.0,10,7,4,41.98221573,-87.80708847,"['04/23/2022', '10:30:00', 'AM']"
e942f384cb4b9bf058db838777884ef76cdcf9b61d807e9daaede9076563de426b87e05d60eb32526920eeb183b348a112f0e843d5ba7af0a08d3ebf770e10f9,2022-04-23 00:00:00,Saturday,30,STOP SIGN/FLASHER,CLEAR,DAYLIGHT,REAR END,DRY,INJURY AND / OR TOW DUE TO CRASH,"OVER $1,500",FOLLOWING TOO CLOSELY,2,INCAPACITATING INJURY,1.0,0.0,1.0,0,7,4,41.70803284,-87.56344836,"['04/23/2022', '12:00:00', 'AM']"
c234962d7154d468f619c2b753d4b81d1f62ccbe334e5c2e6ea7fd27cb1cd8761109a820ec06c2b1ef10aa7cef6ffbb201d2495b1dd1a93f496561478b5197d7,2022-04-22 19:40:00,Friday,30,NO CONTROLS,UNKNOWN,"DARKNESS, LIGHTED ROAD",PEDESTRIAN,UNKNOWN,INJURY AND / OR TOW DUE TO CRASH,"OVER $1,500",UNABLE TO DETERMINE,2,INCAPACITATING INJURY,1.0,0.0,1.0,19,6,4,41.91393198,-87.64367352,"['04/22/2022', '07:40:00', 'PM']"
38a0e35811b386b4e9749b93415d6d490d5a355e8737a5f66e4c8904a5e3ac93de7bcde29e08eb37d75c162868df42bddfb585b3ea7eb9b1c547008f9e93e6cd,2022-04-22 15:37:00,Friday,35,NO CONTROLS,RAIN,DAWN,PEDESTRIAN,WET,INJURY AND / OR TOW DUE TO CRASH,"OVER $1,500",WEATHER,2,INCAPACITATING INJURY,1.0,0.0,1.0,15,6,4,41.95375843,-87.72755892,"['04/22/2022', '03:37:00', 'PM']"
656c0dd1408a4270eba0a6c998ffef5b6291ebcea6b8f97f7a87067ed5ffeb4f59cc968f48b58d0a03f3cfccdd6e98624288248de01c9ca83cd071e835ea748b,2022-04-21 19:00:00,Thursday,30,TRAFFIC SIGNAL,CLEAR,DAYLIGHT,PEDESTRIAN,DRY,INJURY AND / OR TOW DUE TO CRASH,"OVER $1,500",FAILING TO YIELD RIGHT-OF-WAY,2,INCAPACITATING INJURY,1.0,0.0,1.0,19,5,4,41.77990261,-87.63029381,"['04/21/2022', '07:00:00', 'PM']"
0a72af355df1340d8603e65aa6e4ff60b6249e2a2fd3f8b8fd0c7ffc1289627b6d26787ead1f706476ad1e05740fb8a24aacad0bd73ad96570921e5de53acc52,2022-04-21 15:30:00,Thursday,15,STOP SIGN/FLASHER,CLEAR,DAYLIGHT,PEDESTRIAN,DRY,INJURY AND / OR TOW DUE TO CRASH,$500 OR LESS,FAILING TO YIELD RIGHT-OF-WAY,2,INCAPACITATING INJURY,1.0,0.0,1.0,15,5,4,41.95912397,-87.7357559,"['04/21/2022', '03:30:00', 'PM']"
892fec7ca6812da98430b16f9d1fc5323424582d335d36a8df51544f361de101f039374343d21322bcddc2afb9a2c127f1e814e0e4f3a02d46b24a48c97ad6c5,2022-04-21 15:15:00,Thursday,30,TRAFFIC SIGNAL,CLEAR,DAYLIGHT,PEDALCYCLIST,DRY,INJURY AND / OR TOW DUE TO CRASH,"OVER $1,500",FAILING TO REDUCE SPEED TO AVOID CRASH,2,INCAPACITATING INJURY,1.0,0.0,1.0,15,5,4,41.79954208,-87.58420104,"['04/21/2022', '03:15:00', 'PM']"
4a9b8ec96f2a4a78d244d646586321670355380b62a004a80136c3b4f42cd9f6e41ac868ca116e6057c387ce0d48e083efbf744cd375bb2472a649d3639e77a5,2022-04-20 21:30:00,Wednesday,30,TRAFFIC SIGNAL,RAIN,DARKNESS,TURNING,WET,INJURY AND / OR TOW DUE TO CRASH,"OVER $1,500",FAILING TO REDUCE SPEED TO AVOID CRASH,2,FATAL,2.0,1.0,1.0,21,4,4,41.90316409,-87.67740397,"['04/20/2022', '09:30:00', 'PM']"
de52128f44fae27ae5a6b09a0ce4f7d2b76cab74519e3c02fd7f8e4a4cdeea0184c2875f7625620c4a527afb8120b9c4f1166247b57281e5163745bc5e4fbb60,2022-04-20 18:26:00,Wednesday,30,TRAFFIC SIGNAL,RAIN,DAYLIGHT,ANGLE,WET,INJURY AND / OR TOW DUE TO CRASH,"OVER $1,500",UNABLE TO DETERMINE,3,INCAPACITATING INJURY,1.0,0.0,1.0,18,4,4,41.74326449,-87.64397498,"['04/20/2022', '06:26:00', 'PM']"
91d750ef04605c0b04792d799ed0ccf6d364b87d2d684eb474058947194f8c83b19708396e34387a7288756fe38a11e65406349b0695aa313f840382211ca1ab,2022-04-20 17:28:00,Wednesday,30,NO CONTROLS,CLOUDY/OVERCAST,DAYLIGHT,OVERTURNED,WET,INJURY AND / OR TOW DUE TO CRASH,"OVER $1,500","EVASIVE ACTION DUE TO ANIMAL, OBJECT, NONMOTORIST",1,INCAPACITATING INJURY,1.0,0.0,1.0,17,4,4,41.83773522,-87.68535751,"['04/20/2022', '05:28:00', 'PM']"
e0c54db1b620da1b65027331f8577690b50e1290404da242619fbf81fc31dc961d31737091747593ed449effe6a7547b78c6b3d57b6d57b4e63ae8bb7f0bc644,2022-04-20 16:41:00,Wednesday,30,TRAFFIC SIGNAL,RAIN,DAYLIGHT,TURNING,WET,INJURY AND / OR TOW DUE TO CRASH,"OVER $1,500",FAILING TO YIELD RIGHT-OF-WAY,2,INCAPACITATING INJURY,2.0,0.0,1.0,16,4,4,41.88080794,-87.71073479,"['04/20/2022', '04:41:00', 'PM']"
2fb1813d66c4d0dbe792f207c471ece86f9f2e0f5f0ecb814e6f89ca77c6ebe56d452df1572c67d217f1e54a7746b5ba4cce64726b25c35e5660684761f34e0e,2022-04-20 14:55:00,Wednesday,35,NO CONTROLS,CLEAR,DAYLIGHT,OTHER OBJECT,DRY,INJURY AND / OR TOW DUE TO CRASH,"$501 - $1,500",PHYSICAL CONDITION OF DRIVER,1,INCAPACITATING INJURY,1.0,0.0,1.0,14,4,4,41.87580293,-87.75474897,"['04/20/2022', '02:55:00', 'PM']"
1f8d4008ed09e7d9c1bf99ec8ee8c7cf4808accb6e5e259db37c343f847d626525018d97fccb5933f155178364754f51904899bac299063b9ba8e383302cd797,2022-04-20 14:43:00,Wednesday,30,TRAFFIC SIGNAL,CLEAR,DAYLIGHT,HEAD ON,DRY,INJURY AND / OR TOW DUE TO CRASH,"$501 - $1,500",IMPROPER LANE USAGE,2,INCAPACITATING INJURY,1.0,0.0,1.0,14,4,4,41.77915245,-87.69833062,"['04/20/2022', '02:43:00', 'PM']"
ed6047baf09cebf5fe6930d2a08adccc6462a2418a044ecf4d56d0ec37f6cc7065b18c51dfc997f1c4ad8eb85669e1931b34f51a4be48b662427ac0b30d9c4e4,2022-04-19 22:31:00,Tuesday,30,TRAFFIC SIGNAL,CLEAR,"DARKNESS, LIGHTED ROAD",OTHER NONCOLLISION,DRY,INJURY AND / OR TOW DUE TO CRASH,"OVER $1,500",DRIVING SKILLS/KNOWLEDGE/EXPERIENCE,1,INCAPACITATING INJURY,1.0,0.0,1.0,22,3,4,41.88687599,-87.6355937,"['04/19/2022', '10:31:00', 'PM']"
a76620c61e0af24897dad0e750599e35fbea7db1665a6422658f94b966e9fd5e9f716a8d51ed267e2b90d07c3797121f8a88d9c784e7289ad327ed6bc975c22f,2022-04-19 22:09:00,Tuesday,30,TRAFFIC SIGNAL,CLEAR,"DARKNESS, LIGHTED ROAD",PEDESTRIAN,DRY,INJURY AND / OR TOW DUE TO CRASH,"OVER $1,500",DISREGARDING TRAFFIC SIGNALS,2,INCAPACITATING INJURY,1.0,0.0,1.0,22,3,4,41.94661216,-87.71770414,"['04/19/2022', '10:09:00', 'PM']"
117de7c34dca19806ca1ac4dcfbcd645ba1254296eeb8cebecc415341292a1eeaf0af6bf42f3c77ab700ac8c7c844531cadc3da13600b7263dbd1b5f172cd7a8,2022-04-19 20:26:00,Tuesday,30,STOP SIGN/FLASHER,CLEAR,"DARKNESS, LIGHTED ROAD",PEDALCYCLIST,DRY,INJURY AND / OR TOW DUE TO CRASH,$500 OR LESS,DISREGARDING STOP SIGN,2,INCAPACITATING INJURY,1.0,0.0,1.0,20,3,4,41.77980269,-87.63479308,"['04/19/2022', '08:26:00', 'PM']"
ff6274274bac1bb763664917988ed2a79cbd0f46ad67b1156c39675cbae2c33973e9859a61fd32c7c5dc3bb06ec95f6bda4723ce6492e5c75a868e9a692710a3,2022-04-19 18:41:00,Tuesday,30,NO CONTROLS,CLEAR,DAYLIGHT,PEDESTRIAN,DRY,INJURY AND / OR TOW DUE TO CRASH,"OVER $1,500",FAILING TO YIELD RIGHT-OF-WAY,2,INCAPACITATING INJURY,1.0,0.0,1.0,18,3,4,41.75159202,-87.56860604,"['04/19/2022', '06:41:00', 'PM']"
a1dba47ea35919b1f3e9e728d84e3af120cd747ca963a46c18e09b232c30eb0c9e80a535c1935504af65bd06ba29bd2c6c23ba38bb758df02c8ef85f11af6c25,2022-04-19 16:45:00,Tuesday,30,TRAFFIC SIGNAL,CLEAR,DAYLIGHT,TURNING,DRY,INJURY AND / OR TOW DUE TO CRASH,"OVER $1,500",FAILING TO YIELD RIGHT-OF-WAY,2,INCAPACITATING INJURY,4.0,0.0,1.0,16,3,4,41.7445812,-87.55290202,"['04/19/2022', '04:45:00', 'PM']"
54c3e77d066b4d53c6722497e10566c7b2e3d9cd5d64f5b26264291229c4ee7bef4b18d565d39b406feb5881553c8d3050857d82814d076c01716141248878e5,2022-04-19 16:30:00,Tuesday,25,NO CONTROLS,CLEAR,DAYLIGHT,PARKED MOTOR VEHICLE,DRY,INJURY AND / OR TOW DUE TO CRASH,"OVER $1,500",UNABLE TO DETERMINE,3,INCAPACITATING INJURY,2.0,0.0,1.0,16,3,4,42.00314757,-87.67220279,"['04/19/2022', '04:30:00', 'PM']"
28e80993ba908f5f83a14151afbaaaf249a7adddd44bbc6e642b05f6392d55f0fdb22bf9f3345454f4097031d7d3e74b9c8ac1692da1213767f3fe24f627fab6,2022-04-19 14:21:00,Tuesday,30,TRAFFIC SIGNAL,CLEAR,DAYLIGHT,PEDESTRIAN,DRY,INJURY AND / OR TOW DUE TO CRASH,$500 OR LESS,UNABLE TO DETERMINE,2,INCAPACITATING INJURY,1.0,0.0,1.0,14,3,4,41.96121875,-87.71328518,"['04/19/2022', '02:21:00', 'PM']"
8c3dde2ba3e5ab30af83e546c8d6b176fc4b6909a7ef6508d3b7fa2fa917e382d53197ce37b337f57a7534973c2189067cd4708b90449cbc6b00253839692008,2022-04-18 14:12:00,Monday,30,TRAFFIC SIGNAL,CLEAR,DAYLIGHT,PEDESTRIAN,DRY,INJURY AND / OR TOW DUE TO CRASH,"OVER $1,500",UNABLE TO DETERMINE,2,INCAPACITATING INJURY,1.0,0.0,1.0,14,2,4,41.91107684,-87.63873822,"['04/18/2022', '02:12:00', 'PM']"
c61facb307cddfa4736199cb77a32386c3e424e88f99cdc2ef6dc01925dff42b7491c7a3e5f3f9d7bc43bb4abc95feb63ff686784d6de2d1bd43f21b08a76015,2022-04-18 07:52:00,Monday,30,NO CONTROLS,RAIN,DAYLIGHT,TURNING,WET,INJURY AND / OR TOW DUE TO CRASH,"OVER $1,500",FAILING TO YIELD RIGHT-OF-WAY,3,INCAPACITATING INJURY,1.0,0.0,1.0,7,2,4,41.81560978,-87.68206232,"['04/18/2022', '07:52:00', 'AM']"
6517a3cda651d8aec8ee90d1941bf64d6f5f9f978f683f92c76fc5b7c40bdd0addb491b624052c4cb635f0bbfa19dd0e941da78573a2a115b1167b32c449aff6,2022-04-18 00:28:00,Monday,30,TRAFFIC SIGNAL,CLEAR,"DARKNESS, LIGHTED ROAD",ANGLE,DRY,INJURY AND / OR TOW DUE TO CRASH,"OVER $1,500",FAILING TO REDUCE SPEED TO AVOID CRASH,2,FATAL,2.0,1.0,0.0,0,2,4,41.8321338,-87.69472806,"['04/18/2022', '12:28:00', 'AM']"
ff16907e68eb8e5ab003e77e80ce8e5603540f7840766fea51b39aeefd89c69e9df7bc064186bc505f0d2508d5e3d8b895ccc964dede8f8048ef9cb6d8cf7f02,2022-04-17 14:54:00,Sunday,30,STOP SIGN/FLASHER,CLEAR,DAYLIGHT,PEDESTRIAN,DRY,INJURY AND / OR TOW DUE TO CRASH,$500 OR LESS,FAILING TO YIELD RIGHT-OF-WAY,2,FATAL,2.0,1.0,0.0,14,1,4,41.96367847,-87.65251341,"['04/17/2022', '02:54:00', 'PM']"
c1b8e88c428c7f7385d215e5f8baa621731fe5bc82ff4cf2dc326db61d5c3f8a692237788df52278f66809e0d7486b5cdc30c98f3d5a48d11f2800242a69c880,2022-04-17 03:24:00,Sunday,30,NO CONTROLS,CLEAR,"DARKNESS, LIGHTED ROAD",PARKED MOTOR VEHICLE,DRY,INJURY AND / OR TOW DUE TO CRASH,"OVER $1,500",UNABLE TO DETERMINE,2,INCAPACITATING INJURY,1.0,0.0,1.0,3,1,4,41.8926677,-87.76516367,"['04/17/2022', '03:24:00', 'AM']"
a5c48b7c9d66ec40695602ff1a445e693d0bd59b6345c5721bfc140779c0c4a32a60459dcb8fdb2d415aac2a40b6a2ddff99ce1569fca2cb96743f09b71e52f7,2022-04-17 01:52:00,Sunday,30,NO CONTROLS,CLEAR,DARKNESS,PARKED MOTOR VEHICLE,DRY,INJURY AND / OR TOW DUE TO CRASH,"OVER $1,500",NOT APPLICABLE,3,INCAPACITATING INJURY,1.0,0.0,1.0,1,1,4,41.81576118,-87.68750953,"['04/17/2022', '01:52:00', 'AM']"
3393aa52624d5b0da7b2690f02e6956fc026f50f7038c400c4f47ced2058dcf7e7ca1f4c3419080516f3483c15e3cdd1937c24750feedb12773af813334c535c,2022-04-16 22:10:00,Saturday,30,STOP SIGN/FLASHER,CLEAR,"DARKNESS, LIGHTED ROAD",PEDALCYCLIST,DRY,INJURY AND / OR TOW DUE TO CRASH,"OVER $1,500",IMPROPER LANE USAGE,2,INCAPACITATING INJURY,1.0,0.0,1.0,22,7,4,41.88184639,-87.64976002,"['04/16/2022', '10:10:00', 'PM']"
09402f63e22d0f8116ce698cb49ab0b29c0ee873f1abc216e3f8c6b14987fe9f82c2899cb0e07850f0207f73314689dc208b725f5d6bab500ff8c09a0752df27,2022-04-16 21:01:00,Saturday,30,TRAFFIC SIGNAL,CLEAR,"DARKNESS, LIGHTED ROAD",PEDESTRIAN,DRY,INJURY AND / OR TOW DUE TO CRASH,"OVER $1,500","OPERATING VEHICLE IN ERRATIC, RECKLESS, CARELESS, NEGLIGENT OR AGGRESSIVE MANNER",2,INCAPACITATING INJURY,1.0,0.0,1.0,21,7,4,41.86756654,-87.62409418,"['04/16/2022', '09:01:00', 'PM']"
cf7300719b8652a43d6a4343fcc8f5cf25a919cfa9f7a3c71c27f5437d088c6c8e1c008a7c2d285691bf29471660a24fc0f850d1e737b3639fee149e1b105bbf,2022-04-16 19:20:00,Saturday,35,NO CONTROLS,CLEAR,DUSK,TURNING,DRY,INJURY AND / OR TOW DUE TO CRASH,"OVER $1,500",FAILING TO YIELD RIGHT-OF-WAY,2,INCAPACITATING INJURY,3.0,0.0,1.0,19,7,4,41.68340094,-87.64213578,"['04/16/2022', '07:20:00', 'PM']"
fa1f18e10fd9428b3151914f26404f4a5c8a80e007c7503d28e5809cdbe516c97e5d342f853c452d3978cc3e34435e59b7c77e64362e5d1b44544adcc6a2579f,2022-04-16 14:21:00,Saturday,30,NO CONTROLS,CLEAR,DAYLIGHT,FIXED OBJECT,DRY,INJURY AND / OR TOW DUE TO CRASH,"OVER $1,500",FAILING TO REDUCE SPEED TO AVOID CRASH,1,INCAPACITATING INJURY,2.0,0.0,1.0,14,7,4,41.87523827,-87.65482224,"['04/16/2022', '02:21:00', 'PM']"
1ffb789a16f59183040cc9bf709b5bbefaa2bc061587dd2dd9c0ff33984f3e74ffaa120b56e4daeb6343a4faefc9080f93eee897ff667faad3e6d8dbd439a397,2022-04-16 12:20:00,Saturday,30,TRAFFIC SIGNAL,CLEAR,DAYLIGHT,HEAD ON,DRY,INJURY AND / OR TOW DUE TO CRASH,"OVER $1,500",DRIVING SKILLS/KNOWLEDGE/EXPERIENCE,2,INCAPACITATING INJURY,1.0,0.0,1.0,12,7,4,41.74990531,-87.68910337,"['04/16/2022', '12:20:00', 'PM']"
eecc1640a1b0b83272215119082a2f4ba3d18972728ec98d08ffb0ddf0daa37b71bc9b4d2fd899e179a6a9ab7147042ff27dd1c9e6e6e3d38e412475e2146c44,2022-04-16 10:36:00,Saturday,30,NO CONTROLS,CLEAR,DAYLIGHT,PEDESTRIAN,DRY,INJURY AND / OR TOW DUE TO CRASH,"$501 - $1,500","EVASIVE ACTION DUE TO ANIMAL, OBJECT, NONMOTORIST",2,INCAPACITATING INJURY,1.0,0.0,1.0,10,7,4,41.99541714,-87.71578653,"['04/16/2022', '10:36:00', 'AM']"