CRASH_RECORD_ID,CRASH_DATE,Weekday,POSTED_SPEED_LIMIT,TRAFFIC_CONTROL_DEVICE,WEATHER_CONDITION,LIGHTING_CONDITION,FIRST_CRASH_TYPE,ROADWAY_SURFACE_COND,CRASH_TYPE,DAMAGE,PRIM_CONTRIBUTORY_CAUSE,NUM_UNITS,MOST_SEVERE_INJURY,INJURIES_TOTAL,INJURIES_FATAL,INJURIES_INCAPACITATING,CRASH_HOUR,CRASH_DAY_OF_WEEK,CRASH_MONTH,LATITUDE,LONGITUDE,CRASH_TIME
981c693568f3df5770f604b44ef851e605421f07c918516715e91495a1aac57571b7bcd7b99332789cc7956102001b68b67ce40abb68b863b1e955ab56a1ed23,2022-04-16 00:03:00,Saturday,35,NO CONTROLS,CLEAR,"DARKNESS, LIGHTED ROAD",SIDESWIPE SAME DIRECTION,DRY,INJURY AND / OR TOW DUE TO CRASH,"OVER $1,500",IMPROPER LANE USAGE,2,INCAPACITATING INJURY,1.0,0.0,1.0,0,7,4,41.81422408,-87.7042619,"['04/16/2022', '12:03:00', 'AM']"
96192d65ec214b03c51a2e37ccb00e25bd0992990a36f4cfb5371b5927ae8d1fe75c9e7c44836e77aacea961d7c74364cecb44a01eee3c7231994d3d1f9d4219,2022-04-15 23:33:00,Friday,30,NO CONTROLS,CLEAR,"DARKNESS, LIGHTED ROAD",FIXED OBJECT,DRY,INJURY AND / OR TOW DUE TO CRASH,"OVER $1,500",UNDER THE INFLUENCE OF ALCOHOL/DRUGS (USE WHEN ARREST IS EFFECTED),1,INCAPACITATING INJURY,1.0,0.0,1.0,23,6,4,41.95365395,-87.66888348,"['04/15/2022', '11:33:00', 'PM']"
ec2151878df8f11373477b55dbbdb1dc6657bb5e60e81695cd780557a1abbd94eb3f417690f76a01f4dc245712bfc0907a92d7a6c355d37c79ebee63ea191b89,2022-04-15 22:18:00,Friday,35,NO CONTROLS,CLOUDY/OVERCAST,"DARKNESS, LIGHTED ROAD",REAR END,DRY,INJURY AND / OR TOW DUE TO CRASH,"OVER $1,500",UNABLE TO DETERMINE,3,INCAPACITATING INJURY,2.0,0.0,1.0,22,6,4,41.95229744,-87.82209477,"['04/15/2022', '10:18:00', 'PM']"
b651a3f6f17b156bd278bc192dac06ecf153657b92c06f2ae5b18d98a368dcc86c469a1b71c2b3629523a73ad65a6d832651f170ad8082a3004735021e8b3a3d,2022-04-15 19:47:00,Friday,45,TRAFFIC SIGNAL,CLEAR,"DARKNESS, LIGHTED ROAD",SIDESWIPE SAME DIRECTION,DRY,INJURY AND / OR TOW DUE TO CRASH,"OVER $1,500",FAILING TO REDUCE SPEED TO AVOID CRASH,2,INCAPACITATING INJURY,1.0,0.0,1.0,19,6,4,41.86500742,-87.61914222,"['04/15/2022', '07:47:00', 'PM']"
2e69711305c6a3504d30beb2ccba212dcba43dfc393f1c850ba4b37c76f8a1d11cb4ca03a8cf1c2e43482e897c823fa4e81b85edb31c8da35022019b0f6422a1,2022-04-15 12:45:00,Friday,30,NO CONTROLS,CLEAR,DAYLIGHT,PEDALCYCLIST,DRY,INJURY AND / OR TOW DUE TO CRASH,"$501 - $1,500",FAILING TO YIELD RIGHT-OF-WAY,2,INCAPACITATING INJURY,1.0,0.0,1.0,12,6,4,41.91197123,-87.67735194,"['04/15/2022', '12:45:00', 'PM']"
694c9f115ef380e475c8307ac1eadb44001e9df581fef23aa37f52def946eb4bbe376233880431fe63905e4f02f167908e3e54027d6d932c74d508ee6d4d9278,2022-04-14 23:34:00,Thursday,35,NO CONTROLS,CLEAR,"DARKNESS, LIGHTED ROAD",FIXED OBJECT,WET,INJURY AND / OR TOW DUE TO CRASH,"OVER $1,500",DISTRACTION - FROM OUTSIDE VEHICLE,1,INCAPACITATING INJURY,1.0,0.0,1.0,23,5,4,41.67678642,-87.62032618,"['04/14/2022', '11:34:00', 'PM']"
b4305c1d3181a9dc5913d4f5c00d5264faac75fcb3a127d4ca98542085bf94d7123105f0bcdb8ff26e74028604b6dff1c54268793848cb0d1d632d8e5002b9e6,2022-04-14 22:13:00,Thursday,25,TRAFFIC SIGNAL,CLEAR,"DARKNESS, LIGHTED ROAD",PEDALCYCLIST,DRY,INJURY AND / OR TOW DUE TO CRASH,"OVER $1,500",IMPROPER OVERTAKING/PASSING,2,INCAPACITATING INJURY,1.0,0.0,1.0,22,5,4,41.91710363,-87.68724877,"['04/14/2022', '10:13:00', 'PM']"
2bac90594a52af77809915d06865448c389542ad66128d586c79f6745861107b4e71cb85bbde49e9c3a6d131c6086ade45c6ebb83d84b8630fe665b45cdcd357,2022-04-14 18:36:00,Thursday,30,NO CONTROLS,CLEAR,DAYLIGHT,PEDESTRIAN,DRY,INJURY AND / OR TOW DUE TO CRASH,"OVER $1,500",UNABLE TO DETERMINE,2,INCAPACITATING INJURY,1.0,0.0,1.0,18,5,4,41.89789727,-87.72112602,"['04/14/2022', '06:36:00', 'PM']"
6979d75ce1e3d035f91a44eb386c3ee22c9ad5dad67989326530e279de996bb07eae6bf9acf030724cc30cc90c0da00daef505f9426ef9b140209adbdbc08752,2022-04-14 14:26:00,Thursday,30,TRAFFIC SIGNAL,CLEAR,DAYLIGHT,PEDESTRIAN,DRY,INJURY AND / OR TOW DUE TO CRASH,$500 OR LESS,FAILING TO YIELD RIGHT-OF-WAY,2,INCAPACITATING INJURY,1.0,0.0,1.0,14,5,4,42.02078295,-87.66664021,"['04/14/2022', '02:26:00', 'PM']"
273c9135ffe14e7e525a6191ac3048cf3e72f5ddf0839255a4a3063489c2ba3e0394162741bac77986a2ea21d44ce82976f6a53e05e1f8a9fbb0f353af00f9a0,2022-04-14 00:40:00,Thursday,30,NO CONTROLS,CLEAR,"DARKNESS, LIGHTED ROAD",FIXED OBJECT,DRY,INJURY AND / OR TOW DUE TO CRASH,"OVER $1,500",UNABLE TO DETERMINE,1,FATAL,1.0,1.0,0.0,0,5,4,41.70265737,-87.54579815,"['04/14/2022', '12:40:00', 'AM']"
98cbb106088b1d96015c1171dbeb29f726ea8f801619e5c3cd66378c9a211f9bb117c4459d6f1cccb36f99b0212536e5ab8772e3da4a319c82b905ca95b8fc18,2022-04-13 21:43:00,Wednesday,30,NO CONTROLS,RAIN,"DARKNESS, LIGHTED ROAD",FIXED OBJECT,WET,INJURY AND / OR TOW DUE TO CRASH,"OVER $1,500",DRIVING SKILLS/KNOWLEDGE/EXPERIENCE,1,INCAPACITATING INJURY,1.0,0.0,1.0,21,4,4,41.88559218,-87.7263042,"['04/13/2022', '09:43:00', 'PM']"
fc0438f35facc259da18e309d034f336d1f3dfac619298b30a8e6289b963cc934d6f0195619d2527b8c6753221a1e9fbbaecf4ed779db7d791b0dd8a9f296e8a,2022-04-13 14:05:00,Wednesday,40,TRAFFIC SIGNAL,CLOUDY/OVERCAST,DAYLIGHT,TURNING,DRY,INJURY AND / OR TOW DUE TO CRASH,"OVER $1,500",FAILING TO REDUCE SPEED TO AVOID CRASH,3,INCAPACITATING INJURY,3.0,0.0,1.0,14,4,4,41.99507703,-87.88468948,"['04/13/2022', '02:05:00', 'PM']"
523f8a4fb3023c42b74dc5cd79e4f6dd8054c7f2a24167881bc83aed2f33315a86e5175ef7cef01fc048cfd95b4ebb0676d94951db05a4bdd2e9d0c2352f295f,2022-04-13 14:00:00,Wednesday,30,NO CONTROLS,CLEAR,DAYLIGHT,PEDALCYCLIST,DRY,INJURY AND / OR TOW DUE TO CRASH,"OVER $1,500",FAILING TO YIELD RIGHT-OF-WAY,2,INCAPACITATING INJURY,1.0,0.0,1.0,14,4,4,41.83762566,-87.66560485,"['04/13/2022', '02:00:00', 'PM']"
94acf38f7cfdac363d6d34a131a954b7850fb24c4d55d680aec83a484c1f98b2db683b19fb62492ac491ce726fb2e8ea2670ca05a88316f7298a9c7354197541,2022-04-13 11:46:00,Wednesday,30,NO CONTROLS,CLOUDY/OVERCAST,DAYLIGHT,PEDESTRIAN,WET,INJURY AND / OR TOW DUE TO CRASH,$500 OR LESS,IMPROPER BACKING,2,INCAPACITATING INJURY,1.0,0.0,1.0,11,4,4,41.98524213,-87.65538912,"['04/13/2022', '11:46:00', 'AM']"
54f6fe0689bf03b9f10d0d2aee509c70d108e0e81d560353d6fe3703f7b16f5b24a2370ef101de3c2ddfbc215e1bfd7c08c972dc82fd6c66e175790b1abd51e3,2022-04-13 09:06:00,Wednesday,30,TRAFFIC SIGNAL,RAIN,DAYLIGHT,PEDESTRIAN,WET,INJURY AND / OR TOW DUE TO CRASH,$500 OR LESS,"VISION OBSCURED (SIGNS, TREE LIMBS, BUILDINGS, ETC.)",2,INCAPACITATING INJURY,1.0,0.0,1.0,9,4,4,41.95249337,-87.72743356,"['04/13/2022', '09:06:00', 'AM']"
3c6622424a56c03eedec1eb01e2f830d0720f1d7fe8d55d41b18567e5850b48d12424e43b0898802f7c8a3a19a19e4d559758321f5b4f7ebd19e4f940fb75306,2022-04-13 08:08:00,Wednesday,30,TRAFFIC SIGNAL,CLOUDY/OVERCAST,DAYLIGHT,SIDESWIPE SAME DIRECTION,DRY,INJURY AND / OR TOW DUE TO CRASH,"OVER $1,500",ROAD ENGINEERING/SURFACE/MARKING DEFECTS,2,INCAPACITATING INJURY,1.0,0.0,1.0,8,4,4,41.9856498,-87.65533581,"['04/13/2022', '08:08:00', 'AM']"
dab79ab7a06f50af4e152c7224fb5cbb499cb09f5b6bc10d016dcd7fc4ae296892a8f9b652c6889b23170d2350e8bc064966bb9ec54720a67ff0e085218e0008,2022-04-12 19:39:00,Tuesday,30,TRAFFIC SIGNAL,RAIN,DARKNESS,PEDALCYCLIST,WET,INJURY AND / OR TOW DUE TO CRASH,"OVER $1,500",UNABLE TO DETERMINE,2,INCAPACITATING INJURY,1.0,0.0,1.0,19,3,4,41.838216,-87.6414801,"['04/12/2022', '07:39:00', 'PM']"
dd7e7787e478c809a4bbd985736d1050fc167d6a9f7f8e647ec3071d1e4cc6696026363ebb42314f2c5b4742ebd7cb1174f5af5e9f5edecf9d66002575baf3ce,2022-04-12 18:15:00,Tuesday,30,NO CONTROLS,CLEAR,DAYLIGHT,PEDESTRIAN,DRY,INJURY AND / OR TOW DUE TO CRASH,"$501 - $1,500",UNABLE TO DETERMINE,3,INCAPACITATING INJURY,1.0,0.0,1.0,18,3,4,41.94320902,-87.79604554,"['04/12/2022', '06:15:00', 'PM']"
9ec0c15f2eff61edbcb836734bed8a18550f4c77b9fff2a43b259b83c69c0eb4d792a74c5504777369379f41c4720c0731147650367f8e0207eb5d7abd0792d3,2022-04-12 17:26:00,Tuesday,30,TRAFFIC SIGNAL,CLEAR,DAYLIGHT,TURNING,DRY,INJURY AND / OR TOW DUE TO CRASH,"OVER $1,500",IMPROPER TURNING/NO SIGNAL,2,INCAPACITATING INJURY,1.0,0.0,1.0,17,3,4,41.85285528,-87.6509407,"['04/12/2022', '05:26:00', 'PM']"
4acdf37d7e49356e8f8bd95feff895e5b5620a59a381e20a20428314f635a2eaf5f337ee8bb8b90ded5c5d0d320ad0b90b860cc2b2ad25f6a288c73b41affa7e,2022-04-12 17:23:00,Tuesday,30,NO CONTROLS,CLEAR,DAYLIGHT,PEDESTRIAN,DRY,INJURY AND / OR TOW DUE TO CRASH,$500 OR LESS,FAILING TO YIELD RIGHT-OF-WAY,3,INCAPACITATING INJURY,2.0,0.0,2.0,17,3,4,41.92367729,-87.79907791,"['04/12/2022', '05:23:00', 'PM']"
ad30e6a988f811de071fa78c85576575af9ce2497292b1677a75408904ba0f685217e5e52495faf3bd6d61629b26bec8297e2a862c0e1fb411efdc44148703e0,2022-04-12 15:45:00,Tuesday,30,NO CONTROLS,CLEAR,DAYLIGHT,SIDESWIPE SAME DIRECTION,DRY,INJURY AND / OR TOW DUE TO CRASH,"OVER $1,500",IMPROPER OVERTAKING/PASSING,2,INCAPACITATING INJURY,1.0,0.0,1.0,15,3,4,41.93895291,-87.63815992,"['04/12/2022', '03:45:00', 'PM']"
e8d8eee377b5ee2256cdf933d30d9f1915986f36eb74857b55876bdb53ee6732783e86f61605505eefe3025ad1941c1a36ff7e1330b832c8701f58227e99912b,2022-04-12 11:40:00,Tuesday,30,NO CONTROLS,CLEAR,DAYLIGHT,REAR TO FRONT,DRY,INJURY AND / OR TOW DUE TO CRASH,"OVER $1,500",UNABLE TO DETERMINE,3,INCAPACITATING INJURY,1.0,0.0,1.0,11,3,4,41.96835887,-87.7273443,"['04/12/2022', '11:40:00', 'AM']"
68103a51e8ce1473c11f1a2eee81ea1e20deffcb43103c11d6073258a8216d9d00425c6dfae014770e39a7e67018e2901ede4198ff4db26b7f2323afa12bceda,2022-04-11 17:45:00,Monday,25,NO CONTROLS,CLEAR,DAYLIGHT,FIXED OBJECT,DRY,INJURY AND / OR TOW DUE TO CRASH,"OVER $1,500",UNABLE TO DETERMINE,1,FATAL,2.0,1.0,1.0,17,2,4,41.81906905,-87.64342933,"['04/11/2022', '05:45:00', 'PM']"
1b887fa18eed4c9c0d67f9e3a5f9ee4b353eae61f348ab2e805654ef4e9023af376fbfd14404211161b5cafd2543b371969b5d0c1c947fa63f6a83c4106a9551,2022-04-11 12:30:00,Monday,30,NO CONTROLS,CLEAR,DAYLIGHT,FIXED OBJECT,DRY,INJURY AND / OR TOW DUE TO CRASH,"$501 - $1,500",UNABLE TO DETERMINE,1,INCAPACITATING INJURY,1.0,0.0,1.0,12,2,4,41.89568671,-87.70425282,"['04/11/2022', '12:30:00', 'PM']"
0850c738547963f6c256c13227dab31a9bbcb5493e41c859c6f9cf0fa8a2409809f9d783698fc958ab768b62c764bf8f86ad766266dd8d968fc030617bbf85d6,2022-04-11 02:38:00,Monday,20,STOP SIGN/FLASHER,CLEAR,"DARKNESS, LIGHTED ROAD",PARKED MOTOR VEHICLE,DRY,INJURY AND / OR TOW DUE TO CRASH,"OVER $1,500",PHYSICAL CONDITION OF DRIVER,2,INCAPACITATING INJURY,2.0,0.0,2.0,2,2,4,41.91930604,-87.70964515,"['04/11/2022', '02:38:00', 'AM']"
c2a6cc30716b500e81ee56c071736d624af6fae3e062190dc6354a5e6ba581643506ffe5932f33b19a08e22605b3f95fce04c2037ee57161867617858e0f0bb1,2022-04-11 02:05:00,Monday,30,TRAFFIC SIGNAL,CLEAR,"DARKNESS, LIGHTED ROAD",PEDESTRIAN,DRY,INJURY AND / OR TOW DUE TO CRASH,"OVER $1,500",UNABLE TO DETERMINE,2,INCAPACITATING INJURY,1.0,0.0,1.0,2,2,4,41.93898927,-87.74672747,"['04/11/2022', '02:05:00', 'AM']"
9bad4c2ff627151649a52322b74e5ffa0d6975a7ffc255302690ca0a3c62c72f888e7a4f447f0ee8295d74d4e425a044fd369c316bbc67324c396593cbc4e3b0,2022-04-10 20:17:00,Sunday,30,STOP SIGN/FLASHER,CLEAR,"DARKNESS, LIGHTED ROAD",ANGLE,DRY,INJURY AND / OR TOW DUE TO CRASH,"OVER $1,500",UNABLE TO DETERMINE,2,INCAPACITATING INJURY,1.0,0.0,1.0,20,1,4,41.89118941,-87.65747031,"['04/10/2022', '08:17:00', 'PM']"
04e3ca34c3ceeba4b2d461b3322980b55ec589bf4ba62f63e75d9e6f3b99ed060fa65c5bcbdbc1c2a711f697b9620c1631dbd08c3a21a72b7aa4f96a0c45509e,2022-04-10 20:16:00,Sunday,25,TRAFFIC SIGNAL,CLEAR,"DARKNESS, LIGHTED ROAD",ANGLE,DRY,INJURY AND / OR TOW DUE TO CRASH,"OVER $1,500",DISREGARDING TRAFFIC SIGNALS,2,INCAPACITATING INJURY,2.0,0.0,2.0,20,1,4,41.85252617,-87.66129007,"['04/10/2022', '08:16:00', 'PM']"
9678884e1a9b1d9725a73b2d607f7716466ecfdaf576869f9442ae78d0fca43c4247fdcbdbda9dde1b553a56204dc6a85439dc717aa8345ef1302fa053fa3536,2022-04-10 18:30:00,Sunday,30,TRAFFIC SIGNAL,CLEAR,DUSK,PEDESTRIAN,DRY,INJURY AND / OR TOW DUE TO CRASH,"OVER $1,500",DISREGARDING OTHER TRAFFIC SIGNS,2,INCAPACITATING INJURY,1.0,0.0,1.0,18,1,4,41.69193661,-87.67204745,"['04/10/2022', '06:30:00', 'PM']"
c4ef27d22f4e5661599e7ae9bc30bf7edf9adb8acbdbced0939edb8793dd579b78cb1fa1fd12f6ce3413d45bd512837fcea6cc837829aff954b77abd0a2bfde9,2022-04-10 17:20:00,Sunday,30,TRAFFIC SIGNAL,CLEAR,DAYLIGHT,ANGLE,UNKNOWN,INJURY AND / OR TOW DUE TO CRASH,"OVER $1,500",DISREGARDING TRAFFIC SIGNALS,2,INCAPACITATING INJURY,1.0,0.0,1.0,17,1,4,41.88658961,-87.74564416,"['04/10/2022', '05:20:00', 'PM']"
e3f3e11ec2c140a3cf8ff8a4f49f58481a2af6efd8a858f886b1e6df1313d383f31800f99f439c1dfdaea8f2c4a9b8615ac867fb7949efae89b5ea7d9ce9b85e,2022-04-10 17:15:00,Sunday,45,NO CONTROLS,CLEAR,DAYLIGHT,FIXED OBJECT,DRY,INJURY AND / OR TOW DUE TO CRASH,"OVER $1,500",WEATHER,1,INCAPACITATING INJURY,1.0,0.0,1.0,17,1,4,41.95517597,-87.89307885,"['04/10/2022', '05:15:00', 'PM']"
65e2f34477e07648d090ae357ae46465fdb97354f419edfbb3e98f9464806da3f0f5dbfe4f3d1ef1a27db0b981e0b731d2fe5a9ecacbce1e84bfa8c1d6c73ca8,2022-04-10 05:20:00,Sunday,30,NO CONTROLS,CLEAR,DAWN,FIXED OBJECT,DRY,INJURY AND / OR TOW DUE TO CRASH,"OVER $1,500",UNABLE TO DETERMINE,1,INCAPACITATING INJURY,1.0,0.0,1.0,5,1,4,41.79437023,-87.64877511,"['04/10/2022', '05:20:00', 'AM']"
e5b588bcfef4573651d344ae940a92f093962c8c2d7b70bd219d0bafbd058b4890a7011d7687ba1ae85f8da01e0fb848cbd2e4af330e8bd5fe58d3047b5adea9,2022-04-09 23:58:00,Saturday,30,TRAFFIC SIGNAL,CLEAR,DARKNESS,ANGLE,DRY,INJURY AND / OR TOW DUE TO CRASH,"OVER $1,500",DISREGARDING TRAFFIC SIGNALS,2,INCAPACITATING INJURY,1.0,0.0,1.0,23,7,4,41.87834487,-87.62445364,"['04/09/2022', '11:58:00', 'PM']"
90b30f4298401e779dfaa7a94fdd5f249441101331e32b6ceee2fcb0e56a40a723d8f4a5bd41d89f3bf83b92ee61b3c5eb1a5380b0543b4016ef8ca38affc0aa,2022-04-09 16:13:00,Saturday,30,TRAFFIC SIGNAL,CLEAR,DAYLIGHT,TURNING,DRY,INJURY AND / OR TOW DUE TO CRASH,"OVER $1,500",FAILING TO REDUCE SPEED TO AVOID CRASH,2,INCAPACITATING INJURY,1.0,0.0,1.0,16,7,4,41.78031747,-87.60607456,"['04/09/2022', '04:13:00', 'PM']"
b33cdbeaa3cb1faccebb6adcc210380ab1651efe6ecfc9f9f39ea39f3e2e93168bcd7bf3641978b4e5cf0ee27fc88fd4254e26dfb899caa8c11525c90ce77854,2022-04-09 14:05:00,Saturday,30,TRAFFIC SIGNAL,CLEAR,DAYLIGHT,ANGLE,DRY,INJURY AND / OR TOW DUE TO CRASH,"OVER $1,500",DISREGARDING TRAFFIC SIGNALS,2,INCAPACITATING INJURY,2.0,0.0,1.0,14,7,4,41.68537154,-87.62775212,"['04/09/2022', '02:05:00', 'PM']"
52f9d73a857cee2f4795ea9126c832053726a5bc20f32ce8127e33c9469229811e08793fb59fe9781d299fcf8bbacdc32b6d454128594cde22c50983def6d69f,2022-04-09 12:00:00,Saturday,35,NO CONTROLS,UNKNOWN,DAYLIGHT,FIXED OBJECT,UNKNOWN,INJURY AND / OR TOW DUE TO CRASH,"OVER $1,500",UNABLE TO DETERMINE,1,INCAPACITATING INJURY,1.0,0.0,1.0,12,7,4,41.78185736,-87.6061091,"['04/09/2022', '12:00:00', 'PM']"
fc2dbd3b81de1aaf3755b0de55a87c2daab7d6d63a8717c132b8d083a20c5a5f45dae09061aba06f2b85cfed99f464077630bf20998c3cc1d29ad3da0c28334f,2022-04-09 10:20:00,Saturday,30,NO CONTROLS,CLEAR,DAYLIGHT,PEDALCYCLIST,DRY,INJURY AND / OR TOW DUE TO CRASH,"OVER $1,500",FAILING TO YIELD RIGHT-OF-WAY,2,INCAPACITATING INJURY,1.0,0.0,1.0,10,7,4,41.80753403,-87.74281494,"['04/09/2022', '10:20:00', 'AM']"
720fe3c33dbebb5ea4c8d82fef797a50988352818ce8cdcce914ee4fbf35b0de060a1657b58e3f774f8d9d04df09b53337b48acdccdcb1cb820bbbb765bc8a82,2022-04-09 01:21:00,Saturday,30,NO CONTROLS,RAIN,"DARKNESS, LIGHTED ROAD",FIXED OBJECT,WET,INJURY AND / OR TOW DUE TO CRASH,"OVER $1,500",WEATHER,2,INCAPACITATING INJURY,2.0,0.0,2.0,1,7,4,41.91117234,-87.64216716,"['04/09/2022', '01:21:00', 'AM']"
b0c72b3f89cb4725d90c56d2b350093ffb2d18b4b8e49608eeed51801d912cb5e740c3bd0b7111265cdaaa33d0f98d202ef9b41bceeb9ea5b03da98537c6412f,2022-04-08 23:30:00,Friday,25,STOP SIGN/FLASHER,FREEZING RAIN/DRIZZLE,"DARKNESS, LIGHTED ROAD",TURNING,WET,INJURY AND / OR TOW DUE TO CRASH,"OVER $1,500",IMPROPER OVERTAKING/PASSING,3,INCAPACITATING INJURY,2.0,0.0,1.0,23,6,4,41.83109682,-87.60836966,"['04/08/2022', '11:30:00', 'PM']"
bd0f5e153fdece119bbb090a9321e39b74d3108df84b4481ffa4295a6a677d78922ef8f1685fbc469f0705cbf400e4ec728ac8d1c16f71767ee8706674681404,2022-04-08 22:20:00,Friday,30,TRAFFIC SIGNAL,RAIN,"DARKNESS, LIGHTED ROAD",TURNING,WET,INJURY AND / OR TOW DUE TO CRASH,"OVER $1,500",FAILING TO YIELD RIGHT-OF-WAY,2,INCAPACITATING INJURY,1.0,0.0,1.0,22,6,4,41.88558032,-87.72592192,"['04/08/2022', '10:20:00', 'PM']"
9cb5fd1fa75b6828e8f880c49e69bb20abfcf3b4dd01aa7e00ce67c0ebbc3489da5444e7f11cd4aa5c06c0447d4caa7fe1c0864925c1ddeebe5f73853f26a9c1,2022-04-08 21:01:00,Friday,30,TRAFFIC SIGNAL,RAIN,"DARKNESS, LIGHTED ROAD",PEDESTRIAN,WET,INJURY AND / OR TOW DUE TO CRASH,$500 OR LESS,FAILING TO YIELD RIGHT-OF-WAY,2,INCAPACITATING INJURY,1.0,0.0,1.0,21,6,4,41.94727552,-87.64713629,"['04/08/2022', '09:01:00', 'PM']"
a7d9ae3dc728b5e36e104b4ebffff0975c79ad442b3ceeff80f38bb5ad1f8151169feb0fbb3f98bcb699d133ac1897150c0941208a4af628dd2fc6e77a8d4a2e,2022-04-08 16:17:00,Friday,30,NO CONTROLS,RAIN,DAYLIGHT,PEDESTRIAN,WET,INJURY AND / OR TOW DUE TO CRASH,"OVER $1,500",UNABLE TO DETERMINE,2,INCAPACITATING INJURY,1.0,0.0,1.0,16,6,4,41.88085622,-87.72414951,"['04/08/2022', '04:17:00', 'PM']"
f594d885eadfc4b316c7f08a2bb36a0a3dd5a45dac319cf218820ccea7cf57e183f27aa2187f33b2d8e6dd365e13d49d24b559eed0b0981f2dfbd2959e2c0987,2022-04-08 14:34:00,Friday,30,TRAFFIC SIGNAL,RAIN,DAYLIGHT,PEDESTRIAN,WET,INJURY AND / OR TOW DUE TO CRASH,$500 OR LESS,FAILING TO YIELD RIGHT-OF-WAY,2,INCAPACITATING INJURY,1.0,0.0,1.0,14,6,4,41.90675983,-87.68697887,"['04/08/2022', '02:34:00', 'PM']"
876196dd5361ba4f78c21261894ada5e798c76dc18ef12085b7248336fe87de2ffbd8c07a0aed6bd6f3c7485707179b8a246891d08908b259d1c8490984c47d2,2022-04-08 14:12:00,Friday,30,NO CONTROLS,CLOUDY/OVERCAST,DAYLIGHT,PARKED MOTOR VEHICLE,WET,INJURY AND / OR TOW DUE TO CRASH,"OVER $1,500",UNABLE TO DETERMINE,2,INCAPACITATING INJURY,1.0,0.0,1.0,14,6,4,41.77974424,-87.65289237,"['04/08/2022', '02:12:00', 'PM']"
70600a43aac5c586f1b11043b6744889c30ad196ebf1a48e29f1de93380fc77dbcaff08ae2f3a7864a86528217c7f57645d60ecc6a6267695b093eab6460a141,2022-04-08 12:25:00,Friday,30,NO CONTROLS,RAIN,DAYLIGHT,PEDALCYCLIST,WET,INJURY AND / OR TOW DUE TO CRASH,"$501 - $1,500",UNABLE TO DETERMINE,2,INCAPACITATING INJURY,1.0,0.0,1.0,12,6,4,41.93273196,-87.67584927,"['04/08/2022', '12:25:00', 'PM']"
2ffa823bfa7f9783e44c92717fcab09dd7c27726f80071a34f5275e5b3c869ee2ff1e957cbdd7835c62aec7e9317b358208c5a95cc51232434d2fd08c3ebf68e,2022-04-08 04:52:00,Friday,30,NO CONTROLS,CLEAR,"DARKNESS, LIGHTED ROAD",FIXED OBJECT,DRY,INJURY AND / OR TOW DUE TO CRASH,"OVER $1,500",UNABLE TO DETERMINE,1,FATAL,1.0,1.0,0.0,4,6,4,41.77894241,-87.71171973,"['04/08/2022', '04:52:00', 'AM']"
9874cc29a5a6e7781f119bff40d415029fc6fd3d8ba467d15c575aa841acb64c647fa03df752a549852e3f9ec2608810d5df7f21dd2dda8acde1499e9a173e97,2022-04-08 00:10:00,Friday,30,TRAFFIC SIGNAL,CLEAR,"DARKNESS, LIGHTED ROAD",FIXED OBJECT,WET,INJURY AND / OR TOW DUE TO CRASH,"OVER $1,500",FAILING TO REDUCE SPEED TO AVOID CRASH,1,INCAPACITATING INJURY,2.0,0.0,1.0,0,6,4,41.70301578,-87.65788397,"['04/08/2022', '12:10:00', 'AM']"
dfadb3210079d7dfccb0c6990a172a29eaa0584efbe3ea59d7a1db898eefa016e3446f5b1016802a564296156189980f0b2d5a3fba3329e12f194bf816dcf752,2022-04-06 18:20:00,Wednesday,30,NO CONTROLS,CLEAR,"DARKNESS, LIGHTED ROAD",PEDALCYCLIST,DRY,INJURY AND / OR TOW DUE TO CRASH,$500 OR LESS,NOT APPLICABLE,2,INCAPACITATING INJURY,1.0,0.0,1.0,18,4,4,41.88913511,-87.64905166,"['04/06/2022', '06:20:00', 'PM']"
dc68b207d5a4969fa9b588255e367df3e208515907652f7e2a4ec2fe171cc6f4215608db7dc13f616e8aa0c2406e0d04e38c8ef2a9f87bccf8c64778cc48c60a,2022-04-06 12:16:00,Wednesday,30,NO CONTROLS,CLEAR,DAYLIGHT,PARKED MOTOR VEHICLE,DRY,INJURY AND / OR TOW DUE TO CRASH,"OVER $1,500","OPERATING VEHICLE IN ERRATIC, RECKLESS, CARELESS, NEGLIGENT OR AGGRESSIVE MANNER",2,INCAPACITATING INJURY,2.0,0.0,2.0,12,4,4,41.77484643,-87.60720896,"['04/06/2022', '12:16:00', 'PM']"
a9c53128aaf7359114418a28734d700d12738f2a10c8bcd804b9d1b7170c17d1f9fa4b1c119a136267aef0cff1c50b8bb69d2982b8752dfde57dd0cf00519928,2022-04-06 06:15:00,Wednesday,30,TRAFFIC SIGNAL,RAIN,"DARKNESS, LIGHTED ROAD",PEDESTRIAN,WET,INJURY AND / OR TOW DUE TO CRASH,$500 OR LESS,WEATHER,2,INCAPACITATING INJURY,1.0,0.0,1.0,6,4,4,41.89262091,-87.62598628,"['04/06/2022', '06:15:00', 'AM']"
da7c579cb37ca9d256fe3ba9198f87a36d501883dd749eb52e88842572de754fc4c94ea09cec9b4afb4f75023f321437a845fabd9c8212b99714f2f11c7c8e0b,2022-04-06 04:39:00,Wednesday,30,TRAFFIC SIGNAL,RAIN,"DARKNESS, LIGHTED ROAD",FIXED OBJECT,WET,INJURY AND / OR TOW DUE TO CRASH,"OVER $1,500",FAILING TO REDUCE SPEED TO AVOID CRASH,1,FATAL,1.0,1.0,0.0,4,4,4,41.86717155,-87.65272014,"['04/06/2022', '04:39:00', 'AM']"