CRASH_RECORD_ID,CRASH_DATE,Weekday,POSTED_SPEED_LIMIT,TRAFFIC_CONTROL_DEVICE,WEATHER_CONDITION,LIGHTING_CONDITION,FIRST_CRASH_TYPE,ROADWAY_SURFACE_COND,CRASH_TYPE,DAMAGE,PRIM_CONTRIBUTORY_CAUSE,NUM_UNITS,MOST_SEVERE_INJURY,INJURIES_TOTAL,INJURIES_FATAL,INJURIES_INCAPACITATING,CRASH_HOUR,CRASH_DAY_OF_WEEK,CRASH_MONTH,LATITUDE,LONGITUDE,CRASH_TIME
33439dbeb2c18f6c6e26afd34dfc2aa37b73c39f57fa3591af3e7c98144642f30dfab0db5c08ed3457e92326eb0b9a44b59cd229b7dfa7e8429c8559798e115d,2022-04-06 01:38:00,Wednesday,30,STOP SIGN/FLASHER,RAIN,"DARKNESS, LIGHTED ROAD",ANGLE,WET,INJURY AND / OR TOW DUE TO CRASH,"OVER $1,500",FAILING TO YIELD RIGHT-OF-WAY,2,INCAPACITATING INJURY,2.0,0.0,1.0,1,4,4,41.76349946,-87.62869204,"['04/06/2022', '01:38:00', 'AM']"
a27b53e1bc6d042f5cb8070f23fc08a9d03203a2e32144bf586fb094c05ef0d8f14b8bbb377e0d49516d705543e9b8d7fc6b2c564c5a7fa6b2cba4850c27e2ad,2022-04-05 12:42:00,Tuesday,30,NO CONTROLS,CLOUDY/OVERCAST,DAYLIGHT,TURNING,DRY,INJURY AND / OR TOW DUE TO CRASH,"OVER $1,500",IMPROPER LANE USAGE,2,INCAPACITATING INJURY,3.0,0.0,1.0,12,3,4,41.895585,-87.71481445,"['04/05/2022', '12:42:00', 'PM']"
fa609f6aa192b12033096bd01737382ac35d0a5ac7650efae019e8cb556a7a1cfdcaacf9a768a604e48aed24115112bbd033acd1996f8ea32c03992c98b9f095,2022-04-05 10:48:00,Tuesday,10,NO CONTROLS,CLEAR,DAYLIGHT,PARKED MOTOR VEHICLE,DRY,INJURY AND / OR TOW DUE TO CRASH,"OVER $1,500",UNABLE TO DETERMINE,2,INCAPACITATING INJURY,1.0,0.0,1.0,10,3,4,41.97458822,-87.80958569,"['04/05/2022', '10:48:00', 'AM']"
d6109196b9eedefe02d9ed2700770a71223a12e6bbc5c0c8b56084953b6a3a9e04cde6bbb233fc32e8f9a74ed5b6266e43d573ceb39ec1197b4aa1b9ae2fc473,2022-04-05 08:19:00,Tuesday,30,NO CONTROLS,CLEAR,DAYLIGHT,REAR END,DRY,INJURY AND / OR TOW DUE TO CRASH,"OVER $1,500",FOLLOWING TOO CLOSELY,2,INCAPACITATING INJURY,2.0,0.0,2.0,8,3,4,41.90287329,-87.69057916,"['04/05/2022', '08:19:00', 'AM']"
1ef26cc9e025759f1292a2bc13e3f0a0a7b07588f52108ba04cecf0d2049789ed309c38c1778bc68b34fc2dd6f6d7e0e27932bdb4a6e3d45c7cb058b0e0792d9,2022-04-04 23:55:00,Monday,35,TRAFFIC SIGNAL,CLEAR,"DARKNESS, LIGHTED ROAD",TURNING,DRY,INJURY AND / OR TOW DUE TO CRASH,"OVER $1,500",DISREGARDING TRAFFIC SIGNALS,2,INCAPACITATING INJURY,1.0,0.0,1.0,23,2,4,41.73682263,-87.58578342,"['04/04/2022', '11:55:00', 'PM']"
13dd0eec209fd20a27fc6e02a11314638b3b337522bdbd8e5c2c54e6475bef7c24302c777e4d5a7717845591a38538481c94949ceb4642bcd5f9d7c65cb348b7,2022-04-04 15:45:00,Monday,20,NO CONTROLS,CLEAR,DAYLIGHT,PARKED MOTOR VEHICLE,DRY,INJURY AND / OR TOW DUE TO CRASH,"OVER $1,500",UNABLE TO DETERMINE,5,INCAPACITATING INJURY,1.0,0.0,1.0,15,2,4,41.75362773,-87.61967927,"['04/04/2022', '03:45:00', 'PM']"
04f082b947034bf8247b70eb3c8d7e6c1650781682b00f5c3e5d835f1e1827ba87106b482877695d6c10c8c7375aad81fbe25e0bf6989c58724f757935d2211f,2022-04-04 00:00:00,Monday,30,NO CONTROLS,RAIN,DARKNESS,PARKED MOTOR VEHICLE,WET,INJURY AND / OR TOW DUE TO CRASH,"OVER $1,500",UNABLE TO DETERMINE,3,INCAPACITATING INJURY,1.0,0.0,1.0,0,2,4,41.74669448,-87.61470185,"['04/04/2022', '12:00:00', 'AM']"
2e8f2e3d8033dff1d2f66ce2c0f979123e8d0c2d0331b1a3c44ff05c8739325f3134a64f675255949cdfd04d7d99956b4150a663d11b327db73848e6c9178898,2022-04-03 23:34:00,Sunday,30,TRAFFIC SIGNAL,RAIN,"DARKNESS, LIGHTED ROAD",ANGLE,WET,INJURY AND / OR TOW DUE TO CRASH,"OVER $1,500",DISREGARDING TRAFFIC SIGNALS,2,INCAPACITATING INJURY,3.0,0.0,1.0,23,1,4,41.87928364,-87.6371007,"['04/03/2022', '11:34:00', 'PM']"
64c3959e1022130d6b5a3064e9a267aa6133a65b0379c0a37d43837725e5bbba64f87572e3802c3b89a391461ea0947a63078ba88996653989e49a840ba12ec5,2022-04-03 21:56:00,Sunday,30,TRAFFIC SIGNAL,CLEAR,"DARKNESS, LIGHTED ROAD",TURNING,DRY,INJURY AND / OR TOW DUE TO CRASH,"OVER $1,500",DISREGARDING TRAFFIC SIGNALS,3,INCAPACITATING INJURY,2.0,0.0,1.0,21,1,4,41.76252391,-87.58577681,"['04/03/2022', '09:56:00', 'PM']"
14469faf7a46e82de87ac490728520441400dba8dadfa6a733a5fa49de0fb10bf3611307e4493ac68a53647b5a04eee1410526571d0d08d9bee1d3dc3bd2768b,2022-04-03 16:40:00,Sunday,35,NO CONTROLS,CLEAR,DAYLIGHT,PARKED MOTOR VEHICLE,DRY,INJURY AND / OR TOW DUE TO CRASH,"OVER $1,500",UNABLE TO DETERMINE,5,INCAPACITATING INJURY,1.0,0.0,1.0,16,1,4,41.96091855,-87.74014544,"['04/03/2022', '04:40:00', 'PM']"
92f9870a2227008eb7d0a2c43c1499ae42cf986f21b339b7f3cf06a420cfc346ed921e4a3656c94134eaee0be79b32401ce1aea3e6fa5e688450dde5017cf3ed,2022-04-03 12:45:00,Sunday,30,STOP SIGN/FLASHER,CLEAR,DAYLIGHT,ANGLE,DRY,INJURY AND / OR TOW DUE TO CRASH,$500 OR LESS,FAILING TO YIELD RIGHT-OF-WAY,4,INCAPACITATING INJURY,1.0,0.0,1.0,12,1,4,41.94091437,-87.7761631,"['04/03/2022', '12:45:00', 'PM']"
4802c6485c5ee408d29f6716b8bd78643a2bacf82461a243336727085eed05e679c9c751136c465d3a4a5de24525f5385ec5cc0b3a129d304fe62f5a67c01e67,2022-04-03 04:05:00,Sunday,30,NO CONTROLS,CLEAR,"DARKNESS, LIGHTED ROAD",FIXED OBJECT,WET,INJURY AND / OR TOW DUE TO CRASH,"OVER $1,500",UNABLE TO DETERMINE,1,FATAL,1.0,1.0,0.0,4,1,4,41.77231242,-87.64817177,"['04/03/2022', '04:05:00', 'AM']"
95c55b32abd10db47fbef5a274bba38af10f54b27ee02f3de02cb30becb5ec03bba06d4ff3a65bb43a18426fd915b3a405a2736da39566310b852c95ca289e59,2022-04-03 03:30:00,Sunday,30,NO CONTROLS,CLEAR,"DARKNESS, LIGHTED ROAD",PEDALCYCLIST,WET,INJURY AND / OR TOW DUE TO CRASH,"$501 - $1,500",UNABLE TO DETERMINE,2,INCAPACITATING INJURY,1.0,0.0,1.0,3,1,4,41.79191176,-87.68470367,"['04/03/2022', '03:30:00', 'AM']"
8c040b9dbe8981b50e44bf6677ed0921c96844fd9104901ba10d974a6bfae089ebbd5ac0d3fb2964f0a2500b6e4c6101ef7d6b1e617eff2cc8f930505ff34bc0,2022-04-03 02:36:00,Sunday,30,NO CONTROLS,CLEAR,"DARKNESS, LIGHTED ROAD",PARKED MOTOR VEHICLE,DRY,INJURY AND / OR TOW DUE TO CRASH,"OVER $1,500",UNABLE TO DETERMINE,3,INCAPACITATING INJURY,1.0,0.0,1.0,2,1,4,41.74273677,-87.61939673,"['04/03/2022', '02:36:00', 'AM']"
39a658d2141ee9fd5c538fd57a26d42c5e50db604ea014705e30b046c7078170ffe2d0ade904efac183ccf7afe5973976e1e495844ffb09abf5dc08f0bdd3f81,2022-04-03 01:30:00,Sunday,25,NO CONTROLS,RAIN,"DARKNESS, LIGHTED ROAD",FIXED OBJECT,WET,INJURY AND / OR TOW DUE TO CRASH,"OVER $1,500",UNABLE TO DETERMINE,1,INCAPACITATING INJURY,1.0,0.0,1.0,1,1,4,41.98284942,-87.73767223,"['04/03/2022', '01:30:00', 'AM']"
d6313134e9eac8e2cf1b415ca16fb17b358a6e94241e182e27874a8f465e61f1cd1a11c426c4bf0b94964bb032fb1815f496739106de42cfa009f4fc88959abd,2022-04-03 00:30:00,Sunday,30,TRAFFIC SIGNAL,CLEAR,"DARKNESS, LIGHTED ROAD",PEDALCYCLIST,DRY,INJURY AND / OR TOW DUE TO CRASH,"OVER $1,500",DISREGARDING TRAFFIC SIGNALS,2,INCAPACITATING INJURY,1.0,0.0,1.0,0,1,4,41.88038977,-87.74515274,"['04/03/2022', '12:30:00', 'AM']"
6b334ea41536217137756262ff426c6fb8a1add1e0ff80093a674d2bdc536ceb6c87b85d4fd4835a21995dbe17376c33feaf69ec64147b8bb7b3715f370de03e,2022-04-02 19:23:00,Saturday,35,TRAFFIC SIGNAL,RAIN,"DARKNESS, LIGHTED ROAD",TURNING,WET,INJURY AND / OR TOW DUE TO CRASH,"OVER $1,500",FAILING TO YIELD RIGHT-OF-WAY,2,INCAPACITATING INJURY,1.0,0.0,1.0,19,7,4,41.70672358,-87.65619454,"['04/02/2022', '07:23:00', 'PM']"
bc50e500eebbf42937a7339b92ce4bbc9e78e4bc3c8f44bc8cb674ec3f878c4d0d3dc8f55cd58ddd15e56cb843285d86d2ceb2e2ccb872aa3ef619d5bc795ca1,2022-04-02 17:58:00,Saturday,30,TRAFFIC SIGNAL,RAIN,DAYLIGHT,REAR END,WET,INJURY AND / OR TOW DUE TO CRASH,"OVER $1,500",FOLLOWING TOO CLOSELY,2,INCAPACITATING INJURY,1.0,0.0,1.0,17,7,4,41.76572356,-87.62002024,"['04/02/2022', '05:58:00', 'PM']"
79222255e9acd6598696d2cdd9352c36729b6cb604fd5e32847be3898cec278e40e8a136501b2a8c5e2bb29594543ae92cd8817b242b441736b41d3b7688b195,2022-04-02 11:00:00,Saturday,30,NO CONTROLS,RAIN,DAYLIGHT,ANGLE,WET,INJURY AND / OR TOW DUE TO CRASH,"OVER $1,500",FAILING TO YIELD RIGHT-OF-WAY,5,INCAPACITATING INJURY,5.0,0.0,5.0,11,7,4,41.8245026,-87.70495255,"['04/02/2022', '11:00:00', 'AM']"
b3b79d262497dd888227209370a6e3669ce4a24f8435781de93bad63e3c8142cfbd196b5dc0d8ff27d853e9b53a3ff308af9d9e09f43ff1f228e4fa212ac9e4a,2022-04-02 05:07:00,Saturday,45,TRAFFIC SIGNAL,CLEAR,"DARKNESS, LIGHTED ROAD",TURNING,DRY,INJURY AND / OR TOW DUE TO CRASH,"OVER $1,500",FAILING TO YIELD RIGHT-OF-WAY,2,INCAPACITATING INJURY,2.0,0.0,1.0,5,7,4,41.95840752,-87.88633325,"['04/02/2022', '05:07:00', 'AM']"
9236e4d81f416899c492ca94ac180d8b095e29c17ad4090194c3c9ee28ce31cbe8decdda2cc6f25817516009802c869e3fb44de7c0cb4dd25123de2759b5445f,2022-04-01 21:57:00,Friday,30,NO CONTROLS,CLEAR,"DARKNESS, LIGHTED ROAD",PARKED MOTOR VEHICLE,DRY,INJURY AND / OR TOW DUE TO CRASH,"OVER $1,500",UNABLE TO DETERMINE,3,INCAPACITATING INJURY,1.0,0.0,1.0,21,6,4,41.88390856,-87.76513491,"['04/01/2022', '09:57:00', 'PM']"
3c7b06895e4bff157f977f2f1db204979eca1240ffac14b911cba8633d610335a62d9720f9c26b48b1e6e4816e6a7ff915b69a032cd85d9af7f45fb519f57ffd,2022-04-01 19:00:00,Friday,30,NO CONTROLS,CLEAR,DAYLIGHT,REAR END,DRY,INJURY AND / OR TOW DUE TO CRASH,"OVER $1,500",FAILING TO YIELD RIGHT-OF-WAY,2,INCAPACITATING INJURY,1.0,0.0,1.0,19,6,4,41.80836955,-87.6840194,"['04/01/2022', '07:00:00', 'PM']"
5ac113537829f0e88bac6f983a01270c4daaf3cae523c890bba0ee4a8f337d9550ee7c142b6210b81c3f20b0c3be8d64a5bcaec5eecf816fc6c1a3cb92262068,2022-04-01 16:43:00,Friday,30,NO CONTROLS,CLEAR,DAYLIGHT,FIXED OBJECT,DRY,INJURY AND / OR TOW DUE TO CRASH,"OVER $1,500",PHYSICAL CONDITION OF DRIVER,1,INCAPACITATING INJURY,1.0,0.0,1.0,16,6,4,41.82396435,-87.61554011,"['04/01/2022', '04:43:00', 'PM']"
ae6c47afd628ee4b7e235ef80ad476d7f8bd14fb5022aaf8f6e7465c9cd2e383c948c871c633d0aa93c9ebfc6193a67cf2fbb5724519251581f38ea56cda30a6,2022-04-01 15:57:00,Friday,30,TRAFFIC SIGNAL,CLEAR,DAYLIGHT,REAR END,DRY,INJURY AND / OR TOW DUE TO CRASH,"OVER $1,500",FOLLOWING TOO CLOSELY,2,INCAPACITATING INJURY,3.0,0.0,1.0,15,6,4,41.91080902,-87.64833033,"['04/01/2022', '03:57:00', 'PM']"
88930a83b69d786779c309445b810d64504cb6cf7f0a913c68afa11fe5a987cfef8b9172f7d181987b5fb29441123d76f46d63b8fa97c83b67a9d73bc78ee18a,2022-04-01 13:00:00,Friday,20,NO CONTROLS,CLEAR,DAYLIGHT,PEDESTRIAN,DRY,INJURY AND / OR TOW DUE TO CRASH,$500 OR LESS,UNABLE TO DETERMINE,2,INCAPACITATING INJURY,1.0,0.0,1.0,13,6,4,41.77523849,-87.70561176,"['04/01/2022', '01:00:00', 'PM']"
c4615d36390b4533b1af3decb16fef938d81061971b7f8fb3985cc599bd357aa6d67b7c61151913b5d6ef4d371034923589fd20d29a58b4cc98034f8977add33,2022-04-01 09:25:00,Friday,25,NO CONTROLS,CLEAR,DAYLIGHT,OTHER OBJECT,DRY,INJURY AND / OR TOW DUE TO CRASH,"OVER $1,500",PHYSICAL CONDITION OF DRIVER,1,INCAPACITATING INJURY,1.0,0.0,1.0,9,6,4,41.81155639,-87.60675543,"['04/01/2022', '09:25:00', 'AM']"
15a99495e8582c69c3132ba7983946ec5f40e8537c3ce05cc122f0faea3e198a2e13ceb41093103a00322fef585cda9ea135eae77accc24835c53a322df998d7,2022-04-01 08:23:00,Friday,30,TRAFFIC SIGNAL,CLEAR,DAYLIGHT,FIXED OBJECT,DRY,INJURY AND / OR TOW DUE TO CRASH,"OVER $1,500",UNABLE TO DETERMINE,1,INCAPACITATING INJURY,1.0,0.0,1.0,8,6,4,41.95426283,-87.67901629,"['04/01/2022', '08:23:00', 'AM']"
f9ca7d5b53df0fd002213d655d705e15b4e483380f8bdd5f50711c9d26957b7c6ef89befe435df4e2965deca59c3e3b80b5a7710d454e264fdfefaae7aaeab69,2022-03-31 18:09:00,Thursday,30,NO CONTROLS,SNOW,DAYLIGHT,PARKED MOTOR VEHICLE,SNOW OR SLUSH,INJURY AND / OR TOW DUE TO CRASH,"OVER $1,500",UNABLE TO DETERMINE,3,INCAPACITATING INJURY,1.0,0.0,1.0,18,5,3,41.79961245,-87.64924994,"['03/31/2022', '06:09:00', 'PM']"
7d7c2d5d41a88ee81d2556fac8db0911a44fb4a38e9472c90effbfc34030e50bdabb8ef572b33c2407366cdedc6da5a437c795ecd19986fddb2f305fc53aa6a3,2022-03-31 12:40:00,Thursday,30,STOP SIGN/FLASHER,RAIN,DAYLIGHT,TURNING,WET,INJURY AND / OR TOW DUE TO CRASH,"OVER $1,500",FAILING TO YIELD RIGHT-OF-WAY,2,INCAPACITATING INJURY,3.0,0.0,1.0,12,5,3,41.76308808,-87.67355124,"['03/31/2022', '12:40:00', 'PM']"
0d27f3a4e3c91ba407163ba8699beaa064daf2261061ef45421309395c23db8da47aaffb49bf190f9b173bf3129d4273062932401251ae8716e66342a30e54a4,2022-03-30 19:35:00,Wednesday,30,TRAFFIC SIGNAL,RAIN,DAWN,PEDESTRIAN,WET,INJURY AND / OR TOW DUE TO CRASH,"OVER $1,500",DRIVING SKILLS/KNOWLEDGE/EXPERIENCE,2,INCAPACITATING INJURY,1.0,0.0,1.0,19,4,3,41.89160129,-87.62979671,"['03/30/2022', '07:35:00', 'PM']"
786d404dfd500f0620fe3a4335601015478c74d2066cee6116d7ec4615cfe4a79946b7eff2ef79f17d78aec5a737a2a512e54aa1f55879d7ff72ae811c3c474a,2022-03-30 16:13:00,Wednesday,30,TRAFFIC SIGNAL,RAIN,DAYLIGHT,REAR END,WET,INJURY AND / OR TOW DUE TO CRASH,"OVER $1,500",PHYSICAL CONDITION OF DRIVER,4,INCAPACITATING INJURY,2.0,0.0,1.0,16,4,3,41.70788493,-87.58568523,"['03/30/2022', '04:13:00', 'PM']"
e6ae7e4823dcb51067c80b09c4207cabfe4086abd68b25bc2482b9992edf21271f9e6da4b5689f9044cfd142b6315bdfc0efc02fe814d07d33316ea9147a2273,2022-03-30 12:54:00,Wednesday,30,NO CONTROLS,RAIN,DAYLIGHT,REAR END,WET,INJURY AND / OR TOW DUE TO CRASH,"OVER $1,500",FOLLOWING TOO CLOSELY,4,INCAPACITATING INJURY,1.0,0.0,1.0,12,4,3,41.73755744,-87.72167338,"['03/30/2022', '12:54:00', 'PM']"
1037256b6a04719fdddf2090627b1d3a37cf6b842d7f96c66eba13fbc778cf4c75f842f76563b46d6df702fe99e4f9b6d00944663a8a69bad0dc2a4e1079e45d,2022-03-30 12:18:00,Wednesday,30,STOP SIGN/FLASHER,RAIN,DAYLIGHT,PEDESTRIAN,WET,INJURY AND / OR TOW DUE TO CRASH,$500 OR LESS,UNABLE TO DETERMINE,2,INCAPACITATING INJURY,1.0,0.0,1.0,12,4,3,41.87405323,-87.75496155,"['03/30/2022', '12:18:00', 'PM']"
cbc6fb9f2b67e93953bfbf28dae1066edd6f07fe10d38c834606393735c24c4618e85b20ba2454f98b0505bb0405e9157cdb6ef5291c7bcbc6f32a301949c5d7,2022-03-30 09:30:00,Wednesday,20,STOP SIGN/FLASHER,RAIN,DAYLIGHT,ANGLE,WET,INJURY AND / OR TOW DUE TO CRASH,"OVER $1,500",FAILING TO YIELD RIGHT-OF-WAY,2,INCAPACITATING INJURY,2.0,0.0,1.0,9,4,3,41.90662836,-87.6385162,"['03/30/2022', '09:30:00', 'AM']"
0528242ca23de8c299a18abf39be5a8a44df45c270c2bb84659373ee1ae7e1354d4bede33ab519d62222bfda2face9a167229bc0d53b2999f26c74871648546e,2022-03-28 22:29:00,Monday,35,NO CONTROLS,CLEAR,"DARKNESS, LIGHTED ROAD",FIXED OBJECT,DRY,INJURY AND / OR TOW DUE TO CRASH,"OVER $1,500",FAILING TO REDUCE SPEED TO AVOID CRASH,1,INCAPACITATING INJURY,1.0,0.0,1.0,22,2,3,41.94653585,-87.70542957,"['03/28/2022', '10:29:00', 'PM']"
73984976cbf6056f3d5d93b5abcf762d397e1ac28a1e4a80e99939583ad8f330aa10424387a5267f6b7c5c9d5e4298613bdb75a4c5846f894c50ef4c2e759c48,2022-03-28 20:50:00,Monday,40,NO CONTROLS,CLEAR,"DARKNESS, LIGHTED ROAD",REAR END,DRY,INJURY AND / OR TOW DUE TO CRASH,"OVER $1,500",IMPROPER OVERTAKING/PASSING,2,INCAPACITATING INJURY,1.0,0.0,1.0,20,2,3,41.94046617,-87.63806729,"['03/28/2022', '08:50:00', 'PM']"
cb7174cda8ca8ad77d4b382dffc07c94e6addf50643464265d56d6eaedd0017aaf19aaa00dde6bfb9b54c004b9db7119006b22088027319908a82ae0cacaa8d9,2022-03-28 19:30:00,Monday,30,NO CONTROLS,CLEAR,DAYLIGHT,REAR END,DRY,INJURY AND / OR TOW DUE TO CRASH,"OVER $1,500",FAILING TO YIELD RIGHT-OF-WAY,4,INCAPACITATING INJURY,1.0,0.0,1.0,19,2,3,41.80698402,-87.66507395,"['03/28/2022', '07:30:00', 'PM']"
49b8b4ed9e1dabc213437416ae5b0b510282fc2c4a41319fa589a87bcf3c3056135c10dc3540f19556f4dca5224fdf7160b0f64e8810778318f012545c301db9,2022-03-28 15:00:00,Monday,30,NO CONTROLS,CLEAR,DAYLIGHT,PEDESTRIAN,DRY,INJURY AND / OR TOW DUE TO CRASH,"OVER $1,500",FAILING TO YIELD RIGHT-OF-WAY,2,INCAPACITATING INJURY,1.0,0.0,1.0,15,2,3,41.87419001,-87.67406257,"['03/28/2022', '03:00:00', 'PM']"
dc9b7c399648a6d09332685b0773f2f0ef1b0c2fcc37b03d3c89e217feb3682e046528df6e2b6414023125e003363076d93375ddb7bdb7d8cc28f2e181110550,2022-03-28 08:04:00,Monday,35,TRAFFIC SIGNAL,CLEAR,DAYLIGHT,ANGLE,DRY,INJURY AND / OR TOW DUE TO CRASH,"OVER $1,500",UNABLE TO DETERMINE,2,INCAPACITATING INJURY,1.0,0.0,1.0,8,2,3,41.73546846,-87.69237074,"['03/28/2022', '08:04:00', 'AM']"
fca3fefdffea24933216212ee614fdc98f97fda5c2f73150be693cb010316fe07d0b7d7fe888cdeb87d23f413fd585cbfac37a4a22978eba469bf324dd9c68dc,2022-03-28 02:01:00,Monday,30,NO CONTROLS,CLEAR,"DARKNESS, LIGHTED ROAD",PARKED MOTOR VEHICLE,DRY,INJURY AND / OR TOW DUE TO CRASH,"OVER $1,500",UNDER THE INFLUENCE OF ALCOHOL/DRUGS (USE WHEN ARREST IS EFFECTED),4,INCAPACITATING INJURY,1.0,0.0,1.0,2,2,3,41.88569225,-87.69655808,"['03/28/2022', '02:01:00', 'AM']"
3dbe014dd7e73255803a25271cf62e477e64b4c4d2b4c90a6d5c9c38125a431a8e2aaf064d9fb6d64d2e444574f99acbb76633f47503a7b54ec450910f02df36,2022-03-28 01:20:00,Monday,40,NO CONTROLS,CLEAR,"DARKNESS, LIGHTED ROAD",OVERTURNED,DRY,INJURY AND / OR TOW DUE TO CRASH,"OVER $1,500",PHYSICAL CONDITION OF DRIVER,1,INCAPACITATING INJURY,1.0,0.0,1.0,1,2,3,41.99035914,-87.88129316,"['03/28/2022', '01:20:00', 'AM']"
5007deb6827cad356ad2d20a69bb5d4c848eeaba7fc711779994bc3c17ec6b10d8bf9ff1ba1747bde36e3929db59ebef139e112dd71c3722eb1b7a1e5a901117,2022-03-27 22:35:00,Sunday,30,NO CONTROLS,CLEAR,"DARKNESS, LIGHTED ROAD",PEDESTRIAN,DRY,INJURY AND / OR TOW DUE TO CRASH,"OVER $1,500",UNABLE TO DETERMINE,2,FATAL,1.0,1.0,0.0,22,1,3,41.8319601,-87.7048204,"['03/27/2022', '10:35:00', 'PM']"
c6c5d3b055262bd49f20ad83562762f41443dbe8ba4e972472dcae0eb7ffe0676a61863388b05c85a40cc568436d7b1e8a08510a5e9f3b4189f0a95f85c7ad39,2022-03-27 22:15:00,Sunday,30,NO CONTROLS,CLEAR,"DARKNESS, LIGHTED ROAD",TURNING,DRY,INJURY AND / OR TOW DUE TO CRASH,"OVER $1,500",IMPROPER TURNING/NO SIGNAL,3,FATAL,2.0,1.0,1.0,22,1,3,41.96097183,-87.73542802,"['03/27/2022', '10:15:00', 'PM']"
e96836daee257feea72a57966bdbffb3aa714934d861fac2993fc3f01b7b2fc8698dbe244dad857bada6aa0216c53823d66e5337d22439a06c4df8d8cd4534c8,2022-03-27 19:15:00,Sunday,30,TRAFFIC SIGNAL,CLEAR,"DARKNESS, LIGHTED ROAD",REAR END,DRY,INJURY AND / OR TOW DUE TO CRASH,"OVER $1,500",UNABLE TO DETERMINE,2,INCAPACITATING INJURY,2.0,0.0,1.0,19,1,3,41.75040189,-87.66835276,"['03/27/2022', '07:15:00', 'PM']"
4f17645538254ea548a9010c0666c9e523db2d510651ef8825d57b25c4a3999cd05e7daaa7d8d86dbcfa8e59291490a1064b2fc60ba46a0a6d75ff51dc8e8ee9,2022-03-27 01:07:00,Sunday,30,TRAFFIC SIGNAL,CLEAR,"DARKNESS, LIGHTED ROAD",ANGLE,DRY,INJURY AND / OR TOW DUE TO CRASH,"OVER $1,500",DISREGARDING TRAFFIC SIGNALS,2,INCAPACITATING INJURY,3.0,0.0,1.0,1,1,3,41.88670889,-87.62945025,"['03/27/2022', '01:07:00', 'AM']"
fd7d672eb3c4e61b51814c606a3b80c495eae501b8205fe197db218cf0034fac08e838d9d2bd852f0a81b339107fd7c0b5de1302b646270731ab12830d889687,2022-03-27 00:15:00,Sunday,30,TRAFFIC SIGNAL,CLEAR,"DARKNESS, LIGHTED ROAD",ANGLE,DRY,INJURY AND / OR TOW DUE TO CRASH,"OVER $1,500",FAILING TO YIELD RIGHT-OF-WAY,2,INCAPACITATING INJURY,1.0,0.0,1.0,0,1,3,41.85276917,-87.6386785,"['03/27/2022', '12:15:00', 'AM']"
dd2eef0893ff7262c127cde457c974818c7cc39cbc28ba8b89639a929c8669131c72597bdcd75d87e22f7fdf8aa3d948d5fe4deb8b19f44926d54731b4a15ecb,2022-03-26 19:35:00,Saturday,25,NO CONTROLS,CLEAR,"DARKNESS, LIGHTED ROAD",PARKED MOTOR VEHICLE,DRY,INJURY AND / OR TOW DUE TO CRASH,"OVER $1,500",DISTRACTION - FROM OUTSIDE VEHICLE,2,INCAPACITATING INJURY,1.0,0.0,1.0,19,7,3,41.86924425,-87.7451954,"['03/26/2022', '07:35:00', 'PM']"
ec3a337011321320e767300b1065332d8d57282b969b26107c1eda9099843b9d999472b9867474f24c777c2904b691a26545514031e0cd8baf5cc16986ef2b1b,2022-03-26 18:24:00,Saturday,35,TRAFFIC SIGNAL,CLEAR,DAYLIGHT,HEAD ON,DRY,INJURY AND / OR TOW DUE TO CRASH,"OVER $1,500",DRIVING ON WRONG SIDE/WRONG WAY,5,INCAPACITATING INJURY,2.0,0.0,1.0,18,7,3,41.80938059,-87.62269197,"['03/26/2022', '06:24:00', 'PM']"
ddc3f12ecca88e4e94be0335658d9dcf13918360bbd187ca36b4d07a08a1df848bd842e8ee23bfc17fafbe4c4968b144d4b7283172b1203360577fd9d5d8ac1f,2022-03-26 12:45:00,Saturday,30,NO CONTROLS,CLEAR,DAYLIGHT,FIXED OBJECT,DRY,INJURY AND / OR TOW DUE TO CRASH,"OVER $1,500",UNABLE TO DETERMINE,1,INCAPACITATING INJURY,1.0,0.0,1.0,12,7,3,41.75030881,-87.54787371,"['03/26/2022', '12:45:00', 'PM']"
a67d1ed486e8600757f2478c1798a83e2d37837f1c8c3f363db3b3ad8d750b9ea50db3a75af9d0d76dbfc603b26ecc3637967025799e6c6294aaff22e8b781bb,2022-03-26 04:25:00,Saturday,30,NO CONTROLS,CLEAR,DARKNESS,PARKED MOTOR VEHICLE,DRY,INJURY AND / OR TOW DUE TO CRASH,"OVER $1,500",UNDER THE INFLUENCE OF ALCOHOL/DRUGS (USE WHEN ARREST IS EFFECTED),3,INCAPACITATING INJURY,1.0,0.0,1.0,4,7,3,41.97565498,-87.80073018,"['03/26/2022', '04:25:00', 'AM']"
65a151175ef761db6ffd6a702cdc86fa1495f735b7f17df25d657eb96a94157347d85c6dc8119804fb6a9b37ede9cbfd881802a017b4da65c6ace51b8590cd4d,2022-03-25 17:15:00,Friday,30,NO CONTROLS,CLEAR,DAYLIGHT,PARKED MOTOR VEHICLE,DRY,INJURY AND / OR TOW DUE TO CRASH,"OVER $1,500",UNABLE TO DETERMINE,5,INCAPACITATING INJURY,1.0,0.0,1.0,17,6,3,41.76228269,-87.6201555,"['03/25/2022', '05:15:00', 'PM']"
f6530ba62b5c98c25065dae4779f0303b6a201c5735a9c0c9b99731c003071096f61d3b3098e923f696e6e4eff7e612bf9edfe466e83ad65f4b978ca35cd18c1,2022-03-25 15:22:00,Friday,20,NO CONTROLS,CLEAR,DAYLIGHT,PEDALCYCLIST,DRY,INJURY AND / OR TOW DUE TO CRASH,$500 OR LESS,UNABLE TO DETERMINE,2,INCAPACITATING INJURY,1.0,0.0,1.0,15,6,3,42.00294371,-87.66580801,"['03/25/2022', '03:22:00', 'PM']"