CRASH_RECORD_ID,CRASH_DATE,Weekday,POSTED_SPEED_LIMIT,TRAFFIC_CONTROL_DEVICE,WEATHER_CONDITION,LIGHTING_CONDITION,FIRST_CRASH_TYPE,ROADWAY_SURFACE_COND,CRASH_TYPE,DAMAGE,PRIM_CONTRIBUTORY_CAUSE,NUM_UNITS,MOST_SEVERE_INJURY,INJURIES_TOTAL,INJURIES_FATAL,INJURIES_INCAPACITATING,CRASH_HOUR,CRASH_DAY_OF_WEEK,CRASH_MONTH,LATITUDE,LONGITUDE,CRASH_TIME
e9bc2c9e759231a089ded0a38949d7f31c8a1b9e7d2403db70c11c5a7b7f8932b1226dea3c58af3201dbb73d148add6a382bad0a29cfc80d18007c54bd27a2d5,2022-03-25 14:29:00,Friday,30,TRAFFIC SIGNAL,CLEAR,DAYLIGHT,ANGLE,DRY,INJURY AND / OR TOW DUE TO CRASH,"OVER $1,500",DISREGARDING OTHER TRAFFIC SIGNS,2,INCAPACITATING INJURY,1.0,0.0,1.0,14,6,3,41.76596774,-87.59113893,"['03/25/2022', '02:29:00', 'PM']"
6620d09a703be9a762eba046aeddc8e2aac134e862bc293aea7d6e72fa292822f8117cac091a53823a64b759dd147e20ed8f41f6a2a0cfcf72a0729d344a127d,2022-03-25 12:43:00,Friday,30,TRAFFIC SIGNAL,RAIN,DAYLIGHT,PEDESTRIAN,WET,INJURY AND / OR TOW DUE TO CRASH,$500 OR LESS,"VISION OBSCURED (SIGNS, TREE LIMBS, BUILDINGS, ETC.)",2,INCAPACITATING INJURY,1.0,0.0,1.0,12,6,3,41.91399921,-87.74586369,"['03/25/2022', '12:43:00', 'PM']"
bc2a712d0575e582bfa955ae5f1a4148580987dc27a52fd352bae2fd614470ec8b52bea31a56bfce66bb2d80badaf1bef8aad368e78e440ebd6bd0964beaa075,2022-03-25 12:35:00,Friday,30,NO CONTROLS,RAIN,DAYLIGHT,FIXED OBJECT,WET,INJURY AND / OR TOW DUE TO CRASH,"OVER $1,500",EQUIPMENT - VEHICLE CONDITION,1,INCAPACITATING INJURY,2.0,0.0,1.0,12,6,3,41.65187245,-87.55009347,"['03/25/2022', '12:35:00', 'PM']"
9993c3b34369c82eb60391b1db383218c82ebc8e3f34a7ff23067f54877916c75d7c6caf5d086245aaba58d8e0c363c2153172467b5159d3bffad2ddf6d297e9,2022-03-25 10:30:00,Friday,15,NO CONTROLS,CLEAR,DAYLIGHT,PEDESTRIAN,DRY,INJURY AND / OR TOW DUE TO CRASH,"OVER $1,500",IMPROPER BACKING,2,INCAPACITATING INJURY,1.0,0.0,1.0,10,6,3,41.81768373,-87.6650402,"['03/25/2022', '10:30:00', 'AM']"
df74e57904e5e23a8a2a1edf6c8606b5c758facb25e46391020fb6b817a8f99f42befa2c9138adc4cee94eeaf5d4cfb6931c965bbf53079f8cd0c1f4c889983d,2022-03-24 21:20:00,Thursday,30,NO CONTROLS,RAIN,"DARKNESS, LIGHTED ROAD",PEDESTRIAN,WET,INJURY AND / OR TOW DUE TO CRASH,"OVER $1,500",FAILING TO YIELD RIGHT-OF-WAY,2,INCAPACITATING INJURY,1.0,0.0,1.0,21,5,3,41.75980243,-87.58467362,"['03/24/2022', '09:20:00', 'PM']"
538db5fab673d2aa226bc49d8eba8b5a0c67f66141493db21c308d98ef0a2e1ff827d3623f71baa3195402c7a8b7fd7092120d731d98ae4ea1546b9df43f1ff5,2022-03-24 20:40:00,Thursday,30,TRAFFIC SIGNAL,RAIN,"DARKNESS, LIGHTED ROAD",REAR END,WET,INJURY AND / OR TOW DUE TO CRASH,"OVER $1,500",FOLLOWING TOO CLOSELY,3,INCAPACITATING INJURY,1.0,0.0,1.0,20,5,3,41.93393366,-87.69781721,"['03/24/2022', '08:40:00', 'PM']"
913c1c05da9d896e9e72c755571d9c1a6d6a4654f2c7ff0c74f6272a08845821f410a0610d332479411ac7c7f877e9ce95ec55867bd2917e1fc8f38419600358,2022-03-24 16:23:00,Thursday,35,TRAFFIC SIGNAL,RAIN,DAYLIGHT,FIXED OBJECT,WET,INJURY AND / OR TOW DUE TO CRASH,"OVER $1,500",UNABLE TO DETERMINE,1,INCAPACITATING INJURY,1.0,0.0,1.0,16,5,3,41.88078008,-87.63295552,"['03/24/2022', '04:23:00', 'PM']"
c1764acde0ae0ba6963babb21bd6424177fe5b412db8b694b3cf4dde81615e4fab37e4c7e13e7b0a83c5ab9ac3decb92ea7d5c884a4c1739048dd87503985440,2022-03-24 14:50:00,Thursday,20,NO CONTROLS,RAIN,DAYLIGHT,PEDESTRIAN,WET,INJURY AND / OR TOW DUE TO CRASH,"OVER $1,500",DRIVING SKILLS/KNOWLEDGE/EXPERIENCE,3,INCAPACITATING INJURY,1.0,0.0,1.0,14,5,3,41.7532371,-87.70975215,"['03/24/2022', '02:50:00', 'PM']"
25f767eaa6870c1edbfae016427bc2a3931b22b9cce8993be0ab7c846baaf542074b9dc86f84cd46ce7815cc0a66654a98695439cd6fc27c2d102301fa65add3,2022-03-24 13:05:00,Thursday,30,TRAFFIC SIGNAL,RAIN,DAYLIGHT,REAR END,WET,INJURY AND / OR TOW DUE TO CRASH,"OVER $1,500",FOLLOWING TOO CLOSELY,2,INCAPACITATING INJURY,1.0,0.0,1.0,13,5,3,41.70755033,-87.5943407,"['03/24/2022', '01:05:00', 'PM']"
9be613dcdc990bfdb5f5565588a1f1e4f1e393adbf14d44e2ec84a1f357b9d0614b8d3be71b7b42a972ce859a07a458e5681330f4af9c05e0e898466d730d5ca,2022-03-24 07:55:00,Thursday,15,NO CONTROLS,OTHER,DAYLIGHT,TURNING,WET,INJURY AND / OR TOW DUE TO CRASH,"OVER $1,500",IMPROPER TURNING/NO SIGNAL,4,INCAPACITATING INJURY,2.0,0.0,2.0,7,5,3,41.88713653,-87.75620888,"['03/24/2022', '07:55:00', 'AM']"
5f2cbe4f872e404c6b1067f08622189285b592bc8bb1da890108cc192bfaf9ea07ae9ac8f7f4ffe2c8987a220a6a59b27eb4881cde4b11c3ae09977d8eea6833,2022-03-24 05:20:00,Thursday,30,NO CONTROLS,CLEAR,DAWN,PARKED MOTOR VEHICLE,WET,INJURY AND / OR TOW DUE TO CRASH,"OVER $1,500",UNABLE TO DETERMINE,2,INCAPACITATING INJURY,1.0,0.0,1.0,5,5,3,41.77627223,-87.69317268,"['03/24/2022', '05:20:00', 'AM']"
b20ea549a993e56c05070f2515f2073bb5c945ac348417b6b5db98e6aab05189721622501099698a0dbd638911592b741ce59a6b500ca92abe5a3634825706e3,2022-03-24 03:28:00,Thursday,30,NO CONTROLS,RAIN,"DARKNESS, LIGHTED ROAD",PARKED MOTOR VEHICLE,WET,INJURY AND / OR TOW DUE TO CRASH,"OVER $1,500",NOT APPLICABLE,3,INCAPACITATING INJURY,1.0,0.0,1.0,3,5,3,41.76391869,-87.60690337,"['03/24/2022', '03:28:00', 'AM']"
58d7dc227e942919ef830586936a4ed427ff986601775386e8c3379172a495e8dbde0e56ac7b5407649ecf20f28c2c43c2c14960a43b380aea96c1ab0cf73b28,2022-03-23 16:46:00,Wednesday,30,TRAFFIC SIGNAL,RAIN,DAYLIGHT,PEDESTRIAN,WET,INJURY AND / OR TOW DUE TO CRASH,"OVER $1,500",FAILING TO REDUCE SPEED TO AVOID CRASH,2,INCAPACITATING INJURY,1.0,0.0,1.0,16,4,3,41.99829823,-87.66061166,"['03/23/2022', '04:46:00', 'PM']"
892ea9f1c328fa182c2d2fae80b82f28a22f3e9384e69845633a31aa202084389159f2cd894bdf26eb814745b601e75879d9fe549754c11228a5265fe0821b40,2022-03-23 09:30:00,Wednesday,35,NO CONTROLS,CLEAR,DAYLIGHT,HEAD ON,WET,INJURY AND / OR TOW DUE TO CRASH,"OVER $1,500",DRIVING ON WRONG SIDE/WRONG WAY,2,INCAPACITATING INJURY,2.0,0.0,1.0,9,4,3,41.85336714,-87.72494699,"['03/23/2022', '09:30:00', 'AM']"
53132f1f77882d35b0f13a572ad35224f81e77574307000be619aa62b815f4490eaa0b7648eee27535928e086947270dc0835064b18aba0299462875719c2cee,2022-03-23 06:47:00,Wednesday,30,NO CONTROLS,RAIN,DAWN,HEAD ON,WET,INJURY AND / OR TOW DUE TO CRASH,"OVER $1,500",WEATHER,2,INCAPACITATING INJURY,2.0,0.0,1.0,6,4,3,42.00089535,-87.76269806,"['03/23/2022', '06:47:00', 'AM']"
b3e6a11f1583aaf147a0f8c4f758bf59869279e9c89dac83aaba97ecaead5c50f64085de2993e17d4a7744ff84f2a8dd341966d3801a315ec76535c736186610,2022-03-22 20:26:00,Tuesday,30,TRAFFIC SIGNAL,CLEAR,"DARKNESS, LIGHTED ROAD",ANGLE,WET,INJURY AND / OR TOW DUE TO CRASH,"OVER $1,500",DISREGARDING TRAFFIC SIGNALS,2,INCAPACITATING INJURY,1.0,0.0,1.0,20,3,3,42.00927651,-87.67417783,"['03/22/2022', '08:26:00', 'PM']"
2d065845feadc8b34523aa9094f5e949ca7cf9589bc52cf4ed3eab09494282334153f8c84204dc2906e896d1755b0deef5a4f11e373cf3ae7fe43a38251005f7,2022-03-22 20:18:00,Tuesday,30,STOP SIGN/FLASHER,CLEAR,"DARKNESS, LIGHTED ROAD",PEDALCYCLIST,DRY,INJURY AND / OR TOW DUE TO CRASH,"$501 - $1,500",FAILING TO YIELD RIGHT-OF-WAY,2,INCAPACITATING INJURY,1.0,0.0,1.0,20,3,3,41.8004076,-87.72588555,"['03/22/2022', '08:18:00', 'PM']"
0d03097f9c41d7339e128acb657aa8ca2eb3aaf7f78e71df58183ca7cafb1ae2934b0b6cbd1ca2121cdf824af15a5bcff9e1c2aa803d36ef11eff7bc601c4b99,2022-03-21 21:46:00,Monday,30,NO CONTROLS,CLEAR,"DARKNESS, LIGHTED ROAD",REAR END,DRY,INJURY AND / OR TOW DUE TO CRASH,"OVER $1,500",FOLLOWING TOO CLOSELY,2,INCAPACITATING INJURY,1.0,0.0,1.0,21,2,3,41.7907339,-87.58526207,"['03/21/2022', '09:46:00', 'PM']"
61130d53ffdc698adb039b978d9fbd9666add080bcfcadaf3f1597fc5edf7a4f7ee425c3fa46dc779464a45133a161fceaf738e01f082280fdaf2eeca13b52ab,2022-03-21 20:48:00,Monday,25,NO CONTROLS,CLEAR,DARKNESS,PEDESTRIAN,DRY,INJURY AND / OR TOW DUE TO CRASH,"OVER $1,500",HAD BEEN DRINKING (USE WHEN ARREST IS NOT MADE),2,INCAPACITATING INJURY,1.0,0.0,1.0,20,2,3,41.90767492,-87.76591088,"['03/21/2022', '08:48:00', 'PM']"
4331f11978aa1e0b3e82ed293da7b47aea0ac62a21bbc262ab12de1947f16453088f52562ef948842827931ed5af950ca7ca3f165bcee7c13309c4d0266eba5f,2022-03-21 19:50:00,Monday,30,NO CONTROLS,CLEAR,DUSK,SIDESWIPE SAME DIRECTION,DRY,INJURY AND / OR TOW DUE TO CRASH,"OVER $1,500",IMPROPER OVERTAKING/PASSING,2,FATAL,4.0,2.0,0.0,19,2,3,41.79325819,-87.61094754,"['03/21/2022', '07:50:00', 'PM']"
4701e4ae96fd61e418975f8104e412c5392461a4f28fb57463b414a72ece89b61714131a1abd578ac109073262bb8c5364c0b30e4568023941ca303fa18fdea9,2022-03-21 17:45:00,Monday,30,NO CONTROLS,CLEAR,DAYLIGHT,PARKED MOTOR VEHICLE,DRY,INJURY AND / OR TOW DUE TO CRASH,"OVER $1,500",DISTRACTION - FROM OUTSIDE VEHICLE,2,INCAPACITATING INJURY,1.0,0.0,1.0,17,2,3,41.77409735,-87.6836505,"['03/21/2022', '05:45:00', 'PM']"
0060b3610e8080f0761bb3c3373fd4880dd6798bc5c15fb82c81728be8603486b68c6064c65ae06fd77cd45df0b64d21543b2edf3acee9ec87b745e071cac2fb,2022-03-21 15:12:00,Monday,30,TRAFFIC SIGNAL,CLEAR,DAYLIGHT,SIDESWIPE SAME DIRECTION,DRY,INJURY AND / OR TOW DUE TO CRASH,"$501 - $1,500",IMPROPER OVERTAKING/PASSING,2,INCAPACITATING INJURY,1.0,0.0,1.0,15,2,3,41.87347922,-87.7196089,"['03/21/2022', '03:12:00', 'PM']"
6a5024b2e65430d5b564322eeaaf9c340ebd7f42a7dc78451ff5546d8972c5c62c150196fd0799669bedc63a87663f442f7a6dc318a873caa49a215a7d253d04,2022-03-21 14:25:00,Monday,35,STOP SIGN/FLASHER,CLEAR,DAYLIGHT,TURNING,DRY,INJURY AND / OR TOW DUE TO CRASH,"OVER $1,500",FAILING TO YIELD RIGHT-OF-WAY,2,INCAPACITATING INJURY,3.0,0.0,1.0,14,2,3,41.65904408,-87.6107931,"['03/21/2022', '02:25:00', 'PM']"
54b0010ae05394437df31a673cf24448f6d7be172523176f34df1ddad6d5812400cd65bc7e8495ae7f4d5723a82e11ea6df29f178b35620fe604b6e4f85babaa,2022-03-20 19:40:00,Sunday,30,NO CONTROLS,CLEAR,"DARKNESS, LIGHTED ROAD",TURNING,DRY,INJURY AND / OR TOW DUE TO CRASH,"OVER $1,500","OPERATING VEHICLE IN ERRATIC, RECKLESS, CARELESS, NEGLIGENT OR AGGRESSIVE MANNER",2,INCAPACITATING INJURY,2.0,0.0,1.0,19,1,3,41.75087394,-87.62275988,"['03/20/2022', '07:40:00', 'PM']"
5aec5b758a482d1495d5d222debcbecd8c95b09d1391718770542c84756025271dbecafa325d174d425c4e4551a28a9344df474b523003d93fe86db6424c0922,2022-03-20 13:44:00,Sunday,30,NO CONTROLS,CLEAR,DAYLIGHT,REAR END,DRY,INJURY AND / OR TOW DUE TO CRASH,"OVER $1,500","OPERATING VEHICLE IN ERRATIC, RECKLESS, CARELESS, NEGLIGENT OR AGGRESSIVE MANNER",2,INCAPACITATING INJURY,1.0,0.0,1.0,13,1,3,41.83758276,-87.67559063,"['03/20/2022', '01:44:00', 'PM']"
b434d680989570c158b9c99274320e5108e5a56ae2bc0e2f98f12c915cba0f1fa2d5001b847fd268777a41e6ee47e0a5887a47ed3703e2d8a783c4a0bc6a080f,2022-03-20 13:03:00,Sunday,30,TRAFFIC SIGNAL,CLEAR,DAYLIGHT,PEDESTRIAN,DRY,INJURY AND / OR TOW DUE TO CRASH,$500 OR LESS,UNABLE TO DETERMINE,2,INCAPACITATING INJURY,1.0,0.0,1.0,13,1,3,41.75026224,-87.66358012,"['03/20/2022', '01:03:00', 'PM']"
cdde3fc04994669745ca281fb82a1266677cb1adc811cfd0ed13d2464c350e67e100615bb60385cb24c932d0faa9ae619e62cfea8f720aaad36c9f7ae73d75fb,2022-03-20 12:30:00,Sunday,30,NO CONTROLS,CLEAR,DAYLIGHT,SIDESWIPE SAME DIRECTION,DRY,INJURY AND / OR TOW DUE TO CRASH,"OVER $1,500",FOLLOWING TOO CLOSELY,2,INCAPACITATING INJURY,1.0,0.0,1.0,12,1,3,41.78077094,-87.69846094,"['03/20/2022', '12:30:00', 'PM']"
f52a5a5f1effc47844e880f6ffbf6ef598f737b8d659a1e740f2cd9c979c21e86db7629af1672aa8e7fc1a700881c7f910d580853c9ecedb05cb58f2061eab80,2022-03-20 04:32:00,Sunday,30,TRAFFIC SIGNAL,CLEAR,"DARKNESS, LIGHTED ROAD",FIXED OBJECT,DRY,INJURY AND / OR TOW DUE TO CRASH,"OVER $1,500",FAILING TO REDUCE SPEED TO AVOID CRASH,2,INCAPACITATING INJURY,2.0,0.0,2.0,4,1,3,41.91621118,-87.66794589,"['03/20/2022', '04:32:00', 'AM']"
29afce998a448775ee3e968087e8c1ff885f31311db8e71e3493958eeefbb524f0a6c7e26ca9af8694c54ed5a454db096ea88a0bdc1417ff90d8963716ecc5ca,2022-03-20 01:00:00,Sunday,30,TRAFFIC SIGNAL,CLEAR,"DARKNESS, LIGHTED ROAD",TURNING,DRY,INJURY AND / OR TOW DUE TO CRASH,"$501 - $1,500",UNABLE TO DETERMINE,2,INCAPACITATING INJURY,1.0,0.0,1.0,1,1,3,41.86980152,-87.64416527,"['03/20/2022', '01:00:00', 'AM']"
cc555f0e0c7508e06e9cafc594d5f7b112c1731bd6761583b84e9ba73fb55260843608aeaf1b1513dd01bec9d5c973511123ceacc16e98dd402a58335b143bfd,2022-03-20 00:03:00,Sunday,30,TRAFFIC SIGNAL,CLEAR,"DARKNESS, LIGHTED ROAD",ANGLE,DRY,INJURY AND / OR TOW DUE TO CRASH,"OVER $1,500",DISREGARDING TRAFFIC SIGNALS,2,INCAPACITATING INJURY,1.0,0.0,1.0,0,1,3,41.87618617,-87.67667397,"['03/20/2022', '12:03:00', 'AM']"
033274e3b24450c7d99b8f4add11b67edc9682f1484c5e9fa9a5246cf8984fc2e4dd212f607b9e0ca3594e74ba778da90fe8ccf1e56ebf18bdbdd3e05e5f4002,2022-03-19 23:34:00,Saturday,25,TRAFFIC SIGNAL,FOG/SMOKE/HAZE,"DARKNESS, LIGHTED ROAD",PEDESTRIAN,WET,INJURY AND / OR TOW DUE TO CRASH,$500 OR LESS,"VISION OBSCURED (SIGNS, TREE LIMBS, BUILDINGS, ETC.)",2,INCAPACITATING INJURY,1.0,0.0,1.0,23,7,3,41.87465427,-87.71077075,"['03/19/2022', '11:34:00', 'PM']"
73a732b0d2a9991b2af151151c5047d2eed6fdb0777b0da11089701754ab7f387934af1b5035edef3ae6aae751078882bf927ec2534066e3ab8d6db15d4b32ac,2022-03-19 22:39:00,Saturday,30,TRAFFIC SIGNAL,CLEAR,"DARKNESS, LIGHTED ROAD",REAR END,WET,INJURY AND / OR TOW DUE TO CRASH,"OVER $1,500",DISREGARDING TRAFFIC SIGNALS,3,INCAPACITATING INJURY,1.0,0.0,1.0,22,7,3,41.86645727,-87.71066733,"['03/19/2022', '10:39:00', 'PM']"
c34b50d2d3a1c96a486d40b4fe6cd555d0441bfc5c136eb78b5e36266d451be6b6339bd7a36baa688fb66ee91caf15a10a7cd8832d16a5c7cbe9c57fa3bb9901,2022-03-19 13:21:00,Saturday,0,NO CONTROLS,RAIN,DAYLIGHT,PEDESTRIAN,WET,INJURY AND / OR TOW DUE TO CRASH,$500 OR LESS,EQUIPMENT - VEHICLE CONDITION,2,INCAPACITATING INJURY,1.0,0.0,1.0,13,7,3,41.82225069,-87.69449446,"['03/19/2022', '01:21:00', 'PM']"
524b02ba0f28a913d3181aaf4feeb121ad0b475c1350068a4031498e143120a291a0e27677a6821faa8230d972501dd54c75771c6c406b736dee7ee6e8c29cbd,2022-03-19 12:04:00,Saturday,30,TRAFFIC SIGNAL,RAIN,DAYLIGHT,ANGLE,WET,INJURY AND / OR TOW DUE TO CRASH,"OVER $1,500",UNABLE TO DETERMINE,2,INCAPACITATING INJURY,1.0,0.0,1.0,12,7,3,41.73639447,-87.61444398,"['03/19/2022', '12:04:00', 'PM']"
10671505c9692a5a6ed1eb1ba56db8ab533e77b496a61a257a90a3425474c621344af4a2db84bacda6d6d862711688f8164fb387c41bc858d4ccfd2496d0b38f,2022-03-19 03:30:00,Saturday,25,NO CONTROLS,RAIN,"DARKNESS, LIGHTED ROAD",SIDESWIPE SAME DIRECTION,WET,INJURY AND / OR TOW DUE TO CRASH,"OVER $1,500",UNABLE TO DETERMINE,2,INCAPACITATING INJURY,1.0,0.0,1.0,3,7,3,41.89987255,-87.61908034,"['03/19/2022', '03:30:00', 'AM']"
899ff1af68aaed90f2c3151deca0724219a988ffecb8d401769218c86381413cad38c17fab01375496725dda9d3e963d4f67eb5e30226a3484d749b4b2c232ed,2022-03-18 23:44:00,Friday,30,NO CONTROLS,RAIN,"DARKNESS, LIGHTED ROAD",PARKED MOTOR VEHICLE,WET,INJURY AND / OR TOW DUE TO CRASH,"OVER $1,500",PHYSICAL CONDITION OF DRIVER,4,FATAL,1.0,1.0,0.0,23,6,3,41.84796074,-87.71053284,"['03/18/2022', '11:44:00', 'PM']"
f4fd69d8b66ce9e1c351349687e5baec0f0bf2ddca496fc88c2a286bf1b37b22ecbca9563d894bdd23b194fe3db16ec5e443979e1ee6feb6c22f371a7685d985,2022-03-18 23:00:00,Friday,30,NO CONTROLS,RAIN,"DARKNESS, LIGHTED ROAD",HEAD ON,WET,INJURY AND / OR TOW DUE TO CRASH,"OVER $1,500",UNDER THE INFLUENCE OF ALCOHOL/DRUGS (USE WHEN ARREST IS EFFECTED),3,INCAPACITATING INJURY,3.0,0.0,3.0,23,6,3,41.83840558,-87.62715546,"['03/18/2022', '11:00:00', 'PM']"
3740e05bcf8f54a49dca2e1c7645893d7f6b54ce7529303780636dba201ae15e2a76fb3ddd18ecf5288e2397a6f49d5d14838494d96481a7df75746f2f5c9f6d,2022-03-18 20:31:00,Friday,30,NO CONTROLS,RAIN,"DARKNESS, LIGHTED ROAD",PEDESTRIAN,WET,INJURY AND / OR TOW DUE TO CRASH,"OVER $1,500",UNABLE TO DETERMINE,3,INCAPACITATING INJURY,1.0,0.0,1.0,20,6,3,41.86396788,-87.62748774,"['03/18/2022', '08:31:00', 'PM']"
4af057291cd5b9f79050a38e04f690d87282b3b70f9de88a7d544b1ea708c6970410931115efc5e9d83cd6cfa6068aa3047d00a00df232ec364fae3b7c8e9f48,2022-03-18 20:17:00,Friday,30,TRAFFIC SIGNAL,RAIN,DARKNESS,ANGLE,WET,INJURY AND / OR TOW DUE TO CRASH,"OVER $1,500",FAILING TO YIELD RIGHT-OF-WAY,2,INCAPACITATING INJURY,2.0,0.0,1.0,20,6,3,41.88235314,-87.76501028,"['03/18/2022', '08:17:00', 'PM']"
0db675893139163fe512707770cde7cf88d9b55ba3064fd054e7d4305824470b18aafb601524b7e8210fa6e75432358eb3c52efd5a7d3ec9b1942977a48be568,2022-03-18 06:19:00,Friday,30,TRAFFIC SIGNAL,CLEAR,"DARKNESS, LIGHTED ROAD",TURNING,DRY,INJURY AND / OR TOW DUE TO CRASH,"OVER $1,500",UNABLE TO DETERMINE,2,INCAPACITATING INJURY,2.0,0.0,2.0,6,6,3,41.9029192,-87.70241273,"['03/18/2022', '06:19:00', 'AM']"
f10ed31233fbe4772552d6e535d14d449da64f46f992363d612dd6a273af93ccf7b699424ccb778069099498f7ccc8ce5a5416a7e6c9f37bbc8a61f1e5895b60,2022-03-18 03:08:00,Friday,30,TRAFFIC SIGNAL,CLEAR,"DARKNESS, LIGHTED ROAD",ANGLE,DRY,INJURY AND / OR TOW DUE TO CRASH,"OVER $1,500",DISREGARDING TRAFFIC SIGNALS,2,INCAPACITATING INJURY,1.0,0.0,1.0,3,6,3,41.89485028,-87.63282366,"['03/18/2022', '03:08:00', 'AM']"
4083b6758d576c54cd22656822ea4736ee2a62d08d59288be812e343398ede733780b22b16dd9b5878554bae8cbe1c7389caecbc31d045a50560905529532484,2022-03-17 23:24:00,Thursday,30,NO CONTROLS,CLEAR,"DARKNESS, LIGHTED ROAD",OTHER NONCOLLISION,DRY,INJURY AND / OR TOW DUE TO CRASH,"OVER $1,500",FAILING TO REDUCE SPEED TO AVOID CRASH,1,INCAPACITATING INJURY,1.0,0.0,1.0,23,5,3,41.72485801,-87.64345222,"['03/17/2022', '11:24:00', 'PM']"
33c8fee08ae695335cd326a59433f42ea69eaec9aa476d511cc5518799c2721ba66dfec539543dabd6372ee594325e95087f474ae79f04aa6b0f8095c872ed8c,2022-03-17 20:07:00,Thursday,30,TRAFFIC SIGNAL,CLEAR,DUSK,PEDESTRIAN,DRY,INJURY AND / OR TOW DUE TO CRASH,"OVER $1,500",UNABLE TO DETERMINE,2,FATAL,1.0,1.0,0.0,20,5,3,41.92067663,-87.77563027,"['03/17/2022', '08:07:00', 'PM']"
cc6fdf80c7ec4a74c62366934c1d55bd038d51227e492184ca2dba6ec4e57281d05cfb56f4f219dd91ee1e2e110e1412422565d8b5ecfa3c35d9fe65ef8a04d0,2022-03-17 17:55:00,Thursday,30,TRAFFIC SIGNAL,CLEAR,DAYLIGHT,TURNING,DRY,INJURY AND / OR TOW DUE TO CRASH,"OVER $1,500",IMPROPER TURNING/NO SIGNAL,2,INCAPACITATING INJURY,1.0,0.0,1.0,17,5,3,41.91704199,-87.7461761,"['03/17/2022', '05:55:00', 'PM']"
c6cb401f8f8c9c04193e809191d8b9bb314899497b8ac14601d269c3b699faa3e0f3391e6109933a9c6d2092b09a6b40bb47f2820e9346ce49b5d51628500e7d,2022-03-17 15:10:00,Thursday,30,STOP SIGN/FLASHER,CLEAR,DAYLIGHT,ANGLE,DRY,INJURY AND / OR TOW DUE TO CRASH,"OVER $1,500",DRIVING ON WRONG SIDE/WRONG WAY,3,INCAPACITATING INJURY,2.0,0.0,1.0,15,5,3,41.68179764,-87.64044791,"['03/17/2022', '03:10:00', 'PM']"
ae6226c986adcda0194f14dbc2c72ea727d086b4f1cf2ea8d9022f603de70b933e97a20beb543ab12f21198d97405b1f6140923cd728ba05ac20dd43fd2957a0,2022-03-17 09:03:00,Thursday,30,TRAFFIC SIGNAL,CLEAR,DAYLIGHT,TURNING,DRY,INJURY AND / OR TOW DUE TO CRASH,"OVER $1,500",DISREGARDING TRAFFIC SIGNALS,2,INCAPACITATING INJURY,3.0,0.0,3.0,9,5,3,41.99804873,-87.78868957,"['03/17/2022', '09:03:00', 'AM']"
8b18e7d25039bc241f858af0b7b2f0d20f0835d936dde1968e80725fddd646eeaf4ae732c912dce5b904190d574024ba5a353514207fecaf2352371d8f773a49,2022-03-17 04:06:00,Thursday,30,NO CONTROLS,CLEAR,"DARKNESS, LIGHTED ROAD",PARKED MOTOR VEHICLE,DRY,INJURY AND / OR TOW DUE TO CRASH,"OVER $1,500",UNDER THE INFLUENCE OF ALCOHOL/DRUGS (USE WHEN ARREST IS EFFECTED),4,INCAPACITATING INJURY,1.0,0.0,1.0,4,5,3,41.93952848,-87.6934036,"['03/17/2022', '04:06:00', 'AM']"
97fb39ed29fd023dbfecbfe53610349a569c936554e4727f83e7000b9beb8b7769abbe2f36170c1d71e3c98c392e9aea96bbc472d6b10107049a4bf67a9a1f15,2022-03-16 23:19:00,Wednesday,30,TRAFFIC SIGNAL,CLEAR,"DARKNESS, LIGHTED ROAD",PEDALCYCLIST,DRY,INJURY AND / OR TOW DUE TO CRASH,"OVER $1,500","OPERATING VEHICLE IN ERRATIC, RECKLESS, CARELESS, NEGLIGENT OR AGGRESSIVE MANNER",2,INCAPACITATING INJURY,1.0,0.0,1.0,23,4,3,41.86694555,-87.65310356,"['03/16/2022', '11:19:00', 'PM']"
fceb2b895b68c6a564aa19450d543ebfb0b3cb123e9dbc32d3ae870fb0583e36f314748f15f175711f1a17370b666c3ff96c5e8799f607bcf20d1427d5767eaf,2022-03-16 19:52:00,Wednesday,30,TRAFFIC SIGNAL,CLEAR,"DARKNESS, LIGHTED ROAD",TURNING,DRY,INJURY AND / OR TOW DUE TO CRASH,"OVER $1,500",FAILING TO YIELD RIGHT-OF-WAY,2,INCAPACITATING INJURY,1.0,0.0,1.0,19,4,3,41.94458734,-87.65418457,"['03/16/2022', '07:52:00', 'PM']"
08265183bea27ea87a05d458ed897d97dc706579223676d44d79e415a26db5d2218e991bcf14bb58af5141046b2999878ddcf6d04c8eeb2ffa0fe1fac403d558,2022-03-16 19:37:00,Wednesday,35,NO CONTROLS,CLEAR,DARKNESS,PEDESTRIAN,DRY,INJURY AND / OR TOW DUE TO CRASH,"OVER $1,500",FAILING TO REDUCE SPEED TO AVOID CRASH,2,FATAL,1.0,1.0,0.0,19,4,3,41.69457793,-87.68139222,"['03/16/2022', '07:37:00', 'PM']"