CRASH_RECORD_ID,CRASH_DATE,Weekday,POSTED_SPEED_LIMIT,TRAFFIC_CONTROL_DEVICE,WEATHER_CONDITION,LIGHTING_CONDITION,FIRST_CRASH_TYPE,ROADWAY_SURFACE_COND,CRASH_TYPE,DAMAGE,PRIM_CONTRIBUTORY_CAUSE,NUM_UNITS,MOST_SEVERE_INJURY,INJURIES_TOTAL,INJURIES_FATAL,INJURIES_INCAPACITATING,CRASH_HOUR,CRASH_DAY_OF_WEEK,CRASH_MONTH,LATITUDE,LONGITUDE,CRASH_TIME
efcab892542867b9ddbbc95c93ef7d6dd6f03e7810115422021df221d5f499e834f97228b032fcfbd91a03dd4c6b1adbb62fa755d4f60468ecf99859862c6917,2022-03-16 16:06:00,Wednesday,30,NO CONTROLS,CLEAR,DAYLIGHT,PEDESTRIAN,DRY,INJURY AND / OR TOW DUE TO CRASH,"OVER $1,500",FAILING TO YIELD RIGHT-OF-WAY,2,INCAPACITATING INJURY,1.0,0.0,1.0,16,4,3,41.90748816,-87.74620489,"['03/16/2022', '04:06:00', 'PM']"
c585c70517b87e6f27afba175342ec9e4dcf7ec5c61cbc91e2f5ec155cf0e94405da02c7b7535969d43d3994758aae9b75b42be127018cbe2840a2a215ace867,2022-03-16 16:05:00,Wednesday,30,STOP SIGN/FLASHER,CLEAR,DAYLIGHT,ANGLE,DRY,INJURY AND / OR TOW DUE TO CRASH,"OVER $1,500",UNABLE TO DETERMINE,2,INCAPACITATING INJURY,2.0,0.0,1.0,16,4,3,41.87791548,-87.74533574,"['03/16/2022', '04:05:00', 'PM']"
f653c38c9b315fdf4db8e3b1df47cb51b5893b881a9851ccc1165fce8826d94312cdb844fc4c92b7bf7ee096c96407674f6f1ca936213d0739bd1e198d81d232,2022-03-16 10:48:00,Wednesday,30,NO CONTROLS,CLEAR,DAYLIGHT,HEAD ON,DRY,INJURY AND / OR TOW DUE TO CRASH,"OVER $1,500",PHYSICAL CONDITION OF DRIVER,2,INCAPACITATING INJURY,2.0,0.0,2.0,10,4,3,41.7922934,-87.79011271,"['03/16/2022', '10:48:00', 'AM']"
357cc84609e4e0becd9ec8079998a8effa2e36f863423a53d878f0787fe0df5f41b62bdf69e0cc2696062a4506c84ae8df2ef1e0017fc26dd615c640746f67a6,2022-03-16 09:09:00,Wednesday,30,STOP SIGN/FLASHER,CLEAR,DAYLIGHT,TURNING,DRY,INJURY AND / OR TOW DUE TO CRASH,"OVER $1,500",IMPROPER OVERTAKING/PASSING,2,INCAPACITATING INJURY,1.0,0.0,1.0,9,4,3,41.81472915,-87.61688511,"['03/16/2022', '09:09:00', 'AM']"
6131729078095518d1decbaa680b5d91976b25332141d5908dde8e8a4ec5f8bbbb460cafe848f51a6c0c57f853a0b03953b77c0d553c5abe626cdd08557c9478,2022-03-16 08:30:00,Wednesday,30,STOP SIGN/FLASHER,CLEAR,DAYLIGHT,PEDESTRIAN,DRY,INJURY AND / OR TOW DUE TO CRASH,$500 OR LESS,UNABLE TO DETERMINE,2,INCAPACITATING INJURY,1.0,0.0,1.0,8,4,3,41.7922934,-87.79011271,"['03/16/2022', '08:30:00', 'AM']"
4e0b038be2a34400a029faf660685d65df7c63c334339043f16071948218602a9147cf6da98f20e03eb8437c975db04a6df83bcaaca6edc2e6189b58bf0cd707,2022-03-16 07:57:00,Wednesday,30,TRAFFIC SIGNAL,CLEAR,DAYLIGHT,TURNING,DRY,INJURY AND / OR TOW DUE TO CRASH,"OVER $1,500",UNABLE TO DETERMINE,2,INCAPACITATING INJURY,1.0,0.0,1.0,7,4,3,41.97574658,-87.71848663,"['03/16/2022', '07:57:00', 'AM']"
df28f90c1a3bcbf7d0ceb66e3fead72cbd0af63127f2f027b8b1172fe4e586bb39f20642e697a4a9ff5eabba70818d4bd11cdb8e59f813ef2e5c782f13c34b12,2022-03-16 03:10:00,Wednesday,30,NO CONTROLS,CLEAR,"DARKNESS, LIGHTED ROAD",FIXED OBJECT,DRY,INJURY AND / OR TOW DUE TO CRASH,"OVER $1,500",NOT APPLICABLE,1,FATAL,1.0,1.0,0.0,3,4,3,41.67672731,-87.62400225,"['03/16/2022', '03:10:00', 'AM']"
0af6228778b4a8e194d50989a27d846484760dca71b6d51f758cc2ab4766abc5267586c83e207431c8bd3bf929d2ebec31dbecb82fe81cccf52aebe07a8bb105,2022-03-15 20:00:00,Tuesday,30,NO CONTROLS,CLEAR,"DARKNESS, LIGHTED ROAD",ANGLE,DRY,INJURY AND / OR TOW DUE TO CRASH,"OVER $1,500",NOT APPLICABLE,2,INCAPACITATING INJURY,2.0,0.0,1.0,20,3,3,42.01879494,-87.68666506,"['03/15/2022', '08:00:00', 'PM']"
add7d50bb10b78a512b77d65ddf4b5df455a6dcec803b04c177fe46071d2f0c5466139e75321f202251c650141d8bcc69cf6c2d21b55145c0a9426c072eb2f59,2022-03-15 12:30:00,Tuesday,30,TRAFFIC SIGNAL,CLEAR,DAYLIGHT,TURNING,DRY,INJURY AND / OR TOW DUE TO CRASH,"OVER $1,500",UNABLE TO DETERMINE,2,INCAPACITATING INJURY,1.0,0.0,1.0,12,3,3,41.75959846,-87.64927059,"['03/15/2022', '12:30:00', 'PM']"
6ad3aece1f43d294323c3449743f4f032525830c446c7d830e9595d4078aad2c114c113fa00b9e00d2538ca61c5196d70a3908a7e10a6623b4466967741e4d19,2022-03-15 07:50:00,Tuesday,40,NO CONTROLS,CLEAR,DAYLIGHT,REAR END,DRY,INJURY AND / OR TOW DUE TO CRASH,"OVER $1,500",FAILING TO REDUCE SPEED TO AVOID CRASH,2,INCAPACITATING INJURY,1.0,0.0,1.0,7,3,3,41.85101978,-87.61388212,"['03/15/2022', '07:50:00', 'AM']"
8b940bdf165ef427d7cb4a9b8945abb04465b79c2f1b956bbfb51ee2dfe39a9541f25930a29db39e199f11abf3a6f45fb5d25897d9a6c7bab8c4d1b0a303d846,2022-03-15 06:31:00,Tuesday,30,NO CONTROLS,CLEAR,DARKNESS,PEDESTRIAN,DRY,INJURY AND / OR TOW DUE TO CRASH,"OVER $1,500",UNABLE TO DETERMINE,2,INCAPACITATING INJURY,1.0,0.0,1.0,6,3,3,41.83201884,-87.70452739,"['03/15/2022', '06:31:00', 'AM']"
d7f80b73938583e105b91fdd9fcb57ad60e50b8aa95a57507e40bcb0a90f9a07e1721d1c40e5936e7f3ae6738436fb513d174843ef2e343a7b99dd40ec3c785e,2022-03-14 14:16:00,Monday,30,TRAFFIC SIGNAL,CLEAR,DAYLIGHT,ANGLE,DRY,INJURY AND / OR TOW DUE TO CRASH,"OVER $1,500",DISREGARDING TRAFFIC SIGNALS,2,INCAPACITATING INJURY,1.0,0.0,1.0,14,2,3,41.91614728,-87.66794735,"['03/14/2022', '02:16:00', 'PM']"
6577bc7eb682275f3e089e5226cab77e91384f51e993788461e1de41d5c2271b8acd2aff8431d2b34d0915f8989e364bffe93bd73ff5b1e6996be0745d28c504,2022-03-14 12:44:00,Monday,30,TRAFFIC SIGNAL,CLEAR,DAYLIGHT,PEDALCYCLIST,DRY,INJURY AND / OR TOW DUE TO CRASH,"OVER $1,500",DISREGARDING TRAFFIC SIGNALS,2,INCAPACITATING INJURY,1.0,0.0,1.0,12,2,3,41.98278847,-87.78767544,"['03/14/2022', '12:44:00', 'PM']"
06719d3bfc022684c66014881338c0d670627d6fb28de35155946f8fc7ef78a94d7eab00d431b4df1c67a9ed57423c1ddf0cb8b5848375ac645e5a39f3c96246,2022-03-14 03:21:00,Monday,30,TRAFFIC SIGNAL,CLEAR,"DARKNESS, LIGHTED ROAD",ANGLE,DRY,INJURY AND / OR TOW DUE TO CRASH,"OVER $1,500",DISREGARDING TRAFFIC SIGNALS,2,INCAPACITATING INJURY,4.0,0.0,3.0,3,2,3,41.87942705,-87.62785649,"['03/14/2022', '03:21:00', 'AM']"
3f65a923eef82d5adf3417c290699dadc6df32841402deb70bbf3ed96f49bc8ed9d41c0124dd4f3b788cb5e6828a30d6a7ca765e42124e211834e275d0bd7fec,2022-03-14 00:07:00,Monday,30,TRAFFIC SIGNAL,CLEAR,"DARKNESS, LIGHTED ROAD",REAR END,DRY,INJURY AND / OR TOW DUE TO CRASH,"OVER $1,500",UNABLE TO DETERMINE,3,INCAPACITATING INJURY,3.0,0.0,1.0,0,2,3,41.8743399,-87.73536536,"['03/14/2022', '12:07:00', 'AM']"
66f89b0228f1cabee1206af62e8148939dcacdee2abb2b883261e9d2e5c2b353965573e2bed618d6cdecf18eebfa4d62788354774f404935c45d92dcbc44e688,2022-03-13 22:44:00,Sunday,30,NO CONTROLS,CLEAR,"DARKNESS, LIGHTED ROAD",FIXED OBJECT,DRY,INJURY AND / OR TOW DUE TO CRASH,"OVER $1,500",IMPROPER LANE USAGE,1,INCAPACITATING INJURY,3.0,0.0,1.0,22,1,3,41.88319322,-87.74552494,"['03/13/2022', '10:44:00', 'PM']"
c653f9407c85da20686ece610815fa926d4581138f4e66c303aa8f5e1aba6c955f2386c4bc053d1b440a5479ebc3d9215fe1808c83a91cf159be4c985dc2ce86,2022-03-13 16:11:00,Sunday,30,STOP SIGN/FLASHER,CLEAR,DAYLIGHT,ANGLE,DRY,INJURY AND / OR TOW DUE TO CRASH,"OVER $1,500",UNABLE TO DETERMINE,2,INCAPACITATING INJURY,1.0,0.0,1.0,16,1,3,41.76489269,-87.67601816,"['03/13/2022', '04:11:00', 'PM']"
496576319533d330893a36b1e0aad3bd637074e9d4c3f8749dac93e01ae2ec098777e85babe94c11d6bff01c73cada6f5ffaea63674784467fad5718603072dc,2022-03-13 15:20:00,Sunday,35,TRAFFIC SIGNAL,CLEAR,DAYLIGHT,TURNING,DRY,INJURY AND / OR TOW DUE TO CRASH,"OVER $1,500",FAILING TO YIELD RIGHT-OF-WAY,2,INCAPACITATING INJURY,1.0,0.0,1.0,15,1,3,41.88788465,-87.62051174,"['03/13/2022', '03:20:00', 'PM']"
08bf6569eae0a4e7863e435cbba7ac0d5852912a8bef486b7d1dbc4fca38f0ec824f62165897b2212e218441b92ff64c35fc8f4238175be52ee1895bb71fe9c6,2022-03-13 04:15:00,Sunday,30,NO CONTROLS,CLEAR,"DARKNESS, LIGHTED ROAD",OTHER OBJECT,DRY,INJURY AND / OR TOW DUE TO CRASH,"OVER $1,500",UNABLE TO DETERMINE,1,INCAPACITATING INJURY,2.0,0.0,2.0,4,1,3,41.87126364,-87.74477928,"['03/13/2022', '04:15:00', 'AM']"
94e3d16b59d4dea0dfb2e0509dee0c8001820f281501df3c391ed2774a12d6f3fbe226e12840195d56dc08ee9097986d1fe672e70d4bfd6a37573f8603995c08,2022-03-12 23:13:00,Saturday,30,TRAFFIC SIGNAL,CLEAR,"DARKNESS, LIGHTED ROAD",PEDESTRIAN,DRY,INJURY AND / OR TOW DUE TO CRASH,"$501 - $1,500",FAILING TO REDUCE SPEED TO AVOID CRASH,2,INCAPACITATING INJURY,1.0,0.0,1.0,23,7,3,41.88544614,-87.62464178,"['03/12/2022', '11:13:00', 'PM']"
8d99906ff36a532d1d4aab2654bdbf55df0f2b36b29b6ad8a13cb018ca32ed6656a392cded2e17a0b639f6d039d515269972458411bf6729eec57d4d8854ad68,2022-03-12 16:28:00,Saturday,30,NO CONTROLS,CLEAR,DAYLIGHT,REAR END,DRY,INJURY AND / OR TOW DUE TO CRASH,"OVER $1,500",UNABLE TO DETERMINE,2,INCAPACITATING INJURY,1.0,0.0,1.0,16,7,3,41.8837372,-87.64286161,"['03/12/2022', '04:28:00', 'PM']"
6430f2aa06a1880e660a009c135d6901b047e3bc24f504e540c14ea34845981dfac6424ed810fab90ed1473d0ecfd3d2363e51a86d5fb72e7e96541a771e358e,2022-03-12 14:10:00,Saturday,30,NO CONTROLS,CLEAR,DAYLIGHT,PARKED MOTOR VEHICLE,DRY,INJURY AND / OR TOW DUE TO CRASH,"$501 - $1,500",UNABLE TO DETERMINE,4,INCAPACITATING INJURY,1.0,0.0,1.0,14,7,3,41.9539889,-87.78155332,"['03/12/2022', '02:10:00', 'PM']"
f9659ef17aab47315e119013bf991a15482be07bbf39290ebda291ca0e4a3d9b6157d2667b4e56150ecc975c0a9fc37bac0efb2811aa063e495d473021f294aa,2022-03-12 13:50:00,Saturday,30,NO CONTROLS,CLEAR,DAYLIGHT,TURNING,DRY,INJURY AND / OR TOW DUE TO CRASH,"OVER $1,500",FAILING TO YIELD RIGHT-OF-WAY,2,INCAPACITATING INJURY,2.0,0.0,2.0,13,7,3,41.78356562,-87.68390727,"['03/12/2022', '01:50:00', 'PM']"
873725f84ba5dd661ca0948f2f2ccaacf78a11121af49047d3e3a304cd39541bd6b971f3a7d9d25d5e485739cc8a24ee2f0d962afbd8e18195cd63ac302a0a8c,2022-03-12 01:53:00,Saturday,30,TRAFFIC SIGNAL,CLEAR,"DARKNESS, LIGHTED ROAD",ANGLE,DRY,INJURY AND / OR TOW DUE TO CRASH,"OVER $1,500",FAILING TO YIELD RIGHT-OF-WAY,2,INCAPACITATING INJURY,1.0,0.0,1.0,1,7,3,41.8808343,-87.7257966,"['03/12/2022', '01:53:00', 'AM']"
e6bffd3f7d2bfeaeac73cbbf2660dfde550a6586c5d60ee7b395f4469ad884f81b73b686c818542ed9d8f603d0ad9e9bec5f8583841000712c1d7f9a8485e0ec,2022-03-11 23:47:00,Friday,35,TRAFFIC SIGNAL,CLEAR,"DARKNESS, LIGHTED ROAD",REAR TO SIDE,DRY,INJURY AND / OR TOW DUE TO CRASH,"OVER $1,500",FAILING TO YIELD RIGHT-OF-WAY,2,INCAPACITATING INJURY,1.0,0.0,1.0,23,6,3,41.98638297,-87.83643375,"['03/11/2022', '11:47:00', 'PM']"
a31828ed083a46b4e84c96342ac7fa8f8249a3c7736fd9b9e526835972dde93f3bc3ad70ae3d2abb49ff8a6fcfbe4f117dfb10803fb8aedea9575d9042e81f6c,2022-03-11 21:50:00,Friday,30,TRAFFIC SIGNAL,CLEAR,"DARKNESS, LIGHTED ROAD",PEDESTRIAN,DRY,INJURY AND / OR TOW DUE TO CRASH,"OVER $1,500",FAILING TO REDUCE SPEED TO AVOID CRASH,2,INCAPACITATING INJURY,1.0,0.0,1.0,21,6,3,41.8933654,-87.62042206,"['03/11/2022', '09:50:00', 'PM']"
952ebbbcb5e50ade83a30fa1f0393b02c9c40a263b6d61c91e34b062d7799b9c29a236226c832bd3be28169b00d2b5a34cdf56371687732d19e3d974ba9b8333,2022-03-11 15:35:00,Friday,30,TRAFFIC SIGNAL,CLEAR,DAYLIGHT,ANGLE,DRY,INJURY AND / OR TOW DUE TO CRASH,"OVER $1,500",DISREGARDING TRAFFIC SIGNALS,3,INCAPACITATING INJURY,1.0,0.0,1.0,15,6,3,41.88202981,-87.62925644,"['03/11/2022', '03:35:00', 'PM']"
0c3392cf81c3b3a61cc648be05ab3363180a6a2d596f3bc07a93034ce8d9ca015df554e777ce271702c57355dbafda16968c9c9726fa3e471d62b3cd76349e1d,2022-03-11 14:50:00,Friday,30,NO CONTROLS,CLEAR,DAYLIGHT,REAR END,DRY,INJURY AND / OR TOW DUE TO CRASH,"OVER $1,500",FAILING TO YIELD RIGHT-OF-WAY,2,INCAPACITATING INJURY,1.0,0.0,1.0,14,6,3,41.88183547,-87.63389739,"['03/11/2022', '02:50:00', 'PM']"
d7d41ae75ec5855815e446be31a25b689e1ca24796e965b50ed56010770cb0721c00276bfc10dc96040d46652c3eb3ce1e1420e8d35099d643ffe779e8a9efe6,2022-03-11 13:00:00,Friday,30,NO CONTROLS,CLEAR,DAYLIGHT,PARKED MOTOR VEHICLE,DRY,INJURY AND / OR TOW DUE TO CRASH,"OVER $1,500",PHYSICAL CONDITION OF DRIVER,4,INCAPACITATING INJURY,1.0,0.0,1.0,13,6,3,41.90265323,-87.73442107,"['03/11/2022', '01:00:00', 'PM']"
267043778c92cc9466dd19005507f709c4aeccfa5380ba2a8c77925e0a46fde42c020526c321ad4f6c6ed0f95576cd3feac57aa28565cd0458c15f458ad91689,2022-03-11 07:40:00,Friday,30,TRAFFIC SIGNAL,CLOUDY/OVERCAST,DAYLIGHT,PEDESTRIAN,WET,INJURY AND / OR TOW DUE TO CRASH,$500 OR LESS,FAILING TO REDUCE SPEED TO AVOID CRASH,2,INCAPACITATING INJURY,1.0,0.0,1.0,7,6,3,41.83063276,-87.65111403,"['03/11/2022', '07:40:00', 'AM']"
a30c38c622c07bff634d843f8b2316ccda112e3871d238fba454c718551ebf4d4c3337fb957ee6f4b3049e468924452306293bbfd79070f97307b732771c590f,2022-03-11 07:05:00,Friday,30,PEDESTRIAN CROSSING SIGN,CLEAR,DAYLIGHT,PEDESTRIAN,WET,INJURY AND / OR TOW DUE TO CRASH,"OVER $1,500",UNABLE TO DETERMINE,2,INCAPACITATING INJURY,1.0,0.0,1.0,7,6,3,41.76981261,-87.5666924,"['03/11/2022', '07:05:00', 'AM']"
a9f81afaaadfd1a4c5df24ae16b51fabfb7c5b0e10c33150542b65392dfa3e3b9028f3a97fbbc56b4589ad3b30099fa69802d1728cd12a14f671ce556a0f1f43,2022-03-10 13:39:00,Thursday,35,STOP SIGN/FLASHER,CLEAR,DAYLIGHT,ANGLE,DRY,INJURY AND / OR TOW DUE TO CRASH,"OVER $1,500",DISREGARDING STOP SIGN,2,FATAL,5.0,2.0,0.0,13,5,3,41.66890524,-87.62034987,"['03/10/2022', '01:39:00', 'PM']"
6de9c676481ad54c9e320dfcc3f9b02651fa96f37898500b37053942b2ab9281d85ddf76572c957e418dec533e32b0279cac9eb796e841b42c0bb5f190ca9371,2022-03-10 05:10:00,Thursday,30,TRAFFIC SIGNAL,CLEAR,DUSK,REAR END,DRY,INJURY AND / OR TOW DUE TO CRASH,"OVER $1,500",FAILING TO REDUCE SPEED TO AVOID CRASH,2,INCAPACITATING INJURY,1.0,0.0,1.0,5,5,3,41.86745273,-87.63233424,"['03/10/2022', '05:10:00', 'AM']"
9468b5cee9389abda5bc0fc9e36c80bb7d2ffb7e020f5a9543b965cfdd51891683fac07ddcf8bc01981b80be4e70defdd6b0762f0a47588701dec286b70ce039,2022-03-10 03:00:00,Thursday,45,NO CONTROLS,CLEAR,"DARKNESS, LIGHTED ROAD",FIXED OBJECT,DRY,INJURY AND / OR TOW DUE TO CRASH,"OVER $1,500",FAILING TO REDUCE SPEED TO AVOID CRASH,1,FATAL,2.0,1.0,1.0,3,5,3,41.80357874,-87.58211308,"['03/10/2022', '03:00:00', 'AM']"
f986c7b10c48391b09a15079c6fbbda575ea65c9c4b55f282c20336b92325d9cc7f8862354eb695de4b9f4c7705bfced8dfe65a73e8f32e400672d4a1a8c6084,2022-03-09 20:05:00,Wednesday,30,NO CONTROLS,CLEAR,DARKNESS,PARKED MOTOR VEHICLE,UNKNOWN,INJURY AND / OR TOW DUE TO CRASH,"OVER $1,500",DRIVING SKILLS/KNOWLEDGE/EXPERIENCE,2,INCAPACITATING INJURY,2.0,0.0,1.0,20,4,3,41.88908853,-87.7724583,"['03/09/2022', '08:05:00', 'PM']"
ce8cd0373cb6cdead1f8408a3407cdb66d7c1174dbda375e8826efffe2005c510426050fc3236499e736ecb71ed442987c1153bb666710a5208504c13dae0642,2022-03-09 17:50:00,Wednesday,30,TRAFFIC SIGNAL,CLEAR,DAYLIGHT,PEDESTRIAN,DRY,INJURY AND / OR TOW DUE TO CRASH,"OVER $1,500",FAILING TO REDUCE SPEED TO AVOID CRASH,2,INCAPACITATING INJURY,1.0,0.0,1.0,17,4,3,41.7157227,-87.53542294,"['03/09/2022', '05:50:00', 'PM']"
ce773db9a6e44e941b01c3e8d9af9936126dd4ce096dc0e18d447273803940d986895ff79bc3e69e2fbc22597bae05c1d657309ee6a9b0912c858a95209c71ed,2022-03-09 16:50:00,Wednesday,30,TRAFFIC SIGNAL,CLEAR,DAYLIGHT,ANGLE,UNKNOWN,INJURY AND / OR TOW DUE TO CRASH,"OVER $1,500",DISREGARDING TRAFFIC SIGNALS,2,INCAPACITATING INJURY,1.0,0.0,1.0,16,4,3,41.93233266,-87.66592106,"['03/09/2022', '04:50:00', 'PM']"
215fdb558780c566509bdd49784ebdde0fac2b794395e7fb401f976a6c265ceb6700843d500193f1f6fffbc4c63b6758c624c603196364a5581f2cccbf26ca46,2022-03-09 13:00:00,Wednesday,30,NO CONTROLS,CLEAR,DAYLIGHT,PARKED MOTOR VEHICLE,DRY,INJURY AND / OR TOW DUE TO CRASH,"OVER $1,500",UNABLE TO DETERMINE,2,INCAPACITATING INJURY,1.0,0.0,1.0,13,4,3,41.98091054,-87.66014121,"['03/09/2022', '01:00:00', 'PM']"
663141e1e383d220810d6630f0c713dd9a437365bf89cd9cb7c65b049142f4bad068f2a91625cb2a199ad6492c62d485e9135f64fdfc5a3d9668b1e75cfdfdb4,2022-03-09 10:30:00,Wednesday,30,TRAFFIC SIGNAL,CLEAR,DAYLIGHT,PEDESTRIAN,DRY,INJURY AND / OR TOW DUE TO CRASH,$500 OR LESS,UNABLE TO DETERMINE,2,INCAPACITATING INJURY,1.0,0.0,1.0,10,4,3,41.87428689,-87.62655958,"['03/09/2022', '10:30:00', 'AM']"
2ae383ee453cb582e67a1c421d45d98f23d7bf609a1b1074e4f17fae7d809bc0b56cbc803a7949e5e2496388e6c9c683a18b86c31d8dc04594a5844076cca519,2022-03-09 08:23:00,Wednesday,30,STOP SIGN/FLASHER,CLEAR,DAYLIGHT,PARKED MOTOR VEHICLE,DRY,INJURY AND / OR TOW DUE TO CRASH,$500 OR LESS,UNABLE TO DETERMINE,2,INCAPACITATING INJURY,1.0,0.0,1.0,8,4,3,41.74807198,-87.56117553,"['03/09/2022', '08:23:00', 'AM']"
23151a365093c27eaa88a7e6af3b9ab7f202acb1502d404ddcd6fbb137bd87f45f446ee50488669de45956afa7e738fec5d256050d169d58db55b5519bc2fbcf,2022-03-09 03:42:00,Wednesday,20,TRAFFIC SIGNAL,CLEAR,"DARKNESS, LIGHTED ROAD",ANGLE,DRY,INJURY AND / OR TOW DUE TO CRASH,"OVER $1,500",DISREGARDING TRAFFIC SIGNALS,2,INCAPACITATING INJURY,3.0,0.0,2.0,3,4,3,41.85228788,-87.67572136,"['03/09/2022', '03:42:00', 'AM']"
3823c8952111324ed81255372906d002e5dc0874878b364c175adfee659e9ad2d358f8f24a09a8da68eb120c18d04ca62439a75642985c8e266490f4b0c0ae1a,2022-03-09 03:11:00,Wednesday,30,NO CONTROLS,CLEAR,"DARKNESS, LIGHTED ROAD",FIXED OBJECT,DRY,INJURY AND / OR TOW DUE TO CRASH,"OVER $1,500",DISTRACTION - FROM INSIDE VEHICLE,1,INCAPACITATING INJURY,1.0,0.0,1.0,3,4,3,41.86010887,-87.62504354,"['03/09/2022', '03:11:00', 'AM']"
27eb04f64d511f697915747010894b14a03aa056b9f511f7a2be64f83f48d6bd95c84e8f20d920119ad547e3a3308c4d69391012d0bc28849ca7f993d5a69118,2022-03-08 22:00:00,Tuesday,30,TRAFFIC SIGNAL,CLEAR,"DARKNESS, LIGHTED ROAD",REAR END,DRY,INJURY AND / OR TOW DUE TO CRASH,"OVER $1,500",FOLLOWING TOO CLOSELY,2,INCAPACITATING INJURY,2.0,0.0,2.0,22,3,3,41.73682263,-87.58578342,"['03/08/2022', '10:00:00', 'PM']"
ffdb97f1a0ce36dbeac75692851d833e3664c014f8614742973dadf1b66bb09e1929e16e9aaed68ec92f66e140e1faed82c0a0deb9da40a5802bb323c4a59c3a,2022-03-08 17:30:00,Tuesday,30,TRAFFIC SIGNAL,CLEAR,DAYLIGHT,TURNING,DRY,INJURY AND / OR TOW DUE TO CRASH,"OVER $1,500",DRIVING SKILLS/KNOWLEDGE/EXPERIENCE,3,INCAPACITATING INJURY,1.0,0.0,1.0,17,3,3,41.76768773,-87.72263085,"['03/08/2022', '05:30:00', 'PM']"
f638ad6f0023b28da8e0774e635dd49d65211e573cd2ac8b583de2fb84d06ad922c962a48e53a4f3196e722b2600f8f57fa8b78dfd3c83ce969c172853e21c45,2022-03-08 12:49:00,Tuesday,30,NO CONTROLS,CLEAR,DAYLIGHT,REAR END,DRY,INJURY AND / OR TOW DUE TO CRASH,"OVER $1,500",UNABLE TO DETERMINE,4,INCAPACITATING INJURY,2.0,0.0,1.0,12,3,3,41.93176723,-87.76611722,"['03/08/2022', '12:49:00', 'PM']"
8511620dd9f14624725e087f9e07913adbc8cc1132f256894409e2b09d8198cb06416ce705de05f059f656be3123607b3071a26c1d89c2b0acc3b36eb6489327,2022-03-08 08:58:00,Tuesday,30,NO CONTROLS,CLEAR,DAYLIGHT,PARKED MOTOR VEHICLE,DRY,INJURY AND / OR TOW DUE TO CRASH,"OVER $1,500",PHYSICAL CONDITION OF DRIVER,3,INCAPACITATING INJURY,1.0,0.0,1.0,8,3,3,41.74298631,-87.66159312,"['03/08/2022', '08:58:00', 'AM']"
8833f89c44529fd7e99063379dd9a205e5c7149da62e78148e851fdddedf5edb6cb4c5fb0c98b67ba14369d4880c7fa8d959347060cb274786a17e3983060778,2022-03-08 08:22:00,Tuesday,30,STOP SIGN/FLASHER,CLEAR,DAYLIGHT,TURNING,DRY,INJURY AND / OR TOW DUE TO CRASH,"OVER $1,500",UNABLE TO DETERMINE,2,INCAPACITATING INJURY,3.0,0.0,1.0,8,3,3,41.73706618,-87.58264431,"['03/08/2022', '08:22:00', 'AM']"
faad18b7b337ba5a320b4114b9e1db035c620998e927b6cccc331f19cedc4757d1830bddaaf9d1d08b85ccea16a3c51dfaa59bacc32ab642c7ae3520f4644e1c,2022-03-08 06:46:00,Tuesday,25,STOP SIGN/FLASHER,CLEAR,DAYLIGHT,TURNING,DRY,INJURY AND / OR TOW DUE TO CRASH,"OVER $1,500",UNABLE TO DETERMINE,2,INCAPACITATING INJURY,3.0,0.0,1.0,6,3,3,41.81741987,-87.68481948,"['03/08/2022', '06:46:00', 'AM']"
f689c4bba62f5133650611d7d7a368f8482a84192f288964c47090d98fa924fb81325d16e4c28a0160dba37b177da1bf2bb84f724e07abab48a59b1bcfe24444,2022-03-07 17:41:00,Monday,30,STOP SIGN/FLASHER,CLEAR,DAYLIGHT,ANGLE,DRY,INJURY AND / OR TOW DUE TO CRASH,"OVER $1,500",DISREGARDING STOP SIGN,2,INCAPACITATING INJURY,2.0,0.0,2.0,17,2,3,41.85983369,-87.64483991,"['03/07/2022', '05:41:00', 'PM']"
fc3806615b3af1003dec425d8ab62960f94bca4cffafe5eb24b62219d5196769c32db9871c86b2c53291bd8d429379652eaa75bc388f4a80f0c117cd05a4d971,2022-03-07 16:08:00,Monday,30,STOP SIGN/FLASHER,CLEAR,DAYLIGHT,ANGLE,DRY,INJURY AND / OR TOW DUE TO CRASH,"OVER $1,500",FAILING TO REDUCE SPEED TO AVOID CRASH,2,INCAPACITATING INJURY,2.0,0.0,1.0,16,2,3,41.93145501,-87.74420341,"['03/07/2022', '04:08:00', 'PM']"
6f4dd1b7d8bc3c0e52d47dfaabf65b76ad7e262aa2190744d29486a8fd8be66baac5bb70ed7aa485fc1e10b7e05bcbc02411213bcd9273dae28cf38ccd5d5a79,2022-03-07 15:17:00,Monday,25,NO CONTROLS,CLEAR,DAYLIGHT,ANGLE,DRY,INJURY AND / OR TOW DUE TO CRASH,"OVER $1,500",UNABLE TO DETERMINE,2,INCAPACITATING INJURY,1.0,0.0,1.0,15,2,3,41.775454,-87.76089734,"['03/07/2022', '03:17:00', 'PM']"
823675bd00c23bccc3b998d687d4ea6637a9f59c09da5edba089305ff7f367f9812d2b0a676cad087951b2d71b4983e098414d484c4a9f3213be8c503f30eaef,2022-03-07 12:18:00,Monday,30,TRAFFIC SIGNAL,SLEET/HAIL,DAYLIGHT,ANGLE,WET,INJURY AND / OR TOW DUE TO CRASH,"OVER $1,500","OPERATING VEHICLE IN ERRATIC, RECKLESS, CARELESS, NEGLIGENT OR AGGRESSIVE MANNER",3,INCAPACITATING INJURY,3.0,0.0,2.0,12,2,3,41.74408036,-87.60497366,"['03/07/2022', '12:18:00', 'PM']"