CRASH_RECORD_ID,CRASH_DATE,Weekday,POSTED_SPEED_LIMIT,TRAFFIC_CONTROL_DEVICE,WEATHER_CONDITION,LIGHTING_CONDITION,FIRST_CRASH_TYPE,ROADWAY_SURFACE_COND,CRASH_TYPE,DAMAGE,PRIM_CONTRIBUTORY_CAUSE,NUM_UNITS,MOST_SEVERE_INJURY,INJURIES_TOTAL,INJURIES_FATAL,INJURIES_INCAPACITATING,CRASH_HOUR,CRASH_DAY_OF_WEEK,CRASH_MONTH,LATITUDE,LONGITUDE,CRASH_TIME
98b5d9c41d391278b0ba3985af0ac32c4b1ea795047ecaf42c6757c23823fa23a130c4db5e992b3ea1bd8d0b45bca6fe55fd86d888bc5b68d2812de4e80c3ae6,2022-02-24 15:00:00,Thursday,30,TRAFFIC SIGNAL,UNKNOWN,DAYLIGHT,PEDESTRIAN,UNKNOWN,INJURY AND / OR TOW DUE TO CRASH,"$501 - $1,500",UNABLE TO DETERMINE,2,INCAPACITATING INJURY,1.0,0.0,1.0,15,5,2,41.73588603,-87.63157267,"['02/24/2022', '03:00:00', 'PM']"
50f29ca736e2fa840f0735068b3cfc35c4cba00d4cb8cc47e7841ecd35e2388014f252cd4560830c462cd6dcdfba760f3511a987e7acbd81e2f43c2253fc1000,2022-02-23 18:23:00,Wednesday,30,NO CONTROLS,CLEAR,"DARKNESS, LIGHTED ROAD",HEAD ON,DRY,INJURY AND / OR TOW DUE TO CRASH,"$501 - $1,500",PHYSICAL CONDITION OF DRIVER,2,INCAPACITATING INJURY,2.0,0.0,1.0,18,4,2,41.88657394,-87.74639503,"['02/23/2022', '06:23:00', 'PM']"
29660fce0cabf6051634011bcfd9a22891de1507005df478fd6e8653d44e1573aae3e62d58066ce98bc3a3b8d0fa15a135549baa8f6359b4f29efab1a611c816,2022-02-23 14:46:00,Wednesday,35,TRAFFIC SIGNAL,CLEAR,DAYLIGHT,ANGLE,DRY,INJURY AND / OR TOW DUE TO CRASH,"OVER $1,500",UNABLE TO DETERMINE,2,INCAPACITATING INJURY,1.0,0.0,1.0,14,4,2,41.79396112,-87.77451192,"['02/23/2022', '02:46:00', 'PM']"
dc43f5a131645a9d620dbcd194a0ebace198366e0c7bd12d0473306711c6595787a222dbe78e32b3125a781bc553c728783f73fb239da8b37865319b60422fc3,2022-02-23 14:35:00,Wednesday,30,TRAFFIC SIGNAL,CLEAR,DAYLIGHT,TURNING,DRY,INJURY AND / OR TOW DUE TO CRASH,"OVER $1,500",DRIVING SKILLS/KNOWLEDGE/EXPERIENCE,2,INCAPACITATING INJURY,1.0,0.0,1.0,14,4,2,41.99717967,-87.76671088,"['02/23/2022', '02:35:00', 'PM']"
12aaf349779836b33aa00eb946c119bc4dd709da36d3b0ee2fb6acdc6cebc5a46d3b753202753a655f0c953dff635782293eec7b8f786df05dc714e7225379fe,2022-02-23 08:20:00,Wednesday,30,STOP SIGN/FLASHER,CLEAR,DAYLIGHT,PEDESTRIAN,DRY,INJURY AND / OR TOW DUE TO CRASH,$500 OR LESS,FAILING TO YIELD RIGHT-OF-WAY,2,INCAPACITATING INJURY,1.0,0.0,1.0,8,4,2,41.93143621,-87.6394763,"['02/23/2022', '08:20:00', 'AM']"
be3f54132b6fae9096b1a1853125a6c6efc3a47d0791a2b55e13dd4c06911d309fb2c164d3343c5acee7992a2361b8f0c0db45e2cd592ab43c80096cbea83a08,2022-02-22 20:01:00,Tuesday,30,TRAFFIC SIGNAL,CLEAR,"DARKNESS, LIGHTED ROAD",REAR END,DRY,INJURY AND / OR TOW DUE TO CRASH,"OVER $1,500",UNDER THE INFLUENCE OF ALCOHOL/DRUGS (USE WHEN ARREST IS EFFECTED),2,INCAPACITATING INJURY,1.0,0.0,1.0,20,3,2,41.96262415,-87.75638065,"['02/22/2022', '08:01:00', 'PM']"
6bf68eb0914dbdf42a88d878c735947abfd22444b9c46e8f68dff7b3c3a20a338abb9fa0794e1ada31b4a1d294a1792bc5982d4c7304f367e50c5d22585b9206,2022-02-22 17:18:00,Tuesday,20,STOP SIGN/FLASHER,CLEAR,DAYLIGHT,PEDESTRIAN,DRY,INJURY AND / OR TOW DUE TO CRASH,$500 OR LESS,FAILING TO YIELD RIGHT-OF-WAY,2,INCAPACITATING INJURY,1.0,0.0,1.0,17,3,2,41.96762181,-87.68632035,"['02/22/2022', '05:18:00', 'PM']"
0a56c64beabf390a13824251548fb251729fc164921a920b83c08e9fa649d42a77f8c40e881f611394371ac66ec9e34d8f9f59ef1d19553cbcb6c358439fa330,2022-02-22 14:50:00,Tuesday,30,STOP SIGN/FLASHER,RAIN,DAYLIGHT,ANGLE,WET,INJURY AND / OR TOW DUE TO CRASH,"OVER $1,500",UNABLE TO DETERMINE,2,INCAPACITATING INJURY,1.0,0.0,1.0,14,3,2,41.9703166,-87.78812828,"['02/22/2022', '02:50:00', 'PM']"
73722f5d3d5af2635f11b0f5f3a21bd96748d7ed49231c20bd8e15f4959f89626068c333f1b5a56d99eec42b47c7c01a8fcffebe53ac679c726cd1fd3121a2e7,2022-02-22 12:20:00,Tuesday,35,NO CONTROLS,RAIN,DAYLIGHT,ANGLE,WET,INJURY AND / OR TOW DUE TO CRASH,"OVER $1,500",UNABLE TO DETERMINE,2,INCAPACITATING INJURY,1.0,0.0,1.0,12,3,2,41.74441895,-87.70209843,"['02/22/2022', '12:20:00', 'PM']"
eb631ba7f61a8857a34094d623fa2f066d4289afb42c92a26f57a0cbf3973eae7397a994f29d8c9222f2f6deb8f5459754e06c8c8926f9761e6e4e8b3e3b9605,2022-02-22 10:51:00,Tuesday,30,NO CONTROLS,RAIN,DAYLIGHT,PEDESTRIAN,WET,INJURY AND / OR TOW DUE TO CRASH,$500 OR LESS,FAILING TO YIELD RIGHT-OF-WAY,2,INCAPACITATING INJURY,1.0,0.0,1.0,10,3,2,41.81143453,-87.61649925,"['02/22/2022', '10:51:00', 'AM']"
120794d13fef81c84adbb00e896ffe1e49023ecf1e588b3543f6ec5d9cf83a39346f6fa7207cfdd93426e20e227a9880939e0ba1ee9caeed1104f93c5371d57b,2022-02-21 20:15:00,Monday,30,NO CONTROLS,CLEAR,"DARKNESS, LIGHTED ROAD",PARKED MOTOR VEHICLE,WET,INJURY AND / OR TOW DUE TO CRASH,"OVER $1,500",UNABLE TO DETERMINE,3,INCAPACITATING INJURY,1.0,0.0,1.0,20,2,2,41.86914219,-87.68225661,"['02/21/2022', '08:15:00', 'PM']"
51b9b90232f5fe5edfaf6985bdfa9598d96fa34060d04b09d713290ca5afc145443303ed12248560517536b04c5eb07dfb15861311d87683003ea310d55bc879,2022-02-21 19:32:00,Monday,30,TRAFFIC SIGNAL,CLEAR,"DARKNESS, LIGHTED ROAD",TURNING,DRY,INJURY AND / OR TOW DUE TO CRASH,"OVER $1,500",UNABLE TO DETERMINE,2,INCAPACITATING INJURY,1.0,0.0,1.0,19,2,2,41.75100395,-87.61503656,"['02/21/2022', '07:32:00', 'PM']"
c4e625d6ad7ea0c466d077aa5a21a7696a1f3d3588def3a374dc581d3a01abc730dfd789753d86fc03d34eb3950ca1886e20c9f414b812f285b2025fdacd693a,2022-02-21 19:01:00,Monday,25,STOP SIGN/FLASHER,CLEAR,"DARKNESS, LIGHTED ROAD",TURNING,DRY,INJURY AND / OR TOW DUE TO CRASH,"OVER $1,500",IMPROPER OVERTAKING/PASSING,2,INCAPACITATING INJURY,5.0,0.0,1.0,19,2,2,41.78920428,-87.61922932,"['02/21/2022', '07:01:00', 'PM']"
a9d20edf82593fb3d0b7e42e89adb2c57ede56dd5d2f8cc16793b8b646b40f34fc26ad05a47acec8e84689e1bad55b399602a61aafb85e676a4ffa7e90065fe1,2022-02-21 18:17:00,Monday,30,STOP SIGN/FLASHER,CLEAR,DARKNESS,PARKED MOTOR VEHICLE,DRY,INJURY AND / OR TOW DUE TO CRASH,"OVER $1,500",UNABLE TO DETERMINE,3,INCAPACITATING INJURY,1.0,0.0,1.0,18,2,2,41.87286946,-87.75726628,"['02/21/2022', '06:17:00', 'PM']"
bdbc85010e1ef03cf171d73f7fd50b925657d6124552a1a96dba0c6fccc03eb26116f644378e8c119ed137c0fd98def889f35604fdb0c2535a72c14d69b4656b,2022-02-21 17:20:00,Monday,30,TRAFFIC SIGNAL,CLEAR,DAYLIGHT,REAR END,DRY,INJURY AND / OR TOW DUE TO CRASH,"OVER $1,500",FAILING TO REDUCE SPEED TO AVOID CRASH,2,INCAPACITATING INJURY,2.0,0.0,2.0,17,2,2,41.96913801,-87.6598213,"['02/21/2022', '05:20:00', 'PM']"
3ffba1940cb85d2599228be39592088c3e165b5b6f99da063b5e9d1c1e86b5463e58336e7b0b265969ddc558ee703aef9b9d5c7e90e71d7bf00921a78eaae3e3,2022-02-21 14:27:00,Monday,30,NO CONTROLS,CLEAR,DAYLIGHT,PEDESTRIAN,DRY,INJURY AND / OR TOW DUE TO CRASH,"OVER $1,500",NOT APPLICABLE,2,INCAPACITATING INJURY,1.0,0.0,1.0,14,2,2,41.72469487,-87.65560919,"['02/21/2022', '02:27:00', 'PM']"
95bf2a6b92a931777e149a0257a7a9298e4f1b749438a096e099c048b61b038079480c09adbdaf7209032a71afd4b638fc5de6ac8f69a5d7530bc73cfc4b38f2,2022-02-21 14:15:00,Monday,30,TRAFFIC SIGNAL,CLEAR,DAYLIGHT,PEDESTRIAN,DRY,INJURY AND / OR TOW DUE TO CRASH,"OVER $1,500",UNABLE TO DETERMINE,2,INCAPACITATING INJURY,1.0,0.0,1.0,14,2,2,41.92158137,-87.66456513,"['02/21/2022', '02:15:00', 'PM']"
3330d16e0a8a844df23d37c772bb223082e4f95c8013d136ba3523367b14363cff3aa02d79d628bdd71449eaf38aca198587d44e8240e4fa1e6f4aae695c0076,2022-02-21 03:39:00,Monday,30,NO CONTROLS,CLEAR,"DARKNESS, LIGHTED ROAD",PARKED MOTOR VEHICLE,UNKNOWN,INJURY AND / OR TOW DUE TO CRASH,"OVER $1,500",FAILING TO REDUCE SPEED TO AVOID CRASH,2,INCAPACITATING INJURY,1.0,0.0,1.0,3,2,2,41.93775802,-87.83161319,"['02/21/2022', '03:39:00', 'AM']"
8542e062f4ac6ae46b429a96cc326b4d898bd8dc9cce90aa557c52627290daddcb3e987c5ded5bc6bdb8e7c1234c36003509ba2eafd8254dc6edeffc489dd003,2022-02-21 00:54:00,Monday,30,TRAFFIC SIGNAL,CLEAR,"DARKNESS, LIGHTED ROAD",ANGLE,WET,INJURY AND / OR TOW DUE TO CRASH,"OVER $1,500",DISREGARDING TRAFFIC SIGNALS,2,INCAPACITATING INJURY,1.0,0.0,1.0,0,2,2,41.80881504,-87.64568295,"['02/21/2022', '12:54:00', 'AM']"
8c496148e79aac1929fa8707ba6e2d9dea8f4b5a3d18543a8f164657b2d5de0013ac29ce3997056e2b78377a82682c83e95066dd513331dab0c8207a62c4e905,2022-02-20 20:25:00,Sunday,30,STOP SIGN/FLASHER,CLEAR,"DARKNESS, LIGHTED ROAD",ANGLE,DRY,INJURY AND / OR TOW DUE TO CRASH,"OVER $1,500",DISREGARDING STOP SIGN,2,INCAPACITATING INJURY,1.0,0.0,1.0,20,1,2,41.7703646,-87.65440324,"['02/20/2022', '08:25:00', 'PM']"
2a59bb23b336ac96152e6bf631e2bc72d71f384819c1b4c238e69f935a176f4dc771e969a4929ac07d8f006be9435200e4c854a8c40ebf0b653f84cdf2eefc97,2022-02-20 13:30:00,Sunday,35,NO CONTROLS,CLEAR,DAYLIGHT,REAR END,DRY,INJURY AND / OR TOW DUE TO CRASH,"OVER $1,500",FOLLOWING TOO CLOSELY,2,INCAPACITATING INJURY,1.0,0.0,1.0,13,1,2,41.73939068,-87.64386498,"['02/20/2022', '01:30:00', 'PM']"
55d0c73ae53fd11b24d41b18008f756330cd3bc2c1234b04496474033307104108463f01e738cba4ba61f02c40227a6881f49b1672b3038ac2d454bb61ef717d,2022-02-20 11:43:00,Sunday,25,TRAFFIC SIGNAL,CLEAR,DAYLIGHT,ANGLE,OTHER,INJURY AND / OR TOW DUE TO CRASH,"OVER $1,500",DRIVING SKILLS/KNOWLEDGE/EXPERIENCE,2,INCAPACITATING INJURY,2.0,0.0,2.0,11,1,2,41.86666065,-87.68589308,"['02/20/2022', '11:43:00', 'AM']"
abb0c11607b93a875633cbe170c283b19917e97cafae5ccaee286b3ca11dacd27ed687eeb2663494080cff8b07d4345e3a72df6ecd96d6a216030680b69c587a,2022-02-20 10:27:00,Sunday,30,TRAFFIC SIGNAL,CLEAR,DAYLIGHT,PEDESTRIAN,DRY,INJURY AND / OR TOW DUE TO CRASH,$500 OR LESS,UNABLE TO DETERMINE,2,INCAPACITATING INJURY,1.0,0.0,1.0,10,1,2,41.93077507,-87.79540011,"['02/20/2022', '10:27:00', 'AM']"
4f9d526f6889bf3f2994e48e83d797c90f14c9a753bc60239a15e25955b8a89894ef57ab8c8858598388eda79c5677c572d20714dcdb164dcbc61c5ac80224dd,2022-02-20 05:06:00,Sunday,10,NO CONTROLS,CLEAR,DARKNESS,PARKED MOTOR VEHICLE,DRY,INJURY AND / OR TOW DUE TO CRASH,$500 OR LESS,UNABLE TO DETERMINE,3,INCAPACITATING INJURY,1.0,0.0,1.0,5,1,2,41.94028254,-87.76721093,"['02/20/2022', '05:06:00', 'AM']"
3a6ff5b16f0ab4bee9b01336d1aa5266ef2c872ffd25498a74f50f812da89c837a76cf70788a6de55d916ed551e086b45b0c2cd87a77871742ce266bc8a722a1,2022-02-20 02:03:00,Sunday,30,NO CONTROLS,CLEAR,"DARKNESS, LIGHTED ROAD",PARKED MOTOR VEHICLE,DRY,INJURY AND / OR TOW DUE TO CRASH,"OVER $1,500",FAILING TO REDUCE SPEED TO AVOID CRASH,2,INCAPACITATING INJURY,1.0,0.0,1.0,2,1,2,41.87268173,-87.71060359,"['02/20/2022', '02:03:00', 'AM']"
fd979cff17e37c86162aad7fc7a7857c1b42a7643895f4f64b5903b71d9e45eaa461415dfd3a7b1f37b73f525021716e191f20c369207885a8243adae7d3506b,2022-02-19 22:05:00,Saturday,35,NO CONTROLS,CLEAR,"DARKNESS, LIGHTED ROAD",TURNING,UNKNOWN,INJURY AND / OR TOW DUE TO CRASH,"OVER $1,500",FAILING TO YIELD RIGHT-OF-WAY,2,INCAPACITATING INJURY,2.0,0.0,2.0,22,7,2,41.97685089,-87.83676047,"['02/19/2022', '10:05:00', 'PM']"
c7650ffdb045ff4ddaf2e872335d9b43b5af8aa6784b1017280acf86bc9d8425f06f607c9151e85d93850a3b63c448c27b58ac1edacbe8531bb4b21c39082df1,2022-02-19 20:45:00,Saturday,30,TRAFFIC SIGNAL,CLEAR,"DARKNESS, LIGHTED ROAD",ANGLE,DRY,INJURY AND / OR TOW DUE TO CRASH,"OVER $1,500",UNABLE TO DETERMINE,2,INCAPACITATING INJURY,1.0,0.0,1.0,20,7,2,41.79415605,-87.65472701,"['02/19/2022', '08:45:00', 'PM']"
51f66932129a5f66b9dd316f5db49daafbc980cb0813f830f90019fc2ac622c0650d3a866614751bd5519482d0c0767a202fbac7ac538f95e970804243ad0d48,2022-02-19 17:45:00,Saturday,30,TRAFFIC SIGNAL,CLEAR,"DARKNESS, LIGHTED ROAD",ANGLE,DRY,INJURY AND / OR TOW DUE TO CRASH,"OVER $1,500",UNABLE TO DETERMINE,3,INCAPACITATING INJURY,6.0,0.0,1.0,17,7,2,41.72816982,-87.549966,"['02/19/2022', '05:45:00', 'PM']"
532726e2fb09229badf10a279305f15bcdd4fb5a6b43c0c6094a818dcc8dd3e51d1b819244d35e41d1d70393f50828d27552fa146caac1616232a7a4bd6afe96,2022-02-19 14:40:00,Saturday,30,TRAFFIC SIGNAL,CLEAR,DAYLIGHT,PEDESTRIAN,UNKNOWN,INJURY AND / OR TOW DUE TO CRASH,$500 OR LESS,FAILING TO YIELD RIGHT-OF-WAY,2,INCAPACITATING INJURY,1.0,0.0,1.0,14,7,2,41.92524665,-87.6692521,"['02/19/2022', '02:40:00', 'PM']"
1a9f0891eaebe41eabb60c5cc7014965c9aa8fe4d82c84ed57982cb0a223ce64f9f8cac2658b5254662b424acbe4829298db0271facc03bfc79168556e5db25f,2022-02-18 22:48:00,Friday,30,NO CONTROLS,CLEAR,"DARKNESS, LIGHTED ROAD",PARKED MOTOR VEHICLE,WET,INJURY AND / OR TOW DUE TO CRASH,"OVER $1,500",UNABLE TO DETERMINE,4,INCAPACITATING INJURY,1.0,0.0,1.0,22,6,2,41.93905729,-87.73812151,"['02/18/2022', '10:48:00', 'PM']"
ae0dbdcf957eb4fa4ac304b4de2787d6626409c697f40ed77a60588fb822adfc5b9f027a594635042918c2c7867b023b1c83d1095f045b4e36c54969f5be5467,2022-02-18 21:40:00,Friday,25,NO CONTROLS,SNOW,"DARKNESS, LIGHTED ROAD",PARKED MOTOR VEHICLE,SNOW OR SLUSH,INJURY AND / OR TOW DUE TO CRASH,"OVER $1,500",PHYSICAL CONDITION OF DRIVER,5,FATAL,2.0,1.0,0.0,21,6,2,41.74260735,-87.60149582,"['02/18/2022', '09:40:00', 'PM']"
5f6052eb425d172633608cb01287fdf1226d3aeaea91ca2e249862272f7b05621e64e76b07185027f9af342d040b9308d8c058dc5f477f3868b53d04ae6b86bf,2022-02-18 21:23:00,Friday,30,TRAFFIC SIGNAL,OTHER,DARKNESS,REAR END,WET,INJURY AND / OR TOW DUE TO CRASH,"$501 - $1,500",WEATHER,2,INCAPACITATING INJURY,1.0,0.0,1.0,21,6,2,41.74995189,-87.70236292,"['02/18/2022', '09:23:00', 'PM']"
1266abbf2b91191a3d02617b12b0a93d337587176b4ad09c69fb2586ead03100b472d00ac9c399a9d22dea241679116a30960f171da1c5462d991b47beee6b20,2022-02-18 19:50:00,Friday,25,TRAFFIC SIGNAL,CLEAR,"DARKNESS, LIGHTED ROAD",PEDESTRIAN,WET,INJURY AND / OR TOW DUE TO CRASH,$500 OR LESS,UNABLE TO DETERMINE,2,INCAPACITATING INJURY,1.0,0.0,1.0,19,6,2,41.8775438,-87.6962568,"['02/18/2022', '07:50:00', 'PM']"
0f3869c20b1ad99db6d8a4c1ff49f5efea9ddacf73b183631dca08c29c4dc60b872abecc1301b2a087fe6f1970a31a6d62a85bdb5260e52082b1474616327e41,2022-02-18 17:07:00,Friday,20,NO CONTROLS,SNOW,DAYLIGHT,FIXED OBJECT,SNOW OR SLUSH,INJURY AND / OR TOW DUE TO CRASH,"OVER $1,500",WEATHER,1,INCAPACITATING INJURY,1.0,0.0,1.0,17,6,2,41.787467,-87.6152682,"['02/18/2022', '05:07:00', 'PM']"
d7247e9708c16aa5cc6774c1ddbd918892648cf4a151bfe26db56c6e2a94e79920a1cc81c18c97df9f39b3719624875b7079c1475e8f21b9bb1ab584338173a7,2022-02-18 11:14:00,Friday,30,TRAFFIC SIGNAL,CLEAR,DAYLIGHT,ANGLE,WET,INJURY AND / OR TOW DUE TO CRASH,"OVER $1,500",FAILING TO YIELD RIGHT-OF-WAY,2,FATAL,2.0,1.0,0.0,11,6,2,41.73696313,-87.57586271,"['02/18/2022', '11:14:00', 'AM']"
445f2a384700cfbce239ed4bedd497d79f065c1ff6cdf48abb551ee08c96ae0ffa7d6bcf3db34ac894745b168188ee8739afced13e3abaf74180d80ac67e245a,2022-02-18 08:40:00,Friday,30,TRAFFIC SIGNAL,CLEAR,DAYLIGHT,PEDESTRIAN,WET,INJURY AND / OR TOW DUE TO CRASH,$500 OR LESS,FAILING TO YIELD RIGHT-OF-WAY,2,INCAPACITATING INJURY,1.0,0.0,1.0,8,6,2,41.93960739,-87.66851188,"['02/18/2022', '08:40:00', 'AM']"
0f0357f6f4f89b6c32babcbeced3d16c8dbb2462007ffac9d1d3981dd10bac02b18d5c2131545f114b349e09661e021aee9eed056af27e642d23cd73faba10aa,2022-02-18 08:00:00,Friday,30,NO CONTROLS,CLEAR,DAYLIGHT,PEDESTRIAN,WET,INJURY AND / OR TOW DUE TO CRASH,$500 OR LESS,UNABLE TO DETERMINE,2,INCAPACITATING INJURY,1.0,0.0,1.0,8,6,2,41.73684227,-87.58294663,"['02/18/2022', '08:00:00', 'AM']"
8d009973390356e8663c05fea497825255f0a036370bde6e01d3f4e7a8c7fb5af497b55a7ad1e22d773245f02f61ea49c99febddf9d8127f68a7ea15dfd77a92,2022-02-17 17:55:00,Thursday,30,NO CONTROLS,SNOW,"DARKNESS, LIGHTED ROAD",TURNING,SNOW OR SLUSH,INJURY AND / OR TOW DUE TO CRASH,"OVER $1,500",FAILING TO YIELD RIGHT-OF-WAY,2,INCAPACITATING INJURY,2.0,0.0,1.0,17,5,2,41.77496854,-87.72251899,"['02/17/2022', '05:55:00', 'PM']"
ae0d82c751e988fbbc809c2d7bfcaca148315a4ae1fdcc4c8d61415984cd3bfc9dcb17b40f16907c481875930b9ba064ed839750858a4f4b71fd849762ea8cf3,2022-02-17 11:00:00,Thursday,30,STOP SIGN/FLASHER,CLEAR,DAYLIGHT,ANGLE,DRY,INJURY AND / OR TOW DUE TO CRASH,"OVER $1,500",DISREGARDING STOP SIGN,2,INCAPACITATING INJURY,1.0,0.0,1.0,11,5,2,41.77201028,-87.67143903,"['02/17/2022', '11:00:00', 'AM']"
108f781f7a0aac742b1f2a827390831a96d3f4a22a56322a1cab31b65aae0f3610f8caf3f7ba84c0103e3f1c08155a169c6ada56bac8dbc06a14b8bef434360d,2022-02-17 11:00:00,Thursday,30,NO CONTROLS,CLEAR,DAYLIGHT,OTHER OBJECT,DRY,INJURY AND / OR TOW DUE TO CRASH,"$501 - $1,500",UNABLE TO DETERMINE,1,INCAPACITATING INJURY,1.0,0.0,1.0,11,5,2,41.88445165,-87.74007149,"['02/17/2022', '11:00:00', 'AM']"
5c3ee30b318372a27a5a5a71690b02ffe99a9b02e7cffb9a27e93ddfde36f6ff31bdae678618bc4ff1c9f3900cefb539c24d3fab4a15d6ea320d090553b1b698,2022-02-16 13:02:00,Wednesday,25,NO CONTROLS,CLEAR,DAYLIGHT,PEDESTRIAN,WET,INJURY AND / OR TOW DUE TO CRASH,$500 OR LESS,UNABLE TO DETERMINE,2,INCAPACITATING INJURY,1.0,0.0,1.0,13,4,2,41.92629115,-87.6537884,"['02/16/2022', '01:02:00', 'PM']"
7cacd4cbb53274f503458156e57418a6f2fe9c24ffff0aac7774aa95f14c8a5375d73f2c047375e033d7c41920f4e78b167c67191dec0ce6587a400202fb2f6c,2022-02-15 15:51:00,Tuesday,30,NO CONTROLS,CLEAR,DAYLIGHT,REAR END,DRY,INJURY AND / OR TOW DUE TO CRASH,"OVER $1,500",UNABLE TO DETERMINE,2,INCAPACITATING INJURY,1.0,0.0,1.0,15,3,2,41.82365134,-87.69477862,"['02/15/2022', '03:51:00', 'PM']"
5ca9c6f9b2f9cffb85ac8bc1f7df72fdc5f67b235dd15a4551c55f6e277adb56d6469231f114019a538317213af1dfacf1ec0b17ec39078fa3f8ae7a1a75c0ee,2022-02-15 09:50:00,Tuesday,30,NO CONTROLS,CLEAR,DAYLIGHT,PARKED MOTOR VEHICLE,DRY,INJURY AND / OR TOW DUE TO CRASH,"OVER $1,500",UNABLE TO DETERMINE,3,INCAPACITATING INJURY,1.0,0.0,1.0,9,3,2,41.78770206,-87.65334638,"['02/15/2022', '09:50:00', 'AM']"
e8b6c41b3998e27a2f151757214ee498ac8b198b2e7de5344e0291ef6c1058875fb4f817571900441f8f79ba37b65bf9575b424b3a90bd5202b50d3fa76b350d,2022-02-14 20:00:00,Monday,30,NO CONTROLS,CLEAR,"DARKNESS, LIGHTED ROAD",SIDESWIPE SAME DIRECTION,DRY,INJURY AND / OR TOW DUE TO CRASH,"OVER $1,500","OPERATING VEHICLE IN ERRATIC, RECKLESS, CARELESS, NEGLIGENT OR AGGRESSIVE MANNER",2,INCAPACITATING INJURY,1.0,0.0,1.0,20,2,2,41.85561321,-87.61514926,"['02/14/2022', '08:00:00', 'PM']"
b809019e489f6b4eb73bb08e31855d0e961e8bba6db76b8220f4a67b4268ca8d5086ee1706cd64b591cc028407e2a61aeb37bc4fad8c18565ec2d0147899ce09,2022-02-14 17:55:00,Monday,30,TRAFFIC SIGNAL,CLEAR,"DARKNESS, LIGHTED ROAD",REAR END,DRY,INJURY AND / OR TOW DUE TO CRASH,"$501 - $1,500",UNABLE TO DETERMINE,2,INCAPACITATING INJURY,1.0,0.0,1.0,17,2,2,41.88054285,-87.75029823,"['02/14/2022', '05:55:00', 'PM']"
2b5f569f13d5cc9a55fd666267abfe149a3a55e8bd3a8d5d0f32a444a7f3f6de442fb5a864d751223cc99ef747637f09eb143f412c5843933f5e0311859fe0ac,2022-02-14 15:30:00,Monday,30,NO CONTROLS,CLEAR,DAYLIGHT,REAR END,DRY,INJURY AND / OR TOW DUE TO CRASH,"OVER $1,500",FOLLOWING TOO CLOSELY,2,INCAPACITATING INJURY,1.0,0.0,1.0,15,2,2,41.87315037,-87.62044515,"['02/14/2022', '03:30:00', 'PM']"
5a1490a981d9456c8b27284f18a55733c0e2fe997a81f035fd9ea6e22df8f0e40face907a61e8c06dc18b0f5d90dd2876a01102051e5623033e54dc1864d01a3,2022-02-13 20:30:00,Sunday,30,TRAFFIC SIGNAL,CLEAR,"DARKNESS, LIGHTED ROAD",REAR END,DRY,INJURY AND / OR TOW DUE TO CRASH,"OVER $1,500",UNABLE TO DETERMINE,2,INCAPACITATING INJURY,1.0,0.0,1.0,20,1,2,41.79322499,-87.74224996,"['02/13/2022', '08:30:00', 'PM']"
a54a9a6ac4a7aecf93c01cde22616945633270a2a773fec6e5181fc71e4a11f8f627fd5efa318f33d479f7ac1be1a3a6407e394776189d17f0b43e2a40d1c26c,2022-02-13 20:20:00,Sunday,30,TRAFFIC SIGNAL,CLEAR,"DARKNESS, LIGHTED ROAD",ANGLE,DRY,INJURY AND / OR TOW DUE TO CRASH,"OVER $1,500",FAILING TO YIELD RIGHT-OF-WAY,3,INCAPACITATING INJURY,2.0,0.0,1.0,20,1,2,41.95316377,-87.77684259,"['02/13/2022', '08:20:00', 'PM']"
e78718fb0c0c928da8415d7f05dde2c16ec9a0cca661d0d9aa239f6d1609f935c7895a9a2da676b32b089e7946200e1f28ba0f3c6abf769f10f640995bc65c24,2022-02-12 19:40:00,Saturday,30,NO CONTROLS,CLEAR,"DARKNESS, LIGHTED ROAD",PARKED MOTOR VEHICLE,DRY,INJURY AND / OR TOW DUE TO CRASH,"OVER $1,500",FAILING TO REDUCE SPEED TO AVOID CRASH,3,INCAPACITATING INJURY,1.0,0.0,1.0,19,7,2,42.00150673,-87.80689804,"['02/12/2022', '07:40:00', 'PM']"
8ebb89c03b9a866333cb9f05991014e6bfc0ee4a58215d59025aa56db991046d5491303634fd772c967838a228106c11cfa7a63145d4039ccc843f3abb1dede0,2022-02-12 19:21:00,Saturday,30,TRAFFIC SIGNAL,CLEAR,"DARKNESS, LIGHTED ROAD",ANGLE,DRY,INJURY AND / OR TOW DUE TO CRASH,"OVER $1,500",DISREGARDING TRAFFIC SIGNALS,2,INCAPACITATING INJURY,4.0,0.0,4.0,19,7,2,41.75161899,-87.56616929,"['02/12/2022', '07:21:00', 'PM']"
f50653f3540abae23328064e68f243763bf866032b172cd2d8175695565cd650e203642814c0f754e840d08f0ffb6ccf05f029df58049da946ada8cdc80f0dd9,2022-02-12 16:25:00,Saturday,30,NO CONTROLS,CLEAR,DAYLIGHT,FIXED OBJECT,DRY,INJURY AND / OR TOW DUE TO CRASH,"OVER $1,500",UNABLE TO DETERMINE,1,FATAL,1.0,1.0,0.0,16,7,2,41.95920324,-87.78694012,"['02/12/2022', '04:25:00', 'PM']"