CRASH_RECORD_ID,CRASH_DATE,Weekday,POSTED_SPEED_LIMIT,TRAFFIC_CONTROL_DEVICE,WEATHER_CONDITION,LIGHTING_CONDITION,FIRST_CRASH_TYPE,ROADWAY_SURFACE_COND,CRASH_TYPE,DAMAGE,PRIM_CONTRIBUTORY_CAUSE,NUM_UNITS,MOST_SEVERE_INJURY,INJURIES_TOTAL,INJURIES_FATAL,INJURIES_INCAPACITATING,CRASH_HOUR,CRASH_DAY_OF_WEEK,CRASH_MONTH,LATITUDE,LONGITUDE,CRASH_TIME
90496552b02c30c1ac74c1854c1669e2bc8a4f683658274a442b188bab72f06aa9e3b781ee4e1545d46d0cd82384eb92afb79bda056ba728ccb04abb5645a90b,2022-01-28 11:00:00,Friday,30,TRAFFIC SIGNAL,UNKNOWN,DAYLIGHT,PEDESTRIAN,UNKNOWN,INJURY AND / OR TOW DUE TO CRASH,"$501 - $1,500",UNABLE TO DETERMINE,2,INCAPACITATING INJURY,1.0,0.0,1.0,11,6,1,41.89489272,-87.74592702,"['01/28/2022', '11:00:00', 'AM']"
2b8bde69c02a6daee4119a8f8835c354950f8cf21fa1d11f68c9274aff4522e19aff6f07a9b82f96ecf46a2071b2630203c14c7d66a3d7204f5b323b0bd5954e,2022-01-27 23:07:00,Thursday,30,TRAFFIC SIGNAL,SNOW,"DARKNESS, LIGHTED ROAD",PEDALCYCLIST,WET,INJURY AND / OR TOW DUE TO CRASH,$500 OR LESS,DISREGARDING TRAFFIC SIGNALS,2,INCAPACITATING INJURY,1.0,0.0,1.0,23,5,1,41.88324838,-87.62801718,"['01/27/2022', '11:07:00', 'PM']"
6ebc321b3ba297f0e77e0560e57703cd907182fd49e0b5808759ca1ba3e32bc6a0f8fad7c83d8bc81e93d79066dd8ba557ca94049f3c38cbb2ebebc1b643aaf8,2022-01-27 20:50:00,Thursday,35,TRAFFIC SIGNAL,CLEAR,DAYLIGHT,REAR END,SNOW OR SLUSH,INJURY AND / OR TOW DUE TO CRASH,"OVER $1,500",FOLLOWING TOO CLOSELY,2,INCAPACITATING INJURY,1.0,0.0,1.0,20,5,1,41.96535424,-87.66861691,"['01/27/2022', '08:50:00', 'PM']"
95465e482b059cb001c5b93c252d0e7e30702c01b458debc00adb0129219b5dae6446443be4f2b337d8778531f929fe0250769740242545d84322761d3cbc777,2022-01-27 19:58:00,Thursday,30,NO CONTROLS,OTHER,DARKNESS,ANGLE,WET,INJURY AND / OR TOW DUE TO CRASH,"OVER $1,500",FAILING TO YIELD RIGHT-OF-WAY,2,INCAPACITATING INJURY,1.0,0.0,1.0,19,5,1,41.94537331,-87.66867325,"['01/27/2022', '07:58:00', 'PM']"
5e3d67afc020a7a00ab070a90ea6e1ba81dda3682c448d9411bd20a5592634b61c2a783c89f6d512614a88ac1b602a68bdd57700cc92133d26136a192480edc4,2022-01-27 13:00:00,Thursday,45,NO CONTROLS,CLEAR,DAYLIGHT,REAR END,DRY,INJURY AND / OR TOW DUE TO CRASH,"OVER $1,500",NOT APPLICABLE,2,INCAPACITATING INJURY,1.0,0.0,1.0,13,5,1,41.73376227,-87.58572133,"['01/27/2022', '01:00:00', 'PM']"
1070deef12aa8f86f62784e320d6c7096a5400870f665120e59ca2f122d829d8da9a4f7daea5dacafdc030fc75df7be433cb388c61fac7815a7b428ddbb60894,2022-01-27 11:35:00,Thursday,30,TRAFFIC SIGNAL,CLOUDY/OVERCAST,DAYLIGHT,REAR END,WET,INJURY AND / OR TOW DUE TO CRASH,"OVER $1,500",FAILING TO REDUCE SPEED TO AVOID CRASH,4,INCAPACITATING INJURY,2.0,0.0,1.0,11,5,1,41.87633286,-87.66681112,"['01/27/2022', '11:35:00', 'AM']"
d878422dc1969bf3c7ff88d53345600427ce88be0fb72f315d0b654263ff83e7462b8a1f7d54656d7369d7a11f3680f0fb5fdab388de4e5b33661f04c1d1fbd6,2022-01-27 02:34:00,Thursday,30,NO CONTROLS,CLEAR,"DARKNESS, LIGHTED ROAD",FIXED OBJECT,SNOW OR SLUSH,INJURY AND / OR TOW DUE TO CRASH,"OVER $1,500",IMPROPER LANE USAGE,1,INCAPACITATING INJURY,1.0,0.0,1.0,2,5,1,41.93143944,-87.76194978,"['01/27/2022', '02:34:00', 'AM']"
00c30eb1bed356a7e0df06e163f9c619f619c5bdce56881ebef5b8aa710c4d25e9f42b9be6957dd4fc598ae0f9d4d0afc2b266e649912881e9e11719ae55723d,2022-01-25 23:10:00,Tuesday,30,TRAFFIC SIGNAL,CLEAR,"DARKNESS, LIGHTED ROAD",PEDALCYCLIST,SNOW OR SLUSH,INJURY AND / OR TOW DUE TO CRASH,"OVER $1,500",UNABLE TO DETERMINE,2,INCAPACITATING INJURY,1.0,0.0,1.0,23,3,1,41.94319014,-87.688008,"['01/25/2022', '11:10:00', 'PM']"
ef432b55019de64b11d79adc95e5586eb9733b4af90b1c4b48dbd6dda82689cd7b4c2040d039e06039f009866e467aa77421aebd0e480e753b2abc5721fe8ea0,2022-01-25 17:44:00,Tuesday,30,NO CONTROLS,CLEAR,DUSK,HEAD ON,WET,INJURY AND / OR TOW DUE TO CRASH,"OVER $1,500",IMPROPER LANE USAGE,2,INCAPACITATING INJURY,4.0,0.0,2.0,17,3,1,41.87724409,-87.72187072,"['01/25/2022', '05:44:00', 'PM']"
1cd9990f3e97bb02d59dc1f8175d3bcf530dfec51c337e50036edcb809e6890a12bf2d7856df91f21ade13c9324467d653e956c158777759770e1567a7a073db,2022-01-25 17:15:00,Tuesday,30,NO CONTROLS,CLEAR,"DARKNESS, LIGHTED ROAD",PEDESTRIAN,ICE,INJURY AND / OR TOW DUE TO CRASH,"OVER $1,500",UNABLE TO DETERMINE,2,INCAPACITATING INJURY,1.0,0.0,1.0,17,3,1,41.93065776,-87.80520887,"['01/25/2022', '05:15:00', 'PM']"
5cff5e357c033a8fe57e6ddc8053829400082686b7c47b563d6091d8389caed7b3c1248fa0fcc35ce7354a9f09a1c8b216642ec19e949de0dc31d05649752f6f,2022-01-25 17:06:00,Tuesday,30,NO CONTROLS,SNOW,"DARKNESS, LIGHTED ROAD",ANGLE,SNOW OR SLUSH,INJURY AND / OR TOW DUE TO CRASH,"$501 - $1,500",FAILING TO YIELD RIGHT-OF-WAY,2,INCAPACITATING INJURY,1.0,0.0,1.0,17,3,1,41.93161152,-87.74893557,"['01/25/2022', '05:06:00', 'PM']"
5ac1ad26081654ed22ba28e762c7de8cd8b4061784e9efeeea8c984f34e9f8e2f2db5c16bd9ba7f3066f6ed42610e9529483d307f5a0f4fc38fcdb01740875da,2022-01-24 20:07:00,Monday,30,NO CONTROLS,SNOW,"DARKNESS, LIGHTED ROAD",PARKED MOTOR VEHICLE,SNOW OR SLUSH,INJURY AND / OR TOW DUE TO CRASH,"OVER $1,500",PHYSICAL CONDITION OF DRIVER,3,FATAL,1.0,1.0,0.0,20,2,1,41.80718307,-87.62425276,"['01/24/2022', '08:07:00', 'PM']"
874f18f552576dd61d70e81aebcfdb441bd31c18445989c54ee8a2ecb882a46294adbf3ef20f0a36ed2a14ec09ae49a5c5869fe5c2497c1f42dfa47fb7e7921a,2022-01-23 02:40:00,Sunday,30,TRAFFIC SIGNAL,SNOW,"DARKNESS, LIGHTED ROAD",ANGLE,SNOW OR SLUSH,INJURY AND / OR TOW DUE TO CRASH,"OVER $1,500",UNDER THE INFLUENCE OF ALCOHOL/DRUGS (USE WHEN ARREST IS EFFECTED),2,INCAPACITATING INJURY,1.0,0.0,1.0,2,1,1,41.71515624,-87.64289505,"['01/23/2022', '02:40:00', 'AM']"
fd71e66ea3e75a1106e705efe7cca69bb25b46aad16553b3fae99feaee97238359b7b0d6523e1f84b8c4a789ad1cdae34d31dbf96de4771c41c559a014fcf899,2022-01-22 22:00:00,Saturday,30,TRAFFIC SIGNAL,UNKNOWN,UNKNOWN,PEDESTRIAN,UNKNOWN,INJURY AND / OR TOW DUE TO CRASH,"OVER $1,500",UNABLE TO DETERMINE,2,INCAPACITATING INJURY,1.0,0.0,1.0,22,7,1,41.77901991,-87.69353548,"['01/22/2022', '10:00:00', 'PM']"
00e02aaee0ce6b8f9af1acf7b5be8ec009702031a7bc84c51a703c86e472c497a28ee3250c3512e673e5c4d89c4b48bf02383a3ba9c3563a1feccce4f01a14db,2022-01-22 18:00:00,Saturday,15,NO CONTROLS,CLEAR,"DARKNESS, LIGHTED ROAD",FIXED OBJECT,DRY,INJURY AND / OR TOW DUE TO CRASH,"OVER $1,500",PHYSICAL CONDITION OF DRIVER,1,INCAPACITATING INJURY,1.0,0.0,1.0,18,7,1,41.967302,-87.73403517,"['01/22/2022', '06:00:00', 'PM']"
10ed12d73136fd4202741a8e9bec37f40d1674ae2f15814bebc3cc75c5d470efa517ea6ea52f5e52d4401fc8fcbd5096e5a65a18964fcdddb56781bff8242197,2022-01-22 15:00:00,Saturday,30,TRAFFIC SIGNAL,CLEAR,DAYLIGHT,REAR END,WET,INJURY AND / OR TOW DUE TO CRASH,$500 OR LESS,PHYSICAL CONDITION OF DRIVER,2,INCAPACITATING INJURY,1.0,0.0,1.0,15,7,1,41.70682334,-87.64297747,"['01/22/2022', '03:00:00', 'PM']"
c113a361e7948efbc6d2a3b47be77c8f4ee797c2e975642d6012a71c1ac643f617beb1a5e14b489a967185e5d14ac39ae1ea116cf5ee750bddf6ed6764a311ed,2022-01-22 12:16:00,Saturday,30,NO CONTROLS,CLOUDY/OVERCAST,DAYLIGHT,FIXED OBJECT,DRY,INJURY AND / OR TOW DUE TO CRASH,"$501 - $1,500",UNABLE TO DETERMINE,1,INCAPACITATING INJURY,1.0,0.0,1.0,12,7,1,41.87558099,-87.62586671,"['01/22/2022', '12:16:00', 'PM']"
9cf9984cd2ea4a2e1c42a407e23272f364a12887d082e1499c7608fa1b73ba0d2c378e38a6821965378ba08182908d5e25d0664307933bc43b8f53cd859b5967,2022-01-22 11:40:00,Saturday,30,NO CONTROLS,CLEAR,DAYLIGHT,FIXED OBJECT,DRY,INJURY AND / OR TOW DUE TO CRASH,"OVER $1,500",PHYSICAL CONDITION OF DRIVER,1,INCAPACITATING INJURY,1.0,0.0,1.0,11,7,1,41.88963878,-87.71726769,"['01/22/2022', '11:40:00', 'AM']"
e70c0141c60e1563816e7e4ebc61d6a4bc5d597fd46f818cc5893c24e92516ed7941e7568ac85ba958d34d24dd287068d621ed825046fdbbbf0d43de6e78d5be,2022-01-22 10:10:00,Saturday,30,TRAFFIC SIGNAL,CLEAR,DAYLIGHT,TURNING,WET,INJURY AND / OR TOW DUE TO CRASH,"OVER $1,500",FAILING TO YIELD RIGHT-OF-WAY,2,INCAPACITATING INJURY,1.0,0.0,1.0,10,7,1,41.88206525,-87.73319078,"['01/22/2022', '10:10:00', 'AM']"
80f09ac8c13390f374df571ac9089193f9ea2c598e2af36e6a31db3386657b03e8e9b75f9fa216a58762bb6b386c2ec29c3f553bcb39430f11e9f0f9f0582f89,2022-01-22 05:40:00,Saturday,30,TRAFFIC SIGNAL,CLEAR,"DARKNESS, LIGHTED ROAD",PARKED MOTOR VEHICLE,DRY,INJURY AND / OR TOW DUE TO CRASH,"$501 - $1,500",IMPROPER LANE USAGE,3,FATAL,1.0,1.0,0.0,5,7,1,41.81531009,-87.70257746,"['01/22/2022', '05:40:00', 'AM']"
48ef867cd1e184d9a7d36411b42f98eac5fa5e529019ff406b87b5ba1fa88fe3d538741f9e8ead208afb1ceabc6cd1d065ba96bb27e1f73cf1d0d359de6c9082,2022-01-22 00:50:00,Saturday,30,NO CONTROLS,CLEAR,"DARKNESS, LIGHTED ROAD",FIXED OBJECT,DRY,INJURY AND / OR TOW DUE TO CRASH,"OVER $1,500",NOT APPLICABLE,1,INCAPACITATING INJURY,1.0,0.0,1.0,0,7,1,41.9354824,-87.71815122,"['01/22/2022', '12:50:00', 'AM']"
99e329afd9b299995a96ad4a6fb624f9e9a2246c874344c1ed8487e55f01177e6f7a3cf187828675d0f214676fd49fe0b6c147e1c6d22f137ae36c5f8c96fd7d,2022-01-21 19:45:00,Friday,30,TRAFFIC SIGNAL,CLEAR,"DARKNESS, LIGHTED ROAD",REAR END,DRY,INJURY AND / OR TOW DUE TO CRASH,"$501 - $1,500",FOLLOWING TOO CLOSELY,2,INCAPACITATING INJURY,1.0,0.0,1.0,19,6,1,41.94679557,-87.80720624,"['01/21/2022', '07:45:00', 'PM']"
41b45278737bed90ea387f7f570722dd9813a6dfd68165a21d0246fcc1b0c724c0ef855158ea535f6807ca5a4f9e2a163677f1150c7e161c66fddd84cdf1d2c8,2022-01-21 16:46:00,Friday,30,TRAFFIC SIGNAL,CLEAR,"DARKNESS, LIGHTED ROAD",TURNING,DRY,INJURY AND / OR TOW DUE TO CRASH,"OVER $1,500",FAILING TO YIELD RIGHT-OF-WAY,2,INCAPACITATING INJURY,1.0,0.0,1.0,16,6,1,41.80205588,-87.74314785,"['01/21/2022', '04:46:00', 'PM']"
a07a49141323d50d7024c749f3de0803aa74954fe0d53ec1dfdbc7ece70dbca1b85c09629522d087a449a6cd3d28e270c1e309d7670e2ea179b8a753e5d26769,2022-01-21 16:00:00,Friday,30,TRAFFIC SIGNAL,CLEAR,DAYLIGHT,ANGLE,DRY,INJURY AND / OR TOW DUE TO CRASH,"OVER $1,500",FAILING TO YIELD RIGHT-OF-WAY,3,INCAPACITATING INJURY,2.0,0.0,1.0,16,6,1,41.92402118,-87.80562441,"['01/21/2022', '04:00:00', 'PM']"
0082c3adf63aac66996b86430ee7f3e1ce48055e734576a6c85e8701659beabc2fd61d936a031a4c4c815b40b93a9aaa2a63f6fa946875c27a2898fb1ef59b5e,2022-01-21 15:27:00,Friday,35,NO CONTROLS,CLEAR,DAYLIGHT,PARKED MOTOR VEHICLE,DRY,INJURY AND / OR TOW DUE TO CRASH,"OVER $1,500",UNABLE TO DETERMINE,3,INCAPACITATING INJURY,1.0,0.0,1.0,15,6,1,41.77315781,-87.61111086,"['01/21/2022', '03:27:00', 'PM']"
c79f8568f699a8c6eac5718df0bcf5be0e6868c3c7c4fc3f877603ab4a7af559ddcb7212666374351e33edf373b1a3e5a3ef43107f34b3375293266d40e96f16,2022-01-21 12:35:00,Friday,25,STOP SIGN/FLASHER,CLEAR,DAYLIGHT,PEDESTRIAN,DRY,INJURY AND / OR TOW DUE TO CRASH,"$501 - $1,500",FAILING TO YIELD RIGHT-OF-WAY,2,INCAPACITATING INJURY,1.0,0.0,1.0,12,6,1,42.01926401,-87.67136076,"['01/21/2022', '12:35:00', 'PM']"
57121a5acba06f78887668d2945d4f8a2fdb3aaaa6937f4b7f129d824ce86a4e7d45f62dd8eb034288ce7080cd4b293f839adbe436b7562fb3b7749176937767,2022-01-20 18:15:00,Thursday,30,NO CONTROLS,CLEAR,"DARKNESS, LIGHTED ROAD",PEDESTRIAN,DRY,INJURY AND / OR TOW DUE TO CRASH,"OVER $1,500",FAILING TO YIELD RIGHT-OF-WAY,2,FATAL,1.0,1.0,0.0,18,5,1,42.01155999,-87.81663828,"['01/20/2022', '06:15:00', 'PM']"
130f3bf415ce46e091c5d7018cab2f72f0af0b0a0dde37b3e14bded50f638001e415f00142400c712f98028d526f08e71b948f58f32336ad09608fbea426393c,2022-01-20 14:29:00,Thursday,30,STOP SIGN/FLASHER,CLEAR,DAYLIGHT,PEDESTRIAN,DRY,INJURY AND / OR TOW DUE TO CRASH,$500 OR LESS,FAILING TO REDUCE SPEED TO AVOID CRASH,2,INCAPACITATING INJURY,1.0,0.0,1.0,14,5,1,41.82889589,-87.64133172,"['01/20/2022', '02:29:00', 'PM']"
f78d49e517117a5305438a15197e478943adb4093efe67bfce4abb9035ea234cea90fc14976ea5a01441745eb422a2497b65ec4d80222f949c0c6605e0eed740,2022-01-20 03:16:00,Thursday,30,NO CONTROLS,CLEAR,"DARKNESS, LIGHTED ROAD",FIXED OBJECT,DRY,INJURY AND / OR TOW DUE TO CRASH,"OVER $1,500",UNABLE TO DETERMINE,1,INCAPACITATING INJURY,1.0,0.0,1.0,3,5,1,41.98999904,-87.73080373,"['01/20/2022', '03:16:00', 'AM']"
e66f71048ad5ea0e89cb0bec070b176fcab007fb97ae250a1eb6a384848190ec1983979ad77ff1bfb256c65f07cafc1b472bed336f9181358e81ca29d94779a3,2022-01-19 21:21:00,Wednesday,30,TRAFFIC SIGNAL,CLEAR,"DARKNESS, LIGHTED ROAD",ANGLE,DRY,INJURY AND / OR TOW DUE TO CRASH,"OVER $1,500",DISREGARDING TRAFFIC SIGNALS,2,FATAL,4.0,1.0,0.0,21,4,1,41.81710001,-87.62156904,"['01/19/2022', '09:21:00', 'PM']"
fb74279753ad4e6de8d15f294a8d44bf5e6da77589973a35d12c901cb15c3f5fe3e77a04711a6b643e718d7bd00e3569fd08bbe568c62571c0fd10f237f55c71,2022-01-19 15:12:00,Wednesday,30,TRAFFIC SIGNAL,CLEAR,DAYLIGHT,PEDESTRIAN,DRY,INJURY AND / OR TOW DUE TO CRASH,$500 OR LESS,FAILING TO YIELD RIGHT-OF-WAY,2,INCAPACITATING INJURY,1.0,0.0,1.0,15,4,1,41.99219146,-87.66048377,"['01/19/2022', '03:12:00', 'PM']"
5451e3f9915d12e089c66a993c2c2a0d545ebc3d818aff5c25dd05a26141c6039a0907aa9a3c7d0df5b0e3ffb43dfc495fc42b1d177019ce2c32eb07aba7eae0,2022-01-19 15:10:00,Wednesday,30,NO CONTROLS,CLEAR,DAYLIGHT,TURNING,DRY,INJURY AND / OR TOW DUE TO CRASH,"OVER $1,500",FAILING TO REDUCE SPEED TO AVOID CRASH,2,INCAPACITATING INJURY,2.0,0.0,1.0,15,4,1,41.86647703,-87.68850645,"['01/19/2022', '03:10:00', 'PM']"
9e344a95f542c0dada44c9cebbbbbb32b7e039cb8bbe1709678e4b5fc121c1414791a26b5645e4c43065f9216392d291f76d2abc129e1a228c4c3cd22b9a9d83,2022-01-19 10:30:00,Wednesday,15,NO CONTROLS,CLEAR,DAYLIGHT,PEDESTRIAN,DRY,INJURY AND / OR TOW DUE TO CRASH,"OVER $1,500",FAILING TO YIELD RIGHT-OF-WAY,2,INCAPACITATING INJURY,1.0,0.0,1.0,10,4,1,41.94924019,-87.64878268,"['01/19/2022', '10:30:00', 'AM']"
0278d5f380c53507717ff5b5f1759ddbbd6cc800d6479f2fe5c1482b64885fb9f330cde503d0a3c4f6b30eb310eaa8727a7ea8daa1a7217712dd59cc76b97ee7,2022-01-18 23:13:00,Tuesday,30,TRAFFIC SIGNAL,CLEAR,"DARKNESS, LIGHTED ROAD",PEDESTRIAN,WET,INJURY AND / OR TOW DUE TO CRASH,$500 OR LESS,FAILING TO YIELD RIGHT-OF-WAY,2,INCAPACITATING INJURY,1.0,0.0,1.0,23,3,1,41.87618617,-87.67667397,"['01/18/2022', '11:13:00', 'PM']"
f35a3ca072643060335d52cec107042cbb8a9f955fafa58f11b9f79a220f46c42e345eb1e5b8be9b550b141e69ce6f1d567b161ce15f9d4d4d0c0f4fdb45b1fa,2022-01-18 17:45:00,Tuesday,30,STOP SIGN/FLASHER,CLEAR,"DARKNESS, LIGHTED ROAD",PEDESTRIAN,WET,INJURY AND / OR TOW DUE TO CRASH,$500 OR LESS,"VISION OBSCURED (SIGNS, TREE LIMBS, BUILDINGS, ETC.)",2,INCAPACITATING INJURY,1.0,0.0,1.0,17,3,1,41.84041248,-87.72945882,"['01/18/2022', '05:45:00', 'PM']"
b950736f4b33e478955d8368ca63f7a3da917b194212c51086d0ad757eef4389575b9df625b0af4d1b1c6bf8737078c9d04e785ae425ada7dc55bf2df238d804,2022-01-18 17:25:00,Tuesday,30,TRAFFIC SIGNAL,CLEAR,"DARKNESS, LIGHTED ROAD",PEDESTRIAN,DRY,INJURY AND / OR TOW DUE TO CRASH,"$501 - $1,500",FAILING TO REDUCE SPEED TO AVOID CRASH,2,INCAPACITATING INJURY,1.0,0.0,1.0,17,3,1,41.80071017,-87.70382433,"['01/18/2022', '05:25:00', 'PM']"
49a79f5534479619914049313c750550ebe77be6d6811aba88f78b63d5af756eb9b7515e8b426721decd1e1557cea631fd1ebea2f20297a545727c60c1859ba2,2022-01-18 16:50:00,Tuesday,30,TRAFFIC SIGNAL,CLEAR,DAWN,ANGLE,DRY,INJURY AND / OR TOW DUE TO CRASH,"$501 - $1,500",FAILING TO YIELD RIGHT-OF-WAY,2,INCAPACITATING INJURY,1.0,0.0,1.0,16,3,1,41.87613437,-87.68154865,"['01/18/2022', '04:50:00', 'PM']"
a464af3db0e5781b21e2b71ae7915a5e482a12c5b3517deb0b745566ea7f3a29171c4ca0ebd85db9f5d7e098a3baf71fca73df36101c3bd74dd3184e13d4de8d,2022-01-18 15:45:00,Tuesday,30,STOP SIGN/FLASHER,CLEAR,DAYLIGHT,FIXED OBJECT,DRY,INJURY AND / OR TOW DUE TO CRASH,"OVER $1,500",IMPROPER TURNING/NO SIGNAL,1,INCAPACITATING INJURY,3.0,0.0,1.0,15,3,1,41.96840638,-87.80260113,"['01/18/2022', '03:45:00', 'PM']"
71bf3d98f39b15fbb1d12c3cc4ad039494b1b0a6558ff43a893a2962714b8c86e40e917e89790e6390fc69cfa03a8bdb951264ed23eff9fee1d32dc1df71b7fa,2022-01-18 12:44:00,Tuesday,30,STOP SIGN/FLASHER,CLEAR,DAYLIGHT,REAR END,DRY,INJURY AND / OR TOW DUE TO CRASH,"OVER $1,500",UNABLE TO DETERMINE,2,INCAPACITATING INJURY,1.0,0.0,1.0,12,3,1,41.76945117,-87.60583022,"['01/18/2022', '12:44:00', 'PM']"
da43fb7e915fa6cd1b51ff20342b741d68485000bcd3005c4ad33bf049c98b58ead2eeb7d8fac8e93775d0b7ae3e9b9511b159111ae9e9ba14a41b0d429568e5,2022-01-18 08:35:00,Tuesday,25,TRAFFIC SIGNAL,CLEAR,DAYLIGHT,PEDESTRIAN,DRY,INJURY AND / OR TOW DUE TO CRASH,"OVER $1,500",FAILING TO YIELD RIGHT-OF-WAY,2,INCAPACITATING INJURY,1.0,0.0,1.0,8,3,1,41.89095854,-87.66699527,"['01/18/2022', '08:35:00', 'AM']"
88f56b940174b8cc5283ef319dbf5b86250204c19200f6e1b0cd59faa1b3835fada2262032eef08ee35395c095d0f00cd854a973c17e92a7199f7da8bd746138,2022-01-18 07:00:00,Tuesday,30,TRAFFIC SIGNAL,CLEAR,DAYLIGHT,TURNING,DRY,INJURY AND / OR TOW DUE TO CRASH,"OVER $1,500",FAILING TO YIELD RIGHT-OF-WAY,2,INCAPACITATING INJURY,1.0,0.0,1.0,7,3,1,41.77304782,-87.60591305,"['01/18/2022', '07:00:00', 'AM']"
b78065db27f3eb9082b0db3ff239f5459e0924e6228ea0c1905995c49ca1d9984c24e548a593ed02af7cb00478f415d6d1842d447e433df804538bd0f4164a5a,2022-01-18 01:00:00,Tuesday,30,STOP SIGN/FLASHER,CLEAR,"DARKNESS, LIGHTED ROAD",ANGLE,DRY,INJURY AND / OR TOW DUE TO CRASH,"OVER $1,500",FAILING TO YIELD RIGHT-OF-WAY,3,INCAPACITATING INJURY,6.0,0.0,1.0,1,3,1,41.8668651,-87.65803665,"['01/18/2022', '01:00:00', 'AM']"
1c0b4d553fa9511a18352a064d72e67d02d8950387b5c2e234488fbf20fd146c3e755deaa7feffa077efa78276b825bb6bf2afaabfdfffe6dbadf5274b990d4a,2022-01-17 23:00:00,Monday,30,TRAFFIC SIGNAL,CLEAR,DARKNESS,PEDESTRIAN,DRY,INJURY AND / OR TOW DUE TO CRASH,$500 OR LESS,FAILING TO YIELD RIGHT-OF-WAY,2,INCAPACITATING INJURY,1.0,0.0,1.0,23,2,1,41.75005493,-87.6829922,"['01/17/2022', '11:00:00', 'PM']"
fc87e28898d7726a5f559d36aebec3586a781d94e3e388bf58db33ad89628a6bf4e21e8e30a499081e0821a46c4432d521b94d8344916d4acd400817606f14d7,2022-01-17 19:00:00,Monday,30,NO CONTROLS,CLEAR,"DARKNESS, LIGHTED ROAD",PEDESTRIAN,WET,INJURY AND / OR TOW DUE TO CRASH,"OVER $1,500",UNABLE TO DETERMINE,2,INCAPACITATING INJURY,1.0,0.0,1.0,19,2,1,41.75486919,-87.73185695,"['01/17/2022', '07:00:00', 'PM']"
34c2e0a99af3d68e815b4880bcaf0a760e54028af32fb8d735140a84aed093cecdd4efd01bb4129e9060a261d49b9ee7240386316748055c16b1d86ee722f5f9,2022-01-17 10:50:00,Monday,25,DELINEATORS,CLOUDY/OVERCAST,DAYLIGHT,REAR END,WET,INJURY AND / OR TOW DUE TO CRASH,"OVER $1,500",DRIVING SKILLS/KNOWLEDGE/EXPERIENCE,2,INCAPACITATING INJURY,1.0,0.0,1.0,10,2,1,41.90095892,-87.61992817,"['01/17/2022', '10:50:00', 'AM']"
ef5c8aa3f667c9282336383debab10cb69c4e4b25ea73ebb3a86ac9975a5ed0e46d764e56f42aec1bdc83f0a4a5680c34e89c09e206d88fa0b059189b3861a9f,2022-01-17 06:55:00,Monday,30,NO CONTROLS,CLEAR,DAYLIGHT,PEDESTRIAN,DRY,INJURY AND / OR TOW DUE TO CRASH,$500 OR LESS,UNABLE TO DETERMINE,2,INCAPACITATING INJURY,1.0,0.0,1.0,6,2,1,41.86931091,-87.67059868,"['01/17/2022', '06:55:00', 'AM']"
bc0fdb8bdfee559a91cb5722962f64e09de50934e8848aa9c36a9101539bfa465a1a8cefb48fc82233c014b78e116dde93dcff49fbcb9ae3f418a0a3a2a447da,2022-01-16 22:00:00,Sunday,30,TRAFFIC SIGNAL,SNOW,"DARKNESS, LIGHTED ROAD",TURNING,WET,INJURY AND / OR TOW DUE TO CRASH,"OVER $1,500",DISREGARDING OTHER TRAFFIC SIGNS,2,INCAPACITATING INJURY,3.0,0.0,1.0,22,1,1,41.84492946,-87.68530433,"['01/16/2022', '10:00:00', 'PM']"
621a91938e7bcf58d455c6e8ef7bd7e61fb9891d0ffdce75a48bcfd9c868dedae690d0a5141a05b0d7e0a18c73d6b50071dc73ab6bca86c0aadd8159cead46d7,2022-01-16 08:31:00,Sunday,30,TRAFFIC SIGNAL,CLEAR,DAYLIGHT,ANGLE,DRY,INJURY AND / OR TOW DUE TO CRASH,"OVER $1,500","OPERATING VEHICLE IN ERRATIC, RECKLESS, CARELESS, NEGLIGENT OR AGGRESSIVE MANNER",2,INCAPACITATING INJURY,1.0,0.0,1.0,8,1,1,41.87571545,-87.63109049,"['01/16/2022', '08:31:00', 'AM']"
691fa24f0ed91d6483df6f1fa85a6f077617fb64453b141c225b747567c946d744ab8d063dfa22ad9f042cf73ba007b52393d706ccc4600729b9229b3ad78c95,2022-01-16 04:20:00,Sunday,30,TRAFFIC SIGNAL,CLEAR,"DARKNESS, LIGHTED ROAD",REAR END,DRY,INJURY AND / OR TOW DUE TO CRASH,"OVER $1,500",DISREGARDING TRAFFIC SIGNALS,2,INCAPACITATING INJURY,1.0,0.0,1.0,4,1,1,41.85859355,-87.70293719,"['01/16/2022', '04:20:00', 'AM']"
62d388d1bf00b053c182784a640a286510573e6652889c377de81041ad265a4136cc1c9236e26a9ed317642f2188ec809c1e2ea9a886befd22616f853ef09629,2022-01-16 02:22:00,Sunday,30,NO CONTROLS,CLEAR,"DARKNESS, LIGHTED ROAD",FIXED OBJECT,ICE,INJURY AND / OR TOW DUE TO CRASH,"OVER $1,500",FAILING TO REDUCE SPEED TO AVOID CRASH,1,INCAPACITATING INJURY,3.0,0.0,2.0,2,1,1,41.90254186,-87.74117443,"['01/16/2022', '02:22:00', 'AM']"
2636685ff9f5b36b55b8f09447cf219b4dafd6a87b68410f6e382a907eb7c4c2c89b7d5c5449ce15dfd270b8ece0b03648cded6daeeb2eef9ef8a7cd74d000b8,2022-01-15 19:17:00,Saturday,30,NO CONTROLS,CLEAR,"DARKNESS, LIGHTED ROAD",PEDESTRIAN,SNOW OR SLUSH,INJURY AND / OR TOW DUE TO CRASH,$500 OR LESS,FAILING TO REDUCE SPEED TO AVOID CRASH,2,FATAL,1.0,1.0,0.0,19,7,1,41.87688519,-87.73309551,"['01/15/2022', '07:17:00', 'PM']"