CRASH_RECORD_ID,CRASH_DATE,Weekday,POSTED_SPEED_LIMIT,TRAFFIC_CONTROL_DEVICE,WEATHER_CONDITION,LIGHTING_CONDITION,FIRST_CRASH_TYPE,ROADWAY_SURFACE_COND,CRASH_TYPE,DAMAGE,PRIM_CONTRIBUTORY_CAUSE,NUM_UNITS,MOST_SEVERE_INJURY,INJURIES_TOTAL,INJURIES_FATAL,INJURIES_INCAPACITATING,CRASH_HOUR,CRASH_DAY_OF_WEEK,CRASH_MONTH,LATITUDE,LONGITUDE,CRASH_TIME
3ae71b0ddab21c8acf5bdcbf9d27322b33270028ea13c4fac09cb40ae2d8efe28356ac4c980fc21b5eab2df36a2e8401a3819e729458bd84db3f7efbc28fb93a,2022-01-15 14:40:00,Saturday,25,NO CONTROLS,CLEAR,DAYLIGHT,PARKED MOTOR VEHICLE,DRY,INJURY AND / OR TOW DUE TO CRASH,"OVER $1,500",UNABLE TO DETERMINE,3,FATAL,1.0,1.0,0.0,14,7,1,41.97620114,-87.90530913,"['01/15/2022', '02:40:00', 'PM']"
512a735e26f94d7a9550c5be0584a80c584daa4f8cbbb4499aebf5b74373ab5e82049bb8f6e2466ddbb42436c9dd76b15f3c9729a661f9d7abaf7bf02edddbd5,2022-01-15 09:52:00,Saturday,30,NO CONTROLS,CLEAR,DAYLIGHT,OTHER OBJECT,WET,INJURY AND / OR TOW DUE TO CRASH,"OVER $1,500",NOT APPLICABLE,1,FATAL,1.0,1.0,0.0,9,7,1,41.80768859,-87.72927412,"['01/15/2022', '09:52:00', 'AM']"
ced4766986872026908adea1d7a3b56d9851897494fb32ba0bc2e7a72cd6048fc1f4dcac35bc616be0abc85c8df4292c5d4b50779e9ccaaddd9e24cea3d0b87c,2022-01-15 00:26:00,Saturday,30,TRAFFIC SIGNAL,CLEAR,"DARKNESS, LIGHTED ROAD",ANGLE,WET,INJURY AND / OR TOW DUE TO CRASH,"OVER $1,500",DISREGARDING TRAFFIC SIGNALS,4,INCAPACITATING INJURY,3.0,0.0,1.0,0,7,1,41.93221699,-87.68803328,"['01/15/2022', '12:26:00', 'AM']"
a497632c9286b7432b4edb46585893a2e361ce7c36f6ca516d6a534ec375dfbae1cc1a379e40ad099d9050a15d8e4e5a3e35abb5b780a5c3724f35added34dd2,2022-01-14 20:45:00,Friday,30,STOP SIGN/FLASHER,SNOW,DARKNESS,ANGLE,SNOW OR SLUSH,INJURY AND / OR TOW DUE TO CRASH,"OVER $1,500",FAILING TO YIELD RIGHT-OF-WAY,4,INCAPACITATING INJURY,1.0,0.0,1.0,20,6,1,41.7354649,-87.55153423,"['01/14/2022', '08:45:00', 'PM']"
28667448f9725ff473c859ea972f48eeb4fb70652b381160e8b789116df92bbe0ea08ea09787fded73441d1bc492f10f8acee4fc3e0f9501390cd427d6a55a68,2022-01-14 18:50:00,Friday,30,TRAFFIC SIGNAL,FREEZING RAIN/DRIZZLE,"DARKNESS, LIGHTED ROAD",PEDALCYCLIST,WET,INJURY AND / OR TOW DUE TO CRASH,"$501 - $1,500",WEATHER,2,INCAPACITATING INJURY,1.0,0.0,1.0,18,6,1,41.8484116,-87.64405032,"['01/14/2022', '06:50:00', 'PM']"
f93419315eda7536f2ab3058264227e279c14e2769d55efd3f939bee87cc1c045b304e280125f8fe4cf22d91c9549e44edf07bce3cfb7f4177c5223753efc95d,2022-01-14 17:15:00,Friday,25,NO CONTROLS,CLEAR,DARKNESS,PEDESTRIAN,WET,INJURY AND / OR TOW DUE TO CRASH,"OVER $1,500",UNABLE TO DETERMINE,2,INCAPACITATING INJURY,1.0,0.0,1.0,17,6,1,41.92413929,-87.76207927,"['01/14/2022', '05:15:00', 'PM']"
52d1018992c1d1eb9e042b919a18c7265d565561713c118aa9fa3af932a16e33bc5c71274f661b592bc9e7bc677eaad801c5ef517250a454933e5c3371929981,2022-01-14 14:53:00,Friday,30,NO CONTROLS,CLEAR,DAYLIGHT,HEAD ON,DRY,INJURY AND / OR TOW DUE TO CRASH,"OVER $1,500",DRIVING ON WRONG SIDE/WRONG WAY,2,INCAPACITATING INJURY,2.0,0.0,2.0,14,6,1,41.77069425,-87.70794765,"['01/14/2022', '02:53:00', 'PM']"
079f002c31497993036a6cb1370328b0567cb3bcb63cbcb9d1402c7927d86a83cf5a6eb75fa2d8ff4087950f1ce735fd8d3fa895005ed803d670c5ce08b59bab,2022-01-13 23:49:00,Thursday,25,STOP SIGN/FLASHER,CLEAR,"DARKNESS, LIGHTED ROAD",REAR END,DRY,INJURY AND / OR TOW DUE TO CRASH,"OVER $1,500",NOT APPLICABLE,3,INCAPACITATING INJURY,1.0,0.0,1.0,23,5,1,41.73748766,-87.6656867,"['01/13/2022', '11:49:00', 'PM']"
dad8fba88f2d1f0413d351d2f651402bec37731bf3129979fc36b2a5838ec7169adbb85e732c123fa78b7f422996cf17a9c6592f300883d92493b479d19b71d5,2022-01-13 06:00:00,Thursday,30,TRAFFIC SIGNAL,CLEAR,"DARKNESS, LIGHTED ROAD",TURNING,WET,INJURY AND / OR TOW DUE TO CRASH,"OVER $1,500",DISREGARDING TRAFFIC SIGNALS,2,INCAPACITATING INJURY,1.0,0.0,1.0,6,5,1,41.77833539,-87.74243649,"['01/13/2022', '06:00:00', 'AM']"
9ec722d2a2e9942f1afed4a9df7db662c687012e2909d9ecb7d6e52b37db21a91b3fb63593d872ee48d90a772c7ddebf0e6919b48f73019759d885a9c9f504fa,2022-01-12 23:52:00,Wednesday,30,TRAFFIC SIGNAL,CLEAR,DARKNESS,TURNING,DRY,INJURY AND / OR TOW DUE TO CRASH,"OVER $1,500",IMPROPER TURNING/NO SIGNAL,2,INCAPACITATING INJURY,1.0,0.0,1.0,23,4,1,41.87091636,-87.77415345,"['01/12/2022', '11:52:00', 'PM']"
0c62deb8a4809137b0ebeb7bd38d1b4bd702966abd0755842b30680d83914207d5da689300a00d6969a82ccce30c21ab0f31897689cb01bed84083030259631a,2022-01-12 20:06:00,Wednesday,30,NO CONTROLS,CLEAR,"DARKNESS, LIGHTED ROAD",PEDESTRIAN,DRY,INJURY AND / OR TOW DUE TO CRASH,"OVER $1,500",FAILING TO REDUCE SPEED TO AVOID CRASH,2,FATAL,1.0,1.0,0.0,20,4,1,41.770584,-87.58582184,"['01/12/2022', '08:06:00', 'PM']"
b2b05614690cdb540634d94d89dfdd4aa988ac91ba9f4bab303835c28d0980fa23fa03aa6314ccdfaaf6ffbbf80432a402f8b08050522fa7b810f79245b6a14d,2022-01-12 18:15:00,Wednesday,30,NO CONTROLS,CLEAR,"DARKNESS, LIGHTED ROAD",REAR END,DRY,INJURY AND / OR TOW DUE TO CRASH,"OVER $1,500",FOLLOWING TOO CLOSELY,2,INCAPACITATING INJURY,1.0,0.0,1.0,18,4,1,41.77490694,-87.72281097,"['01/12/2022', '06:15:00', 'PM']"
1db5e59e094cc8598f7c7cb9aedec7a375a8601d6e20e851aa22dfac5f4868c97946b863b1d8a2dcb2fc0f943fc0f85c236f14251027b40fc082efd86febe765,2022-01-11 14:50:00,Tuesday,30,TRAFFIC SIGNAL,CLEAR,DAYLIGHT,PEDESTRIAN,DRY,INJURY AND / OR TOW DUE TO CRASH,"OVER $1,500",DISREGARDING TRAFFIC SIGNALS,2,INCAPACITATING INJURY,1.0,0.0,1.0,14,3,1,41.94110529,-87.63966053,"['01/11/2022', '02:50:00', 'PM']"
b8eaa470881a1332b0b92618276c093b9220df20f0e7dd9d73b5450a3bc60552250f2ff5a9399db63d4d473fe481a6aac22221e47721e1d8a55046b5cbecd46b,2022-01-11 13:33:00,Tuesday,20,NO CONTROLS,CLEAR,DAYLIGHT,PARKED MOTOR VEHICLE,ICE,INJURY AND / OR TOW DUE TO CRASH,"OVER $1,500",NOT APPLICABLE,3,INCAPACITATING INJURY,1.0,0.0,1.0,13,3,1,41.75524563,-87.65007594,"['01/11/2022', '01:33:00', 'PM']"
9bbbb43cd20447f233205041d7772bf99f240344aaea68a2911df0c3a1f576d53925ee4c25b3ea6ba804bb159cbb5b33a103f31852b8a95e9442aabe10e4f2bf,2022-01-11 11:37:00,Tuesday,30,STOP SIGN/FLASHER,CLEAR,DAYLIGHT,PEDESTRIAN,DRY,INJURY AND / OR TOW DUE TO CRASH,"OVER $1,500",UNABLE TO DETERMINE,2,INCAPACITATING INJURY,1.0,0.0,1.0,11,3,1,41.96826698,-87.71574547,"['01/11/2022', '11:37:00', 'AM']"
e79b15b1de31bb1e83134ef91a217c79cf10cd514447f6609e42712ce2baca765b7be84fe1bd8271c4adb56a1291f3e77e78aa5645733b4263ece259c0cf6110,2022-01-11 06:42:00,Tuesday,30,TRAFFIC SIGNAL,CLEAR,DAWN,PEDESTRIAN,DRY,INJURY AND / OR TOW DUE TO CRASH,$500 OR LESS,FAILING TO YIELD RIGHT-OF-WAY,2,INCAPACITATING INJURY,1.0,0.0,1.0,6,3,1,41.84014456,-87.66133946,"['01/11/2022', '06:42:00', 'AM']"
7c1182517632c18e9b55642662556696005750bc4249858e09fa7d03ecf176b20111288acacfde7e068c8807f384624627afab5e5663a2dc6ee652b635ae0309,2022-01-11 00:53:00,Tuesday,25,NO CONTROLS,CLEAR,"DARKNESS, LIGHTED ROAD",PARKED MOTOR VEHICLE,DRY,INJURY AND / OR TOW DUE TO CRASH,"OVER $1,500","OPERATING VEHICLE IN ERRATIC, RECKLESS, CARELESS, NEGLIGENT OR AGGRESSIVE MANNER",2,INCAPACITATING INJURY,2.0,0.0,2.0,0,3,1,41.86995856,-87.73676604,"['01/11/2022', '12:53:00', 'AM']"
46dc7255565d516c797b36e033294de89fffb2992d1bded2757d36251480c096943d70e51fdbf80ac4dbb7d6819d73cfd84bc6a7477f07e2c838551218554240,2022-01-10 21:43:00,Monday,30,NO CONTROLS,CLEAR,"DARKNESS, LIGHTED ROAD",FIXED OBJECT,SNOW OR SLUSH,INJURY AND / OR TOW DUE TO CRASH,"OVER $1,500",UNABLE TO DETERMINE,1,INCAPACITATING INJURY,1.0,0.0,1.0,21,2,1,41.80187504,-87.63570936,"['01/10/2022', '09:43:00', 'PM']"
a395980a3a96ad8071f1af01ffedcd5169c167d0ad9d943147ffa7bf9175909f1c3b470b365e0d3e627fc893465ba3ad0bd9449630476fc261a421bb74ac3564,2022-01-10 16:35:00,Monday,30,TRAFFIC SIGNAL,CLEAR,DUSK,FIXED OBJECT,ICE,INJURY AND / OR TOW DUE TO CRASH,"OVER $1,500",PHYSICAL CONDITION OF DRIVER,1,INCAPACITATING INJURY,1.0,0.0,1.0,16,2,1,41.90299975,-87.6819394,"['01/10/2022', '04:35:00', 'PM']"
f1a982562308065f6e8dc2696ad4fda08871357d2960eaf47b2c130d4da4e71c559976d4de6b05a3d142f0544b041f7cafb3252d921f25dd7137ac4b043a2a5f,2022-01-10 14:54:00,Monday,30,TRAFFIC SIGNAL,CLEAR,DAYLIGHT,PEDESTRIAN,DRY,INJURY AND / OR TOW DUE TO CRASH,$500 OR LESS,"VISION OBSCURED (SIGNS, TREE LIMBS, BUILDINGS, ETC.)",2,INCAPACITATING INJURY,1.0,0.0,1.0,14,2,1,41.77325144,-87.60571087,"['01/10/2022', '02:54:00', 'PM']"
74426df27ea8db8a53fedaa5a9a9b1a3ffad14c9cf2bb97355af9bc4b6bb780f70f25bc4b409ac97e7a46c02708b34ddc037ea3964464525e5ba23c218d58bf5,2022-01-10 13:27:00,Monday,20,NO CONTROLS,CLEAR,DAYLIGHT,PEDESTRIAN,DRY,INJURY AND / OR TOW DUE TO CRASH,"OVER $1,500","VISION OBSCURED (SIGNS, TREE LIMBS, BUILDINGS, ETC.)",2,INCAPACITATING INJURY,1.0,0.0,1.0,13,2,1,41.69134014,-87.66404342,"['01/10/2022', '01:27:00', 'PM']"
beec925503160393273b2c4d471a67e3b4fb9977413da897feca255c0eff119308c75f8ea041eda3b6dcb46e9ac2756cdfb991c5bf8b086b2fe2bacf57884a8a,2022-01-10 12:15:00,Monday,30,NO CONTROLS,CLEAR,DAYLIGHT,TURNING,ICE,INJURY AND / OR TOW DUE TO CRASH,"OVER $1,500",FAILING TO YIELD RIGHT-OF-WAY,3,INCAPACITATING INJURY,1.0,0.0,1.0,12,2,1,41.76370011,-87.66389808,"['01/10/2022', '12:15:00', 'PM']"
034a39e161f2ebcb8c82deca6b82a827307fdcd01d2a99b6d6eb33921f6b05104c63c23fd1a0ac22b91abb14759c8f527f23d509da85642dd4fc968b6336b0ca,2022-01-09 12:00:00,Sunday,30,TRAFFIC SIGNAL,CLEAR,DAYLIGHT,REAR END,DRY,INJURY AND / OR TOW DUE TO CRASH,"OVER $1,500",UNABLE TO DETERMINE,3,INCAPACITATING INJURY,4.0,0.0,2.0,12,1,1,41.75037,-87.65496983,"['01/09/2022', '12:00:00', 'PM']"
8b88b922f760e90f612a78940a48868de5ffd69da378c9560404055debfc2b1f2ed4628437787f9174f5207a938a5bb821573fb4f30ea7bb8221336cd61791fc,2022-01-09 02:51:00,Sunday,35,NO CONTROLS,FREEZING RAIN/DRIZZLE,"DARKNESS, LIGHTED ROAD",OTHER OBJECT,ICE,INJURY AND / OR TOW DUE TO CRASH,"OVER $1,500",WEATHER,1,INCAPACITATING INJURY,2.0,0.0,2.0,2,1,1,41.78325133,-87.72274269,"['01/09/2022', '02:51:00', 'AM']"
1e1f1b40a5b23b29b88c4a2a6b3ec2c5329a15d3b3a1dd9d3e5b1270b53d2f334a1eecf026d062cce4f5b80d50d2aea0ddf65d614fcb80db142f6c46f6c1c144,2022-01-09 02:30:00,Sunday,35,NO CONTROLS,CLEAR,"DARKNESS, LIGHTED ROAD",FIXED OBJECT,WET,INJURY AND / OR TOW DUE TO CRASH,"OVER $1,500",UNABLE TO DETERMINE,1,INCAPACITATING INJURY,1.0,0.0,1.0,2,1,1,41.81118508,-87.74310514,"['01/09/2022', '02:30:00', 'AM']"
fa5b9d9fdc64797fd1abb023506b00863b7ee6b6ad24269cc5e6241b031a6ac654ed42d1c167b54cdfa6773cf282be72275aabd2493db32c7b9c8b4ddc3125c2,2022-01-08 10:10:00,Saturday,30,NO CONTROLS,CLEAR,DAYLIGHT,PARKED MOTOR VEHICLE,DRY,INJURY AND / OR TOW DUE TO CRASH,"OVER $1,500",UNABLE TO DETERMINE,3,INCAPACITATING INJURY,1.0,0.0,1.0,10,7,1,41.79793112,-87.66483382,"['01/08/2022', '10:10:00', 'AM']"
761ff5fcb985c45524f5ccb95b03dc97b999b0971a55a30dd569b4138ec2b52b3a56370fe99721f6eeb0fd069a3c2464b8f9c33217d529910603672dceb9700b,2022-01-08 09:15:00,Saturday,30,TRAFFIC SIGNAL,CLEAR,DAYLIGHT,REAR END,ICE,INJURY AND / OR TOW DUE TO CRASH,$500 OR LESS,FOLLOWING TOO CLOSELY,2,INCAPACITATING INJURY,1.0,0.0,1.0,9,7,1,41.75163627,-87.56637812,"['01/08/2022', '09:15:00', 'AM']"
c4767bb7eeb690cbc4fba2962c6733d4a35786796a7b083f1f35807402255908cb4efe41c2df0cd1eb6b3ddc4e5474be2da760503c62eb703a11368d3274ce49,2022-01-07 20:15:00,Friday,30,NO CONTROLS,CLEAR,"DARKNESS, LIGHTED ROAD",FIXED OBJECT,DRY,INJURY AND / OR TOW DUE TO CRASH,"OVER $1,500",UNABLE TO DETERMINE,1,INCAPACITATING INJURY,1.0,0.0,1.0,20,6,1,41.87952217,-87.70622278,"['01/07/2022', '08:15:00', 'PM']"
7b48c97118961992500a9e2e29be06395ec3bde97554a51f39059c47ea797262d48d5f61ee0e2f0846893e87752a494d3994c7e4732250d565253375abef74f5,2022-01-07 16:20:00,Friday,45,NO CONTROLS,CLEAR,DAYLIGHT,FIXED OBJECT,DRY,INJURY AND / OR TOW DUE TO CRASH,"OVER $1,500",UNABLE TO DETERMINE,1,FATAL,1.0,1.0,0.0,16,6,1,41.97023938,-87.64795544,"['01/07/2022', '04:20:00', 'PM']"
b9bcb08fc822afd9bc315b015e1ee3379b2b4a9b6ef784c3002b446f0b50ba398f2040e4f6547bc40782648fe03340fbe7adc40dec876f3d8ea543873f263187,2022-01-07 08:10:00,Friday,30,STOP SIGN/FLASHER,CLEAR,DAYLIGHT,PEDALCYCLIST,DRY,INJURY AND / OR TOW DUE TO CRASH,$500 OR LESS,FAILING TO YIELD RIGHT-OF-WAY,2,INCAPACITATING INJURY,1.0,0.0,1.0,8,6,1,41.89265122,-87.67710659,"['01/07/2022', '08:10:00', 'AM']"
5fbeda53034c2f30ba5978159586ae641d76adc415bdfae4208295f71a47a9272bcd3c6a80abfd5d2a285ea75f93d59396bec3d05c9fa421b079ad665cbc3767,2022-01-07 01:39:00,Friday,25,NO CONTROLS,CLEAR,"DARKNESS, LIGHTED ROAD",PARKED MOTOR VEHICLE,SNOW OR SLUSH,INJURY AND / OR TOW DUE TO CRASH,"OVER $1,500","OPERATING VEHICLE IN ERRATIC, RECKLESS, CARELESS, NEGLIGENT OR AGGRESSIVE MANNER",3,INCAPACITATING INJURY,1.0,0.0,1.0,1,6,1,41.70197338,-87.62799435,"['01/07/2022', '01:39:00', 'AM']"
9d7575fe5c577424c9737973e0717eb222ebe04203f449f3577d715f5dd8c1ef8d35512ed7ae3f6eca56a6e4457046a1325b5b24728bc7445f55d4830561c7f9,2022-01-06 11:37:00,Thursday,25,NO CONTROLS,CLEAR,DAYLIGHT,PEDESTRIAN,DRY,INJURY AND / OR TOW DUE TO CRASH,$500 OR LESS,FAILING TO YIELD RIGHT-OF-WAY,2,INCAPACITATING INJURY,1.0,0.0,1.0,11,5,1,41.90776575,-87.73011258,"['01/06/2022', '11:37:00', 'AM']"
628098dbedd46cf017cc67f1126269a888d00220e4510432aab0f62c1e2a80d3aaf91d6b253e29e60d02f70efb0afdf7cec496964db66d64a7f5ff5a7cbc90cf,2022-01-06 02:08:00,Thursday,30,TRAFFIC SIGNAL,CLEAR,"DARKNESS, LIGHTED ROAD",ANGLE,ICE,INJURY AND / OR TOW DUE TO CRASH,"OVER $1,500",DISREGARDING TRAFFIC SIGNALS,2,INCAPACITATING INJURY,1.0,0.0,1.0,2,5,1,41.85987078,-87.64685126,"['01/06/2022', '02:08:00', 'AM']"
8a84339a344ad7945820a758bcd5e9631b71a1239b334b92be32778f5b68ab27ece470c8afdb1ad426c3d0dfeb7f3850decf0e21aa9bf007fef68bac09db6d88,2022-01-05 19:50:00,Wednesday,30,TRAFFIC SIGNAL,CLOUDY/OVERCAST,"DARKNESS, LIGHTED ROAD",PEDESTRIAN,DRY,INJURY AND / OR TOW DUE TO CRASH,"OVER $1,500",UNABLE TO DETERMINE,2,INCAPACITATING INJURY,1.0,0.0,1.0,19,4,1,41.89336646,-87.62012824,"['01/05/2022', '07:50:00', 'PM']"
550c654774d7e11cf31301f98cc34d762ea3d60d5eb83a591a94d690e976e5f4456dea55bfd04319d8ac4450b860e618886f641d4d1b5157a4341f19398db338,2022-01-05 19:35:00,Wednesday,30,NO CONTROLS,CLEAR,"DARKNESS, LIGHTED ROAD",REAR END,DRY,INJURY AND / OR TOW DUE TO CRASH,"OVER $1,500",FOLLOWING TOO CLOSELY,2,INCAPACITATING INJURY,1.0,0.0,1.0,19,4,1,41.77873775,-87.72526679,"['01/05/2022', '07:35:00', 'PM']"
7a2232d191e2496463446d350ba243eea1c8a66137d85e8ce4349cfe060e5d870dd63a60f35284cbe3b54179dea62f7c766bd412393a55c72443d040f65b88db,2022-01-05 11:35:00,Wednesday,25,NO CONTROLS,CLEAR,DAYLIGHT,TURNING,DRY,INJURY AND / OR TOW DUE TO CRASH,"OVER $1,500",IMPROPER TURNING/NO SIGNAL,2,INCAPACITATING INJURY,1.0,0.0,1.0,11,4,1,41.80940595,-87.60913009,"['01/05/2022', '11:35:00', 'AM']"
7f3dd4724e16f91d25412f700c1449189eaacf8919b3a65d99328899a39764b4d3ba33d57bcc3729b01b083515ca395a48861f89e78eecfc0175341ab4c7f2b8,2022-01-05 11:03:00,Wednesday,30,NO CONTROLS,CLEAR,DAYLIGHT,REAR END,SNOW OR SLUSH,INJURY AND / OR TOW DUE TO CRASH,"OVER $1,500",UNABLE TO DETERMINE,3,INCAPACITATING INJURY,1.0,0.0,1.0,11,4,1,41.86638514,-87.74491683,"['01/05/2022', '11:03:00', 'AM']"
48fdf6b40d827d0763a86d720a62d044f91e86d5b160e91c4aaf4e12ba8059991e9dbc9a140b961f3c54a0f27578019f35281bc97d369c5389baa8c1409c9e56,2022-01-04 20:30:00,Tuesday,15,NO CONTROLS,SNOW,"DARKNESS, LIGHTED ROAD",PARKED MOTOR VEHICLE,DRY,INJURY AND / OR TOW DUE TO CRASH,"OVER $1,500",UNABLE TO DETERMINE,3,INCAPACITATING INJURY,1.0,0.0,1.0,20,3,1,41.89769241,-87.71867943,"['01/04/2022', '08:30:00', 'PM']"
9b2df7bc50ec995b66206d5248c2666f25e1c128b347df14c6749462d7edc0bd97acb0b6b0504d6fe188899ba39b6236bfe4e5433c42cb8aa90ad4f0bec6a4df,2022-01-04 16:00:00,Tuesday,30,TRAFFIC SIGNAL,CLEAR,DAYLIGHT,ANGLE,DRY,INJURY AND / OR TOW DUE TO CRASH,"OVER $1,500",DRIVING ON WRONG SIDE/WRONG WAY,2,INCAPACITATING INJURY,6.0,0.0,6.0,16,3,1,41.89094466,-87.62955405,"['01/04/2022', '04:00:00', 'PM']"
900e9f3ebbea91396b6e64d755e5fd541ce00b60f3179e5159dcf19014ef3fe2264acc8dd860b9367534229597dbff14c504904a4773864110ed5bf10e48a202,2022-01-04 12:45:00,Tuesday,30,TRAFFIC SIGNAL,CLEAR,DAYLIGHT,HEAD ON,WET,INJURY AND / OR TOW DUE TO CRASH,"OVER $1,500",UNABLE TO DETERMINE,2,INCAPACITATING INJURY,1.0,0.0,1.0,12,3,1,41.82883082,-87.67997025,"['01/04/2022', '12:45:00', 'PM']"
9a91535210580438b37fe0ddfc6fe210d901da251a40540ea20647e381178e666f2b89e922c5540a7475a1602bac1253fe245cd8279425e073c64e1bffc3562c,2022-01-04 07:37:00,Tuesday,30,TRAFFIC SIGNAL,CLEAR,DAYLIGHT,ANGLE,DRY,INJURY AND / OR TOW DUE TO CRASH,"OVER $1,500",UNABLE TO DETERMINE,2,INCAPACITATING INJURY,1.0,0.0,1.0,7,3,1,41.73852748,-87.64170134,"['01/04/2022', '07:37:00', 'AM']"
1c1ee21319cb9751e6bb8e14de570b63df4f758fde412b92665f0e6b5c0d557c9d12cab370550d5758c77b8960489512f420c4475b4ab8a3b43a2cc93cc01867,2022-01-03 18:51:00,Monday,30,TRAFFIC SIGNAL,CLEAR,"DARKNESS, LIGHTED ROAD",PEDESTRIAN,DRY,INJURY AND / OR TOW DUE TO CRASH,$500 OR LESS,FAILING TO YIELD RIGHT-OF-WAY,2,INCAPACITATING INJURY,1.0,0.0,1.0,18,2,1,41.78643599,-87.69853631,"['01/03/2022', '06:51:00', 'PM']"
41da07aadddf61a57bce9560002f96b02b334e6e29cbc20b7023946214931e85dc5524094be7486ec1fb485efe490ccc8a513d77b95af1abf55266b6fd17cc5a,2022-01-03 17:13:00,Monday,10,NO CONTROLS,SNOW,DARKNESS,REAR END,SNOW OR SLUSH,INJURY AND / OR TOW DUE TO CRASH,"OVER $1,500",UNABLE TO DETERMINE,2,INCAPACITATING INJURY,1.0,0.0,1.0,17,2,1,41.73621796,-87.62931044,"['01/03/2022', '05:13:00', 'PM']"
8e5fd248e40552304d80a26d4d1928a03600b7ce5b33512588afc2af20a81306180840db0580226d2d76d24684b29d0e92e6a5764b3c01f0aa11f13fea881c99,2022-01-03 09:45:00,Monday,30,TRAFFIC SIGNAL,CLEAR,DAYLIGHT,PEDESTRIAN,SNOW OR SLUSH,INJURY AND / OR TOW DUE TO CRASH,"OVER $1,500",FAILING TO YIELD RIGHT-OF-WAY,2,INCAPACITATING INJURY,1.0,0.0,1.0,9,2,1,41.83998146,-87.66130807,"['01/03/2022', '09:45:00', 'AM']"
648f998f8e27ba9d6982974f219a5a79cdd00a804c831c75d05e06980c382eed4e922371fe6729b74bc7665153cb9cfb28aecb6a53f076fe4c6ff9297b0a4997,2022-01-03 06:00:00,Monday,30,NO CONTROLS,CLEAR,"DARKNESS, LIGHTED ROAD",PARKED MOTOR VEHICLE,WET,INJURY AND / OR TOW DUE TO CRASH,"OVER $1,500",UNABLE TO DETERMINE,3,INCAPACITATING INJURY,1.0,0.0,1.0,6,2,1,41.87921988,-87.72083729,"['01/03/2022', '06:00:00', 'AM']"
7d6c8d6836e46115ad2d52fae3bd590de46b519601b4e5ff7670af410c70dcb245c2d75c9d912958081ad9c0669883c7347ed22998bc93e9c3a0c70c264728eb,2022-01-02 18:00:00,Sunday,30,STOP SIGN/FLASHER,CLEAR,DUSK,PEDESTRIAN,SNOW OR SLUSH,INJURY AND / OR TOW DUE TO CRASH,"$501 - $1,500",UNABLE TO DETERMINE,2,INCAPACITATING INJURY,1.0,0.0,1.0,18,1,1,41.692162,-87.65468288,"['01/02/2022', '06:00:00', 'PM']"
51836c8e5570b17896051b7fb6fd6a3e74c53e9d2a5983e49496409d982ead04c70d81786cc3d65ed9bb633fe083eb291d7d05d2b9abdbe7444d9a94b7bf134c,2022-01-02 14:10:00,Sunday,35,TRAFFIC SIGNAL,SNOW,DAYLIGHT,ANGLE,SNOW OR SLUSH,INJURY AND / OR TOW DUE TO CRASH,"OVER $1,500",DISREGARDING TRAFFIC SIGNALS,3,INCAPACITATING INJURY,5.0,0.0,2.0,14,1,1,41.7728015,-87.61542908,"['01/02/2022', '02:10:00', 'PM']"
c0aef290f71e4177908d986806bb4feb9ede53888c5502594f866a9adbd2875db1cf41dca390ac895a5331cc80e8c50bb7a8124c807e6112963680331ab8c64e,2022-01-01 04:03:00,Saturday,30,TRAFFIC SIGNAL,FREEZING RAIN/DRIZZLE,"DARKNESS, LIGHTED ROAD",ANGLE,WET,INJURY AND / OR TOW DUE TO CRASH,"OVER $1,500",FAILING TO YIELD RIGHT-OF-WAY,2,INCAPACITATING INJURY,2.0,0.0,1.0,4,7,1,41.90608127,-87.72653191,"['01/01/2022', '04:03:00', 'AM']"
5bd9e23bee5e4b5d1b05423b5fb8c4069d96ab6db07c2a3e08b75bc9c5678a0befe3f62105c5408d54a9ed4a89c97cdf6c1d92b618569ad88ac4cff2bdd0fda1,2022-01-01 02:15:00,Saturday,35,NO CONTROLS,CLEAR,"DARKNESS, LIGHTED ROAD",FIXED OBJECT,WET,INJURY AND / OR TOW DUE TO CRASH,"$501 - $1,500",UNABLE TO DETERMINE,1,INCAPACITATING INJURY,1.0,0.0,1.0,2,7,1,41.88499585,-87.71544226,"['01/01/2022', '02:15:00', 'AM']"
4440cdee4354a9977b074a262bf2a3536279585571f6d336f153a8bda2838b5d125a9bc1e7c0e4cdc0120f08c822a94e9a28c88b37c20b92901b1f3aa0432835,2022-01-01 01:40:00,Saturday,30,STOP SIGN/FLASHER,CLEAR,"DARKNESS, LIGHTED ROAD",ANGLE,DRY,INJURY AND / OR TOW DUE TO CRASH,"OVER $1,500",FAILING TO YIELD RIGHT-OF-WAY,2,INCAPACITATING INJURY,1.0,0.0,1.0,1,7,1,41.8950192,-87.75811788,"['01/01/2022', '01:40:00', 'AM']"
ec22bdc1a06f41440a32c5ba000708a5f9dd38ba5f9018b70258eb42bfd340a274aecb7de6dadd75fc7a139ad3e68c40e8b0f94d0b82d2f1de642382d351692f,2022-01-01 00:30:00,Saturday,30,TRAFFIC SIGNAL,RAIN,"DARKNESS, LIGHTED ROAD",ANGLE,WET,INJURY AND / OR TOW DUE TO CRASH,"OVER $1,500",DISREGARDING OTHER TRAFFIC SIGNS,2,INCAPACITATING INJURY,1.0,0.0,1.0,0,7,1,41.96800718,-87.74756331,"['01/01/2022', '12:30:00', 'AM']"